scenario,truth,replicate,method,statistic,defined,permutation_p,rejected
independent_continuous,independent_null,1,ordinal_similarity,0.598765432098765,TRUE,0.85,FALSE
independent_continuous,independent_null,2,ordinal_similarity,0.691358024691358,TRUE,0.5,FALSE
independent_continuous,independent_null,3,ordinal_similarity,0.648148148148148,TRUE,1,FALSE
independent_continuous,independent_null,4,ordinal_similarity,0.67283950617284,TRUE,0.65,FALSE
independent_continuous,independent_null,5,ordinal_similarity,0.648148148148148,TRUE,0.6,FALSE
independent_continuous,independent_null,6,ordinal_similarity,0.71604938271605,TRUE,0.5,FALSE
independent_continuous,independent_null,7,ordinal_similarity,0.740740740740741,TRUE,0.1,FALSE
independent_continuous,independent_null,8,ordinal_similarity,0.54320987654321,TRUE,0.9,FALSE
independent_continuous,independent_null,9,ordinal_similarity,0.740740740740741,TRUE,0.05,TRUE
independent_continuous,independent_null,10,ordinal_similarity,0.697530864197531,TRUE,0.35,FALSE
independent_continuous,independent_null,11,ordinal_similarity,0.691358024691358,TRUE,0.2,FALSE
independent_continuous,independent_null,12,ordinal_similarity,0.679012345679012,TRUE,0.8,FALSE
independent_continuous,independent_null,13,ordinal_similarity,0.67283950617284,TRUE,0.8,FALSE
independent_continuous,independent_null,14,ordinal_similarity,0.635802469135802,TRUE,0.65,FALSE
independent_continuous,independent_null,15,ordinal_similarity,0.697530864197531,TRUE,0.45,FALSE
independent_continuous,independent_null,16,ordinal_similarity,0.62962962962963,TRUE,0.55,FALSE
independent_continuous,independent_null,17,ordinal_similarity,0.685185185185185,TRUE,0.1,FALSE
independent_continuous,independent_null,18,ordinal_similarity,0.62962962962963,TRUE,0.75,FALSE
independent_continuous,independent_null,19,ordinal_similarity,0.691358024691358,TRUE,0.8,FALSE
independent_continuous,independent_null,20,ordinal_similarity,0.740740740740741,TRUE,0.1,FALSE
independent_continuous,independent_null,21,ordinal_similarity,0.611111111111111,TRUE,1,FALSE
independent_continuous,independent_null,22,ordinal_similarity,0.648148148148148,TRUE,0.8,FALSE
independent_continuous,independent_null,23,ordinal_similarity,0.648148148148148,TRUE,0.65,FALSE
independent_continuous,independent_null,24,ordinal_similarity,0.561728395061729,TRUE,0.95,FALSE
independent_continuous,independent_null,25,ordinal_similarity,0.709876543209877,TRUE,0.3,FALSE
independent_continuous,independent_null,26,ordinal_similarity,0.697530864197531,TRUE,0.35,FALSE
independent_continuous,independent_null,27,ordinal_similarity,0.771604938271605,TRUE,0.1,FALSE
independent_continuous,independent_null,28,ordinal_similarity,0.623456790123457,TRUE,0.5,FALSE
independent_continuous,independent_null,29,ordinal_similarity,0.580246913580247,TRUE,1,FALSE
independent_continuous,independent_null,30,ordinal_similarity,0.691358024691358,TRUE,0.65,FALSE
independent_continuous,independent_null,1,linear_kappa,-0.144814090019569,TRUE,0.85,FALSE
independent_continuous,independent_null,2,linear_kappa,0.0301724137931035,TRUE,0.5,FALSE
independent_continuous,independent_null,3,linear_kappa,-0.168564920273349,TRUE,1,FALSE
independent_continuous,independent_null,4,linear_kappa,-0.0236051502145924,TRUE,0.65,FALSE
independent_continuous,independent_null,5,linear_kappa,-0.046938775510204,TRUE,0.6,FALSE
independent_continuous,independent_null,6,linear_kappa,0.1,TRUE,0.5,FALSE
independent_continuous,independent_null,7,linear_kappa,0.2125,TRUE,0.1,FALSE
independent_continuous,independent_null,8,linear_kappa,-0.237918215613383,TRUE,0.9,FALSE
independent_continuous,independent_null,9,linear_kappa,0.225409836065574,TRUE,0.05,TRUE
independent_continuous,independent_null,10,linear_kappa,0.1,TRUE,0.35,FALSE
independent_continuous,independent_null,11,linear_kappa,0.0605427974947807,TRUE,0.2,FALSE
independent_continuous,independent_null,12,linear_kappa,-0.0423162583518932,TRUE,0.8,FALSE
independent_continuous,independent_null,13,linear_kappa,-0.122352941176471,TRUE,0.8,FALSE
independent_continuous,independent_null,14,linear_kappa,-0.0598802395209581,TRUE,0.65,FALSE
independent_continuous,independent_null,15,linear_kappa,0.037117903930131,TRUE,0.45,FALSE
independent_continuous,independent_null,16,linear_kappa,-0.0465116279069771,TRUE,0.55,FALSE
independent_continuous,independent_null,17,linear_kappa,0.0874751491053678,TRUE,0.1,FALSE
independent_continuous,independent_null,18,linear_kappa,-0.0975609756097562,TRUE,0.75,FALSE
independent_continuous,independent_null,19,linear_kappa,-0.0613207547169814,TRUE,0.8,FALSE
independent_continuous,independent_null,20,linear_kappa,0.247011952191235,TRUE,0.1,FALSE
independent_continuous,independent_null,21,linear_kappa,-0.237991266375546,TRUE,1,FALSE
independent_continuous,independent_null,22,linear_kappa,-0.100858369098713,TRUE,0.8,FALSE
independent_continuous,independent_null,23,linear_kappa,0.0302457466918712,TRUE,0.65,FALSE
independent_continuous,independent_null,24,linear_kappa,-0.161818181818182,TRUE,0.95,FALSE
independent_continuous,independent_null,25,linear_kappa,0.116910229645094,TRUE,0.3,FALSE
independent_continuous,independent_null,26,linear_kappa,0.0433839479392624,TRUE,0.35,FALSE
independent_continuous,independent_null,27,linear_kappa,0.251685393258427,TRUE,0.1,FALSE
independent_continuous,independent_null,28,linear_kappa,-0.0378071833648395,TRUE,0.5,FALSE
independent_continuous,independent_null,29,linear_kappa,-0.277661795407098,TRUE,1,FALSE
independent_continuous,independent_null,30,linear_kappa,0.0238611713665942,TRUE,0.65,FALSE
independent_continuous,independent_null,1,quadratic_kappa,-0.256665160415725,TRUE,0.9,FALSE
independent_continuous,independent_null,2,quadratic_kappa,0.101321585903083,TRUE,0.45,FALSE
independent_continuous,independent_null,3,quadratic_kappa,-0.116933259790402,TRUE,0.7,FALSE
independent_continuous,independent_null,4,quadratic_kappa,-0.0768094534711963,TRUE,0.65,FALSE
independent_continuous,independent_null,5,quadratic_kappa,-0.0435362061306084,TRUE,0.6,FALSE
independent_continuous,independent_null,6,quadratic_kappa,0.0907216494845368,TRUE,0.55,FALSE
independent_continuous,independent_null,7,quadratic_kappa,0.253800092123445,TRUE,0.1,FALSE
independent_continuous,independent_null,8,quadratic_kappa,-0.39689578713969,TRUE,0.9,FALSE
independent_continuous,independent_null,9,quadratic_kappa,0.338775510204082,TRUE,0.1,FALSE
independent_continuous,independent_null,10,quadratic_kappa,0.0242914979757084,TRUE,0.45,FALSE
independent_continuous,independent_null,11,quadratic_kappa,0.179916317991632,TRUE,0.15,FALSE
independent_continuous,independent_null,12,quadratic_kappa,-0.0844540075309313,TRUE,0.8,FALSE
independent_continuous,independent_null,13,quadratic_kappa,-0.313053750738334,TRUE,0.85,FALSE
independent_continuous,independent_null,14,quadratic_kappa,-0.103225806451613,TRUE,0.65,FALSE
independent_continuous,independent_null,15,quadratic_kappa,-0.0187793427230045,TRUE,0.5,FALSE
independent_continuous,independent_null,16,quadratic_kappa,0.0446320868516287,TRUE,0.35,FALSE
independent_continuous,independent_null,17,quadratic_kappa,0.212451023073574,TRUE,0.15,FALSE
independent_continuous,independent_null,18,quadratic_kappa,-0.278905560458959,TRUE,0.85,FALSE
independent_continuous,independent_null,19,quadratic_kappa,-0.0459035444509006,TRUE,0.55,FALSE
independent_continuous,independent_null,20,quadratic_kappa,0.422053231939164,TRUE,0.15,FALSE
independent_continuous,independent_null,21,quadratic_kappa,-0.359979370809696,TRUE,1,FALSE
independent_continuous,independent_null,22,quadratic_kappa,-0.174307304785894,TRUE,0.75,FALSE
independent_continuous,independent_null,23,quadratic_kappa,-0.0626671761559032,TRUE,0.85,FALSE
independent_continuous,independent_null,24,quadratic_kappa,-0.205787781350482,TRUE,0.9,FALSE
independent_continuous,independent_null,25,quadratic_kappa,0.14543770264011,TRUE,0.3,FALSE
independent_continuous,independent_null,26,quadratic_kappa,0.0823706680060273,TRUE,0.4,FALSE
independent_continuous,independent_null,27,quadratic_kappa,0.328358208955224,TRUE,0.1,FALSE
independent_continuous,independent_null,28,quadratic_kappa,-0.0218181818181817,TRUE,0.4,FALSE
independent_continuous,independent_null,29,quadratic_kappa,-0.304226660473758,TRUE,0.85,FALSE
independent_continuous,independent_null,30,quadratic_kappa,0.1,TRUE,0.4,FALSE
independent_continuous,independent_null,1,pearson_beta,0.222679857513634,TRUE,0.45,FALSE
independent_continuous,independent_null,2,pearson_beta,0.0740556020194577,TRUE,0.75,FALSE
independent_continuous,independent_null,3,pearson_beta,0.136345518513917,TRUE,0.45,FALSE
independent_continuous,independent_null,4,pearson_beta,0.0146698683081276,TRUE,0.95,FALSE
independent_continuous,independent_null,5,pearson_beta,0.0605469725831221,TRUE,0.85,FALSE
independent_continuous,independent_null,6,pearson_beta,0.0861677403129863,TRUE,0.8,FALSE
independent_continuous,independent_null,7,pearson_beta,0.234098111208163,TRUE,0.6,FALSE
independent_continuous,independent_null,8,pearson_beta,0.459039913041137,TRUE,0.1,FALSE
independent_continuous,independent_null,9,pearson_beta,0.461317521770519,TRUE,0.1,FALSE
independent_continuous,independent_null,10,pearson_beta,0.0261379593833367,TRUE,0.95,FALSE
independent_continuous,independent_null,11,pearson_beta,0.185985360084147,TRUE,0.3,FALSE
independent_continuous,independent_null,12,pearson_beta,0.0915308332083997,TRUE,0.45,FALSE
independent_continuous,independent_null,13,pearson_beta,0.242867491071853,TRUE,0.5,FALSE
independent_continuous,independent_null,14,pearson_beta,0.179173350992277,TRUE,0.4,FALSE
independent_continuous,independent_null,15,pearson_beta,0.0404115973957513,TRUE,0.8,FALSE
independent_continuous,independent_null,16,pearson_beta,0.0992366725009243,TRUE,0.6,FALSE
independent_continuous,independent_null,17,pearson_beta,0.355768287016364,TRUE,0.2,FALSE
independent_continuous,independent_null,18,pearson_beta,0.31178847883972,TRUE,0.25,FALSE
independent_continuous,independent_null,19,pearson_beta,0.0217122404427675,TRUE,0.95,FALSE
independent_continuous,independent_null,20,pearson_beta,0.468532024546412,TRUE,0.05,TRUE
independent_continuous,independent_null,21,pearson_beta,0.383306657625013,TRUE,0.2,FALSE
independent_continuous,independent_null,22,pearson_beta,0.215441049091881,TRUE,0.4,FALSE
independent_continuous,independent_null,23,pearson_beta,0.0708544318455173,TRUE,0.6,FALSE
independent_continuous,independent_null,24,pearson_beta,0.230944153448522,TRUE,0.45,FALSE
independent_continuous,independent_null,25,pearson_beta,0.157183700115763,TRUE,0.6,FALSE
independent_continuous,independent_null,26,pearson_beta,0.138736055681317,TRUE,0.65,FALSE
independent_continuous,independent_null,27,pearson_beta,0.303987800774986,TRUE,0.2,FALSE
independent_continuous,independent_null,28,pearson_beta,0.0316178457175845,TRUE,1,FALSE
independent_continuous,independent_null,29,pearson_beta,0.277546517084473,TRUE,0.3,FALSE
independent_continuous,independent_null,30,pearson_beta,0.0654410893517412,TRUE,0.55,FALSE
independent_continuous,independent_null,1,pearson_levels,0.315165730412771,TRUE,0.25,FALSE
independent_continuous,independent_null,2,pearson_levels,0.106022309521308,TRUE,0.6,FALSE
independent_continuous,independent_null,3,pearson_levels,0.11786001746999,TRUE,0.65,FALSE
independent_continuous,independent_null,4,pearson_levels,0.0824960453795933,TRUE,0.55,FALSE
independent_continuous,independent_null,5,pearson_levels,0.0440575338037326,TRUE,0.95,FALSE
independent_continuous,independent_null,6,pearson_levels,0.101785334391311,TRUE,0.75,FALSE
independent_continuous,independent_null,7,pearson_levels,0.279754367102369,TRUE,0.35,FALSE
independent_continuous,independent_null,8,pearson_levels,0.402037116661702,TRUE,0.15,FALSE
independent_continuous,independent_null,9,pearson_levels,0.470662432715243,TRUE,0.1,FALSE
independent_continuous,independent_null,10,pearson_levels,0.0260043935084407,TRUE,1,FALSE
independent_continuous,independent_null,11,pearson_levels,0.186210010039001,TRUE,0.35,FALSE
independent_continuous,independent_null,12,pearson_levels,0.0925162050677667,TRUE,0.5,FALSE
independent_continuous,independent_null,13,pearson_levels,0.329664469513046,TRUE,0.4,FALSE
independent_continuous,independent_null,14,pearson_levels,0.105127104876171,TRUE,0.6,FALSE
independent_continuous,independent_null,15,pearson_levels,0.0191970761240302,TRUE,0.95,FALSE
independent_continuous,independent_null,16,pearson_levels,0.0485530439827023,TRUE,0.85,FALSE
independent_continuous,independent_null,17,pearson_levels,0.319418519715638,TRUE,0.3,FALSE
independent_continuous,independent_null,18,pearson_levels,0.290954843662068,TRUE,0.3,FALSE
independent_continuous,independent_null,19,pearson_levels,0.0465417839808676,TRUE,0.8,FALSE
independent_continuous,independent_null,20,pearson_levels,0.426541505566365,TRUE,0.2,FALSE
independent_continuous,independent_null,21,pearson_levels,0.376654040550324,TRUE,0.25,FALSE
independent_continuous,independent_null,22,pearson_levels,0.183180096195569,TRUE,0.4,FALSE
independent_continuous,independent_null,23,pearson_levels,0.0663297357425727,TRUE,0.75,FALSE
independent_continuous,independent_null,24,pearson_levels,0.242917343881637,TRUE,0.4,FALSE
independent_continuous,independent_null,25,pearson_levels,0.148365760491455,TRUE,0.55,FALSE
independent_continuous,independent_null,26,pearson_levels,0.086872742180556,TRUE,0.7,FALSE
independent_continuous,independent_null,27,pearson_levels,0.33596597197984,TRUE,0.15,FALSE
independent_continuous,independent_null,28,pearson_levels,0.0237711241419993,TRUE,1,FALSE
independent_continuous,independent_null,29,pearson_levels,0.309503286597429,TRUE,0.2,FALSE
independent_continuous,independent_null,30,pearson_levels,0.100119589758017,TRUE,0.55,FALSE
independent_continuous,independent_null,1,spearman_beta,0.209494324045408,TRUE,0.45,FALSE
independent_continuous,independent_null,2,spearman_beta,0.0588235294117647,TRUE,0.85,FALSE
independent_continuous,independent_null,3,spearman_beta,0.145510835913313,TRUE,0.35,FALSE
independent_continuous,independent_null,4,spearman_beta,0.126934984520124,TRUE,0.6,FALSE
independent_continuous,independent_null,5,spearman_beta,0.00928792569659443,TRUE,1,FALSE
independent_continuous,independent_null,6,spearman_beta,0.0526315789473684,TRUE,0.95,FALSE
independent_continuous,independent_null,7,spearman_beta,0.316821465428277,TRUE,0.3,FALSE
independent_continuous,independent_null,8,spearman_beta,0.362229102167183,TRUE,0.15,FALSE
independent_continuous,independent_null,9,spearman_beta,0.490196078431373,TRUE,0.1,FALSE
independent_continuous,independent_null,10,spearman_beta,0.00722394220846233,TRUE,0.95,FALSE
independent_continuous,independent_null,11,spearman_beta,0.192982456140351,TRUE,0.45,FALSE
independent_continuous,independent_null,12,spearman_beta,0.143446852425181,TRUE,0.4,FALSE
independent_continuous,independent_null,13,spearman_beta,0.143446852425181,TRUE,0.65,FALSE
independent_continuous,independent_null,14,spearman_beta,0.155830753353973,TRUE,0.5,FALSE
independent_continuous,independent_null,15,spearman_beta,0.155830753353973,TRUE,0.4,FALSE
independent_continuous,independent_null,16,spearman_beta,0.104231166150671,TRUE,0.6,FALSE
independent_continuous,independent_null,17,spearman_beta,0.164086687306502,TRUE,0.55,FALSE
independent_continuous,independent_null,18,spearman_beta,0.219814241486068,TRUE,0.55,FALSE
independent_continuous,independent_null,19,spearman_beta,0.0237358101135191,TRUE,0.9,FALSE
independent_continuous,independent_null,20,spearman_beta,0.374613003095975,TRUE,0.25,FALSE
independent_continuous,independent_null,21,spearman_beta,0.325077399380805,TRUE,0.25,FALSE
independent_continuous,independent_null,22,spearman_beta,0.275541795665635,TRUE,0.25,FALSE
independent_continuous,independent_null,23,spearman_beta,0.168214654282766,TRUE,0.45,FALSE
independent_continuous,independent_null,24,spearman_beta,0.186790505675955,TRUE,0.55,FALSE
independent_continuous,independent_null,25,spearman_beta,0.234262125902993,TRUE,0.35,FALSE
independent_continuous,independent_null,26,spearman_beta,0.128998968008256,TRUE,0.45,FALSE
independent_continuous,independent_null,27,spearman_beta,0.298245614035088,TRUE,0.15,FALSE
independent_continuous,independent_null,28,spearman_beta,0.0257997936016512,TRUE,1,FALSE
independent_continuous,independent_null,29,spearman_beta,0.360165118679051,TRUE,0.15,FALSE
independent_continuous,independent_null,30,spearman_beta,0.0113519091847265,TRUE,1,FALSE
independent_continuous,independent_null,1,spearman_levels,0.290921285781774,TRUE,0.35,FALSE
independent_continuous,independent_null,2,spearman_levels,0.115168333066296,TRUE,0.6,FALSE
independent_continuous,independent_null,3,spearman_levels,0.160358316293567,TRUE,0.4,FALSE
independent_continuous,independent_null,4,spearman_levels,0.045671858282972,TRUE,0.75,FALSE
independent_continuous,independent_null,5,spearman_levels,0.0232939258155185,TRUE,0.95,FALSE
independent_continuous,independent_null,6,spearman_levels,0.123346532444928,TRUE,0.7,FALSE
independent_continuous,independent_null,7,spearman_levels,0.347845645900397,TRUE,0.2,FALSE
independent_continuous,independent_null,8,spearman_levels,0.379799508612827,TRUE,0.15,FALSE
independent_continuous,independent_null,9,spearman_levels,0.497888345170758,TRUE,0.1,FALSE
independent_continuous,independent_null,10,spearman_levels,0.0184311849099293,TRUE,0.95,FALSE
independent_continuous,independent_null,11,spearman_levels,0.144670274374,TRUE,0.55,FALSE
independent_continuous,independent_null,12,spearman_levels,0.0804478080704354,TRUE,0.6,FALSE
independent_continuous,independent_null,13,spearman_levels,0.207025277170446,TRUE,0.6,FALSE
independent_continuous,independent_null,14,spearman_levels,0.0628939455846494,TRUE,0.7,FALSE
independent_continuous,independent_null,15,spearman_levels,0.0619627080697276,TRUE,0.85,FALSE
independent_continuous,independent_null,16,spearman_levels,0.0658653582753555,TRUE,0.8,FALSE
independent_continuous,independent_null,17,spearman_levels,0.144125773247445,TRUE,0.65,FALSE
independent_continuous,independent_null,18,spearman_levels,0.192632005833173,TRUE,0.55,FALSE
independent_continuous,independent_null,19,spearman_levels,0.03754640306287,TRUE,0.75,FALSE
independent_continuous,independent_null,20,spearman_levels,0.321429397286817,TRUE,0.3,FALSE
independent_continuous,independent_null,21,spearman_levels,0.333534517536331,TRUE,0.25,FALSE
independent_continuous,independent_null,22,spearman_levels,0.198406349104759,TRUE,0.35,FALSE
independent_continuous,independent_null,23,spearman_levels,0.137244800168259,TRUE,0.55,FALSE
independent_continuous,independent_null,24,spearman_levels,0.184696595637264,TRUE,0.6,FALSE
independent_continuous,independent_null,25,spearman_levels,0.148405011118437,TRUE,0.5,FALSE
independent_continuous,independent_null,26,spearman_levels,0.0897097750238137,TRUE,0.5,FALSE
independent_continuous,independent_null,27,spearman_levels,0.267058986919696,TRUE,0.25,FALSE
independent_continuous,independent_null,28,spearman_levels,0.0492065971616082,TRUE,1,FALSE
independent_continuous,independent_null,29,spearman_levels,0.330000182825637,TRUE,0.15,FALSE
independent_continuous,independent_null,30,spearman_levels,0.143987662206516,TRUE,0.45,FALSE
independent_continuous,independent_null,1,xi_levels_mean,0.00433054535950089,TRUE,0.4,FALSE
independent_continuous,independent_null,2,xi_levels_mean,0.118750063433959,TRUE,0.2,FALSE
independent_continuous,independent_null,3,xi_levels_mean,-0.0947194995054148,TRUE,0.8,FALSE
independent_continuous,independent_null,4,xi_levels_mean,0.0405791162047963,TRUE,0.15,FALSE
independent_continuous,independent_null,5,xi_levels_mean,-0.0359406490054619,TRUE,0.7,FALSE
independent_continuous,independent_null,6,xi_levels_mean,-0.02717074815337,TRUE,0.7,FALSE
independent_continuous,independent_null,7,xi_levels_mean,0.0634621710526316,TRUE,0.25,FALSE
independent_continuous,independent_null,8,xi_levels_mean,0.0536566685665431,TRUE,0.25,FALSE
independent_continuous,independent_null,9,xi_levels_mean,-0.00371614833337053,TRUE,0.65,FALSE
independent_continuous,independent_null,10,xi_levels_mean,-0.102227023009778,TRUE,0.9,FALSE
independent_continuous,independent_null,11,xi_levels_mean,-0.0454554945506326,TRUE,0.75,FALSE
independent_continuous,independent_null,12,xi_levels_mean,-0.0670944476898941,TRUE,0.75,FALSE
independent_continuous,independent_null,13,xi_levels_mean,-0.0176290810209626,TRUE,0.7,FALSE
independent_continuous,independent_null,14,xi_levels_mean,-0.0546643674105566,TRUE,0.7,FALSE
independent_continuous,independent_null,15,xi_levels_mean,-0.149784564424874,TRUE,1,FALSE
independent_continuous,independent_null,16,xi_levels_mean,-0.083391514500537,TRUE,0.8,FALSE
independent_continuous,independent_null,17,xi_levels_mean,0.0457276001060548,TRUE,0.45,FALSE
independent_continuous,independent_null,18,xi_levels_mean,0.0526508004674674,TRUE,0.25,FALSE
independent_continuous,independent_null,19,xi_levels_mean,-0.0536298541085604,TRUE,0.55,FALSE
independent_continuous,independent_null,20,xi_levels_mean,0.0402476994770284,TRUE,0.45,FALSE
independent_continuous,independent_null,21,xi_levels_mean,-0.0379639795370133,TRUE,0.75,FALSE
independent_continuous,independent_null,22,xi_levels_mean,0.00961589270994068,TRUE,0.4,FALSE
independent_continuous,independent_null,23,xi_levels_mean,0.0684329116783375,TRUE,0.3,FALSE
independent_continuous,independent_null,24,xi_levels_mean,0.0243662780427486,TRUE,0.45,FALSE
independent_continuous,independent_null,25,xi_levels_mean,-0.0417798152295633,TRUE,0.75,FALSE
independent_continuous,independent_null,26,xi_levels_mean,0.0290313031333496,TRUE,0.3,FALSE
independent_continuous,independent_null,27,xi_levels_mean,0.0713827774663678,TRUE,0.35,FALSE
independent_continuous,independent_null,28,xi_levels_mean,-0.00872075980535847,TRUE,0.55,FALSE
independent_continuous,independent_null,29,xi_levels_mean,0.04228205475405,TRUE,0.3,FALSE
independent_continuous,independent_null,30,xi_levels_mean,-0.0995912130623938,TRUE,0.85,FALSE
independent_continuous,independent_null,1,dcor_beta,0.315367961674686,TRUE,0.55,FALSE
independent_continuous,independent_null,2,dcor_beta,0.323569774521967,TRUE,0.55,FALSE
independent_continuous,independent_null,3,dcor_beta,0.306384721186817,TRUE,0.55,FALSE
independent_continuous,independent_null,4,dcor_beta,0.308207302366414,TRUE,0.45,FALSE
independent_continuous,independent_null,5,dcor_beta,0.247575644152653,TRUE,0.75,FALSE
independent_continuous,independent_null,6,dcor_beta,0.283061282156511,TRUE,0.85,FALSE
independent_continuous,independent_null,7,dcor_beta,0.385977160189444,TRUE,0.4,FALSE
independent_continuous,independent_null,8,dcor_beta,0.521184814092151,TRUE,0.05,TRUE
independent_continuous,independent_null,9,dcor_beta,0.524184867016257,TRUE,0.1,FALSE
independent_continuous,independent_null,10,dcor_beta,0.269171175905279,TRUE,0.95,FALSE
independent_continuous,independent_null,11,dcor_beta,0.292473273606856,TRUE,0.7,FALSE
independent_continuous,independent_null,12,dcor_beta,0.235281079776656,TRUE,0.95,FALSE
independent_continuous,independent_null,13,dcor_beta,0.310307163405226,TRUE,0.75,FALSE
independent_continuous,independent_null,14,dcor_beta,0.305609879090221,TRUE,0.6,FALSE
independent_continuous,independent_null,15,dcor_beta,0.262172261474341,TRUE,0.9,FALSE
independent_continuous,independent_null,16,dcor_beta,0.278216954356166,TRUE,0.8,FALSE
independent_continuous,independent_null,17,dcor_beta,0.443353770226464,TRUE,0.3,FALSE
independent_continuous,independent_null,18,dcor_beta,0.432183435871183,TRUE,0.2,FALSE
independent_continuous,independent_null,19,dcor_beta,0.284922897750737,TRUE,1,FALSE
independent_continuous,independent_null,20,dcor_beta,0.514235890340666,TRUE,0.1,FALSE
independent_continuous,independent_null,21,dcor_beta,0.430554410590986,TRUE,0.2,FALSE
independent_continuous,independent_null,22,dcor_beta,0.30237777734674,TRUE,0.65,FALSE
independent_continuous,independent_null,23,dcor_beta,0.371153012283792,TRUE,0.3,FALSE
independent_continuous,independent_null,24,dcor_beta,0.347618249664325,TRUE,0.55,FALSE
independent_continuous,independent_null,25,dcor_beta,0.411584314798211,TRUE,0.4,FALSE
independent_continuous,independent_null,26,dcor_beta,0.305208374594243,TRUE,0.7,FALSE
independent_continuous,independent_null,27,dcor_beta,0.418330279424524,TRUE,0.15,FALSE
independent_continuous,independent_null,28,dcor_beta,0.267108761503507,TRUE,0.75,FALSE
independent_continuous,independent_null,29,dcor_beta,0.369788256716724,TRUE,0.25,FALSE
independent_continuous,independent_null,30,dcor_beta,0.279029148560582,TRUE,0.75,FALSE
independent_continuous,independent_null,1,dcor_levels,0.369164686191261,TRUE,0.35,FALSE
independent_continuous,independent_null,2,dcor_levels,0.319981792536533,TRUE,0.45,FALSE
independent_continuous,independent_null,3,dcor_levels,0.285606136417595,TRUE,0.8,FALSE
independent_continuous,independent_null,4,dcor_levels,0.323027776786774,TRUE,0.35,FALSE
independent_continuous,independent_null,5,dcor_levels,0.270396362204375,TRUE,0.8,FALSE
independent_continuous,independent_null,6,dcor_levels,0.274794174166753,TRUE,0.85,FALSE
independent_continuous,independent_null,7,dcor_levels,0.438168783744037,TRUE,0.25,FALSE
independent_continuous,independent_null,8,dcor_levels,0.487732937508161,TRUE,0.15,FALSE
independent_continuous,independent_null,9,dcor_levels,0.506291205950547,TRUE,0.1,FALSE
independent_continuous,independent_null,10,dcor_levels,0.273130559319251,TRUE,0.9,FALSE
independent_continuous,independent_null,11,dcor_levels,0.274193994835047,TRUE,0.85,FALSE
independent_continuous,independent_null,12,dcor_levels,0.248760132090105,TRUE,0.85,FALSE
independent_continuous,independent_null,13,dcor_levels,0.383339300303765,TRUE,0.45,FALSE
independent_continuous,independent_null,14,dcor_levels,0.2923659964978,TRUE,0.7,FALSE
independent_continuous,independent_null,15,dcor_levels,0.219791459159692,TRUE,0.95,FALSE
independent_continuous,independent_null,16,dcor_levels,0.251339675627124,TRUE,0.95,FALSE
independent_continuous,independent_null,17,dcor_levels,0.388710274953133,TRUE,0.5,FALSE
independent_continuous,independent_null,18,dcor_levels,0.42674865610681,TRUE,0.2,FALSE
independent_continuous,independent_null,19,dcor_levels,0.279700342623813,TRUE,0.8,FALSE
independent_continuous,independent_null,20,dcor_levels,0.486133803216314,TRUE,0.2,FALSE
independent_continuous,independent_null,21,dcor_levels,0.400670524019343,TRUE,0.25,FALSE
independent_continuous,independent_null,22,dcor_levels,0.296451173195941,TRUE,0.6,FALSE
independent_continuous,independent_null,23,dcor_levels,0.399606263622835,TRUE,0.3,FALSE
independent_continuous,independent_null,24,dcor_levels,0.367948854637441,TRUE,0.5,FALSE
independent_continuous,independent_null,25,dcor_levels,0.370459457407089,TRUE,0.4,FALSE
independent_continuous,independent_null,26,dcor_levels,0.314600277230163,TRUE,0.55,FALSE
independent_continuous,independent_null,27,dcor_levels,0.416351230280556,TRUE,0.15,FALSE
independent_continuous,independent_null,28,dcor_levels,0.268637958694305,TRUE,0.65,FALSE
independent_continuous,independent_null,29,dcor_levels,0.407977701030022,TRUE,0.2,FALSE
independent_continuous,independent_null,30,dcor_levels,0.287572016628614,TRUE,0.8,FALSE
independent_continuous,independent_null,1,unbiased_dcov2_levels,0.0377995642701525,TRUE,0.35,FALSE
independent_continuous,independent_null,2,unbiased_dcov2_levels,-0.0286492374727669,TRUE,0.45,FALSE
independent_continuous,independent_null,3,unbiased_dcov2_levels,-0.174074074074074,TRUE,0.55,FALSE
independent_continuous,independent_null,4,unbiased_dcov2_levels,-0.0847494553376906,TRUE,0.35,FALSE
independent_continuous,independent_null,5,unbiased_dcov2_levels,-0.240958605664488,TRUE,0.75,FALSE
independent_continuous,independent_null,6,unbiased_dcov2_levels,-0.212962962962963,TRUE,0.9,FALSE
independent_continuous,independent_null,7,unbiased_dcov2_levels,0.286165577342048,TRUE,0.2,FALSE
independent_continuous,independent_null,8,unbiased_dcov2_levels,0.559694989106754,TRUE,0.2,FALSE
independent_continuous,independent_null,9,unbiased_dcov2_levels,0.42516339869281,TRUE,0.05,TRUE
independent_continuous,independent_null,10,unbiased_dcov2_levels,-0.298148148148148,TRUE,0.85,FALSE
independent_continuous,independent_null,11,unbiased_dcov2_levels,-0.233769063180828,TRUE,0.8,FALSE
independent_continuous,independent_null,12,unbiased_dcov2_levels,-0.210893246187364,TRUE,0.75,FALSE
independent_continuous,independent_null,13,unbiased_dcov2_levels,0.00925925925925928,TRUE,0.6,FALSE
independent_continuous,independent_null,14,unbiased_dcov2_levels,-0.246732026143791,TRUE,0.7,FALSE
independent_continuous,independent_null,15,unbiased_dcov2_levels,-0.311111111111111,TRUE,1,FALSE
independent_continuous,independent_null,16,unbiased_dcov2_levels,-0.363725490196078,TRUE,1,FALSE
independent_continuous,independent_null,17,unbiased_dcov2_levels,0.0825708061002181,TRUE,0.45,FALSE
independent_continuous,independent_null,18,unbiased_dcov2_levels,0.121786492374728,TRUE,0.3,FALSE
independent_continuous,independent_null,19,unbiased_dcov2_levels,-0.15599128540305,TRUE,0.65,FALSE
independent_continuous,independent_null,20,unbiased_dcov2_levels,0.318627450980391,TRUE,0.25,FALSE
independent_continuous,independent_null,21,unbiased_dcov2_levels,0.126143790849673,TRUE,0.25,FALSE
independent_continuous,independent_null,22,unbiased_dcov2_levels,-0.133551198257081,TRUE,0.55,FALSE
independent_continuous,independent_null,23,unbiased_dcov2_levels,0.155337690631808,TRUE,0.3,FALSE
independent_continuous,independent_null,24,unbiased_dcov2_levels,-0.00185185185185197,TRUE,0.5,FALSE
independent_continuous,independent_null,25,unbiased_dcov2_levels,-0.101089324618736,TRUE,0.5,FALSE
independent_continuous,independent_null,26,unbiased_dcov2_levels,-0.178649237472767,TRUE,0.75,FALSE
independent_continuous,independent_null,27,unbiased_dcov2_levels,0.161873638344226,TRUE,0.15,FALSE
independent_continuous,independent_null,28,unbiased_dcov2_levels,-0.213507625272331,TRUE,0.65,FALSE
independent_continuous,independent_null,29,unbiased_dcov2_levels,0.217211328976035,TRUE,0.25,FALSE
independent_continuous,independent_null,30,unbiased_dcov2_levels,-0.156535947712418,TRUE,0.7,FALSE
independent_sparse,independent_null,1,ordinal_similarity,0.888888888888889,TRUE,1,FALSE
independent_sparse,independent_null,2,ordinal_similarity,0.777777777777778,TRUE,1,FALSE
independent_sparse,independent_null,3,ordinal_similarity,0.944444444444444,TRUE,1,FALSE
independent_sparse,independent_null,4,ordinal_similarity,0.833333333333333,TRUE,1,FALSE
independent_sparse,independent_null,5,ordinal_similarity,0.777777777777778,TRUE,1,FALSE
independent_sparse,independent_null,6,ordinal_similarity,0.666666666666667,TRUE,0.45,FALSE
independent_sparse,independent_null,7,ordinal_similarity,0.833333333333333,TRUE,1,FALSE
independent_sparse,independent_null,8,ordinal_similarity,0.888888888888889,TRUE,1,FALSE
independent_sparse,independent_null,9,ordinal_similarity,0.777777777777778,TRUE,1,FALSE
independent_sparse,independent_null,10,ordinal_similarity,0.722222222222222,TRUE,1,FALSE
independent_sparse,independent_null,11,ordinal_similarity,0.777777777777778,TRUE,1,FALSE
independent_sparse,independent_null,12,ordinal_similarity,0.833333333333333,TRUE,1,FALSE
independent_sparse,independent_null,13,ordinal_similarity,0.888888888888889,TRUE,0.15,FALSE
independent_sparse,independent_null,14,ordinal_similarity,0.722222222222222,TRUE,1,FALSE
independent_sparse,independent_null,15,ordinal_similarity,0.944444444444444,TRUE,1,FALSE
independent_sparse,independent_null,16,ordinal_similarity,0.611111111111111,TRUE,1,FALSE
independent_sparse,independent_null,17,ordinal_similarity,1,TRUE,1,FALSE
independent_sparse,independent_null,18,ordinal_similarity,0.777777777777778,TRUE,1,FALSE
independent_sparse,independent_null,19,ordinal_similarity,0.777777777777778,TRUE,1,FALSE
independent_sparse,independent_null,20,ordinal_similarity,0.722222222222222,TRUE,1,FALSE
independent_sparse,independent_null,21,ordinal_similarity,0.666666666666667,TRUE,1,FALSE
independent_sparse,independent_null,22,ordinal_similarity,0.666666666666667,TRUE,0.75,FALSE
independent_sparse,independent_null,23,ordinal_similarity,0.888888888888889,TRUE,1,FALSE
independent_sparse,independent_null,24,ordinal_similarity,0.944444444444444,TRUE,1,FALSE
independent_sparse,independent_null,25,ordinal_similarity,0.944444444444444,TRUE,0.15,FALSE
independent_sparse,independent_null,26,ordinal_similarity,0.944444444444444,TRUE,0.1,FALSE
independent_sparse,independent_null,27,ordinal_similarity,0.777777777777778,TRUE,1,FALSE
independent_sparse,independent_null,28,ordinal_similarity,0.944444444444444,TRUE,1,FALSE
independent_sparse,independent_null,29,ordinal_similarity,0.944444444444444,TRUE,1,FALSE
independent_sparse,independent_null,30,ordinal_similarity,0.777777777777778,TRUE,1,FALSE
independent_sparse,independent_null,1,linear_kappa,0,TRUE,1,FALSE
independent_sparse,independent_null,2,linear_kappa,-0.125,TRUE,1,FALSE
independent_sparse,independent_null,3,linear_kappa,0,TRUE,1,FALSE
independent_sparse,independent_null,4,linear_kappa,-0.0800000000000001,TRUE,1,FALSE
independent_sparse,independent_null,5,linear_kappa,-0.090909090909091,TRUE,1,FALSE
independent_sparse,independent_null,6,linear_kappa,0.181818181818182,TRUE,0.45,FALSE
independent_sparse,independent_null,7,linear_kappa,-0.0800000000000001,TRUE,1,FALSE
independent_sparse,independent_null,8,linear_kappa,-0.0588235294117647,TRUE,1,FALSE
independent_sparse,independent_null,9,linear_kappa,-0.090909090909091,TRUE,1,FALSE
independent_sparse,independent_null,10,linear_kappa,-0.153846153846154,TRUE,1,FALSE
independent_sparse,independent_null,11,linear_kappa,0,TRUE,1,FALSE
independent_sparse,independent_null,12,linear_kappa,-0.0800000000000001,TRUE,1,FALSE
independent_sparse,independent_null,13,linear_kappa,0.454545454545455,TRUE,0.15,FALSE
independent_sparse,independent_null,14,linear_kappa,-0.0975609756097562,TRUE,1,FALSE
independent_sparse,independent_null,15,linear_kappa,0,TRUE,1,FALSE
independent_sparse,independent_null,16,linear_kappa,-0.188679245283019,TRUE,1,FALSE
independent_sparse,independent_null,17,linear_kappa,,FALSE,,FALSE
independent_sparse,independent_null,18,linear_kappa,-0.125,TRUE,1,FALSE
independent_sparse,independent_null,19,linear_kappa,-0.125,TRUE,1,FALSE
independent_sparse,independent_null,20,linear_kappa,-0.0975609756097562,TRUE,1,FALSE
independent_sparse,independent_null,21,linear_kappa,-0.173913043478261,TRUE,1,FALSE
independent_sparse,independent_null,22,linear_kappa,0.0357142857142856,TRUE,0.75,FALSE
independent_sparse,independent_null,23,linear_kappa,0,TRUE,1,FALSE
independent_sparse,independent_null,24,linear_kappa,0,TRUE,1,FALSE
independent_sparse,independent_null,25,linear_kappa,0.64,TRUE,0.15,FALSE
independent_sparse,independent_null,26,linear_kappa,0.64,TRUE,0.1,FALSE
independent_sparse,independent_null,27,linear_kappa,-0.090909090909091,TRUE,1,FALSE
independent_sparse,independent_null,28,linear_kappa,0,TRUE,1,FALSE
independent_sparse,independent_null,29,linear_kappa,0,TRUE,1,FALSE
independent_sparse,independent_null,30,linear_kappa,-0.125,TRUE,1,FALSE
independent_sparse,independent_null,1,quadratic_kappa,0,TRUE,1,FALSE
independent_sparse,independent_null,2,quadratic_kappa,-0.125,TRUE,1,FALSE
independent_sparse,independent_null,3,quadratic_kappa,0,TRUE,1,FALSE
independent_sparse,independent_null,4,quadratic_kappa,-0.0800000000000001,TRUE,1,FALSE
independent_sparse,independent_null,5,quadratic_kappa,-0.0909090909090908,TRUE,1,FALSE
independent_sparse,independent_null,6,quadratic_kappa,0.181818181818182,TRUE,0.45,FALSE
independent_sparse,independent_null,7,quadratic_kappa,-0.0800000000000001,TRUE,1,FALSE
independent_sparse,independent_null,8,quadratic_kappa,-0.0588235294117647,TRUE,1,FALSE
independent_sparse,independent_null,9,quadratic_kappa,-0.0909090909090908,TRUE,1,FALSE
independent_sparse,independent_null,10,quadratic_kappa,-0.153846153846154,TRUE,1,FALSE
independent_sparse,independent_null,11,quadratic_kappa,0,TRUE,1,FALSE
independent_sparse,independent_null,12,quadratic_kappa,-0.0800000000000001,TRUE,1,FALSE
independent_sparse,independent_null,13,quadratic_kappa,0.454545454545455,TRUE,0.15,FALSE
independent_sparse,independent_null,14,quadratic_kappa,-0.0975609756097562,TRUE,1,FALSE
independent_sparse,independent_null,15,quadratic_kappa,0,TRUE,1,FALSE
independent_sparse,independent_null,16,quadratic_kappa,-0.188679245283019,TRUE,1,FALSE
independent_sparse,independent_null,17,quadratic_kappa,,FALSE,,FALSE
independent_sparse,independent_null,18,quadratic_kappa,-0.125,TRUE,1,FALSE
independent_sparse,independent_null,19,quadratic_kappa,-0.125,TRUE,1,FALSE
independent_sparse,independent_null,20,quadratic_kappa,-0.0975609756097562,TRUE,1,FALSE
independent_sparse,independent_null,21,quadratic_kappa,-0.173913043478261,TRUE,1,FALSE
independent_sparse,independent_null,22,quadratic_kappa,0.0357142857142857,TRUE,0.75,FALSE
independent_sparse,independent_null,23,quadratic_kappa,0,TRUE,1,FALSE
independent_sparse,independent_null,24,quadratic_kappa,0,TRUE,1,FALSE
independent_sparse,independent_null,25,quadratic_kappa,0.64,TRUE,0.15,FALSE
independent_sparse,independent_null,26,quadratic_kappa,0.64,TRUE,0.1,FALSE
independent_sparse,independent_null,27,quadratic_kappa,-0.0909090909090908,TRUE,1,FALSE
independent_sparse,independent_null,28,quadratic_kappa,0,TRUE,1,FALSE
independent_sparse,independent_null,29,quadratic_kappa,0,TRUE,1,FALSE
independent_sparse,independent_null,30,quadratic_kappa,-0.125,TRUE,1,FALSE
independent_sparse,independent_null,1,pearson_beta,,FALSE,,FALSE
independent_sparse,independent_null,2,pearson_beta,0.125,TRUE,1,FALSE
independent_sparse,independent_null,3,pearson_beta,,FALSE,,FALSE
independent_sparse,independent_null,4,pearson_beta,0.0857492925712544,TRUE,1,FALSE
independent_sparse,independent_null,5,pearson_beta,0.108465228909328,TRUE,1,FALSE
independent_sparse,independent_null,6,pearson_beta,0.188982236504613,TRUE,0.7,FALSE
independent_sparse,independent_null,7,pearson_beta,0.0857492925712545,TRUE,1,FALSE
independent_sparse,independent_null,8,pearson_beta,0.0588235294117647,TRUE,1,FALSE
independent_sparse,independent_null,9,pearson_beta,0.108465228909328,TRUE,1,FALSE
independent_sparse,independent_null,10,pearson_beta,0.158113883008419,TRUE,1,FALSE
independent_sparse,independent_null,11,pearson_beta,,FALSE,,FALSE
independent_sparse,independent_null,12,pearson_beta,0.0857492925712544,TRUE,1,FALSE
independent_sparse,independent_null,13,pearson_beta,0.54232614454664,TRUE,0.15,FALSE
independent_sparse,independent_null,14,pearson_beta,0.129640744710433,TRUE,1,FALSE
independent_sparse,independent_null,15,pearson_beta,,FALSE,,FALSE
independent_sparse,independent_null,16,pearson_beta,0.219264504826757,TRUE,0.55,FALSE
independent_sparse,independent_null,17,pearson_beta,,FALSE,,FALSE
independent_sparse,independent_null,18,pearson_beta,0.125,TRUE,1,FALSE
independent_sparse,independent_null,19,pearson_beta,0.125,TRUE,1,FALSE
independent_sparse,independent_null,20,pearson_beta,0.129640744710433,TRUE,1,FALSE
independent_sparse,independent_null,21,pearson_beta,0.188982236504614,TRUE,1,FALSE
independent_sparse,independent_null,22,pearson_beta,0.0357142857142857,TRUE,1,FALSE
independent_sparse,independent_null,23,pearson_beta,,FALSE,,FALSE
independent_sparse,independent_null,24,pearson_beta,,FALSE,,FALSE
independent_sparse,independent_null,25,pearson_beta,0.685994340570035,TRUE,0.15,FALSE
independent_sparse,independent_null,26,pearson_beta,0.685994340570035,TRUE,0.1,FALSE
independent_sparse,independent_null,27,pearson_beta,0.108465228909328,TRUE,1,FALSE
independent_sparse,independent_null,28,pearson_beta,,FALSE,,FALSE
independent_sparse,independent_null,29,pearson_beta,,FALSE,,FALSE
independent_sparse,independent_null,30,pearson_beta,0.125,TRUE,1,FALSE
independent_sparse,independent_null,1,pearson_levels,,FALSE,,FALSE
independent_sparse,independent_null,2,pearson_levels,0.125,TRUE,1,FALSE
independent_sparse,independent_null,3,pearson_levels,,FALSE,,FALSE
independent_sparse,independent_null,4,pearson_levels,0.0857492925712544,TRUE,1,FALSE
independent_sparse,independent_null,5,pearson_levels,0.108465228909328,TRUE,1,FALSE
independent_sparse,independent_null,6,pearson_levels,0.188982236504614,TRUE,0.7,FALSE
independent_sparse,independent_null,7,pearson_levels,0.0857492925712544,TRUE,1,FALSE
independent_sparse,independent_null,8,pearson_levels,0.0588235294117647,TRUE,1,FALSE
independent_sparse,independent_null,9,pearson_levels,0.108465228909328,TRUE,1,FALSE
independent_sparse,independent_null,10,pearson_levels,0.158113883008419,TRUE,1,FALSE
independent_sparse,independent_null,11,pearson_levels,,FALSE,,FALSE
independent_sparse,independent_null,12,pearson_levels,0.0857492925712544,TRUE,1,FALSE
independent_sparse,independent_null,13,pearson_levels,0.54232614454664,TRUE,0.15,FALSE
independent_sparse,independent_null,14,pearson_levels,0.129640744710433,TRUE,1,FALSE
independent_sparse,independent_null,15,pearson_levels,,FALSE,,FALSE
independent_sparse,independent_null,16,pearson_levels,0.219264504826757,TRUE,0.55,FALSE
independent_sparse,independent_null,17,pearson_levels,,FALSE,,FALSE
independent_sparse,independent_null,18,pearson_levels,0.125,TRUE,1,FALSE
independent_sparse,independent_null,19,pearson_levels,0.125,TRUE,1,FALSE
independent_sparse,independent_null,20,pearson_levels,0.129640744710433,TRUE,1,FALSE
independent_sparse,independent_null,21,pearson_levels,0.188982236504614,TRUE,1,FALSE
independent_sparse,independent_null,22,pearson_levels,0.0357142857142857,TRUE,1,FALSE
independent_sparse,independent_null,23,pearson_levels,,FALSE,,FALSE
independent_sparse,independent_null,24,pearson_levels,,FALSE,,FALSE
independent_sparse,independent_null,25,pearson_levels,0.685994340570035,TRUE,0.15,FALSE
independent_sparse,independent_null,26,pearson_levels,0.685994340570035,TRUE,0.1,FALSE
independent_sparse,independent_null,27,pearson_levels,0.108465228909328,TRUE,1,FALSE
independent_sparse,independent_null,28,pearson_levels,,FALSE,,FALSE
independent_sparse,independent_null,29,pearson_levels,,FALSE,,FALSE
independent_sparse,independent_null,30,pearson_levels,0.125,TRUE,1,FALSE
independent_sparse,independent_null,1,spearman_beta,,FALSE,,FALSE
independent_sparse,independent_null,2,spearman_beta,0.125,TRUE,1,FALSE
independent_sparse,independent_null,3,spearman_beta,,FALSE,,FALSE
independent_sparse,independent_null,4,spearman_beta,0.0857492925712544,TRUE,1,FALSE
independent_sparse,independent_null,5,spearman_beta,0.108465228909328,TRUE,1,FALSE
independent_sparse,independent_null,6,spearman_beta,0.188982236504614,TRUE,0.7,FALSE
independent_sparse,independent_null,7,spearman_beta,0.0857492925712544,TRUE,1,FALSE
independent_sparse,independent_null,8,spearman_beta,0.0588235294117647,TRUE,1,FALSE
independent_sparse,independent_null,9,spearman_beta,0.108465228909328,TRUE,1,FALSE
independent_sparse,independent_null,10,spearman_beta,0.158113883008419,TRUE,1,FALSE
independent_sparse,independent_null,11,spearman_beta,,FALSE,,FALSE
independent_sparse,independent_null,12,spearman_beta,0.0857492925712544,TRUE,1,FALSE
independent_sparse,independent_null,13,spearman_beta,0.54232614454664,TRUE,0.15,FALSE
independent_sparse,independent_null,14,spearman_beta,0.129640744710433,TRUE,1,FALSE
independent_sparse,independent_null,15,spearman_beta,,FALSE,,FALSE
independent_sparse,independent_null,16,spearman_beta,0.219264504826757,TRUE,0.55,FALSE
independent_sparse,independent_null,17,spearman_beta,,FALSE,,FALSE
independent_sparse,independent_null,18,spearman_beta,0.125,TRUE,1,FALSE
independent_sparse,independent_null,19,spearman_beta,0.125,TRUE,1,FALSE
independent_sparse,independent_null,20,spearman_beta,0.129640744710433,TRUE,1,FALSE
independent_sparse,independent_null,21,spearman_beta,0.188982236504614,TRUE,1,FALSE
independent_sparse,independent_null,22,spearman_beta,0.0357142857142857,TRUE,1,FALSE
independent_sparse,independent_null,23,spearman_beta,,FALSE,,FALSE
independent_sparse,independent_null,24,spearman_beta,,FALSE,,FALSE
independent_sparse,independent_null,25,spearman_beta,0.685994340570035,TRUE,0.15,FALSE
independent_sparse,independent_null,26,spearman_beta,0.685994340570035,TRUE,0.1,FALSE
independent_sparse,independent_null,27,spearman_beta,0.108465228909328,TRUE,1,FALSE
independent_sparse,independent_null,28,spearman_beta,,FALSE,,FALSE
independent_sparse,independent_null,29,spearman_beta,,FALSE,,FALSE
independent_sparse,independent_null,30,spearman_beta,0.125,TRUE,1,FALSE
independent_sparse,independent_null,1,spearman_levels,,FALSE,,FALSE
independent_sparse,independent_null,2,spearman_levels,0.125,TRUE,1,FALSE
independent_sparse,independent_null,3,spearman_levels,,FALSE,,FALSE
independent_sparse,independent_null,4,spearman_levels,0.0857492925712544,TRUE,1,FALSE
independent_sparse,independent_null,5,spearman_levels,0.108465228909328,TRUE,1,FALSE
independent_sparse,independent_null,6,spearman_levels,0.188982236504614,TRUE,0.7,FALSE
independent_sparse,independent_null,7,spearman_levels,0.0857492925712544,TRUE,1,FALSE
independent_sparse,independent_null,8,spearman_levels,0.0588235294117647,TRUE,1,FALSE
independent_sparse,independent_null,9,spearman_levels,0.108465228909328,TRUE,1,FALSE
independent_sparse,independent_null,10,spearman_levels,0.158113883008419,TRUE,1,FALSE
independent_sparse,independent_null,11,spearman_levels,,FALSE,,FALSE
independent_sparse,independent_null,12,spearman_levels,0.0857492925712544,TRUE,1,FALSE
independent_sparse,independent_null,13,spearman_levels,0.54232614454664,TRUE,0.15,FALSE
independent_sparse,independent_null,14,spearman_levels,0.129640744710433,TRUE,1,FALSE
independent_sparse,independent_null,15,spearman_levels,,FALSE,,FALSE
independent_sparse,independent_null,16,spearman_levels,0.219264504826757,TRUE,0.55,FALSE
independent_sparse,independent_null,17,spearman_levels,,FALSE,,FALSE
independent_sparse,independent_null,18,spearman_levels,0.125,TRUE,1,FALSE
independent_sparse,independent_null,19,spearman_levels,0.125,TRUE,1,FALSE
independent_sparse,independent_null,20,spearman_levels,0.129640744710433,TRUE,1,FALSE
independent_sparse,independent_null,21,spearman_levels,0.188982236504614,TRUE,1,FALSE
independent_sparse,independent_null,22,spearman_levels,0.0357142857142857,TRUE,1,FALSE
independent_sparse,independent_null,23,spearman_levels,,FALSE,,FALSE
independent_sparse,independent_null,24,spearman_levels,,FALSE,,FALSE
independent_sparse,independent_null,25,spearman_levels,0.685994340570035,TRUE,0.15,FALSE
independent_sparse,independent_null,26,spearman_levels,0.685994340570035,TRUE,0.1,FALSE
independent_sparse,independent_null,27,spearman_levels,0.108465228909328,TRUE,1,FALSE
independent_sparse,independent_null,28,spearman_levels,,FALSE,,FALSE
independent_sparse,independent_null,29,spearman_levels,,FALSE,,FALSE
independent_sparse,independent_null,30,spearman_levels,0.125,TRUE,1,FALSE
independent_sparse,independent_null,1,xi_levels_mean,,FALSE,,FALSE
independent_sparse,independent_null,2,xi_levels_mean,-0.01953125,TRUE,1,FALSE
independent_sparse,independent_null,3,xi_levels_mean,,FALSE,,FALSE
independent_sparse,independent_null,4,xi_levels_mean,-0.025735294117647,TRUE,1,FALSE
independent_sparse,independent_null,5,xi_levels_mean,-0.0235294117647059,TRUE,1,FALSE
independent_sparse,independent_null,6,xi_levels_mean,-0.0267857142857142,TRUE,0.7,FALSE
independent_sparse,independent_null,7,xi_levels_mean,-0.025735294117647,TRUE,1,FALSE
independent_sparse,independent_null,8,xi_levels_mean,-0.027681660899654,TRUE,1,FALSE
independent_sparse,independent_null,9,xi_levels_mean,-0.0235294117647059,TRUE,1,FALSE
independent_sparse,independent_null,10,xi_levels_mean,-0.0125,TRUE,1,FALSE
independent_sparse,independent_null,11,xi_levels_mean,,FALSE,,FALSE
independent_sparse,independent_null,12,xi_levels_mean,-0.025735294117647,TRUE,1,FALSE
independent_sparse,independent_null,13,xi_levels_mean,0.117647058823529,TRUE,0.15,FALSE
independent_sparse,independent_null,14,xi_levels_mean,-0.0210084033613445,TRUE,1,FALSE
independent_sparse,independent_null,15,xi_levels_mean,,FALSE,,FALSE
independent_sparse,independent_null,16,xi_levels_mean,0.00480769230769229,TRUE,0.55,FALSE
independent_sparse,independent_null,17,xi_levels_mean,,FALSE,,FALSE
independent_sparse,independent_null,18,xi_levels_mean,-0.01953125,TRUE,1,FALSE
independent_sparse,independent_null,19,xi_levels_mean,-0.01953125,TRUE,1,FALSE
independent_sparse,independent_null,20,xi_levels_mean,-0.0210084033613445,TRUE,1,FALSE
independent_sparse,independent_null,21,xi_levels_mean,-0.0044642857142857,TRUE,0.55,FALSE
independent_sparse,independent_null,22,xi_levels_mean,-0.0561224489795917,TRUE,1,FALSE
independent_sparse,independent_null,23,xi_levels_mean,,FALSE,,FALSE
independent_sparse,independent_null,24,xi_levels_mean,,FALSE,,FALSE
independent_sparse,independent_null,25,xi_levels_mean,0.205882352941177,TRUE,0.15,FALSE
independent_sparse,independent_null,26,xi_levels_mean,0.205882352941177,TRUE,0.1,FALSE
independent_sparse,independent_null,27,xi_levels_mean,-0.0235294117647059,TRUE,1,FALSE
independent_sparse,independent_null,28,xi_levels_mean,,FALSE,,FALSE
independent_sparse,independent_null,29,xi_levels_mean,,FALSE,,FALSE
independent_sparse,independent_null,30,xi_levels_mean,-0.01953125,TRUE,1,FALSE
independent_sparse,independent_null,1,dcor_beta,,FALSE,,FALSE
independent_sparse,independent_null,2,dcor_beta,0.125,TRUE,1,FALSE
independent_sparse,independent_null,3,dcor_beta,,FALSE,,FALSE
independent_sparse,independent_null,4,dcor_beta,0.0857492925712545,TRUE,1,FALSE
independent_sparse,independent_null,5,dcor_beta,0.108465228909328,TRUE,1,FALSE
independent_sparse,independent_null,6,dcor_beta,0.188982236504614,TRUE,0.7,FALSE
independent_sparse,independent_null,7,dcor_beta,0.0857492925712544,TRUE,1,FALSE
independent_sparse,independent_null,8,dcor_beta,0.0588235294117646,TRUE,1,FALSE
independent_sparse,independent_null,9,dcor_beta,0.108465228909328,TRUE,1,FALSE
independent_sparse,independent_null,10,dcor_beta,0.158113883008419,TRUE,1,FALSE
independent_sparse,independent_null,11,dcor_beta,,FALSE,,FALSE
independent_sparse,independent_null,12,dcor_beta,0.0857492925712547,TRUE,1,FALSE
independent_sparse,independent_null,13,dcor_beta,0.54232614454664,TRUE,0.15,FALSE
independent_sparse,independent_null,14,dcor_beta,0.129640744710433,TRUE,1,FALSE
independent_sparse,independent_null,15,dcor_beta,,FALSE,,FALSE
independent_sparse,independent_null,16,dcor_beta,0.219264504826758,TRUE,0.55,FALSE
independent_sparse,independent_null,17,dcor_beta,,FALSE,,FALSE
independent_sparse,independent_null,18,dcor_beta,0.125000000000001,TRUE,1,FALSE
independent_sparse,independent_null,19,dcor_beta,0.125,TRUE,1,FALSE
independent_sparse,independent_null,20,dcor_beta,0.129640744710433,TRUE,1,FALSE
independent_sparse,independent_null,21,dcor_beta,0.188982236504614,TRUE,1,FALSE
independent_sparse,independent_null,22,dcor_beta,0.0357142857142859,TRUE,1,FALSE
independent_sparse,independent_null,23,dcor_beta,,FALSE,,FALSE
independent_sparse,independent_null,24,dcor_beta,,FALSE,,FALSE
independent_sparse,independent_null,25,dcor_beta,0.685994340570033,TRUE,0.15,FALSE
independent_sparse,independent_null,26,dcor_beta,0.685994340570036,TRUE,0.1,FALSE
independent_sparse,independent_null,27,dcor_beta,0.108465228909327,TRUE,1,FALSE
independent_sparse,independent_null,28,dcor_beta,,FALSE,,FALSE
independent_sparse,independent_null,29,dcor_beta,,FALSE,,FALSE
independent_sparse,independent_null,30,dcor_beta,0.125,TRUE,1,FALSE
independent_sparse,independent_null,1,dcor_levels,,FALSE,,FALSE
independent_sparse,independent_null,2,dcor_levels,0.125,TRUE,1,FALSE
independent_sparse,independent_null,3,dcor_levels,,FALSE,,FALSE
independent_sparse,independent_null,4,dcor_levels,0.0857492925712543,TRUE,1,FALSE
independent_sparse,independent_null,5,dcor_levels,0.108465228909328,TRUE,1,FALSE
independent_sparse,independent_null,6,dcor_levels,0.188982236504613,TRUE,0.7,FALSE
independent_sparse,independent_null,7,dcor_levels,0.0857492925712541,TRUE,1,FALSE
independent_sparse,independent_null,8,dcor_levels,0.0588235294117649,TRUE,1,FALSE
independent_sparse,independent_null,9,dcor_levels,0.108465228909328,TRUE,1,FALSE
independent_sparse,independent_null,10,dcor_levels,0.158113883008418,TRUE,1,FALSE
independent_sparse,independent_null,11,dcor_levels,,FALSE,,FALSE
independent_sparse,independent_null,12,dcor_levels,0.0857492925712551,TRUE,1,FALSE
independent_sparse,independent_null,13,dcor_levels,0.542326144546641,TRUE,0.15,FALSE
independent_sparse,independent_null,14,dcor_levels,0.129640744710434,TRUE,1,FALSE
independent_sparse,independent_null,15,dcor_levels,,FALSE,,FALSE
independent_sparse,independent_null,16,dcor_levels,0.219264504826757,TRUE,0.55,FALSE
independent_sparse,independent_null,17,dcor_levels,,FALSE,,FALSE
independent_sparse,independent_null,18,dcor_levels,0.125,TRUE,1,FALSE
independent_sparse,independent_null,19,dcor_levels,0.125,TRUE,1,FALSE
independent_sparse,independent_null,20,dcor_levels,0.129640744710433,TRUE,1,FALSE
independent_sparse,independent_null,21,dcor_levels,0.188982236504613,TRUE,1,FALSE
independent_sparse,independent_null,22,dcor_levels,0.0357142857142856,TRUE,1,FALSE
independent_sparse,independent_null,23,dcor_levels,,FALSE,,FALSE
independent_sparse,independent_null,24,dcor_levels,,FALSE,,FALSE
independent_sparse,independent_null,25,dcor_levels,0.68599434057004,TRUE,0.15,FALSE
independent_sparse,independent_null,26,dcor_levels,0.685994340570035,TRUE,0.1,FALSE
independent_sparse,independent_null,27,dcor_levels,0.108465228909329,TRUE,1,FALSE
independent_sparse,independent_null,28,dcor_levels,,FALSE,,FALSE
independent_sparse,independent_null,29,dcor_levels,,FALSE,,FALSE
independent_sparse,independent_null,30,dcor_levels,0.125,TRUE,1,FALSE
independent_sparse,independent_null,1,unbiased_dcov2_levels,0,TRUE,1,FALSE
independent_sparse,independent_null,2,unbiased_dcov2_levels,0.0176470588235296,TRUE,0.6,FALSE
independent_sparse,independent_null,3,unbiased_dcov2_levels,0,TRUE,1,FALSE
independent_sparse,independent_null,4,unbiased_dcov2_levels,0,TRUE,1,FALSE
independent_sparse,independent_null,5,unbiased_dcov2_levels,0,TRUE,1,FALSE
independent_sparse,independent_null,6,unbiased_dcov2_levels,-0.511764705882354,TRUE,0.7,FALSE
independent_sparse,independent_null,7,unbiased_dcov2_levels,0,TRUE,1,FALSE
independent_sparse,independent_null,8,unbiased_dcov2_levels,0,TRUE,1,FALSE
independent_sparse,independent_null,9,unbiased_dcov2_levels,0,TRUE,1,FALSE
independent_sparse,independent_null,10,unbiased_dcov2_levels,0.052941176470588,TRUE,0.6,FALSE
independent_sparse,independent_null,11,unbiased_dcov2_levels,0,TRUE,1,FALSE
independent_sparse,independent_null,12,unbiased_dcov2_levels,0,TRUE,1,FALSE
independent_sparse,independent_null,13,unbiased_dcov2_levels,0,TRUE,1,FALSE
independent_sparse,independent_null,14,unbiased_dcov2_levels,0,TRUE,1,FALSE
independent_sparse,independent_null,15,unbiased_dcov2_levels,0,TRUE,1,FALSE
independent_sparse,independent_null,16,unbiased_dcov2_levels,0.176470588235294,TRUE,0.55,FALSE
independent_sparse,independent_null,17,unbiased_dcov2_levels,0,TRUE,1,FALSE
independent_sparse,independent_null,18,unbiased_dcov2_levels,0.0176470588235296,TRUE,0.85,FALSE
independent_sparse,independent_null,19,unbiased_dcov2_levels,0.0176470588235294,TRUE,0.9,FALSE
independent_sparse,independent_null,20,unbiased_dcov2_levels,0,TRUE,1,FALSE
independent_sparse,independent_null,21,unbiased_dcov2_levels,0.105882352941177,TRUE,0.55,FALSE
independent_sparse,independent_null,22,unbiased_dcov2_levels,-0.71470588235294,TRUE,1,FALSE
independent_sparse,independent_null,23,unbiased_dcov2_levels,0,TRUE,1,FALSE
independent_sparse,independent_null,24,unbiased_dcov2_levels,0,TRUE,1,FALSE
independent_sparse,independent_null,25,unbiased_dcov2_levels,0,TRUE,1,FALSE
independent_sparse,independent_null,26,unbiased_dcov2_levels,0,TRUE,1,FALSE
independent_sparse,independent_null,27,unbiased_dcov2_levels,0,TRUE,1,FALSE
independent_sparse,independent_null,28,unbiased_dcov2_levels,0,TRUE,1,FALSE
independent_sparse,independent_null,29,unbiased_dcov2_levels,0,TRUE,1,FALSE
independent_sparse,independent_null,30,unbiased_dcov2_levels,0.0176470588235295,TRUE,0.8,FALSE
independent_bin_boundary,independent_null,1,ordinal_similarity,0.944444444444444,TRUE,0.8,FALSE
independent_bin_boundary,independent_null,2,ordinal_similarity,0.919753086419753,TRUE,1,FALSE
independent_bin_boundary,independent_null,3,ordinal_similarity,0.950617283950617,TRUE,0.6,FALSE
independent_bin_boundary,independent_null,4,ordinal_similarity,0.944444444444444,TRUE,0.7,FALSE
independent_bin_boundary,independent_null,5,ordinal_similarity,0.950617283950617,TRUE,0.65,FALSE
independent_bin_boundary,independent_null,6,ordinal_similarity,0.950617283950617,TRUE,0.4,FALSE
independent_bin_boundary,independent_null,7,ordinal_similarity,0.925925925925926,TRUE,1,FALSE
independent_bin_boundary,independent_null,8,ordinal_similarity,0.969135802469136,TRUE,0.05,TRUE
independent_bin_boundary,independent_null,9,ordinal_similarity,0.925925925925926,TRUE,0.95,FALSE
independent_bin_boundary,independent_null,10,ordinal_similarity,0.932098765432099,TRUE,0.95,FALSE
independent_bin_boundary,independent_null,11,ordinal_similarity,0.938271604938272,TRUE,0.85,FALSE
independent_bin_boundary,independent_null,12,ordinal_similarity,0.932098765432099,TRUE,1,FALSE
independent_bin_boundary,independent_null,13,ordinal_similarity,0.95679012345679,TRUE,0.3,FALSE
independent_bin_boundary,independent_null,14,ordinal_similarity,0.919753086419753,TRUE,0.95,FALSE
independent_bin_boundary,independent_null,15,ordinal_similarity,0.932098765432099,TRUE,0.9,FALSE
independent_bin_boundary,independent_null,16,ordinal_similarity,0.969135802469136,TRUE,0.2,FALSE
independent_bin_boundary,independent_null,17,ordinal_similarity,0.95679012345679,TRUE,0.25,FALSE
independent_bin_boundary,independent_null,18,ordinal_similarity,0.938271604938272,TRUE,0.9,FALSE
independent_bin_boundary,independent_null,19,ordinal_similarity,0.925925925925926,TRUE,1,FALSE
independent_bin_boundary,independent_null,20,ordinal_similarity,0.975308641975309,TRUE,0.05,TRUE
independent_bin_boundary,independent_null,21,ordinal_similarity,0.944444444444444,TRUE,0.65,FALSE
independent_bin_boundary,independent_null,22,ordinal_similarity,0.975308641975309,TRUE,0.05,TRUE
independent_bin_boundary,independent_null,23,ordinal_similarity,0.95679012345679,TRUE,0.35,FALSE
independent_bin_boundary,independent_null,24,ordinal_similarity,0.969135802469136,TRUE,0.35,FALSE
independent_bin_boundary,independent_null,25,ordinal_similarity,0.950617283950617,TRUE,0.55,FALSE
independent_bin_boundary,independent_null,26,ordinal_similarity,0.938271604938272,TRUE,0.75,FALSE
independent_bin_boundary,independent_null,27,ordinal_similarity,0.95679012345679,TRUE,0.35,FALSE
independent_bin_boundary,independent_null,28,ordinal_similarity,0.932098765432099,TRUE,0.8,FALSE
independent_bin_boundary,independent_null,29,ordinal_similarity,0.944444444444444,TRUE,0.75,FALSE
independent_bin_boundary,independent_null,30,ordinal_similarity,0.981481481481481,TRUE,0.05,TRUE
independent_bin_boundary,independent_null,1,linear_kappa,0,TRUE,0.8,FALSE
independent_bin_boundary,independent_null,2,linear_kappa,-0.444444444444444,TRUE,1,FALSE
independent_bin_boundary,independent_null,3,linear_kappa,0.111111111111111,TRUE,0.6,FALSE
independent_bin_boundary,independent_null,4,linear_kappa,0.0240963855421688,TRUE,0.7,FALSE
independent_bin_boundary,independent_null,5,linear_kappa,0.111111111111111,TRUE,0.65,FALSE
independent_bin_boundary,independent_null,6,linear_kappa,0.142857142857143,TRUE,0.4,FALSE
independent_bin_boundary,independent_null,7,linear_kappa,-0.333333333333333,TRUE,1,FALSE
independent_bin_boundary,independent_null,8,linear_kappa,0.457831325301205,TRUE,0.05,TRUE
independent_bin_boundary,independent_null,9,linear_kappa,-0.317073170731707,TRUE,0.95,FALSE
independent_bin_boundary,independent_null,10,linear_kappa,-0.253164556962025,TRUE,0.95,FALSE
independent_bin_boundary,independent_null,11,linear_kappa,-0.111111111111111,TRUE,0.85,FALSE
independent_bin_boundary,independent_null,12,linear_kappa,-0.222222222222222,TRUE,1,FALSE
independent_bin_boundary,independent_null,13,linear_kappa,0.20253164556962,TRUE,0.3,FALSE
independent_bin_boundary,independent_null,14,linear_kappa,-0.258064516129032,TRUE,0.95,FALSE
independent_bin_boundary,independent_null,15,linear_kappa,-0.222222222222222,TRUE,0.9,FALSE
independent_bin_boundary,independent_null,16,linear_kappa,0.457831325301205,TRUE,0.2,FALSE
independent_bin_boundary,independent_null,17,linear_kappa,0.240963855421687,TRUE,0.25,FALSE
independent_bin_boundary,independent_null,18,linear_kappa,-0.168831168831169,TRUE,0.9,FALSE
independent_bin_boundary,independent_null,19,linear_kappa,-0.384615384615385,TRUE,1,FALSE
independent_bin_boundary,independent_null,20,linear_kappa,0.526315789473684,TRUE,0.05,TRUE
independent_bin_boundary,independent_null,21,linear_kappa,0,TRUE,0.65,FALSE
independent_bin_boundary,independent_null,22,linear_kappa,0.560975609756098,TRUE,0.05,TRUE
independent_bin_boundary,independent_null,23,linear_kappa,0.222222222222222,TRUE,0.35,FALSE
independent_bin_boundary,independent_null,24,linear_kappa,0.347826086956522,TRUE,0.35,FALSE
independent_bin_boundary,independent_null,25,linear_kappa,0.142857142857143,TRUE,0.55,FALSE
independent_bin_boundary,independent_null,26,linear_kappa,0,TRUE,0.75,FALSE
independent_bin_boundary,independent_null,27,linear_kappa,0.222222222222222,TRUE,0.35,FALSE
independent_bin_boundary,independent_null,28,linear_kappa,-0.137931034482759,TRUE,0.8,FALSE
independent_bin_boundary,independent_null,29,linear_kappa,0,TRUE,0.75,FALSE
independent_bin_boundary,independent_null,30,linear_kappa,0.666666666666667,TRUE,0.05,TRUE
independent_bin_boundary,independent_null,1,quadratic_kappa,1.77635683940025e-15,TRUE,0.8,FALSE
independent_bin_boundary,independent_null,2,quadratic_kappa,-0.444444444444447,TRUE,1,FALSE
independent_bin_boundary,independent_null,3,quadratic_kappa,0.111111111111111,TRUE,0.6,FALSE
independent_bin_boundary,independent_null,4,quadratic_kappa,0.0240963855421688,TRUE,0.7,FALSE
independent_bin_boundary,independent_null,5,quadratic_kappa,0.111111111111111,TRUE,0.65,FALSE
independent_bin_boundary,independent_null,6,quadratic_kappa,0.142857142857142,TRUE,0.4,FALSE
independent_bin_boundary,independent_null,7,quadratic_kappa,-0.333333333333333,TRUE,1,FALSE
independent_bin_boundary,independent_null,8,quadratic_kappa,0.457831325301205,TRUE,0.05,TRUE
independent_bin_boundary,independent_null,9,quadratic_kappa,-0.317073170731708,TRUE,0.95,FALSE
independent_bin_boundary,independent_null,10,quadratic_kappa,-0.253164556962026,TRUE,0.95,FALSE
independent_bin_boundary,independent_null,11,quadratic_kappa,-0.111111111111113,TRUE,0.85,FALSE
independent_bin_boundary,independent_null,12,quadratic_kappa,-0.222222222222222,TRUE,1,FALSE
independent_bin_boundary,independent_null,13,quadratic_kappa,0.20253164556962,TRUE,0.3,FALSE
independent_bin_boundary,independent_null,14,quadratic_kappa,-0.258064516129033,TRUE,0.95,FALSE
independent_bin_boundary,independent_null,15,quadratic_kappa,-0.222222222222222,TRUE,0.9,FALSE
independent_bin_boundary,independent_null,16,quadratic_kappa,0.457831325301205,TRUE,0.2,FALSE
independent_bin_boundary,independent_null,17,quadratic_kappa,0.240963855421687,TRUE,0.25,FALSE
independent_bin_boundary,independent_null,18,quadratic_kappa,-0.168831168831169,TRUE,0.9,FALSE
independent_bin_boundary,independent_null,19,quadratic_kappa,-0.384615384615386,TRUE,1,FALSE
independent_bin_boundary,independent_null,20,quadratic_kappa,0.526315789473685,TRUE,0.05,TRUE
independent_bin_boundary,independent_null,21,quadratic_kappa,-1.77635683940025e-15,TRUE,0.65,FALSE
independent_bin_boundary,independent_null,22,quadratic_kappa,0.560975609756097,TRUE,0.05,TRUE
independent_bin_boundary,independent_null,23,quadratic_kappa,0.222222222222224,TRUE,0.35,FALSE
independent_bin_boundary,independent_null,24,quadratic_kappa,0.34782608695652,TRUE,0.35,FALSE
independent_bin_boundary,independent_null,25,quadratic_kappa,0.142857142857142,TRUE,0.55,FALSE
independent_bin_boundary,independent_null,26,quadratic_kappa,-4.44089209850063e-16,TRUE,0.75,FALSE
independent_bin_boundary,independent_null,27,quadratic_kappa,0.222222222222224,TRUE,0.35,FALSE
independent_bin_boundary,independent_null,28,quadratic_kappa,-0.137931034482756,TRUE,0.8,FALSE
independent_bin_boundary,independent_null,29,quadratic_kappa,1.77635683940025e-15,TRUE,0.75,FALSE
independent_bin_boundary,independent_null,30,quadratic_kappa,0.666666666666667,TRUE,0.05,TRUE
independent_bin_boundary,independent_null,1,pearson_beta,0.0158806957999682,TRUE,0.85,FALSE
independent_bin_boundary,independent_null,2,pearson_beta,0.548370795554045,TRUE,0.1,FALSE
independent_bin_boundary,independent_null,3,pearson_beta,0.025943845028706,TRUE,1,FALSE
independent_bin_boundary,independent_null,4,pearson_beta,0.178947213966674,TRUE,0.45,FALSE
independent_bin_boundary,independent_null,5,pearson_beta,0.352929375640778,TRUE,0.15,FALSE
independent_bin_boundary,independent_null,6,pearson_beta,0.126785338946738,TRUE,0.65,FALSE
independent_bin_boundary,independent_null,7,pearson_beta,0.0725023201398391,TRUE,0.75,FALSE
independent_bin_boundary,independent_null,8,pearson_beta,0.447955778695882,TRUE,0.05,TRUE
independent_bin_boundary,independent_null,9,pearson_beta,0.182772611709205,TRUE,0.5,FALSE
independent_bin_boundary,independent_null,10,pearson_beta,0.228999662966394,TRUE,0.4,FALSE
independent_bin_boundary,independent_null,11,pearson_beta,0.0462298504533826,TRUE,0.95,FALSE
independent_bin_boundary,independent_null,12,pearson_beta,0.137767932949821,TRUE,0.65,FALSE
independent_bin_boundary,independent_null,13,pearson_beta,0.167377088868081,TRUE,0.55,FALSE
independent_bin_boundary,independent_null,14,pearson_beta,0.421873128387706,TRUE,0.1,FALSE
independent_bin_boundary,independent_null,15,pearson_beta,0.0183443873255596,TRUE,1,FALSE
independent_bin_boundary,independent_null,16,pearson_beta,0.514522719403219,TRUE,0.1,FALSE
independent_bin_boundary,independent_null,17,pearson_beta,0.153957161595854,TRUE,0.5,FALSE
independent_bin_boundary,independent_null,18,pearson_beta,0.169618804915059,TRUE,0.6,FALSE
independent_bin_boundary,independent_null,19,pearson_beta,0.131444926835186,TRUE,0.45,FALSE
independent_bin_boundary,independent_null,20,pearson_beta,0.460685466023878,TRUE,0.1,FALSE
independent_bin_boundary,independent_null,21,pearson_beta,0.11263015681208,TRUE,0.6,FALSE
independent_bin_boundary,independent_null,22,pearson_beta,0.487139380113125,TRUE,0.05,TRUE
independent_bin_boundary,independent_null,23,pearson_beta,0.0656220819754404,TRUE,0.85,FALSE
independent_bin_boundary,independent_null,24,pearson_beta,0.339577887538902,TRUE,0.25,FALSE
independent_bin_boundary,independent_null,25,pearson_beta,0.469431205217802,TRUE,0.1,FALSE
independent_bin_boundary,independent_null,26,pearson_beta,0.33158237976253,TRUE,0.2,FALSE
independent_bin_boundary,independent_null,27,pearson_beta,0.0365700045350854,TRUE,0.95,FALSE
independent_bin_boundary,independent_null,28,pearson_beta,0.145734975155862,TRUE,0.65,FALSE
independent_bin_boundary,independent_null,29,pearson_beta,0.0638037009169237,TRUE,0.8,FALSE
independent_bin_boundary,independent_null,30,pearson_beta,0.501988176812533,TRUE,0.05,TRUE
independent_bin_boundary,independent_null,1,pearson_levels,0,TRUE,1,FALSE
independent_bin_boundary,independent_null,2,pearson_levels,0.447213595499958,TRUE,0.2,FALSE
independent_bin_boundary,independent_null,3,pearson_levels,0.113960576459638,TRUE,1,FALSE
independent_bin_boundary,independent_null,4,pearson_levels,0.0254823595718812,TRUE,1,FALSE
independent_bin_boundary,independent_null,5,pearson_levels,0.124034734589208,TRUE,1,FALSE
independent_bin_boundary,independent_null,6,pearson_levels,0.158113883008419,TRUE,0.55,FALSE
independent_bin_boundary,independent_null,7,pearson_levels,0.341881729378914,TRUE,0.45,FALSE
independent_bin_boundary,independent_null,8,pearson_levels,0.484164831865744,TRUE,0.05,TRUE
independent_bin_boundary,independent_null,9,pearson_levels,0.325,TRUE,0.3,FALSE
independent_bin_boundary,independent_null,10,pearson_levels,0.254823595718813,TRUE,0.2,FALSE
independent_bin_boundary,independent_null,11,pearson_levels,0.124034734589208,TRUE,1,FALSE
independent_bin_boundary,independent_null,12,pearson_levels,0.235702260395516,TRUE,0.75,FALSE
independent_bin_boundary,independent_null,13,pearson_levels,0.20385887657505,TRUE,0.6,FALSE
independent_bin_boundary,independent_null,14,pearson_levels,0.350823207722812,TRUE,0.25,FALSE
independent_bin_boundary,independent_null,15,pearson_levels,0.235702260395516,TRUE,0.75,FALSE
independent_bin_boundary,independent_null,16,pearson_levels,0.484164831865744,TRUE,0.25,FALSE
independent_bin_boundary,independent_null,17,pearson_levels,0.254823595718813,TRUE,0.4,FALSE
independent_bin_boundary,independent_null,18,pearson_levels,0.168831168831169,TRUE,0.7,FALSE
independent_bin_boundary,independent_null,19,pearson_levels,0.395284707521047,TRUE,0.3,FALSE
independent_bin_boundary,independent_null,20,pearson_levels,0.597614304667197,TRUE,0.05,TRUE
independent_bin_boundary,independent_null,21,pearson_levels,0,TRUE,1,FALSE
independent_bin_boundary,independent_null,22,pearson_levels,0.575,TRUE,0.05,TRUE
independent_bin_boundary,independent_null,23,pearson_levels,0.223606797749979,TRUE,0.6,FALSE
independent_bin_boundary,independent_null,24,pearson_levels,0.350823207722812,TRUE,0.4,FALSE
independent_bin_boundary,independent_null,25,pearson_levels,0.158113883008419,TRUE,0.75,FALSE
independent_bin_boundary,independent_null,26,pearson_levels,5.20417042793042e-17,TRUE,1,FALSE
independent_bin_boundary,independent_null,27,pearson_levels,0.223606797749979,TRUE,0.6,FALSE
independent_bin_boundary,independent_null,28,pearson_levels,0.161164592805076,TRUE,0.6,FALSE
independent_bin_boundary,independent_null,29,pearson_levels,0,TRUE,1,FALSE
independent_bin_boundary,independent_null,30,pearson_levels,0.707106781186548,TRUE,0.05,TRUE
independent_bin_boundary,independent_null,1,spearman_beta,0.0980392156862745,TRUE,0.65,FALSE
independent_bin_boundary,independent_null,2,spearman_beta,0.510835913312694,TRUE,0.05,TRUE
independent_bin_boundary,independent_null,3,spearman_beta,0.04437564499484,TRUE,0.9,FALSE
independent_bin_boundary,independent_null,4,spearman_beta,0.18266253869969,TRUE,0.4,FALSE
independent_bin_boundary,independent_null,5,spearman_beta,0.415892672858617,TRUE,0.1,FALSE
independent_bin_boundary,independent_null,6,spearman_beta,0.141382868937049,TRUE,0.6,FALSE
independent_bin_boundary,independent_null,7,spearman_beta,0.0959752321981424,TRUE,0.75,FALSE
independent_bin_boundary,independent_null,8,spearman_beta,0.554179566563468,TRUE,0.05,TRUE
independent_bin_boundary,independent_null,9,spearman_beta,0.203302373581011,TRUE,0.45,FALSE
independent_bin_boundary,independent_null,10,spearman_beta,0.353973168214654,TRUE,0.25,FALSE
independent_bin_boundary,independent_null,11,spearman_beta,0.176470588235294,TRUE,0.5,FALSE
independent_bin_boundary,independent_null,12,spearman_beta,0.100103199174407,TRUE,0.75,FALSE
independent_bin_boundary,independent_null,13,spearman_beta,0.188854489164087,TRUE,0.55,FALSE
independent_bin_boundary,independent_null,14,spearman_beta,0.473684210526316,TRUE,0.05,TRUE
independent_bin_boundary,independent_null,15,spearman_beta,0.186790505675955,TRUE,0.55,FALSE
independent_bin_boundary,independent_null,16,spearman_beta,0.479876160990712,TRUE,0.1,FALSE
independent_bin_boundary,independent_null,17,spearman_beta,0.226006191950464,TRUE,0.4,FALSE
independent_bin_boundary,independent_null,18,spearman_beta,0.087719298245614,TRUE,0.75,FALSE
independent_bin_boundary,independent_null,19,spearman_beta,0.0815273477812178,TRUE,0.85,FALSE
independent_bin_boundary,independent_null,20,spearman_beta,0.48813209494324,TRUE,0.05,TRUE
independent_bin_boundary,independent_null,21,spearman_beta,0.0154798761609907,TRUE,0.95,FALSE
independent_bin_boundary,independent_null,22,spearman_beta,0.420020639834881,TRUE,0.05,TRUE
independent_bin_boundary,independent_null,23,spearman_beta,0.0608875128998968,TRUE,0.85,FALSE
independent_bin_boundary,independent_null,24,spearman_beta,0.304437564499484,TRUE,0.35,FALSE
independent_bin_boundary,independent_null,25,spearman_beta,0.471620227038184,TRUE,0.1,FALSE
independent_bin_boundary,independent_null,26,spearman_beta,0.327141382868937,TRUE,0.1,FALSE
independent_bin_boundary,independent_null,27,spearman_beta,0.0588235294117647,TRUE,0.9,FALSE
independent_bin_boundary,independent_null,28,spearman_beta,0.201238390092879,TRUE,0.5,FALSE
independent_bin_boundary,independent_null,29,spearman_beta,0.0361197110423117,TRUE,0.9,FALSE
independent_bin_boundary,independent_null,30,spearman_beta,0.632610939112487,TRUE,0.05,TRUE
independent_bin_boundary,independent_null,1,spearman_levels,0,TRUE,1,FALSE
independent_bin_boundary,independent_null,2,spearman_levels,0.447213595499958,TRUE,0.2,FALSE
independent_bin_boundary,independent_null,3,spearman_levels,0.113960576459638,TRUE,1,FALSE
independent_bin_boundary,independent_null,4,spearman_levels,0.0254823595718813,TRUE,1,FALSE
independent_bin_boundary,independent_null,5,spearman_levels,0.124034734589208,TRUE,1,FALSE
independent_bin_boundary,independent_null,6,spearman_levels,0.158113883008419,TRUE,0.55,FALSE
independent_bin_boundary,independent_null,7,spearman_levels,0.341881729378914,TRUE,0.45,FALSE
independent_bin_boundary,independent_null,8,spearman_levels,0.484164831865744,TRUE,0.05,TRUE
independent_bin_boundary,independent_null,9,spearman_levels,0.325,TRUE,0.3,FALSE
independent_bin_boundary,independent_null,10,spearman_levels,0.254823595718813,TRUE,0.2,FALSE
independent_bin_boundary,independent_null,11,spearman_levels,0.124034734589208,TRUE,1,FALSE
independent_bin_boundary,independent_null,12,spearman_levels,0.235702260395516,TRUE,0.75,FALSE
independent_bin_boundary,independent_null,13,spearman_levels,0.20385887657505,TRUE,0.6,FALSE
independent_bin_boundary,independent_null,14,spearman_levels,0.350823207722812,TRUE,0.25,FALSE
independent_bin_boundary,independent_null,15,spearman_levels,0.235702260395516,TRUE,0.75,FALSE
independent_bin_boundary,independent_null,16,spearman_levels,0.484164831865744,TRUE,0.25,FALSE
independent_bin_boundary,independent_null,17,spearman_levels,0.254823595718813,TRUE,0.4,FALSE
independent_bin_boundary,independent_null,18,spearman_levels,0.168831168831169,TRUE,0.7,FALSE
independent_bin_boundary,independent_null,19,spearman_levels,0.395284707521047,TRUE,0.3,FALSE
independent_bin_boundary,independent_null,20,spearman_levels,0.597614304667197,TRUE,0.05,TRUE
independent_bin_boundary,independent_null,21,spearman_levels,0,TRUE,1,FALSE
independent_bin_boundary,independent_null,22,spearman_levels,0.575,TRUE,0.05,TRUE
independent_bin_boundary,independent_null,23,spearman_levels,0.223606797749979,TRUE,0.6,FALSE
independent_bin_boundary,independent_null,24,spearman_levels,0.350823207722812,TRUE,0.4,FALSE
independent_bin_boundary,independent_null,25,spearman_levels,0.158113883008419,TRUE,0.75,FALSE
independent_bin_boundary,independent_null,26,spearman_levels,0,TRUE,1,FALSE
independent_bin_boundary,independent_null,27,spearman_levels,0.223606797749979,TRUE,0.6,FALSE
independent_bin_boundary,independent_null,28,spearman_levels,0.161164592805076,TRUE,0.6,FALSE
independent_bin_boundary,independent_null,29,spearman_levels,0,TRUE,1,FALSE
independent_bin_boundary,independent_null,30,spearman_levels,0.707106781186548,TRUE,0.05,TRUE
independent_bin_boundary,independent_null,1,xi_levels_mean,-0.0555555555555557,TRUE,1,FALSE
independent_bin_boundary,independent_null,2,xi_levels_mean,0.133333333333333,TRUE,0.2,FALSE
independent_bin_boundary,independent_null,3,xi_levels_mean,-0.0432900432900433,TRUE,1,FALSE
independent_bin_boundary,independent_null,4,xi_levels_mean,-0.05487012987013,TRUE,1,FALSE
independent_bin_boundary,independent_null,5,xi_levels_mean,-0.0410256410256411,TRUE,1,FALSE
independent_bin_boundary,independent_null,6,xi_levels_mean,-0.03125,TRUE,0.55,FALSE
independent_bin_boundary,independent_null,7,xi_levels_mean,0.0548340548340549,TRUE,0.45,FALSE
independent_bin_boundary,independent_null,8,xi_levels_mean,0.167207792207792,TRUE,0.05,TRUE
independent_bin_boundary,independent_null,9,xi_levels_mean,0.04375,TRUE,0.3,FALSE
independent_bin_boundary,independent_null,10,xi_levels_mean,0.0064935064935065,TRUE,0.2,FALSE
independent_bin_boundary,independent_null,11,xi_levels_mean,-0.041025641025641,TRUE,1,FALSE
independent_bin_boundary,independent_null,12,xi_levels_mean,-0.00308641975308643,TRUE,0.75,FALSE
independent_bin_boundary,independent_null,13,xi_levels_mean,-0.0168831168831169,TRUE,0.6,FALSE
independent_bin_boundary,independent_null,14,xi_levels_mean,0.0538461538461538,TRUE,0.25,FALSE
independent_bin_boundary,independent_null,15,xi_levels_mean,-0.00308641975308643,TRUE,0.75,FALSE
independent_bin_boundary,independent_null,16,xi_levels_mean,0.167207792207792,TRUE,0.25,FALSE
independent_bin_boundary,independent_null,17,xi_levels_mean,0.00649350649350661,TRUE,0.4,FALSE
independent_bin_boundary,independent_null,18,xi_levels_mean,-0.0276606510372743,TRUE,0.7,FALSE
independent_bin_boundary,independent_null,19,xi_levels_mean,0.09375,TRUE,0.3,FALSE
independent_bin_boundary,independent_null,20,xi_levels_mean,0.276785714285714,TRUE,0.05,TRUE
independent_bin_boundary,independent_null,21,xi_levels_mean,-0.0555555555555555,TRUE,1,FALSE
independent_bin_boundary,independent_null,22,xi_levels_mean,0.2575,TRUE,0.05,TRUE
independent_bin_boundary,independent_null,23,xi_levels_mean,-0.0083333333333333,TRUE,0.6,FALSE
independent_bin_boundary,independent_null,24,xi_levels_mean,0.0538461538461538,TRUE,0.4,FALSE
independent_bin_boundary,independent_null,25,xi_levels_mean,-0.03125,TRUE,0.75,FALSE
independent_bin_boundary,independent_null,26,xi_levels_mean,-0.0555555555555556,TRUE,1,FALSE
independent_bin_boundary,independent_null,27,xi_levels_mean,-0.0083333333333333,TRUE,0.6,FALSE
independent_bin_boundary,independent_null,28,xi_levels_mean,-0.0324675324675324,TRUE,0.6,FALSE
independent_bin_boundary,independent_null,29,xi_levels_mean,-0.0555555555555557,TRUE,1,FALSE
independent_bin_boundary,independent_null,30,xi_levels_mean,0.416666666666667,TRUE,0.05,TRUE
independent_bin_boundary,independent_null,1,dcor_beta,0.326741810441859,TRUE,0.55,FALSE
independent_bin_boundary,independent_null,2,dcor_beta,0.60515562295314,TRUE,0.05,TRUE
independent_bin_boundary,independent_null,3,dcor_beta,0.392960925700052,TRUE,0.8,FALSE
independent_bin_boundary,independent_null,4,dcor_beta,0.359105111317207,TRUE,0.9,FALSE
independent_bin_boundary,independent_null,5,dcor_beta,0.485116981514799,TRUE,0.1,FALSE
independent_bin_boundary,independent_null,6,dcor_beta,0.340875917068052,TRUE,0.85,FALSE
independent_bin_boundary,independent_null,7,dcor_beta,0.390070445464855,TRUE,0.55,FALSE
independent_bin_boundary,independent_null,8,dcor_beta,0.639814035625374,TRUE,0.05,TRUE
independent_bin_boundary,independent_null,9,dcor_beta,0.344711763737761,TRUE,0.9,FALSE
independent_bin_boundary,independent_null,10,dcor_beta,0.405034865864147,TRUE,0.25,FALSE
independent_bin_boundary,independent_null,11,dcor_beta,0.328757439101418,TRUE,0.55,FALSE
independent_bin_boundary,independent_null,12,dcor_beta,0.412132940966464,TRUE,0.45,FALSE
independent_bin_boundary,independent_null,13,dcor_beta,0.350551216759289,TRUE,0.6,FALSE
independent_bin_boundary,independent_null,14,dcor_beta,0.553340243750536,TRUE,0.05,TRUE
independent_bin_boundary,independent_null,15,dcor_beta,0.421812356082106,TRUE,0.45,FALSE
independent_bin_boundary,independent_null,16,dcor_beta,0.54852629688037,TRUE,0.1,FALSE
independent_bin_boundary,independent_null,17,dcor_beta,0.357018311614839,TRUE,0.55,FALSE
independent_bin_boundary,independent_null,18,dcor_beta,0.310732707929939,TRUE,1,FALSE
independent_bin_boundary,independent_null,19,dcor_beta,0.369061780250039,TRUE,0.45,FALSE
independent_bin_boundary,independent_null,20,dcor_beta,0.575333374839674,TRUE,0.15,FALSE
independent_bin_boundary,independent_null,21,dcor_beta,0.30930957964481,TRUE,0.85,FALSE
independent_bin_boundary,independent_null,22,dcor_beta,0.548393544035838,TRUE,0.05,TRUE
independent_bin_boundary,independent_null,23,dcor_beta,0.33211108926564,TRUE,0.8,FALSE
independent_bin_boundary,independent_null,24,dcor_beta,0.434007843519683,TRUE,0.35,FALSE
independent_bin_boundary,independent_null,25,dcor_beta,0.52987410756206,TRUE,0.15,FALSE
independent_bin_boundary,independent_null,26,dcor_beta,0.406365126599607,TRUE,0.35,FALSE
independent_bin_boundary,independent_null,27,dcor_beta,0.401084109600033,TRUE,0.5,FALSE
independent_bin_boundary,independent_null,28,dcor_beta,0.373979121583383,TRUE,0.6,FALSE
independent_bin_boundary,independent_null,29,dcor_beta,0.265706291979863,TRUE,0.95,FALSE
independent_bin_boundary,independent_null,30,dcor_beta,0.664959075634817,TRUE,0.05,TRUE
independent_bin_boundary,independent_null,1,dcor_levels,0,TRUE,1,FALSE
independent_bin_boundary,independent_null,2,dcor_levels,0.447213595499958,TRUE,0.2,FALSE
independent_bin_boundary,independent_null,3,dcor_levels,0.113960576459638,TRUE,1,FALSE
independent_bin_boundary,independent_null,4,dcor_levels,0.0254823595718813,TRUE,1,FALSE
independent_bin_boundary,independent_null,5,dcor_levels,0.124034734589208,TRUE,1,FALSE
independent_bin_boundary,independent_null,6,dcor_levels,0.158113883008419,TRUE,0.55,FALSE
independent_bin_boundary,independent_null,7,dcor_levels,0.341881729378914,TRUE,0.45,FALSE
independent_bin_boundary,independent_null,8,dcor_levels,0.484164831865744,TRUE,0.05,TRUE
independent_bin_boundary,independent_null,9,dcor_levels,0.325,TRUE,0.3,FALSE
independent_bin_boundary,independent_null,10,dcor_levels,0.254823595718813,TRUE,0.2,FALSE
independent_bin_boundary,independent_null,11,dcor_levels,0.124034734589208,TRUE,1,FALSE
independent_bin_boundary,independent_null,12,dcor_levels,0.235702260395516,TRUE,0.75,FALSE
independent_bin_boundary,independent_null,13,dcor_levels,0.20385887657505,TRUE,0.6,FALSE
independent_bin_boundary,independent_null,14,dcor_levels,0.350823207722811,TRUE,0.25,FALSE
independent_bin_boundary,independent_null,15,dcor_levels,0.235702260395516,TRUE,0.75,FALSE
independent_bin_boundary,independent_null,16,dcor_levels,0.484164831865744,TRUE,0.25,FALSE
independent_bin_boundary,independent_null,17,dcor_levels,0.254823595718813,TRUE,0.4,FALSE
independent_bin_boundary,independent_null,18,dcor_levels,0.168831168831169,TRUE,0.7,FALSE
independent_bin_boundary,independent_null,19,dcor_levels,0.395284707521047,TRUE,0.3,FALSE
independent_bin_boundary,independent_null,20,dcor_levels,0.597614304667198,TRUE,0.05,TRUE
independent_bin_boundary,independent_null,21,dcor_levels,0,TRUE,1,FALSE
independent_bin_boundary,independent_null,22,dcor_levels,0.574999999999999,TRUE,0.05,TRUE
independent_bin_boundary,independent_null,23,dcor_levels,0.223606797749979,TRUE,0.6,FALSE
independent_bin_boundary,independent_null,24,dcor_levels,0.350823207722812,TRUE,0.4,FALSE
independent_bin_boundary,independent_null,25,dcor_levels,0.158113883008419,TRUE,0.75,FALSE
independent_bin_boundary,independent_null,26,dcor_levels,1.43526448006019e-09,TRUE,0.8,FALSE
independent_bin_boundary,independent_null,27,dcor_levels,0.223606797749979,TRUE,0.6,FALSE
independent_bin_boundary,independent_null,28,dcor_levels,0.161164592805076,TRUE,0.6,FALSE
independent_bin_boundary,independent_null,29,dcor_levels,0,TRUE,1,FALSE
independent_bin_boundary,independent_null,30,dcor_levels,0.707106781186547,TRUE,0.05,TRUE
independent_bin_boundary,independent_null,1,unbiased_dcov2_levels,-0.0174291938997821,TRUE,1,FALSE
independent_bin_boundary,independent_null,2,unbiased_dcov2_levels,0.041830065359477,TRUE,0.2,FALSE
independent_bin_boundary,independent_null,3,unbiased_dcov2_levels,-0.0130718954248366,TRUE,1,FALSE
independent_bin_boundary,independent_null,4,unbiased_dcov2_levels,-0.0163398692810457,TRUE,1,FALSE
independent_bin_boundary,independent_null,5,unbiased_dcov2_levels,-0.0104575163398693,TRUE,1,FALSE
independent_bin_boundary,independent_null,6,unbiased_dcov2_levels,-0.00849673202614383,TRUE,0.55,FALSE
independent_bin_boundary,independent_null,7,unbiased_dcov2_levels,0.016557734204793,TRUE,0.45,FALSE
independent_bin_boundary,independent_null,8,unbiased_dcov2_levels,0.050326797385621,TRUE,0.05,TRUE
independent_bin_boundary,independent_null,9,unbiased_dcov2_levels,0.0133986928104574,TRUE,0.3,FALSE
independent_bin_boundary,independent_null,10,unbiased_dcov2_levels,0.00217864923747277,TRUE,0.2,FALSE
independent_bin_boundary,independent_null,11,unbiased_dcov2_levels,-0.0104575163398693,TRUE,1,FALSE
independent_bin_boundary,independent_null,12,unbiased_dcov2_levels,-0.000871459694989111,TRUE,0.75,FALSE
independent_bin_boundary,independent_null,13,unbiased_dcov2_levels,-0.00522875816993466,TRUE,0.6,FALSE
independent_bin_boundary,independent_null,14,unbiased_dcov2_levels,0.0104575163398692,TRUE,0.25,FALSE
independent_bin_boundary,independent_null,15,unbiased_dcov2_levels,-0.0008714596949891,TRUE,0.75,FALSE
independent_bin_boundary,independent_null,16,unbiased_dcov2_levels,0.050326797385621,TRUE,0.25,FALSE
independent_bin_boundary,independent_null,17,unbiased_dcov2_levels,0.00217864923747276,TRUE,0.4,FALSE
independent_bin_boundary,independent_null,18,unbiased_dcov2_levels,-0.0076252723311547,TRUE,0.7,FALSE
independent_bin_boundary,independent_null,19,unbiased_dcov2_levels,0.0266884531590415,TRUE,0.3,FALSE
independent_bin_boundary,independent_null,20,unbiased_dcov2_levels,0.0588235294117646,TRUE,0.05,TRUE
independent_bin_boundary,independent_null,21,unbiased_dcov2_levels,-0.0174291938997821,TRUE,1,FALSE
independent_bin_boundary,independent_null,22,unbiased_dcov2_levels,0.0800653594771242,TRUE,0.05,TRUE
independent_bin_boundary,independent_null,23,unbiased_dcov2_levels,-0.00261437908496733,TRUE,0.6,FALSE
independent_bin_boundary,independent_null,24,unbiased_dcov2_levels,0.0104575163398692,TRUE,0.4,FALSE
independent_bin_boundary,independent_null,25,unbiased_dcov2_levels,-0.0084967320261438,TRUE,0.75,FALSE
independent_bin_boundary,independent_null,26,unbiased_dcov2_levels,-0.0139433551198257,TRUE,1,FALSE
independent_bin_boundary,independent_null,27,unbiased_dcov2_levels,-0.00261437908496732,TRUE,0.6,FALSE
independent_bin_boundary,independent_null,28,unbiased_dcov2_levels,-0.00915032679738559,TRUE,0.6,FALSE
independent_bin_boundary,independent_null,29,unbiased_dcov2_levels,-0.0174291938997821,TRUE,1,FALSE
independent_bin_boundary,independent_null,30,unbiased_dcov2_levels,0.117647058823529,TRUE,0.05,TRUE
positive_linear,dependent,1,ordinal_similarity,0.925925925925926,TRUE,0.05,TRUE
positive_linear,dependent,2,ordinal_similarity,0.932098765432099,TRUE,0.05,TRUE
positive_linear,dependent,3,ordinal_similarity,0.91358024691358,TRUE,0.05,TRUE
positive_linear,dependent,4,ordinal_similarity,0.91358024691358,TRUE,0.05,TRUE
positive_linear,dependent,5,ordinal_similarity,0.944444444444444,TRUE,0.05,TRUE
positive_linear,dependent,6,ordinal_similarity,0.938271604938272,TRUE,0.05,TRUE
positive_linear,dependent,7,ordinal_similarity,0.969135802469136,TRUE,0.05,TRUE
positive_linear,dependent,8,ordinal_similarity,0.907407407407407,TRUE,0.05,TRUE
positive_linear,dependent,9,ordinal_similarity,0.925925925925926,TRUE,0.05,TRUE
positive_linear,dependent,10,ordinal_similarity,0.925925925925926,TRUE,0.05,TRUE
positive_linear,dependent,11,ordinal_similarity,0.938271604938272,TRUE,0.05,TRUE
positive_linear,dependent,12,ordinal_similarity,0.91358024691358,TRUE,0.05,TRUE
positive_linear,dependent,13,ordinal_similarity,0.882716049382716,TRUE,0.05,TRUE
positive_linear,dependent,14,ordinal_similarity,0.91358024691358,TRUE,0.05,TRUE
positive_linear,dependent,15,ordinal_similarity,0.938271604938272,TRUE,0.05,TRUE
positive_linear,dependent,16,ordinal_similarity,0.925925925925926,TRUE,0.05,TRUE
positive_linear,dependent,17,ordinal_similarity,0.938271604938272,TRUE,0.05,TRUE
positive_linear,dependent,18,ordinal_similarity,0.919753086419753,TRUE,0.05,TRUE
positive_linear,dependent,19,ordinal_similarity,0.919753086419753,TRUE,0.05,TRUE
positive_linear,dependent,20,ordinal_similarity,0.888888888888889,TRUE,0.05,TRUE
positive_linear,dependent,21,ordinal_similarity,0.907407407407407,TRUE,0.05,TRUE
positive_linear,dependent,22,ordinal_similarity,0.944444444444444,TRUE,0.05,TRUE
positive_linear,dependent,23,ordinal_similarity,0.907407407407407,TRUE,0.05,TRUE
positive_linear,dependent,24,ordinal_similarity,0.950617283950617,TRUE,0.05,TRUE
positive_linear,dependent,25,ordinal_similarity,0.932098765432099,TRUE,0.05,TRUE
positive_linear,dependent,26,ordinal_similarity,0.888888888888889,TRUE,0.05,TRUE
positive_linear,dependent,27,ordinal_similarity,0.919753086419753,TRUE,0.05,TRUE
positive_linear,dependent,28,ordinal_similarity,0.919753086419753,TRUE,0.05,TRUE
positive_linear,dependent,29,ordinal_similarity,0.944444444444444,TRUE,0.05,TRUE
positive_linear,dependent,30,ordinal_similarity,0.938271604938272,TRUE,0.05,TRUE
positive_linear,dependent,1,linear_kappa,0.747072599531616,TRUE,0.05,TRUE
positive_linear,dependent,2,linear_kappa,0.726519337016575,TRUE,0.05,TRUE
positive_linear,dependent,3,linear_kappa,0.636887608069164,TRUE,0.05,TRUE
positive_linear,dependent,4,linear_kappa,0.659459459459459,TRUE,0.05,TRUE
positive_linear,dependent,5,linear_kappa,0.767241379310345,TRUE,0.05,TRUE
positive_linear,dependent,6,linear_kappa,0.805194805194805,TRUE,0.05,TRUE
positive_linear,dependent,7,linear_kappa,0.873595505617977,TRUE,0.05,TRUE
positive_linear,dependent,8,linear_kappa,0.626038781163435,TRUE,0.05,TRUE
positive_linear,dependent,9,linear_kappa,0.675675675675676,TRUE,0.05,TRUE
positive_linear,dependent,10,linear_kappa,0.761061946902655,TRUE,0.05,TRUE
positive_linear,dependent,11,linear_kappa,0.783653846153846,TRUE,0.05,TRUE
positive_linear,dependent,12,linear_kappa,0.683417085427136,TRUE,0.05,TRUE
positive_linear,dependent,13,linear_kappa,0.553524804177546,TRUE,0.05,TRUE
positive_linear,dependent,14,linear_kappa,0.656675749318801,TRUE,0.05,TRUE
positive_linear,dependent,15,linear_kappa,0.761904761904762,TRUE,0.05,TRUE
positive_linear,dependent,16,linear_kappa,0.745882352941177,TRUE,0.05,TRUE
positive_linear,dependent,17,linear_kappa,0.790697674418605,TRUE,0.05,TRUE
positive_linear,dependent,18,linear_kappa,0.636645962732919,TRUE,0.05,TRUE
positive_linear,dependent,19,linear_kappa,0.692105263157895,TRUE,0.05,TRUE
positive_linear,dependent,20,linear_kappa,0.553719008264463,TRUE,0.05,TRUE
positive_linear,dependent,21,linear_kappa,0.617563739376771,TRUE,0.05,TRUE
positive_linear,dependent,22,linear_kappa,0.793893129770992,TRUE,0.05,TRUE
positive_linear,dependent,23,linear_kappa,0.656488549618321,TRUE,0.05,TRUE
positive_linear,dependent,24,linear_kappa,0.823529411764706,TRUE,0.05,TRUE
positive_linear,dependent,25,linear_kappa,0.744186046511628,TRUE,0.05,TRUE
positive_linear,dependent,26,linear_kappa,0.516417910447761,TRUE,0.05,TRUE
positive_linear,dependent,27,linear_kappa,0.682065217391304,TRUE,0.05,TRUE
positive_linear,dependent,28,linear_kappa,0.702290076335878,TRUE,0.05,TRUE
positive_linear,dependent,29,linear_kappa,0.743670886075949,TRUE,0.05,TRUE
positive_linear,dependent,30,linear_kappa,0.765625,TRUE,0.05,TRUE
positive_linear,dependent,1,quadratic_kappa,0.926701570680628,TRUE,0.05,TRUE
positive_linear,dependent,2,quadratic_kappa,0.895104895104895,TRUE,0.05,TRUE
positive_linear,dependent,3,quadratic_kappa,0.857519788918206,TRUE,0.05,TRUE
positive_linear,dependent,4,quadratic_kappa,0.876052027543994,TRUE,0.05,TRUE
positive_linear,dependent,5,quadratic_kappa,0.932330827067669,TRUE,0.05,TRUE
positive_linear,dependent,6,quadratic_kappa,0.948176583493282,TRUE,0.05,TRUE
positive_linear,dependent,7,quadratic_kappa,0.951048951048951,TRUE,0.05,TRUE
positive_linear,dependent,8,quadratic_kappa,0.868965517241379,TRUE,0.05,TRUE
positive_linear,dependent,9,quadratic_kappa,0.873684210526316,TRUE,0.05,TRUE
positive_linear,dependent,10,quadratic_kappa,0.923809523809524,TRUE,0.05,TRUE
positive_linear,dependent,11,quadratic_kappa,0.944203347799132,TRUE,0.05,TRUE
positive_linear,dependent,12,quadratic_kappa,0.883268482490272,TRUE,0.05,TRUE
positive_linear,dependent,13,quadratic_kappa,0.817610062893082,TRUE,0.05,TRUE
positive_linear,dependent,14,quadratic_kappa,0.887323943661972,TRUE,0.05,TRUE
positive_linear,dependent,15,quadratic_kappa,0.908096280087527,TRUE,0.05,TRUE
positive_linear,dependent,16,quadratic_kappa,0.910645339216768,TRUE,0.05,TRUE
positive_linear,dependent,17,quadratic_kappa,0.949152542372881,TRUE,0.05,TRUE
positive_linear,dependent,18,quadratic_kappa,0.787255909558068,TRUE,0.05,TRUE
positive_linear,dependent,19,quadratic_kappa,0.891257995735608,TRUE,0.05,TRUE
positive_linear,dependent,20,quadratic_kappa,0.811594202898551,TRUE,0.05,TRUE
positive_linear,dependent,21,quadratic_kappa,0.76652719665272,TRUE,0.05,TRUE
positive_linear,dependent,22,quadratic_kappa,0.944709897610922,TRUE,0.05,TRUE
positive_linear,dependent,23,quadratic_kappa,0.874083944037309,TRUE,0.05,TRUE
positive_linear,dependent,24,quadratic_kappa,0.955307262569832,TRUE,0.05,TRUE
positive_linear,dependent,25,quadratic_kappa,0.92184368737475,TRUE,0.05,TRUE
positive_linear,dependent,26,quadratic_kappa,0.816155988857939,TRUE,0.05,TRUE
positive_linear,dependent,27,quadratic_kappa,0.882217090069284,TRUE,0.05,TRUE
positive_linear,dependent,28,quadratic_kappa,0.897658862876254,TRUE,0.05,TRUE
positive_linear,dependent,29,quadratic_kappa,0.916580844490216,TRUE,0.05,TRUE
positive_linear,dependent,30,quadratic_kappa,0.920588235294118,TRUE,0.05,TRUE
positive_linear,dependent,1,pearson_beta,0.953194971634609,TRUE,0.05,TRUE
positive_linear,dependent,2,pearson_beta,0.92381263251007,TRUE,0.05,TRUE
positive_linear,dependent,3,pearson_beta,0.87981338403428,TRUE,0.05,TRUE
positive_linear,dependent,4,pearson_beta,0.929305887543826,TRUE,0.05,TRUE
positive_linear,dependent,5,pearson_beta,0.936391540732343,TRUE,0.05,TRUE
positive_linear,dependent,6,pearson_beta,0.963942748851055,TRUE,0.05,TRUE
positive_linear,dependent,7,pearson_beta,0.95898533265334,TRUE,0.05,TRUE
positive_linear,dependent,8,pearson_beta,0.886043225953655,TRUE,0.05,TRUE
positive_linear,dependent,9,pearson_beta,0.872968009930082,TRUE,0.05,TRUE
positive_linear,dependent,10,pearson_beta,0.925845826131742,TRUE,0.05,TRUE
positive_linear,dependent,11,pearson_beta,0.949861035055631,TRUE,0.05,TRUE
positive_linear,dependent,12,pearson_beta,0.918321719308629,TRUE,0.05,TRUE
positive_linear,dependent,13,pearson_beta,0.860032434259256,TRUE,0.05,TRUE
positive_linear,dependent,14,pearson_beta,0.905847163756625,TRUE,0.05,TRUE
positive_linear,dependent,15,pearson_beta,0.940938577862412,TRUE,0.05,TRUE
positive_linear,dependent,16,pearson_beta,0.93019676137327,TRUE,0.05,TRUE
positive_linear,dependent,17,pearson_beta,0.954253299047113,TRUE,0.05,TRUE
positive_linear,dependent,18,pearson_beta,0.937969925513214,TRUE,0.05,TRUE
positive_linear,dependent,19,pearson_beta,0.934838159911309,TRUE,0.05,TRUE
positive_linear,dependent,20,pearson_beta,0.806562404116005,TRUE,0.05,TRUE
positive_linear,dependent,21,pearson_beta,0.865823784028244,TRUE,0.05,TRUE
positive_linear,dependent,22,pearson_beta,0.941762940132067,TRUE,0.05,TRUE
positive_linear,dependent,23,pearson_beta,0.917236751826109,TRUE,0.05,TRUE
positive_linear,dependent,24,pearson_beta,0.969396234407321,TRUE,0.05,TRUE
positive_linear,dependent,25,pearson_beta,0.953142284065646,TRUE,0.05,TRUE
positive_linear,dependent,26,pearson_beta,0.866834766994096,TRUE,0.05,TRUE
positive_linear,dependent,27,pearson_beta,0.909027302039547,TRUE,0.05,TRUE
positive_linear,dependent,28,pearson_beta,0.948021068884,TRUE,0.05,TRUE
positive_linear,dependent,29,pearson_beta,0.904627970150422,TRUE,0.05,TRUE
positive_linear,dependent,30,pearson_beta,0.923735917379818,TRUE,0.05,TRUE
positive_linear,dependent,1,pearson_levels,0.933902942777404,TRUE,0.05,TRUE
positive_linear,dependent,2,pearson_levels,0.900694039297598,TRUE,0.05,TRUE
positive_linear,dependent,3,pearson_levels,0.873539141851267,TRUE,0.05,TRUE
positive_linear,dependent,4,pearson_levels,0.907677358149401,TRUE,0.05,TRUE
positive_linear,dependent,5,pearson_levels,0.933154729833818,TRUE,0.05,TRUE
positive_linear,dependent,6,pearson_levels,0.950448264561161,TRUE,0.05,TRUE
positive_linear,dependent,7,pearson_levels,0.952273447548159,TRUE,0.05,TRUE
positive_linear,dependent,8,pearson_levels,0.890084664356828,TRUE,0.05,TRUE
positive_linear,dependent,9,pearson_levels,0.889240346037628,TRUE,0.05,TRUE
positive_linear,dependent,10,pearson_levels,0.942028799749426,TRUE,0.05,TRUE
positive_linear,dependent,11,pearson_levels,0.947988621643102,TRUE,0.05,TRUE
positive_linear,dependent,12,pearson_levels,0.895730127541299,TRUE,0.05,TRUE
positive_linear,dependent,13,pearson_levels,0.821994936526786,TRUE,0.05,TRUE
positive_linear,dependent,14,pearson_levels,0.893100563969895,TRUE,0.05,TRUE
positive_linear,dependent,15,pearson_levels,0.917107476317113,TRUE,0.05,TRUE
positive_linear,dependent,16,pearson_levels,0.916709545812139,TRUE,0.05,TRUE
positive_linear,dependent,17,pearson_levels,0.95022867629116,TRUE,0.05,TRUE
positive_linear,dependent,18,pearson_levels,0.881198195051508,TRUE,0.05,TRUE
positive_linear,dependent,19,pearson_levels,0.910530610967492,TRUE,0.05,TRUE
positive_linear,dependent,20,pearson_levels,0.811679449913428,TRUE,0.05,TRUE
positive_linear,dependent,21,pearson_levels,0.806630606836307,TRUE,0.05,TRUE
positive_linear,dependent,22,pearson_levels,0.95287431373451,TRUE,0.05,TRUE
positive_linear,dependent,23,pearson_levels,0.88220746038842,TRUE,0.05,TRUE
positive_linear,dependent,24,pearson_levels,0.960174259809183,TRUE,0.05,TRUE
positive_linear,dependent,25,pearson_levels,0.932098870169285,TRUE,0.05,TRUE
positive_linear,dependent,26,pearson_levels,0.826651901263753,TRUE,0.05,TRUE
positive_linear,dependent,27,pearson_levels,0.882567853973691,TRUE,0.05,TRUE
positive_linear,dependent,28,pearson_levels,0.923936585512984,TRUE,0.05,TRUE
positive_linear,dependent,29,pearson_levels,0.923522769693193,TRUE,0.05,TRUE
positive_linear,dependent,30,pearson_levels,0.925938249050315,TRUE,0.05,TRUE
positive_linear,dependent,1,spearman_beta,0.964912280701754,TRUE,0.05,TRUE
positive_linear,dependent,2,spearman_beta,0.874097007223942,TRUE,0.05,TRUE
positive_linear,dependent,3,spearman_beta,0.902992776057791,TRUE,0.05,TRUE
positive_linear,dependent,4,spearman_beta,0.902992776057791,TRUE,0.05,TRUE
positive_linear,dependent,5,spearman_beta,0.966976264189887,TRUE,0.05,TRUE
positive_linear,dependent,6,spearman_beta,0.874097007223942,TRUE,0.05,TRUE
positive_linear,dependent,7,spearman_beta,0.876160990712074,TRUE,0.05,TRUE
positive_linear,dependent,8,spearman_beta,0.836945304437565,TRUE,0.05,TRUE
positive_linear,dependent,9,spearman_beta,0.723426212590299,TRUE,0.05,TRUE
positive_linear,dependent,10,spearman_beta,0.946336429308566,TRUE,0.05,TRUE
positive_linear,dependent,11,spearman_beta,0.952528379772962,TRUE,0.05,TRUE
positive_linear,dependent,12,spearman_beta,0.938080495356037,TRUE,0.05,TRUE
positive_linear,dependent,13,spearman_beta,0.865841073271414,TRUE,0.05,TRUE
positive_linear,dependent,14,spearman_beta,0.87203302373581,TRUE,0.05,TRUE
positive_linear,dependent,15,spearman_beta,0.919504643962848,TRUE,0.05,TRUE
positive_linear,dependent,16,spearman_beta,0.857585139318885,TRUE,0.05,TRUE
positive_linear,dependent,17,spearman_beta,0.936016511867905,TRUE,0.05,TRUE
positive_linear,dependent,18,spearman_beta,0.956656346749226,TRUE,0.05,TRUE
positive_linear,dependent,19,spearman_beta,0.898864809081527,TRUE,0.05,TRUE
positive_linear,dependent,20,spearman_beta,0.777089783281734,TRUE,0.05,TRUE
positive_linear,dependent,21,spearman_beta,0.841073271413829,TRUE,0.05,TRUE
positive_linear,dependent,22,spearman_beta,0.946336429308566,TRUE,0.05,TRUE
positive_linear,dependent,23,spearman_beta,0.917440660474716,TRUE,0.05,TRUE
positive_linear,dependent,24,spearman_beta,0.964912280701754,TRUE,0.05,TRUE
positive_linear,dependent,25,spearman_beta,0.896800825593395,TRUE,0.05,TRUE
positive_linear,dependent,26,spearman_beta,0.942208462332301,TRUE,0.05,TRUE
positive_linear,dependent,27,spearman_beta,0.919504643962848,TRUE,0.05,TRUE
positive_linear,dependent,28,spearman_beta,0.948400412796698,TRUE,0.05,TRUE
positive_linear,dependent,29,spearman_beta,0.890608875128999,TRUE,0.05,TRUE
positive_linear,dependent,30,spearman_beta,0.91124871001032,TRUE,0.05,TRUE
positive_linear,dependent,1,spearman_levels,0.9402465443068,TRUE,0.05,TRUE
positive_linear,dependent,2,spearman_levels,0.881999126530415,TRUE,0.05,TRUE
positive_linear,dependent,3,spearman_levels,0.876689226156182,TRUE,0.05,TRUE
positive_linear,dependent,4,spearman_levels,0.833441052302749,TRUE,0.05,TRUE
positive_linear,dependent,5,spearman_levels,0.953715118659487,TRUE,0.05,TRUE
positive_linear,dependent,6,spearman_levels,0.882806022661946,TRUE,0.05,TRUE
positive_linear,dependent,7,spearman_levels,0.917775450882819,TRUE,0.05,TRUE
positive_linear,dependent,8,spearman_levels,0.865363735070576,TRUE,0.05,TRUE
positive_linear,dependent,9,spearman_levels,0.781544362138479,TRUE,0.05,TRUE
positive_linear,dependent,10,spearman_levels,0.968916798710804,TRUE,0.05,TRUE
positive_linear,dependent,11,spearman_levels,0.955829471937997,TRUE,0.05,TRUE
positive_linear,dependent,12,spearman_levels,0.906968739850722,TRUE,0.05,TRUE
positive_linear,dependent,13,spearman_levels,0.837153918745781,TRUE,0.05,TRUE
positive_linear,dependent,14,spearman_levels,0.888457215163435,TRUE,0.05,TRUE
positive_linear,dependent,15,spearman_levels,0.918530872311725,TRUE,0.05,TRUE
positive_linear,dependent,16,spearman_levels,0.822057523088487,TRUE,0.05,TRUE
positive_linear,dependent,17,spearman_levels,0.954476609861759,TRUE,0.05,TRUE
positive_linear,dependent,18,spearman_levels,0.903746885379923,TRUE,0.05,TRUE
positive_linear,dependent,19,spearman_levels,0.88634707262252,TRUE,0.05,TRUE
positive_linear,dependent,20,spearman_levels,0.813995435391728,TRUE,0.05,TRUE
positive_linear,dependent,21,spearman_levels,0.841109852224263,TRUE,0.05,TRUE
positive_linear,dependent,22,spearman_levels,0.951880641030507,TRUE,0.05,TRUE
positive_linear,dependent,23,spearman_levels,0.859715218647908,TRUE,0.05,TRUE
positive_linear,dependent,24,spearman_levels,0.962333745997266,TRUE,0.05,TRUE
positive_linear,dependent,25,spearman_levels,0.839479135358384,TRUE,0.05,TRUE
positive_linear,dependent,26,spearman_levels,0.854051294710205,TRUE,0.05,TRUE
positive_linear,dependent,27,spearman_levels,0.8931703456291,TRUE,0.05,TRUE
positive_linear,dependent,28,spearman_levels,0.919823208908805,TRUE,0.05,TRUE
positive_linear,dependent,29,spearman_levels,0.935610537162428,TRUE,0.05,TRUE
positive_linear,dependent,30,spearman_levels,0.936204279031444,TRUE,0.05,TRUE
positive_linear,dependent,1,xi_levels_mean,0.603278546212165,TRUE,0.05,TRUE
positive_linear,dependent,2,xi_levels_mean,0.588977286605743,TRUE,0.05,TRUE
positive_linear,dependent,3,xi_levels_mean,0.483215581800256,TRUE,0.05,TRUE
positive_linear,dependent,4,xi_levels_mean,0.53362299330383,TRUE,0.05,TRUE
positive_linear,dependent,5,xi_levels_mean,0.638795510386419,TRUE,0.05,TRUE
positive_linear,dependent,6,xi_levels_mean,0.598467337768945,TRUE,0.05,TRUE
positive_linear,dependent,7,xi_levels_mean,0.68305158201523,TRUE,0.05,TRUE
positive_linear,dependent,8,xi_levels_mean,0.441442952288677,TRUE,0.05,TRUE
positive_linear,dependent,9,xi_levels_mean,0.391088305252725,TRUE,0.05,TRUE
positive_linear,dependent,10,xi_levels_mean,0.673179738413679,TRUE,0.05,TRUE
positive_linear,dependent,11,xi_levels_mean,0.68570466144573,TRUE,0.05,TRUE
positive_linear,dependent,12,xi_levels_mean,0.54106257551416,TRUE,0.05,TRUE
positive_linear,dependent,13,xi_levels_mean,0.353816834936376,TRUE,0.05,TRUE
positive_linear,dependent,14,xi_levels_mean,0.530345150983239,TRUE,0.05,TRUE
positive_linear,dependent,15,xi_levels_mean,0.564459997872699,TRUE,0.05,TRUE
positive_linear,dependent,16,xi_levels_mean,0.438367201637975,TRUE,0.05,TRUE
positive_linear,dependent,17,xi_levels_mean,0.63969578251146,TRUE,0.05,TRUE
positive_linear,dependent,18,xi_levels_mean,0.639110248622953,TRUE,0.05,TRUE
positive_linear,dependent,19,xi_levels_mean,0.537639297539545,TRUE,0.05,TRUE
positive_linear,dependent,20,xi_levels_mean,0.408703885242305,TRUE,0.05,TRUE
positive_linear,dependent,21,xi_levels_mean,0.494301801801802,TRUE,0.05,TRUE
positive_linear,dependent,22,xi_levels_mean,0.695934581507547,TRUE,0.05,TRUE
positive_linear,dependent,23,xi_levels_mean,0.430810274560275,TRUE,0.05,TRUE
positive_linear,dependent,24,xi_levels_mean,0.642090772567996,TRUE,0.05,TRUE
positive_linear,dependent,25,xi_levels_mean,0.501281526367507,TRUE,0.05,TRUE
positive_linear,dependent,26,xi_levels_mean,0.410322716282981,TRUE,0.05,TRUE
positive_linear,dependent,27,xi_levels_mean,0.527783789403054,TRUE,0.05,TRUE
positive_linear,dependent,28,xi_levels_mean,0.624089259968728,TRUE,0.05,TRUE
positive_linear,dependent,29,xi_levels_mean,0.5827302340445,TRUE,0.05,TRUE
positive_linear,dependent,30,xi_levels_mean,0.609966395551797,TRUE,0.05,TRUE
positive_linear,dependent,1,dcor_beta,0.954830554749065,TRUE,0.05,TRUE
positive_linear,dependent,2,dcor_beta,0.936050436201773,TRUE,0.05,TRUE
positive_linear,dependent,3,dcor_beta,0.86493152294631,TRUE,0.05,TRUE
positive_linear,dependent,4,dcor_beta,0.929816507884146,TRUE,0.05,TRUE
positive_linear,dependent,5,dcor_beta,0.932259621775817,TRUE,0.05,TRUE
positive_linear,dependent,6,dcor_beta,0.979267369088626,TRUE,0.05,TRUE
positive_linear,dependent,7,dcor_beta,0.946511856546688,TRUE,0.05,TRUE
positive_linear,dependent,8,dcor_beta,0.854490572230743,TRUE,0.05,TRUE
positive_linear,dependent,9,dcor_beta,0.877899857843216,TRUE,0.05,TRUE
positive_linear,dependent,10,dcor_beta,0.932436553382601,TRUE,0.05,TRUE
positive_linear,dependent,11,dcor_beta,0.943721858291128,TRUE,0.05,TRUE
positive_linear,dependent,12,dcor_beta,0.919575609444161,TRUE,0.05,TRUE
positive_linear,dependent,13,dcor_beta,0.836251573128352,TRUE,0.05,TRUE
positive_linear,dependent,14,dcor_beta,0.944724399742278,TRUE,0.05,TRUE
positive_linear,dependent,15,dcor_beta,0.938639574057369,TRUE,0.05,TRUE
positive_linear,dependent,16,dcor_beta,0.933593679163368,TRUE,0.05,TRUE
positive_linear,dependent,17,dcor_beta,0.956832976852184,TRUE,0.05,TRUE
positive_linear,dependent,18,dcor_beta,0.938259433533906,TRUE,0.05,TRUE
positive_linear,dependent,19,dcor_beta,0.922667100850821,TRUE,0.05,TRUE
positive_linear,dependent,20,dcor_beta,0.863705324463275,TRUE,0.05,TRUE
positive_linear,dependent,21,dcor_beta,0.883069406347785,TRUE,0.05,TRUE
positive_linear,dependent,22,dcor_beta,0.937993241823652,TRUE,0.05,TRUE
positive_linear,dependent,23,dcor_beta,0.894784997681383,TRUE,0.05,TRUE
positive_linear,dependent,24,dcor_beta,0.963968285262156,TRUE,0.05,TRUE
positive_linear,dependent,25,dcor_beta,0.949529256255024,TRUE,0.05,TRUE
positive_linear,dependent,26,dcor_beta,0.868309461700431,TRUE,0.05,TRUE
positive_linear,dependent,27,dcor_beta,0.90897039076646,TRUE,0.05,TRUE
positive_linear,dependent,28,dcor_beta,0.950618899142,TRUE,0.05,TRUE
positive_linear,dependent,29,dcor_beta,0.899782748710978,TRUE,0.05,TRUE
positive_linear,dependent,30,dcor_beta,0.914447642211314,TRUE,0.05,TRUE
positive_linear,dependent,1,dcor_levels,0.9270130937539,TRUE,0.05,TRUE
positive_linear,dependent,2,dcor_levels,0.902450004855348,TRUE,0.05,TRUE
positive_linear,dependent,3,dcor_levels,0.860285645450983,TRUE,0.05,TRUE
positive_linear,dependent,4,dcor_levels,0.90803182792473,TRUE,0.05,TRUE
positive_linear,dependent,5,dcor_levels,0.922739616621617,TRUE,0.05,TRUE
positive_linear,dependent,6,dcor_levels,0.968019846463931,TRUE,0.05,TRUE
positive_linear,dependent,7,dcor_levels,0.948125234507101,TRUE,0.05,TRUE
positive_linear,dependent,8,dcor_levels,0.847605779318393,TRUE,0.05,TRUE
positive_linear,dependent,9,dcor_levels,0.867042981078388,TRUE,0.05,TRUE
positive_linear,dependent,10,dcor_levels,0.949102062068268,TRUE,0.05,TRUE
positive_linear,dependent,11,dcor_levels,0.935680556703918,TRUE,0.05,TRUE
positive_linear,dependent,12,dcor_levels,0.884332486317137,TRUE,0.05,TRUE
positive_linear,dependent,13,dcor_levels,0.83347210883624,TRUE,0.05,TRUE
positive_linear,dependent,14,dcor_levels,0.918048699101475,TRUE,0.05,TRUE
positive_linear,dependent,15,dcor_levels,0.914055074756675,TRUE,0.05,TRUE
positive_linear,dependent,16,dcor_levels,0.930048734582218,TRUE,0.05,TRUE
positive_linear,dependent,17,dcor_levels,0.940007530497418,TRUE,0.05,TRUE
positive_linear,dependent,18,dcor_levels,0.906869363354913,TRUE,0.05,TRUE
positive_linear,dependent,19,dcor_levels,0.883592312135716,TRUE,0.05,TRUE
positive_linear,dependent,20,dcor_levels,0.859575622857854,TRUE,0.05,TRUE
positive_linear,dependent,21,dcor_levels,0.856072220695904,TRUE,0.05,TRUE
positive_linear,dependent,22,dcor_levels,0.952119705819216,TRUE,0.05,TRUE
positive_linear,dependent,23,dcor_levels,0.846451967994113,TRUE,0.05,TRUE
positive_linear,dependent,24,dcor_levels,0.950104826575839,TRUE,0.05,TRUE
positive_linear,dependent,25,dcor_levels,0.929399973170844,TRUE,0.05,TRUE
positive_linear,dependent,26,dcor_levels,0.81741530462569,TRUE,0.05,TRUE
positive_linear,dependent,27,dcor_levels,0.868674680296978,TRUE,0.05,TRUE
positive_linear,dependent,28,dcor_levels,0.939323124020173,TRUE,0.05,TRUE
positive_linear,dependent,29,dcor_levels,0.916141734592608,TRUE,0.05,TRUE
positive_linear,dependent,30,dcor_levels,0.909419072070148,TRUE,0.05,TRUE
positive_linear,dependent,1,unbiased_dcov2_levels,2.70326797385621,TRUE,0.05,TRUE
positive_linear,dependent,2,unbiased_dcov2_levels,1.61002178649237,TRUE,0.05,TRUE
positive_linear,dependent,3,unbiased_dcov2_levels,1.45849673202614,TRUE,0.05,TRUE
positive_linear,dependent,4,unbiased_dcov2_levels,1.78583877995643,TRUE,0.05,TRUE
positive_linear,dependent,5,unbiased_dcov2_levels,1.17886710239651,TRUE,0.05,TRUE
positive_linear,dependent,6,unbiased_dcov2_levels,4.29368191721133,TRUE,0.05,TRUE
positive_linear,dependent,7,unbiased_dcov2_levels,1.52777777777778,TRUE,0.05,TRUE
positive_linear,dependent,8,unbiased_dcov2_levels,1.14084967320261,TRUE,0.05,TRUE
positive_linear,dependent,9,unbiased_dcov2_levels,1.29488017429194,TRUE,0.05,TRUE
positive_linear,dependent,10,unbiased_dcov2_levels,2.78137254901961,TRUE,0.05,TRUE
positive_linear,dependent,11,unbiased_dcov2_levels,2.29978213507625,TRUE,0.05,TRUE
positive_linear,dependent,12,unbiased_dcov2_levels,1.83714596949891,TRUE,0.05,TRUE
positive_linear,dependent,13,unbiased_dcov2_levels,1.36111111111111,TRUE,0.05,TRUE
positive_linear,dependent,14,unbiased_dcov2_levels,1.99912854030501,TRUE,0.05,TRUE
positive_linear,dependent,15,unbiased_dcov2_levels,2.24074074074074,TRUE,0.05,TRUE
positive_linear,dependent,16,unbiased_dcov2_levels,2.84673202614379,TRUE,0.05,TRUE
positive_linear,dependent,17,unbiased_dcov2_levels,2.64161220043573,TRUE,0.05,TRUE
positive_linear,dependent,18,unbiased_dcov2_levels,1.29063180827887,TRUE,0.05,TRUE
positive_linear,dependent,19,unbiased_dcov2_levels,1.88681917211329,TRUE,0.05,TRUE
positive_linear,dependent,20,unbiased_dcov2_levels,1.59193899782135,TRUE,0.05,TRUE
positive_linear,dependent,21,unbiased_dcov2_levels,1.10065359477124,TRUE,0.05,TRUE
positive_linear,dependent,22,unbiased_dcov2_levels,2.19705882352941,TRUE,0.05,TRUE
positive_linear,dependent,23,unbiased_dcov2_levels,1.59204793028322,TRUE,0.05,TRUE
positive_linear,dependent,24,unbiased_dcov2_levels,2.43267973856209,TRUE,0.05,TRUE
positive_linear,dependent,25,unbiased_dcov2_levels,2.14074074074074,TRUE,0.05,TRUE
positive_linear,dependent,26,unbiased_dcov2_levels,0.89814814814815,TRUE,0.05,TRUE
positive_linear,dependent,27,unbiased_dcov2_levels,1.27843137254902,TRUE,0.05,TRUE
positive_linear,dependent,28,unbiased_dcov2_levels,2.26710239651416,TRUE,0.05,TRUE
positive_linear,dependent,29,unbiased_dcov2_levels,1.14346405228758,TRUE,0.05,TRUE
positive_linear,dependent,30,unbiased_dcov2_levels,1.81938997821351,TRUE,0.05,TRUE
offset_linear,dependent,1,ordinal_similarity,0.259259259259259,TRUE,1,FALSE
offset_linear,dependent,2,ordinal_similarity,0.290123456790123,TRUE,1,FALSE
offset_linear,dependent,3,ordinal_similarity,0.271604938271605,TRUE,1,FALSE
offset_linear,dependent,4,ordinal_similarity,0.308641975308642,TRUE,1,FALSE
offset_linear,dependent,5,ordinal_similarity,0.290123456790123,TRUE,1,FALSE
offset_linear,dependent,6,ordinal_similarity,0.265432098765432,TRUE,1,FALSE
offset_linear,dependent,7,ordinal_similarity,0.290123456790123,TRUE,1,FALSE
offset_linear,dependent,8,ordinal_similarity,0.271604938271605,TRUE,1,FALSE
offset_linear,dependent,9,ordinal_similarity,0.271604938271605,TRUE,1,FALSE
offset_linear,dependent,10,ordinal_similarity,0.290123456790123,TRUE,1,FALSE
offset_linear,dependent,11,ordinal_similarity,0.271604938271605,TRUE,1,FALSE
offset_linear,dependent,12,ordinal_similarity,0.290123456790123,TRUE,1,FALSE
offset_linear,dependent,13,ordinal_similarity,0.277777777777778,TRUE,1,FALSE
offset_linear,dependent,14,ordinal_similarity,0.296296296296296,TRUE,1,FALSE
offset_linear,dependent,15,ordinal_similarity,0.283950617283951,TRUE,1,FALSE
offset_linear,dependent,16,ordinal_similarity,0.283950617283951,TRUE,1,FALSE
offset_linear,dependent,17,ordinal_similarity,0.283950617283951,TRUE,1,FALSE
offset_linear,dependent,18,ordinal_similarity,0.296296296296296,TRUE,1,FALSE
offset_linear,dependent,19,ordinal_similarity,0.277777777777778,TRUE,1,FALSE
offset_linear,dependent,20,ordinal_similarity,0.271604938271605,TRUE,1,FALSE
offset_linear,dependent,21,ordinal_similarity,0.265432098765432,TRUE,1,FALSE
offset_linear,dependent,22,ordinal_similarity,0.277777777777778,TRUE,1,FALSE
offset_linear,dependent,23,ordinal_similarity,0.277777777777778,TRUE,1,FALSE
offset_linear,dependent,24,ordinal_similarity,0.283950617283951,TRUE,1,FALSE
offset_linear,dependent,25,ordinal_similarity,0.277777777777778,TRUE,1,FALSE
offset_linear,dependent,26,ordinal_similarity,0.277777777777778,TRUE,1,FALSE
offset_linear,dependent,27,ordinal_similarity,0.271604938271605,TRUE,1,FALSE
offset_linear,dependent,28,ordinal_similarity,0.296296296296296,TRUE,1,FALSE
offset_linear,dependent,29,ordinal_similarity,0.277777777777778,TRUE,1,FALSE
offset_linear,dependent,30,ordinal_similarity,0.296296296296296,TRUE,1,FALSE
offset_linear,dependent,1,linear_kappa,-2.22044604925031e-16,TRUE,1,FALSE
offset_linear,dependent,2,linear_kappa,0,TRUE,1,FALSE
offset_linear,dependent,3,linear_kappa,0,TRUE,1,FALSE
offset_linear,dependent,4,linear_kappa,0,TRUE,1,FALSE
offset_linear,dependent,5,linear_kappa,0,TRUE,1,FALSE
offset_linear,dependent,6,linear_kappa,-2.22044604925031e-16,TRUE,1,FALSE
offset_linear,dependent,7,linear_kappa,-2.22044604925031e-16,TRUE,1,FALSE
offset_linear,dependent,8,linear_kappa,0,TRUE,1,FALSE
offset_linear,dependent,9,linear_kappa,0,TRUE,1,FALSE
offset_linear,dependent,10,linear_kappa,0,TRUE,1,FALSE
offset_linear,dependent,11,linear_kappa,1.11022302462516e-16,TRUE,1,FALSE
offset_linear,dependent,12,linear_kappa,-2.22044604925031e-16,TRUE,1,FALSE
offset_linear,dependent,13,linear_kappa,-2.22044604925031e-16,TRUE,1,FALSE
offset_linear,dependent,14,linear_kappa,-2.22044604925031e-16,TRUE,1,FALSE
offset_linear,dependent,15,linear_kappa,0,TRUE,1,FALSE
offset_linear,dependent,16,linear_kappa,-2.22044604925031e-16,TRUE,1,FALSE
offset_linear,dependent,17,linear_kappa,0,TRUE,1,FALSE
offset_linear,dependent,18,linear_kappa,0,TRUE,1,FALSE
offset_linear,dependent,19,linear_kappa,0,TRUE,1,FALSE
offset_linear,dependent,20,linear_kappa,0,TRUE,1,FALSE
offset_linear,dependent,21,linear_kappa,0,TRUE,1,FALSE
offset_linear,dependent,22,linear_kappa,0,TRUE,1,FALSE
offset_linear,dependent,23,linear_kappa,0,TRUE,1,FALSE
offset_linear,dependent,24,linear_kappa,0,TRUE,1,FALSE
offset_linear,dependent,25,linear_kappa,-2.22044604925031e-16,TRUE,1,FALSE
offset_linear,dependent,26,linear_kappa,0,TRUE,1,FALSE
offset_linear,dependent,27,linear_kappa,0,TRUE,1,FALSE
offset_linear,dependent,28,linear_kappa,1.11022302462516e-16,TRUE,1,FALSE
offset_linear,dependent,29,linear_kappa,0,TRUE,1,FALSE
offset_linear,dependent,30,linear_kappa,0,TRUE,1,FALSE
offset_linear,dependent,1,quadratic_kappa,0.0185813101858132,TRUE,0.05,TRUE
offset_linear,dependent,2,quadratic_kappa,0.0185922974767593,TRUE,0.05,TRUE
offset_linear,dependent,3,quadratic_kappa,0.0124118476727786,TRUE,0.05,TRUE
offset_linear,dependent,4,quadratic_kappa,0.0174672489082967,TRUE,0.05,TRUE
offset_linear,dependent,5,quadratic_kappa,0.0226304188096986,TRUE,0.05,TRUE
offset_linear,dependent,6,quadratic_kappa,0.0182043856019858,TRUE,0.05,TRUE
offset_linear,dependent,7,quadratic_kappa,0.0107095046854082,TRUE,0.05,TRUE
offset_linear,dependent,8,quadratic_kappa,0.0176767676767678,TRUE,0.05,TRUE
offset_linear,dependent,9,quadratic_kappa,0.0135249366018596,TRUE,0.05,TRUE
offset_linear,dependent,10,quadratic_kappa,0.0168514412416851,TRUE,0.05,TRUE
offset_linear,dependent,11,quadratic_kappa,0.0198768197088466,TRUE,0.05,TRUE
offset_linear,dependent,12,quadratic_kappa,0.0211920529801322,TRUE,0.05,TRUE
offset_linear,dependent,13,quadratic_kappa,0.0131861831732836,TRUE,0.05,TRUE
offset_linear,dependent,14,quadratic_kappa,0.0257939466229312,TRUE,0.05,TRUE
offset_linear,dependent,15,quadratic_kappa,0.0187037842540235,TRUE,0.05,TRUE
offset_linear,dependent,16,quadratic_kappa,0.0154204247890603,TRUE,0.05,TRUE
offset_linear,dependent,17,quadratic_kappa,0.0165649520488228,TRUE,0.05,TRUE
offset_linear,dependent,18,quadratic_kappa,0.024193548387097,TRUE,0.05,TRUE
offset_linear,dependent,19,quadratic_kappa,0.0140340827724473,TRUE,0.05,TRUE
offset_linear,dependent,20,quadratic_kappa,0.0135249366018596,TRUE,0.05,TRUE
offset_linear,dependent,21,quadratic_kappa,0.0124843945068664,TRUE,0.05,TRUE
offset_linear,dependent,22,quadratic_kappa,0.00720980533525606,TRUE,0.1,FALSE
offset_linear,dependent,23,quadratic_kappa,0.00635012267282442,TRUE,0.15,FALSE
offset_linear,dependent,24,quadratic_kappa,0.0141296431172615,TRUE,0.05,TRUE
offset_linear,dependent,25,quadratic_kappa,0.022433622036064,TRUE,0.05,TRUE
offset_linear,dependent,26,quadratic_kappa,0.0154440154440152,TRUE,0.05,TRUE
offset_linear,dependent,27,quadratic_kappa,0.00638569604086847,TRUE,0.15,FALSE
offset_linear,dependent,28,quadratic_kappa,0.0215633423180592,TRUE,0.05,TRUE
offset_linear,dependent,29,quadratic_kappa,0.0154440154440155,TRUE,0.05,TRUE
offset_linear,dependent,30,quadratic_kappa,0.018329326923077,TRUE,0.05,TRUE
offset_linear,dependent,1,pearson_beta,0.935874004263965,TRUE,0.05,TRUE
offset_linear,dependent,2,pearson_beta,0.962390110442483,TRUE,0.05,TRUE
offset_linear,dependent,3,pearson_beta,0.923146558786398,TRUE,0.05,TRUE
offset_linear,dependent,4,pearson_beta,0.941162149529767,TRUE,0.05,TRUE
offset_linear,dependent,5,pearson_beta,0.94957324183183,TRUE,0.05,TRUE
offset_linear,dependent,6,pearson_beta,0.958225020120905,TRUE,0.05,TRUE
offset_linear,dependent,7,pearson_beta,0.94048140410662,TRUE,0.05,TRUE
offset_linear,dependent,8,pearson_beta,0.94342347497724,TRUE,0.05,TRUE
offset_linear,dependent,9,pearson_beta,0.948581406054466,TRUE,0.05,TRUE
offset_linear,dependent,10,pearson_beta,0.956432834656469,TRUE,0.05,TRUE
offset_linear,dependent,11,pearson_beta,0.943394984148058,TRUE,0.05,TRUE
offset_linear,dependent,12,pearson_beta,0.942949959947418,TRUE,0.05,TRUE
offset_linear,dependent,13,pearson_beta,0.971577551702282,TRUE,0.05,TRUE
offset_linear,dependent,14,pearson_beta,0.93847991813212,TRUE,0.05,TRUE
offset_linear,dependent,15,pearson_beta,0.976351674125846,TRUE,0.05,TRUE
offset_linear,dependent,16,pearson_beta,0.945953247068656,TRUE,0.05,TRUE
offset_linear,dependent,17,pearson_beta,0.963301102539418,TRUE,0.05,TRUE
offset_linear,dependent,18,pearson_beta,0.961861109143395,TRUE,0.05,TRUE
offset_linear,dependent,19,pearson_beta,0.916108048749742,TRUE,0.05,TRUE
offset_linear,dependent,20,pearson_beta,0.972016358751612,TRUE,0.05,TRUE
offset_linear,dependent,21,pearson_beta,0.947424431258649,TRUE,0.05,TRUE
offset_linear,dependent,22,pearson_beta,0.916523362474694,TRUE,0.05,TRUE
offset_linear,dependent,23,pearson_beta,0.931041255247383,TRUE,0.05,TRUE
offset_linear,dependent,24,pearson_beta,0.964243776799214,TRUE,0.05,TRUE
offset_linear,dependent,25,pearson_beta,0.962381487846005,TRUE,0.05,TRUE
offset_linear,dependent,26,pearson_beta,0.9751191094244,TRUE,0.05,TRUE
offset_linear,dependent,27,pearson_beta,0.948082436361108,TRUE,0.05,TRUE
offset_linear,dependent,28,pearson_beta,0.970563273379773,TRUE,0.05,TRUE
offset_linear,dependent,29,pearson_beta,0.975441433549891,TRUE,0.05,TRUE
offset_linear,dependent,30,pearson_beta,0.926788582790388,TRUE,0.05,TRUE
offset_linear,dependent,1,pearson_levels,0.79381950345305,TRUE,0.05,TRUE
offset_linear,dependent,2,pearson_levels,0.774596669241483,TRUE,0.05,TRUE
offset_linear,dependent,3,pearson_levels,0.699913239273355,TRUE,0.05,TRUE
offset_linear,dependent,4,pearson_levels,0.802955068546966,TRUE,0.05,TRUE
offset_linear,dependent,5,pearson_levels,0.800218676236711,TRUE,0.05,TRUE
offset_linear,dependent,6,pearson_levels,0.778791557945267,TRUE,0.05,TRUE
offset_linear,dependent,7,pearson_levels,0.651750535912282,TRUE,0.1,FALSE
offset_linear,dependent,8,pearson_levels,0.761750062615512,TRUE,0.05,TRUE
offset_linear,dependent,9,pearson_levels,0.721335707733946,TRUE,0.05,TRUE
offset_linear,dependent,10,pearson_levels,0.769918853549452,TRUE,0.05,TRUE
offset_linear,dependent,11,pearson_levels,0.791040319133316,TRUE,0.05,TRUE
offset_linear,dependent,12,pearson_levels,0.789542033951723,TRUE,0.05,TRUE
offset_linear,dependent,13,pearson_levels,0.694740407329704,TRUE,0.05,TRUE
offset_linear,dependent,14,pearson_levels,0.833263346247181,TRUE,0.05,TRUE
offset_linear,dependent,15,pearson_levels,0.768715563631474,TRUE,0.05,TRUE
offset_linear,dependent,16,pearson_levels,0.741857577016507,TRUE,0.05,TRUE
offset_linear,dependent,17,pearson_levels,0.75104094428999,TRUE,0.05,TRUE
offset_linear,dependent,18,pearson_levels,0.82158383625775,TRUE,0.05,TRUE
offset_linear,dependent,19,pearson_levels,0.717107299196375,TRUE,0.05,TRUE
offset_linear,dependent,20,pearson_levels,0.721335707733945,TRUE,0.05,TRUE
offset_linear,dependent,21,pearson_levels,0.705540651287698,TRUE,0.05,TRUE
offset_linear,dependent,22,pearson_levels,0.558737695334593,TRUE,0.1,FALSE
offset_linear,dependent,23,pearson_levels,0.521450009453975,TRUE,0.2,FALSE
offset_linear,dependent,24,pearson_levels,0.719150148567215,TRUE,0.05,TRUE
offset_linear,dependent,25,pearson_levels,0.801132990385901,TRUE,0.05,TRUE
offset_linear,dependent,26,pearson_levels,0.755928946018454,TRUE,0.05,TRUE
offset_linear,dependent,27,pearson_levels,0.52999894000318,TRUE,0.2,FALSE
offset_linear,dependent,28,pearson_levels,0.816496580927726,TRUE,0.05,TRUE
offset_linear,dependent,29,pearson_levels,0.727606875108999,TRUE,0.05,TRUE
offset_linear,dependent,30,pearson_levels,0.772709252705663,TRUE,0.05,TRUE
offset_linear,dependent,1,spearman_beta,0.905056759545924,TRUE,0.05,TRUE
offset_linear,dependent,2,spearman_beta,0.966976264189887,TRUE,0.05,TRUE
offset_linear,dependent,3,spearman_beta,0.874097007223942,TRUE,0.05,TRUE
offset_linear,dependent,4,spearman_beta,0.96078431372549,TRUE,0.05,TRUE
offset_linear,dependent,5,spearman_beta,0.962848297213622,TRUE,0.05,TRUE
offset_linear,dependent,6,spearman_beta,0.962848297213622,TRUE,0.05,TRUE
offset_linear,dependent,7,spearman_beta,0.874097007223942,TRUE,0.05,TRUE
offset_linear,dependent,8,spearman_beta,0.958720330237358,TRUE,0.05,TRUE
offset_linear,dependent,9,spearman_beta,0.942208462332301,TRUE,0.05,TRUE
offset_linear,dependent,10,spearman_beta,0.888544891640867,TRUE,0.05,TRUE
offset_linear,dependent,11,spearman_beta,0.96078431372549,TRUE,0.05,TRUE
offset_linear,dependent,12,spearman_beta,0.96078431372549,TRUE,0.05,TRUE
offset_linear,dependent,13,spearman_beta,0.983488132094943,TRUE,0.05,TRUE
offset_linear,dependent,14,spearman_beta,0.91124871001032,TRUE,0.05,TRUE
offset_linear,dependent,15,spearman_beta,0.973168214654283,TRUE,0.05,TRUE
offset_linear,dependent,16,spearman_beta,0.95046439628483,TRUE,0.05,TRUE
offset_linear,dependent,17,spearman_beta,0.969040247678019,TRUE,0.05,TRUE
offset_linear,dependent,18,spearman_beta,0.938080495356037,TRUE,0.05,TRUE
offset_linear,dependent,19,spearman_beta,0.882352941176471,TRUE,0.05,TRUE
offset_linear,dependent,20,spearman_beta,0.958720330237358,TRUE,0.05,TRUE
offset_linear,dependent,21,spearman_beta,0.946336429308566,TRUE,0.05,TRUE
offset_linear,dependent,22,spearman_beta,0.865841073271414,TRUE,0.05,TRUE
offset_linear,dependent,23,spearman_beta,0.902992776057791,TRUE,0.05,TRUE
offset_linear,dependent,24,spearman_beta,0.971104231166151,TRUE,0.05,TRUE
offset_linear,dependent,25,spearman_beta,0.973168214654283,TRUE,0.05,TRUE
offset_linear,dependent,26,spearman_beta,0.938080495356037,TRUE,0.05,TRUE
offset_linear,dependent,27,spearman_beta,0.948400412796698,TRUE,0.05,TRUE
offset_linear,dependent,28,spearman_beta,0.95046439628483,TRUE,0.05,TRUE
offset_linear,dependent,29,spearman_beta,0.975232198142415,TRUE,0.05,TRUE
offset_linear,dependent,30,spearman_beta,0.925696594427245,TRUE,0.05,TRUE
offset_linear,dependent,1,spearman_levels,0.797826119503053,TRUE,0.05,TRUE
offset_linear,dependent,2,spearman_levels,0.780456242776429,TRUE,0.05,TRUE
offset_linear,dependent,3,spearman_levels,0.69042487494043,TRUE,0.05,TRUE
offset_linear,dependent,4,spearman_levels,0.82009236810473,TRUE,0.05,TRUE
offset_linear,dependent,5,spearman_levels,0.816855301979579,TRUE,0.05,TRUE
offset_linear,dependent,6,spearman_levels,0.799213849568364,TRUE,0.05,TRUE
offset_linear,dependent,7,spearman_levels,0.639039154296497,TRUE,0.1,FALSE
offset_linear,dependent,8,spearman_levels,0.778170000585248,TRUE,0.05,TRUE
offset_linear,dependent,9,spearman_levels,0.737056516956562,TRUE,0.05,TRUE
offset_linear,dependent,10,spearman_levels,0.773472398831779,TRUE,0.05,TRUE
offset_linear,dependent,11,spearman_levels,0.847547767584352,TRUE,0.05,TRUE
offset_linear,dependent,12,spearman_levels,0.818015965658757,TRUE,0.05,TRUE
offset_linear,dependent,13,spearman_levels,0.653747010349843,TRUE,0.05,TRUE
offset_linear,dependent,14,spearman_levels,0.870837751130009,TRUE,0.05,TRUE
offset_linear,dependent,15,spearman_levels,0.779993276978135,TRUE,0.05,TRUE
offset_linear,dependent,16,spearman_levels,0.767193218279248,TRUE,0.05,TRUE
offset_linear,dependent,17,spearman_levels,0.775940289798985,TRUE,0.05,TRUE
offset_linear,dependent,18,spearman_levels,0.866767842306555,TRUE,0.05,TRUE
offset_linear,dependent,19,spearman_levels,0.728959071182847,TRUE,0.05,TRUE
offset_linear,dependent,20,spearman_levels,0.737056516956562,TRUE,0.05,TRUE
offset_linear,dependent,21,spearman_levels,0.705023987910633,TRUE,0.05,TRUE
offset_linear,dependent,22,spearman_levels,0.553911709406997,TRUE,0.1,FALSE
offset_linear,dependent,23,spearman_levels,0.520336429629908,TRUE,0.2,FALSE
offset_linear,dependent,24,spearman_levels,0.726432349965575,TRUE,0.05,TRUE
offset_linear,dependent,25,spearman_levels,0.814951779703651,TRUE,0.05,TRUE
offset_linear,dependent,26,spearman_levels,0.770136967273558,TRUE,0.05,TRUE
offset_linear,dependent,27,spearman_levels,0.530722777603022,TRUE,0.2,FALSE
offset_linear,dependent,28,spearman_levels,0.861857502090378,TRUE,0.05,TRUE
offset_linear,dependent,29,spearman_levels,0.724331884671013,TRUE,0.05,TRUE
offset_linear,dependent,30,spearman_levels,0.785073209458071,TRUE,0.05,TRUE
offset_linear,dependent,1,xi_levels_mean,0.374353636156681,TRUE,0.05,TRUE
offset_linear,dependent,2,xi_levels_mean,0.310728004813255,TRUE,0.05,TRUE
offset_linear,dependent,3,xi_levels_mean,0.233775154798762,TRUE,0.05,TRUE
offset_linear,dependent,4,xi_levels_mean,0.419535329141858,TRUE,0.05,TRUE
offset_linear,dependent,5,xi_levels_mean,0.410312382638432,TRUE,0.05,TRUE
offset_linear,dependent,6,xi_levels_mean,0.384186334455864,TRUE,0.05,TRUE
offset_linear,dependent,7,xi_levels_mean,0.203856763925729,TRUE,0.15,FALSE
offset_linear,dependent,8,xi_levels_mean,0.365918636090725,TRUE,0.05,TRUE
offset_linear,dependent,9,xi_levels_mean,0.312618463178788,TRUE,0.05,TRUE
offset_linear,dependent,10,xi_levels_mean,0.390097465620177,TRUE,0.05,TRUE
offset_linear,dependent,11,xi_levels_mean,0.544761431440634,TRUE,0.05,TRUE
offset_linear,dependent,12,xi_levels_mean,0.387581518194861,TRUE,0.05,TRUE
offset_linear,dependent,13,xi_levels_mean,0.239677468946009,TRUE,0.05,TRUE
offset_linear,dependent,14,xi_levels_mean,0.541751510710752,TRUE,0.05,TRUE
offset_linear,dependent,15,xi_levels_mean,0.381702428173922,TRUE,0.05,TRUE
offset_linear,dependent,16,xi_levels_mean,0.384712491455912,TRUE,0.05,TRUE
offset_linear,dependent,17,xi_levels_mean,0.426737451737452,TRUE,0.05,TRUE
offset_linear,dependent,18,xi_levels_mean,0.599118933716531,TRUE,0.05,TRUE
offset_linear,dependent,19,xi_levels_mean,0.311088119922548,TRUE,0.05,TRUE
offset_linear,dependent,20,xi_levels_mean,0.312618463178788,TRUE,0.05,TRUE
offset_linear,dependent,21,xi_levels_mean,0.29750349597098,TRUE,0.05,TRUE
offset_linear,dependent,22,xi_levels_mean,0.162020045172219,TRUE,0.1,FALSE
offset_linear,dependent,23,xi_levels_mean,0.124979931592908,TRUE,0.2,FALSE
offset_linear,dependent,24,xi_levels_mean,0.288225620657889,TRUE,0.05,TRUE
offset_linear,dependent,25,xi_levels_mean,0.36789510027621,TRUE,0.05,TRUE
offset_linear,dependent,26,xi_levels_mean,0.351557858427594,TRUE,0.05,TRUE
offset_linear,dependent,27,xi_levels_mean,0.148644199491657,TRUE,0.2,FALSE
offset_linear,dependent,28,xi_levels_mean,0.551619922630561,TRUE,0.05,TRUE
offset_linear,dependent,29,xi_levels_mean,0.260157504012841,TRUE,0.05,TRUE
offset_linear,dependent,30,xi_levels_mean,0.374516063130522,TRUE,0.05,TRUE
offset_linear,dependent,1,dcor_beta,0.915995476975255,TRUE,0.05,TRUE
offset_linear,dependent,2,dcor_beta,0.958295150925398,TRUE,0.05,TRUE
offset_linear,dependent,3,dcor_beta,0.924656821328412,TRUE,0.05,TRUE
offset_linear,dependent,4,dcor_beta,0.935248698943794,TRUE,0.05,TRUE
offset_linear,dependent,5,dcor_beta,0.958614694956832,TRUE,0.05,TRUE
offset_linear,dependent,6,dcor_beta,0.95702023680677,TRUE,0.05,TRUE
offset_linear,dependent,7,dcor_beta,0.923464320790139,TRUE,0.05,TRUE
offset_linear,dependent,8,dcor_beta,0.937215903706727,TRUE,0.05,TRUE
offset_linear,dependent,9,dcor_beta,0.95263855819442,TRUE,0.05,TRUE
offset_linear,dependent,10,dcor_beta,0.972613863790942,TRUE,0.05,TRUE
offset_linear,dependent,11,dcor_beta,0.949368419676261,TRUE,0.05,TRUE
offset_linear,dependent,12,dcor_beta,0.937054898915565,TRUE,0.05,TRUE
offset_linear,dependent,13,dcor_beta,0.966050442406251,TRUE,0.05,TRUE
offset_linear,dependent,14,dcor_beta,0.957433782842379,TRUE,0.05,TRUE
offset_linear,dependent,15,dcor_beta,0.980939054628478,TRUE,0.05,TRUE
offset_linear,dependent,16,dcor_beta,0.946146356661361,TRUE,0.05,TRUE
offset_linear,dependent,17,dcor_beta,0.969158987394704,TRUE,0.05,TRUE
offset_linear,dependent,18,dcor_beta,0.96875090375331,TRUE,0.05,TRUE
offset_linear,dependent,19,dcor_beta,0.906344321782796,TRUE,0.05,TRUE
offset_linear,dependent,20,dcor_beta,0.977499452234429,TRUE,0.05,TRUE
offset_linear,dependent,21,dcor_beta,0.94598764109137,TRUE,0.05,TRUE
offset_linear,dependent,22,dcor_beta,0.928987696938796,TRUE,0.05,TRUE
offset_linear,dependent,23,dcor_beta,0.93404722870853,TRUE,0.05,TRUE
offset_linear,dependent,24,dcor_beta,0.970365247949029,TRUE,0.05,TRUE
offset_linear,dependent,25,dcor_beta,0.952444983770009,TRUE,0.05,TRUE
offset_linear,dependent,26,dcor_beta,0.983769731476526,TRUE,0.05,TRUE
offset_linear,dependent,27,dcor_beta,0.930542894865969,TRUE,0.05,TRUE
offset_linear,dependent,28,dcor_beta,0.972288065568229,TRUE,0.05,TRUE
offset_linear,dependent,29,dcor_beta,0.974669373103372,TRUE,0.05,TRUE
offset_linear,dependent,30,dcor_beta,0.934949617997839,TRUE,0.05,TRUE
offset_linear,dependent,1,dcor_levels,0.74407524009815,TRUE,0.05,TRUE
offset_linear,dependent,2,dcor_levels,0.728321251574772,TRUE,0.05,TRUE
offset_linear,dependent,3,dcor_levels,0.668774285066431,TRUE,0.05,TRUE
offset_linear,dependent,4,dcor_levels,0.789625195845002,TRUE,0.05,TRUE
offset_linear,dependent,5,dcor_levels,0.775096364666442,TRUE,0.05,TRUE
offset_linear,dependent,6,dcor_levels,0.761967683783781,TRUE,0.05,TRUE
offset_linear,dependent,7,dcor_levels,0.613491154711262,TRUE,0.15,FALSE
offset_linear,dependent,8,dcor_levels,0.730102534199034,TRUE,0.05,TRUE
offset_linear,dependent,9,dcor_levels,0.696113134304757,TRUE,0.05,TRUE
offset_linear,dependent,10,dcor_levels,0.743541921556965,TRUE,0.05,TRUE
offset_linear,dependent,11,dcor_levels,0.834144714415919,TRUE,0.05,TRUE
offset_linear,dependent,12,dcor_levels,0.77924040860446,TRUE,0.05,TRUE
offset_linear,dependent,13,dcor_levels,0.589154472841986,TRUE,0.05,TRUE
offset_linear,dependent,14,dcor_levels,0.855533807496768,TRUE,0.05,TRUE
offset_linear,dependent,15,dcor_levels,0.743625448127162,TRUE,0.05,TRUE
offset_linear,dependent,16,dcor_levels,0.732435148747782,TRUE,0.05,TRUE
offset_linear,dependent,17,dcor_levels,0.752341347802697,TRUE,0.05,TRUE
offset_linear,dependent,18,dcor_levels,0.862365763916115,TRUE,0.05,TRUE
offset_linear,dependent,19,dcor_levels,0.680784461316259,TRUE,0.05,TRUE
offset_linear,dependent,20,dcor_levels,0.696113134304757,TRUE,0.05,TRUE
offset_linear,dependent,21,dcor_levels,0.645778125364895,TRUE,0.05,TRUE
offset_linear,dependent,22,dcor_levels,0.501476481437297,TRUE,0.1,FALSE
offset_linear,dependent,23,dcor_levels,0.467311504870265,TRUE,0.2,FALSE
offset_linear,dependent,24,dcor_levels,0.673666836910208,TRUE,0.05,TRUE
offset_linear,dependent,25,dcor_levels,0.767881568955924,TRUE,0.05,TRUE
offset_linear,dependent,26,dcor_levels,0.738879310687636,TRUE,0.05,TRUE
offset_linear,dependent,27,dcor_levels,0.482389930840718,TRUE,0.2,FALSE
offset_linear,dependent,28,dcor_levels,0.876229771363177,TRUE,0.05,TRUE
offset_linear,dependent,29,dcor_levels,0.651008644996429,TRUE,0.05,TRUE
offset_linear,dependent,30,dcor_levels,0.743323603460821,TRUE,0.05,TRUE
offset_linear,dependent,1,unbiased_dcov2_levels,0.156644880174292,TRUE,0.05,TRUE
offset_linear,dependent,2,unbiased_dcov2_levels,0.133986928104575,TRUE,0.05,TRUE
offset_linear,dependent,3,unbiased_dcov2_levels,0.084967320261438,TRUE,0.05,TRUE
offset_linear,dependent,4,unbiased_dcov2_levels,0.153159041394336,TRUE,0.05,TRUE
offset_linear,dependent,5,unbiased_dcov2_levels,0.216339869281046,TRUE,0.05,TRUE
offset_linear,dependent,6,unbiased_dcov2_levels,0.186928104575164,TRUE,0.05,TRUE
offset_linear,dependent,7,unbiased_dcov2_levels,0.0529411764705883,TRUE,0.1,FALSE
offset_linear,dependent,8,unbiased_dcov2_levels,0.159041394335512,TRUE,0.05,TRUE
offset_linear,dependent,9,unbiased_dcov2_levels,0.13202614379085,TRUE,0.05,TRUE
offset_linear,dependent,10,unbiased_dcov2_levels,0.16797385620915,TRUE,0.05,TRUE
offset_linear,dependent,11,unbiased_dcov2_levels,0.281045751633987,TRUE,0.05,TRUE
offset_linear,dependent,12,unbiased_dcov2_levels,0.199346405228759,TRUE,0.05,TRUE
offset_linear,dependent,13,unbiased_dcov2_levels,0.0496732026143791,TRUE,0.05,TRUE
offset_linear,dependent,14,unbiased_dcov2_levels,0.316339869281047,TRUE,0.05,TRUE
offset_linear,dependent,15,unbiased_dcov2_levels,0.16797385620915,TRUE,0.05,TRUE
offset_linear,dependent,16,unbiased_dcov2_levels,0.164705882352941,TRUE,0.05,TRUE
offset_linear,dependent,17,unbiased_dcov2_levels,0.169281045751634,TRUE,0.05,TRUE
offset_linear,dependent,18,unbiased_dcov2_levels,0.285185185185184,TRUE,0.05,TRUE
offset_linear,dependent,19,unbiased_dcov2_levels,0.125490196078431,TRUE,0.05,TRUE
offset_linear,dependent,20,unbiased_dcov2_levels,0.13202614379085,TRUE,0.05,TRUE
offset_linear,dependent,21,unbiased_dcov2_levels,0.095424836601307,TRUE,0.05,TRUE
offset_linear,dependent,22,unbiased_dcov2_levels,0.0394335511982571,TRUE,0.1,FALSE
offset_linear,dependent,23,unbiased_dcov2_levels,0.0281045751633987,TRUE,0.2,FALSE
offset_linear,dependent,24,unbiased_dcov2_levels,0.119825708061002,TRUE,0.05,TRUE
offset_linear,dependent,25,unbiased_dcov2_levels,0.211764705882353,TRUE,0.05,TRUE
offset_linear,dependent,26,unbiased_dcov2_levels,0.16797385620915,TRUE,0.05,TRUE
offset_linear,dependent,27,unbiased_dcov2_levels,0.0313725490196077,TRUE,0.2,FALSE
offset_linear,dependent,28,unbiased_dcov2_levels,0.264705882352941,TRUE,0.05,TRUE
offset_linear,dependent,29,unbiased_dcov2_levels,0.0941176470588233,TRUE,0.05,TRUE
offset_linear,dependent,30,unbiased_dcov2_levels,0.157516339869281,TRUE,0.05,TRUE
inverse_linear,dependent,1,ordinal_similarity,0.635802469135802,TRUE,1,FALSE
inverse_linear,dependent,2,ordinal_similarity,0.691358024691358,TRUE,1,FALSE
inverse_linear,dependent,3,ordinal_similarity,0.54320987654321,TRUE,1,FALSE
inverse_linear,dependent,4,ordinal_similarity,0.469135802469136,TRUE,1,FALSE
inverse_linear,dependent,5,ordinal_similarity,0.524691358024691,TRUE,1,FALSE
inverse_linear,dependent,6,ordinal_similarity,0.549382716049383,TRUE,1,FALSE
inverse_linear,dependent,7,ordinal_similarity,0.54320987654321,TRUE,1,FALSE
inverse_linear,dependent,8,ordinal_similarity,0.475308641975309,TRUE,1,FALSE
inverse_linear,dependent,9,ordinal_similarity,0.506172839506173,TRUE,1,FALSE
inverse_linear,dependent,10,ordinal_similarity,0.567901234567901,TRUE,1,FALSE
inverse_linear,dependent,11,ordinal_similarity,0.469135802469136,TRUE,1,FALSE
inverse_linear,dependent,12,ordinal_similarity,0.462962962962963,TRUE,1,FALSE
inverse_linear,dependent,13,ordinal_similarity,0.512345679012346,TRUE,1,FALSE
inverse_linear,dependent,14,ordinal_similarity,0.592592592592593,TRUE,1,FALSE
inverse_linear,dependent,15,ordinal_similarity,0.5,TRUE,1,FALSE
inverse_linear,dependent,16,ordinal_similarity,0.518518518518519,TRUE,1,FALSE
inverse_linear,dependent,17,ordinal_similarity,0.506172839506173,TRUE,1,FALSE
inverse_linear,dependent,18,ordinal_similarity,0.45679012345679,TRUE,1,FALSE
inverse_linear,dependent,19,ordinal_similarity,0.567901234567901,TRUE,1,FALSE
inverse_linear,dependent,20,ordinal_similarity,0.518518518518519,TRUE,1,FALSE
inverse_linear,dependent,21,ordinal_similarity,0.512345679012346,TRUE,1,FALSE
inverse_linear,dependent,22,ordinal_similarity,0.512345679012346,TRUE,1,FALSE
inverse_linear,dependent,23,ordinal_similarity,0.432098765432099,TRUE,1,FALSE
inverse_linear,dependent,24,ordinal_similarity,0.611111111111111,TRUE,1,FALSE
inverse_linear,dependent,25,ordinal_similarity,0.549382716049383,TRUE,1,FALSE
inverse_linear,dependent,26,ordinal_similarity,0.425925925925926,TRUE,1,FALSE
inverse_linear,dependent,27,ordinal_similarity,0.469135802469136,TRUE,1,FALSE
inverse_linear,dependent,28,ordinal_similarity,0.62962962962963,TRUE,1,FALSE
inverse_linear,dependent,29,ordinal_similarity,0.561728395061729,TRUE,1,FALSE
inverse_linear,dependent,30,ordinal_similarity,0.54320987654321,TRUE,1,FALSE
inverse_linear,dependent,1,linear_kappa,-0.311111111111111,TRUE,1,FALSE
inverse_linear,dependent,2,linear_kappa,-0.31578947368421,TRUE,1,FALSE
inverse_linear,dependent,3,linear_kappa,-0.411016949152542,TRUE,1,FALSE
inverse_linear,dependent,4,linear_kappa,-0.535714285714285,TRUE,1,FALSE
inverse_linear,dependent,5,linear_kappa,-0.358823529411765,TRUE,1,FALSE
inverse_linear,dependent,6,linear_kappa,-0.503432494279176,TRUE,1,FALSE
inverse_linear,dependent,7,linear_kappa,-0.466960352422907,TRUE,1,FALSE
inverse_linear,dependent,8,linear_kappa,-0.53923541247485,TRUE,1,FALSE
inverse_linear,dependent,9,linear_kappa,-0.487603305785124,TRUE,1,FALSE
inverse_linear,dependent,10,linear_kappa,-0.47196261682243,TRUE,1,FALSE
inverse_linear,dependent,11,linear_kappa,-0.502912621359223,TRUE,1,FALSE
inverse_linear,dependent,12,linear_kappa,-0.511583011583012,TRUE,1,FALSE
inverse_linear,dependent,13,linear_kappa,-0.566079295154185,TRUE,1,FALSE
inverse_linear,dependent,14,linear_kappa,-0.269230769230769,TRUE,1,FALSE
inverse_linear,dependent,15,linear_kappa,-0.496919917864477,TRUE,1,FALSE
inverse_linear,dependent,16,linear_kappa,-0.314606741573034,TRUE,1,FALSE
inverse_linear,dependent,17,linear_kappa,-0.420118343195266,TRUE,1,FALSE
inverse_linear,dependent,18,linear_kappa,-0.520153550863724,TRUE,1,FALSE
inverse_linear,dependent,19,linear_kappa,-0.441647597254005,TRUE,1,FALSE
inverse_linear,dependent,20,linear_kappa,-0.412474849094568,TRUE,1,FALSE
inverse_linear,dependent,21,linear_kappa,-0.519230769230769,TRUE,1,FALSE
inverse_linear,dependent,22,linear_kappa,-0.51923076923077,TRUE,1,FALSE
inverse_linear,dependent,23,linear_kappa,-0.601547388781432,TRUE,1,FALSE
inverse_linear,dependent,24,linear_kappa,-0.346793349168646,TRUE,1,FALSE
inverse_linear,dependent,25,linear_kappa,-0.349075975359343,TRUE,1,FALSE
inverse_linear,dependent,26,linear_kappa,-0.326465927099842,TRUE,1,FALSE
inverse_linear,dependent,27,linear_kappa,-0.362676056338028,TRUE,1,FALSE
inverse_linear,dependent,28,linear_kappa,-0.487603305785124,TRUE,1,FALSE
inverse_linear,dependent,29,linear_kappa,-0.429530201342282,TRUE,1,FALSE
inverse_linear,dependent,30,linear_kappa,-0.473451327433629,TRUE,1,FALSE
inverse_linear,dependent,1,quadratic_kappa,-0.792991563919532,TRUE,1,FALSE
inverse_linear,dependent,2,quadratic_kappa,-0.788719785138764,TRUE,1,FALSE
inverse_linear,dependent,3,quadratic_kappa,-0.884444444444446,TRUE,1,FALSE
inverse_linear,dependent,4,quadratic_kappa,-0.86046511627907,TRUE,1,FALSE
inverse_linear,dependent,5,quadratic_kappa,-0.652748189177672,TRUE,1,FALSE
inverse_linear,dependent,6,quadratic_kappa,-0.947189097103917,TRUE,1,FALSE
inverse_linear,dependent,7,quadratic_kappa,-0.876190476190476,TRUE,1,FALSE
inverse_linear,dependent,8,quadratic_kappa,-0.965250965250965,TRUE,1,FALSE
inverse_linear,dependent,9,quadratic_kappa,-0.954524361948957,TRUE,1,FALSE
inverse_linear,dependent,10,quadratic_kappa,-0.809580130100531,TRUE,1,FALSE
inverse_linear,dependent,11,quadratic_kappa,-0.928051738075988,TRUE,1,FALSE
inverse_linear,dependent,12,quadratic_kappa,-0.931473122691834,TRUE,1,FALSE
inverse_linear,dependent,13,quadratic_kappa,-0.93563579277865,TRUE,1,FALSE
inverse_linear,dependent,14,quadratic_kappa,-0.503092783505155,TRUE,1,FALSE
inverse_linear,dependent,15,quadratic_kappa,-0.81655172413793,TRUE,1,FALSE
inverse_linear,dependent,16,quadratic_kappa,-0.605367008681927,TRUE,1,FALSE
inverse_linear,dependent,17,quadratic_kappa,-0.837199493884436,TRUE,1,FALSE
inverse_linear,dependent,18,quadratic_kappa,-0.892857142857143,TRUE,1,FALSE
inverse_linear,dependent,19,quadratic_kappa,-0.903561643835619,TRUE,1,FALSE
inverse_linear,dependent,20,quadratic_kappa,-0.794871794871793,TRUE,1,FALSE
inverse_linear,dependent,21,quadratic_kappa,-0.93138686131387,TRUE,1,FALSE
inverse_linear,dependent,22,quadratic_kappa,-0.907488986784141,TRUE,1,FALSE
inverse_linear,dependent,23,quadratic_kappa,-0.946138613861384,TRUE,1,FALSE
inverse_linear,dependent,24,quadratic_kappa,-0.558659217877094,TRUE,1,FALSE
inverse_linear,dependent,25,quadratic_kappa,-0.610978520286397,TRUE,1,FALSE
inverse_linear,dependent,26,quadratic_kappa,-0.523415977961432,TRUE,1,FALSE
inverse_linear,dependent,27,quadratic_kappa,-0.586568730325288,TRUE,1,FALSE
inverse_linear,dependent,28,quadratic_kappa,-0.918269230769233,TRUE,1,FALSE
inverse_linear,dependent,29,quadratic_kappa,-0.852512155591575,TRUE,1,FALSE
inverse_linear,dependent,30,quadratic_kappa,-0.924170616113745,TRUE,1,FALSE
inverse_linear,dependent,1,pearson_beta,0.892905281164872,TRUE,0.05,TRUE
inverse_linear,dependent,2,pearson_beta,0.903999047854695,TRUE,0.05,TRUE
inverse_linear,dependent,3,pearson_beta,0.975321070214689,TRUE,0.05,TRUE
inverse_linear,dependent,4,pearson_beta,0.944490269203017,TRUE,0.05,TRUE
inverse_linear,dependent,5,pearson_beta,0.932598692205476,TRUE,0.05,TRUE
inverse_linear,dependent,6,pearson_beta,0.95318763585254,TRUE,0.05,TRUE
inverse_linear,dependent,7,pearson_beta,0.935832600680247,TRUE,0.05,TRUE
inverse_linear,dependent,8,pearson_beta,0.980946359120807,TRUE,0.05,TRUE
inverse_linear,dependent,9,pearson_beta,0.96210084244064,TRUE,0.05,TRUE
inverse_linear,dependent,10,pearson_beta,0.940187981651403,TRUE,0.05,TRUE
inverse_linear,dependent,11,pearson_beta,0.966812547460874,TRUE,0.05,TRUE
inverse_linear,dependent,12,pearson_beta,0.94380842324178,TRUE,0.05,TRUE
inverse_linear,dependent,13,pearson_beta,0.955565771713613,TRUE,0.05,TRUE
inverse_linear,dependent,14,pearson_beta,0.942862938686781,TRUE,0.05,TRUE
inverse_linear,dependent,15,pearson_beta,0.950875930997067,TRUE,0.05,TRUE
inverse_linear,dependent,16,pearson_beta,0.923211145342712,TRUE,0.05,TRUE
inverse_linear,dependent,17,pearson_beta,0.967273757044756,TRUE,0.05,TRUE
inverse_linear,dependent,18,pearson_beta,0.974184743623635,TRUE,0.05,TRUE
inverse_linear,dependent,19,pearson_beta,0.926491330805528,TRUE,0.05,TRUE
inverse_linear,dependent,20,pearson_beta,0.946620049746058,TRUE,0.05,TRUE
inverse_linear,dependent,21,pearson_beta,0.949734442653545,TRUE,0.05,TRUE
inverse_linear,dependent,22,pearson_beta,0.936468415203064,TRUE,0.05,TRUE
inverse_linear,dependent,23,pearson_beta,0.972066409111639,TRUE,0.05,TRUE
inverse_linear,dependent,24,pearson_beta,0.910874032400636,TRUE,0.05,TRUE
inverse_linear,dependent,25,pearson_beta,0.928131642580775,TRUE,0.05,TRUE
inverse_linear,dependent,26,pearson_beta,0.930889003498415,TRUE,0.05,TRUE
inverse_linear,dependent,27,pearson_beta,0.959247430222777,TRUE,0.05,TRUE
inverse_linear,dependent,28,pearson_beta,0.945617181235165,TRUE,0.05,TRUE
inverse_linear,dependent,29,pearson_beta,0.906791894279126,TRUE,0.05,TRUE
inverse_linear,dependent,30,pearson_beta,0.951595001556372,TRUE,0.05,TRUE
inverse_linear,dependent,1,pearson_levels,0.85825273261409,TRUE,0.05,TRUE
inverse_linear,dependent,2,pearson_levels,0.890798786653185,TRUE,0.05,TRUE
inverse_linear,dependent,3,pearson_levels,0.927187437368461,TRUE,0.05,TRUE
inverse_linear,dependent,4,pearson_levels,0.942832187522935,TRUE,0.05,TRUE
inverse_linear,dependent,5,pearson_levels,0.927044918432592,TRUE,0.05,TRUE
inverse_linear,dependent,6,pearson_levels,0.956547195461658,TRUE,0.05,TRUE
inverse_linear,dependent,7,pearson_levels,0.914529188360676,TRUE,0.05,TRUE
inverse_linear,dependent,8,pearson_levels,0.967813642959688,TRUE,0.05,TRUE
inverse_linear,dependent,9,pearson_levels,0.963822607606406,TRUE,0.05,TRUE
inverse_linear,dependent,10,pearson_levels,0.895604719187898,TRUE,0.05,TRUE
inverse_linear,dependent,11,pearson_levels,0.956733108772985,TRUE,0.05,TRUE
inverse_linear,dependent,12,pearson_levels,0.950892131072204,TRUE,0.05,TRUE
inverse_linear,dependent,13,pearson_levels,0.93744998217223,TRUE,0.05,TRUE
inverse_linear,dependent,14,pearson_levels,0.923223012135208,TRUE,0.05,TRUE
inverse_linear,dependent,15,pearson_levels,0.931273578281137,TRUE,0.05,TRUE
inverse_linear,dependent,16,pearson_levels,0.941808548067989,TRUE,0.05,TRUE
inverse_linear,dependent,17,pearson_levels,0.938343828056952,TRUE,0.05,TRUE
inverse_linear,dependent,18,pearson_levels,0.980667850041067,TRUE,0.05,TRUE
inverse_linear,dependent,19,pearson_levels,0.935584954535229,TRUE,0.05,TRUE
inverse_linear,dependent,20,pearson_levels,0.923011567971891,TRUE,0.05,TRUE
inverse_linear,dependent,21,pearson_levels,0.936684889033562,TRUE,0.05,TRUE
inverse_linear,dependent,22,pearson_levels,0.918557300687885,TRUE,0.05,TRUE
inverse_linear,dependent,23,pearson_levels,0.948551885177567,TRUE,0.05,TRUE
inverse_linear,dependent,24,pearson_levels,0.904994875732411,TRUE,0.05,TRUE
inverse_linear,dependent,25,pearson_levels,0.907480130306157,TRUE,0.05,TRUE
inverse_linear,dependent,26,pearson_levels,0.919407459789188,TRUE,0.05,TRUE
inverse_linear,dependent,27,pearson_levels,0.933815618269667,TRUE,0.05,TRUE
inverse_linear,dependent,28,pearson_levels,0.920741252665235,TRUE,0.05,TRUE
inverse_linear,dependent,29,pearson_levels,0.893550464052521,TRUE,0.05,TRUE
inverse_linear,dependent,30,pearson_levels,0.927258217012674,TRUE,0.05,TRUE
inverse_linear,dependent,1,spearman_beta,0.855521155830753,TRUE,0.05,TRUE
inverse_linear,dependent,2,spearman_beta,0.898864809081527,TRUE,0.05,TRUE
inverse_linear,dependent,3,spearman_beta,0.942208462332301,TRUE,0.05,TRUE
inverse_linear,dependent,4,spearman_beta,0.849329205366357,TRUE,0.05,TRUE
inverse_linear,dependent,5,spearman_beta,0.923632610939113,TRUE,0.05,TRUE
inverse_linear,dependent,6,spearman_beta,0.944272445820434,TRUE,0.05,TRUE
inverse_linear,dependent,7,spearman_beta,0.936016511867905,TRUE,0.05,TRUE
inverse_linear,dependent,8,spearman_beta,0.977296181630547,TRUE,0.05,TRUE
inverse_linear,dependent,9,spearman_beta,0.948400412796698,TRUE,0.05,TRUE
inverse_linear,dependent,10,spearman_beta,0.91124871001032,TRUE,0.05,TRUE
inverse_linear,dependent,11,spearman_beta,0.977296181630547,TRUE,0.05,TRUE
inverse_linear,dependent,12,spearman_beta,0.892672858617131,TRUE,0.05,TRUE
inverse_linear,dependent,13,spearman_beta,0.927760577915377,TRUE,0.05,TRUE
inverse_linear,dependent,14,spearman_beta,0.890608875128999,TRUE,0.05,TRUE
inverse_linear,dependent,15,spearman_beta,0.915376676986584,TRUE,0.05,TRUE
inverse_linear,dependent,16,spearman_beta,0.925696594427245,TRUE,0.05,TRUE
inverse_linear,dependent,17,spearman_beta,0.956656346749226,TRUE,0.05,TRUE
inverse_linear,dependent,18,spearman_beta,0.96078431372549,TRUE,0.05,TRUE
inverse_linear,dependent,19,spearman_beta,0.940144478844169,TRUE,0.05,TRUE
inverse_linear,dependent,20,spearman_beta,0.884416924664603,TRUE,0.05,TRUE
inverse_linear,dependent,21,spearman_beta,0.940144478844169,TRUE,0.05,TRUE
inverse_linear,dependent,22,spearman_beta,0.890608875128999,TRUE,0.05,TRUE
inverse_linear,dependent,23,spearman_beta,0.969040247678019,TRUE,0.05,TRUE
inverse_linear,dependent,24,spearman_beta,0.898864809081527,TRUE,0.05,TRUE
inverse_linear,dependent,25,spearman_beta,0.87203302373581,TRUE,0.05,TRUE
inverse_linear,dependent,26,spearman_beta,0.882352941176471,TRUE,0.05,TRUE
inverse_linear,dependent,27,spearman_beta,0.964912280701754,TRUE,0.05,TRUE
inverse_linear,dependent,28,spearman_beta,0.954592363261094,TRUE,0.05,TRUE
inverse_linear,dependent,29,spearman_beta,0.869969040247678,TRUE,0.05,TRUE
inverse_linear,dependent,30,spearman_beta,0.952528379772962,TRUE,0.05,TRUE
inverse_linear,dependent,1,spearman_levels,0.842317729527624,TRUE,0.05,TRUE
inverse_linear,dependent,2,spearman_levels,0.908174097664543,TRUE,0.05,TRUE
inverse_linear,dependent,3,spearman_levels,0.910351104610307,TRUE,0.05,TRUE
inverse_linear,dependent,4,spearman_levels,0.883512638102395,TRUE,0.05,TRUE
inverse_linear,dependent,5,spearman_levels,0.921543092292827,TRUE,0.05,TRUE
inverse_linear,dependent,6,spearman_levels,0.94211484411619,TRUE,0.05,TRUE
inverse_linear,dependent,7,spearman_levels,0.891601848629571,TRUE,0.05,TRUE
inverse_linear,dependent,8,spearman_levels,0.972681304644843,TRUE,0.05,TRUE
inverse_linear,dependent,9,spearman_levels,0.967746971830438,TRUE,0.05,TRUE
inverse_linear,dependent,10,spearman_levels,0.874416261137019,TRUE,0.05,TRUE
inverse_linear,dependent,11,spearman_levels,0.956055398274262,TRUE,0.05,TRUE
inverse_linear,dependent,12,spearman_levels,0.919151016641143,TRUE,0.05,TRUE
inverse_linear,dependent,13,spearman_levels,0.916140527047328,TRUE,0.05,TRUE
inverse_linear,dependent,14,spearman_levels,0.914558955376282,TRUE,0.05,TRUE
inverse_linear,dependent,15,spearman_levels,0.914169845244367,TRUE,0.05,TRUE
inverse_linear,dependent,16,spearman_levels,0.930496053112608,TRUE,0.05,TRUE
inverse_linear,dependent,17,spearman_levels,0.934552796875285,TRUE,0.05,TRUE
inverse_linear,dependent,18,spearman_levels,0.976823205969053,TRUE,0.05,TRUE
inverse_linear,dependent,19,spearman_levels,0.968848898324816,TRUE,0.05,TRUE
inverse_linear,dependent,20,spearman_levels,0.884537352774779,TRUE,0.05,TRUE
inverse_linear,dependent,21,spearman_levels,0.938228069140955,TRUE,0.05,TRUE
inverse_linear,dependent,22,spearman_levels,0.92168471480433,TRUE,0.05,TRUE
inverse_linear,dependent,23,spearman_levels,0.937964912467428,TRUE,0.05,TRUE
inverse_linear,dependent,24,spearman_levels,0.918068322184388,TRUE,0.05,TRUE
inverse_linear,dependent,25,spearman_levels,0.874604447376206,TRUE,0.05,TRUE
inverse_linear,dependent,26,spearman_levels,0.842339423837986,TRUE,0.05,TRUE
inverse_linear,dependent,27,spearman_levels,0.944112585680032,TRUE,0.05,TRUE
inverse_linear,dependent,28,spearman_levels,0.936609734015037,TRUE,0.05,TRUE
inverse_linear,dependent,29,spearman_levels,0.910793754861429,TRUE,0.05,TRUE
inverse_linear,dependent,30,spearman_levels,0.93298633916255,TRUE,0.05,TRUE
inverse_linear,dependent,1,xi_levels_mean,0.404715650591447,TRUE,0.05,TRUE
inverse_linear,dependent,2,xi_levels_mean,0.565753277057399,TRUE,0.05,TRUE
inverse_linear,dependent,3,xi_levels_mean,0.51795103298104,TRUE,0.05,TRUE
inverse_linear,dependent,4,xi_levels_mean,0.551026567844926,TRUE,0.05,TRUE
inverse_linear,dependent,5,xi_levels_mean,0.570206446287643,TRUE,0.05,TRUE
inverse_linear,dependent,6,xi_levels_mean,0.60685839208243,TRUE,0.05,TRUE
inverse_linear,dependent,7,xi_levels_mean,0.498023446019629,TRUE,0.05,TRUE
inverse_linear,dependent,8,xi_levels_mean,0.689313835408129,TRUE,0.05,TRUE
inverse_linear,dependent,9,xi_levels_mean,0.719276068341288,TRUE,0.05,TRUE
inverse_linear,dependent,10,xi_levels_mean,0.483061738458494,TRUE,0.05,TRUE
inverse_linear,dependent,11,xi_levels_mean,0.724449156255596,TRUE,0.05,TRUE
inverse_linear,dependent,12,xi_levels_mean,0.62044127017842,TRUE,0.05,TRUE
inverse_linear,dependent,13,xi_levels_mean,0.57340723387235,TRUE,0.05,TRUE
inverse_linear,dependent,14,xi_levels_mean,0.549386488263647,TRUE,0.05,TRUE
inverse_linear,dependent,15,xi_levels_mean,0.590963024783193,TRUE,0.05,TRUE
inverse_linear,dependent,16,xi_levels_mean,0.672541730287705,TRUE,0.05,TRUE
inverse_linear,dependent,17,xi_levels_mean,0.626829268292683,TRUE,0.05,TRUE
inverse_linear,dependent,18,xi_levels_mean,0.7299015451318,TRUE,0.05,TRUE
inverse_linear,dependent,19,xi_levels_mean,0.726807330867556,TRUE,0.05,TRUE
inverse_linear,dependent,20,xi_levels_mean,0.514116929526894,TRUE,0.05,TRUE
inverse_linear,dependent,21,xi_levels_mean,0.604759881002975,TRUE,0.05,TRUE
inverse_linear,dependent,22,xi_levels_mean,0.56644425846458,TRUE,0.05,TRUE
inverse_linear,dependent,23,xi_levels_mean,0.5787464068242,TRUE,0.05,TRUE
inverse_linear,dependent,24,xi_levels_mean,0.668469773766012,TRUE,0.05,TRUE
inverse_linear,dependent,25,xi_levels_mean,0.446784696784697,TRUE,0.05,TRUE
inverse_linear,dependent,26,xi_levels_mean,0.452405513176144,TRUE,0.05,TRUE
inverse_linear,dependent,27,xi_levels_mean,0.702018598252584,TRUE,0.05,TRUE
inverse_linear,dependent,28,xi_levels_mean,0.601414827391058,TRUE,0.05,TRUE
inverse_linear,dependent,29,xi_levels_mean,0.512903070887268,TRUE,0.05,TRUE
inverse_linear,dependent,30,xi_levels_mean,0.583570628787214,TRUE,0.05,TRUE
inverse_linear,dependent,1,dcor_beta,0.873016911774749,TRUE,0.05,TRUE
inverse_linear,dependent,2,dcor_beta,0.899547075493748,TRUE,0.05,TRUE
inverse_linear,dependent,3,dcor_beta,0.967586775868183,TRUE,0.05,TRUE
inverse_linear,dependent,4,dcor_beta,0.945845407358615,TRUE,0.05,TRUE
inverse_linear,dependent,5,dcor_beta,0.931821665853968,TRUE,0.05,TRUE
inverse_linear,dependent,6,dcor_beta,0.965170957168763,TRUE,0.05,TRUE
inverse_linear,dependent,7,dcor_beta,0.930206264045693,TRUE,0.05,TRUE
inverse_linear,dependent,8,dcor_beta,0.982275324981678,TRUE,0.05,TRUE
inverse_linear,dependent,9,dcor_beta,0.968226344928019,TRUE,0.05,TRUE
inverse_linear,dependent,10,dcor_beta,0.944217314046363,TRUE,0.05,TRUE
inverse_linear,dependent,11,dcor_beta,0.958251624671977,TRUE,0.05,TRUE
inverse_linear,dependent,12,dcor_beta,0.940055269360445,TRUE,0.05,TRUE
inverse_linear,dependent,13,dcor_beta,0.95768282407683,TRUE,0.05,TRUE
inverse_linear,dependent,14,dcor_beta,0.925808639158724,TRUE,0.05,TRUE
inverse_linear,dependent,15,dcor_beta,0.945565702714691,TRUE,0.05,TRUE
inverse_linear,dependent,16,dcor_beta,0.900290655596057,TRUE,0.05,TRUE
inverse_linear,dependent,17,dcor_beta,0.96088036250721,TRUE,0.05,TRUE
inverse_linear,dependent,18,dcor_beta,0.972711402459628,TRUE,0.05,TRUE
inverse_linear,dependent,19,dcor_beta,0.924175558639667,TRUE,0.05,TRUE
inverse_linear,dependent,20,dcor_beta,0.962354640755572,TRUE,0.05,TRUE
inverse_linear,dependent,21,dcor_beta,0.933764169697023,TRUE,0.05,TRUE
inverse_linear,dependent,22,dcor_beta,0.957381285462741,TRUE,0.05,TRUE
inverse_linear,dependent,23,dcor_beta,0.970514412704493,TRUE,0.05,TRUE
inverse_linear,dependent,24,dcor_beta,0.936756346711599,TRUE,0.05,TRUE
inverse_linear,dependent,25,dcor_beta,0.918447139664113,TRUE,0.05,TRUE
inverse_linear,dependent,26,dcor_beta,0.929680851155402,TRUE,0.05,TRUE
inverse_linear,dependent,27,dcor_beta,0.965999262029343,TRUE,0.05,TRUE
inverse_linear,dependent,28,dcor_beta,0.945669444423716,TRUE,0.05,TRUE
inverse_linear,dependent,29,dcor_beta,0.918710645664151,TRUE,0.05,TRUE
inverse_linear,dependent,30,dcor_beta,0.938754019110972,TRUE,0.05,TRUE
inverse_linear,dependent,1,dcor_levels,0.818836902010607,TRUE,0.05,TRUE
inverse_linear,dependent,2,dcor_levels,0.886525892903155,TRUE,0.05,TRUE
inverse_linear,dependent,3,dcor_levels,0.912594450748139,TRUE,0.05,TRUE
inverse_linear,dependent,4,dcor_levels,0.939638872646474,TRUE,0.05,TRUE
inverse_linear,dependent,5,dcor_levels,0.918804016517226,TRUE,0.05,TRUE
inverse_linear,dependent,6,dcor_levels,0.965439125111994,TRUE,0.05,TRUE
inverse_linear,dependent,7,dcor_levels,0.898940265126886,TRUE,0.05,TRUE
inverse_linear,dependent,8,dcor_levels,0.963249907495243,TRUE,0.05,TRUE
inverse_linear,dependent,9,dcor_levels,0.968830534003501,TRUE,0.05,TRUE
inverse_linear,dependent,10,dcor_levels,0.899186800517659,TRUE,0.05,TRUE
inverse_linear,dependent,11,dcor_levels,0.955788058131998,TRUE,0.05,TRUE
inverse_linear,dependent,12,dcor_levels,0.945386229418466,TRUE,0.05,TRUE
inverse_linear,dependent,13,dcor_levels,0.936389183024871,TRUE,0.05,TRUE
inverse_linear,dependent,14,dcor_levels,0.895758717193025,TRUE,0.05,TRUE
inverse_linear,dependent,15,dcor_levels,0.921221420976995,TRUE,0.05,TRUE
inverse_linear,dependent,16,dcor_levels,0.933676160028987,TRUE,0.05,TRUE
inverse_linear,dependent,17,dcor_levels,0.927210905627255,TRUE,0.05,TRUE
inverse_linear,dependent,18,dcor_levels,0.97949217961175,TRUE,0.05,TRUE
inverse_linear,dependent,19,dcor_levels,0.933901446085031,TRUE,0.05,TRUE
inverse_linear,dependent,20,dcor_levels,0.925537466923021,TRUE,0.05,TRUE
inverse_linear,dependent,21,dcor_levels,0.92225406960501,TRUE,0.05,TRUE
inverse_linear,dependent,22,dcor_levels,0.934906248122414,TRUE,0.05,TRUE
inverse_linear,dependent,23,dcor_levels,0.948749743645998,TRUE,0.05,TRUE
inverse_linear,dependent,24,dcor_levels,0.925854387555375,TRUE,0.05,TRUE
inverse_linear,dependent,25,dcor_levels,0.884999219046952,TRUE,0.05,TRUE
inverse_linear,dependent,26,dcor_levels,0.90772815147025,TRUE,0.05,TRUE
inverse_linear,dependent,27,dcor_levels,0.94499297988334,TRUE,0.05,TRUE
inverse_linear,dependent,28,dcor_levels,0.920358457194456,TRUE,0.05,TRUE
inverse_linear,dependent,29,dcor_levels,0.887903938677595,TRUE,0.05,TRUE
inverse_linear,dependent,30,dcor_levels,0.908699432187827,TRUE,0.05,TRUE
inverse_linear,dependent,1,unbiased_dcov2_levels,1.08278867102396,TRUE,0.05,TRUE
inverse_linear,dependent,2,unbiased_dcov2_levels,1.13932461873638,TRUE,0.05,TRUE
inverse_linear,dependent,3,unbiased_dcov2_levels,2.44575163398692,TRUE,0.05,TRUE
inverse_linear,dependent,4,unbiased_dcov2_levels,3.4338779956427,TRUE,0.05,TRUE
inverse_linear,dependent,5,unbiased_dcov2_levels,2.35359477124183,TRUE,0.05,TRUE
inverse_linear,dependent,6,unbiased_dcov2_levels,3.16220043572985,TRUE,0.05,TRUE
inverse_linear,dependent,7,unbiased_dcov2_levels,2.40544662309368,TRUE,0.05,TRUE
inverse_linear,dependent,8,unbiased_dcov2_levels,4.17407407407408,TRUE,0.05,TRUE
inverse_linear,dependent,9,unbiased_dcov2_levels,3.63028322440087,TRUE,0.05,TRUE
inverse_linear,dependent,10,unbiased_dcov2_levels,2.05348583877996,TRUE,0.05,TRUE
inverse_linear,dependent,11,unbiased_dcov2_levels,4.40631808278867,TRUE,0.05,TRUE
inverse_linear,dependent,12,unbiased_dcov2_levels,4.09782135076253,TRUE,0.05,TRUE
inverse_linear,dependent,13,unbiased_dcov2_levels,3.25261437908496,TRUE,0.05,TRUE
inverse_linear,dependent,14,unbiased_dcov2_levels,1.29237472766884,TRUE,0.05,TRUE
inverse_linear,dependent,15,unbiased_dcov2_levels,2.94335511982571,TRUE,0.05,TRUE
inverse_linear,dependent,16,unbiased_dcov2_levels,2.01089324618736,TRUE,0.05,TRUE
inverse_linear,dependent,17,unbiased_dcov2_levels,3.00740740740741,TRUE,0.05,TRUE
inverse_linear,dependent,18,unbiased_dcov2_levels,4.26209150326797,TRUE,0.05,TRUE
inverse_linear,dependent,19,unbiased_dcov2_levels,2.32930283224401,TRUE,0.05,TRUE
inverse_linear,dependent,20,unbiased_dcov2_levels,2.43082788671024,TRUE,0.05,TRUE
inverse_linear,dependent,21,unbiased_dcov2_levels,3.09912854030501,TRUE,0.05,TRUE
inverse_linear,dependent,22,unbiased_dcov2_levels,3.20196078431372,TRUE,0.05,TRUE
inverse_linear,dependent,23,unbiased_dcov2_levels,4.63159041394335,TRUE,0.05,TRUE
inverse_linear,dependent,24,unbiased_dcov2_levels,1.62374727668845,TRUE,0.05,TRUE
inverse_linear,dependent,25,unbiased_dcov2_levels,1.79575163398693,TRUE,0.05,TRUE
inverse_linear,dependent,26,unbiased_dcov2_levels,1.96503267973856,TRUE,0.05,TRUE
inverse_linear,dependent,27,unbiased_dcov2_levels,3.20283224400871,TRUE,0.05,TRUE
inverse_linear,dependent,28,unbiased_dcov2_levels,1.63311546840959,TRUE,0.05,TRUE
inverse_linear,dependent,29,unbiased_dcov2_levels,2.68464052287582,TRUE,0.05,TRUE
inverse_linear,dependent,30,unbiased_dcov2_levels,2.5636165577342,TRUE,0.05,TRUE
nonlinear_u,dependent,1,ordinal_similarity,0.580246913580247,TRUE,1,FALSE
nonlinear_u,dependent,2,ordinal_similarity,0.648148148148148,TRUE,0.35,FALSE
nonlinear_u,dependent,3,ordinal_similarity,0.518518518518519,TRUE,1,FALSE
nonlinear_u,dependent,4,ordinal_similarity,0.691358024691358,TRUE,0.5,FALSE
nonlinear_u,dependent,5,ordinal_similarity,0.524691358024691,TRUE,1,FALSE
nonlinear_u,dependent,6,ordinal_similarity,0.592592592592593,TRUE,0.55,FALSE
nonlinear_u,dependent,7,ordinal_similarity,0.611111111111111,TRUE,0.25,FALSE
nonlinear_u,dependent,8,ordinal_similarity,0.574074074074074,TRUE,0.95,FALSE
nonlinear_u,dependent,9,ordinal_similarity,0.611111111111111,TRUE,0.65,FALSE
nonlinear_u,dependent,10,ordinal_similarity,0.598765432098765,TRUE,0.5,FALSE
nonlinear_u,dependent,11,ordinal_similarity,0.561728395061729,TRUE,0.6,FALSE
nonlinear_u,dependent,12,ordinal_similarity,0.648148148148148,TRUE,0.7,FALSE
nonlinear_u,dependent,13,ordinal_similarity,0.518518518518519,TRUE,1,FALSE
nonlinear_u,dependent,14,ordinal_similarity,0.617283950617284,TRUE,0.65,FALSE
nonlinear_u,dependent,15,ordinal_similarity,0.395061728395062,TRUE,1,FALSE
nonlinear_u,dependent,16,ordinal_similarity,0.604938271604938,TRUE,0.45,FALSE
nonlinear_u,dependent,17,ordinal_similarity,0.518518518518519,TRUE,1,FALSE
nonlinear_u,dependent,18,ordinal_similarity,0.561728395061729,TRUE,0.9,FALSE
nonlinear_u,dependent,19,ordinal_similarity,0.537037037037037,TRUE,0.9,FALSE
nonlinear_u,dependent,20,ordinal_similarity,0.58641975308642,TRUE,0.75,FALSE
nonlinear_u,dependent,21,ordinal_similarity,0.524691358024691,TRUE,0.8,FALSE
nonlinear_u,dependent,22,ordinal_similarity,0.54320987654321,TRUE,1,FALSE
nonlinear_u,dependent,23,ordinal_similarity,0.567901234567901,TRUE,0.95,FALSE
nonlinear_u,dependent,24,ordinal_similarity,0.623456790123457,TRUE,0.6,FALSE
nonlinear_u,dependent,25,ordinal_similarity,0.62962962962963,TRUE,0.4,FALSE
nonlinear_u,dependent,26,ordinal_similarity,0.62962962962963,TRUE,0.7,FALSE
nonlinear_u,dependent,27,ordinal_similarity,0.567901234567901,TRUE,0.75,FALSE
nonlinear_u,dependent,28,ordinal_similarity,0.549382716049383,TRUE,0.9,FALSE
nonlinear_u,dependent,29,ordinal_similarity,0.623456790123457,TRUE,0.85,FALSE
nonlinear_u,dependent,30,ordinal_similarity,0.506172839506173,TRUE,1,FALSE
nonlinear_u,dependent,1,linear_kappa,-0.246435845213849,TRUE,1,FALSE
nonlinear_u,dependent,2,linear_kappa,0.131979695431472,TRUE,0.35,FALSE
nonlinear_u,dependent,3,linear_kappa,-0.206185567010309,TRUE,1,FALSE
nonlinear_u,dependent,4,linear_kappa,0.0721649484536083,TRUE,0.5,FALSE
nonlinear_u,dependent,5,linear_kappa,-0.348249027237354,TRUE,1,FALSE
nonlinear_u,dependent,6,linear_kappa,-0.0223752151462995,TRUE,0.55,FALSE
nonlinear_u,dependent,7,linear_kappa,0.108490566037736,TRUE,0.25,FALSE
nonlinear_u,dependent,8,linear_kappa,-0.133211678832117,TRUE,0.95,FALSE
nonlinear_u,dependent,9,linear_kappa,-0.029038112522686,TRUE,0.65,FALSE
nonlinear_u,dependent,10,linear_kappa,0.040983606557377,TRUE,0.5,FALSE
nonlinear_u,dependent,11,linear_kappa,-0.0256821829855538,TRUE,0.6,FALSE
nonlinear_u,dependent,12,linear_kappa,-0.059917355371901,TRUE,0.7,FALSE
nonlinear_u,dependent,13,linear_kappa,-0.206185567010309,TRUE,1,FALSE
nonlinear_u,dependent,14,linear_kappa,-0.0163934426229508,TRUE,0.65,FALSE
nonlinear_u,dependent,15,linear_kappa,-0.541958041958042,TRUE,1,FALSE
nonlinear_u,dependent,16,linear_kappa,0.00689655172413795,TRUE,0.45,FALSE
nonlinear_u,dependent,17,linear_kappa,-0.238095238095238,TRUE,1,FALSE
nonlinear_u,dependent,18,linear_kappa,-0.151351351351352,TRUE,0.9,FALSE
nonlinear_u,dependent,19,linear_kappa,-0.203208556149733,TRUE,0.9,FALSE
nonlinear_u,dependent,20,linear_kappa,-0.0151515151515151,TRUE,0.75,FALSE
nonlinear_u,dependent,21,linear_kappa,-0.103503184713376,TRUE,0.8,FALSE
nonlinear_u,dependent,22,linear_kappa,-0.359183673469388,TRUE,1,FALSE
nonlinear_u,dependent,23,linear_kappa,-0.162361623616236,TRUE,0.95,FALSE
nonlinear_u,dependent,24,linear_kappa,-0.030018761726079,TRUE,0.6,FALSE
nonlinear_u,dependent,25,linear_kappa,0.0721649484536082,TRUE,0.4,FALSE
nonlinear_u,dependent,26,linear_kappa,0.00552486187845291,TRUE,0.7,FALSE
nonlinear_u,dependent,27,linear_kappa,-0.0144927536231882,TRUE,0.75,FALSE
nonlinear_u,dependent,28,linear_kappa,-0.17741935483871,TRUE,0.9,FALSE
nonlinear_u,dependent,29,linear_kappa,-0.0417457305502849,TRUE,0.85,FALSE
nonlinear_u,dependent,30,linear_kappa,-0.276595744680851,TRUE,1,FALSE
nonlinear_u,dependent,1,quadratic_kappa,-0.399727148703956,TRUE,1,FALSE
nonlinear_u,dependent,2,quadratic_kappa,0.227479526842584,TRUE,0.15,FALSE
nonlinear_u,dependent,3,quadratic_kappa,-0.218917950555356,TRUE,1,FALSE
nonlinear_u,dependent,4,quadratic_kappa,0.114261884904087,TRUE,0.45,FALSE
nonlinear_u,dependent,5,quadratic_kappa,-0.305680425010217,TRUE,1,FALSE
nonlinear_u,dependent,6,quadratic_kappa,-0.0534640936412527,TRUE,0.65,FALSE
nonlinear_u,dependent,7,quadratic_kappa,0.274067649609714,TRUE,0.05,TRUE
nonlinear_u,dependent,8,quadratic_kappa,-0.0715075562108372,TRUE,0.7,FALSE
nonlinear_u,dependent,9,quadratic_kappa,0.0564263322884012,TRUE,0.5,FALSE
nonlinear_u,dependent,10,quadratic_kappa,0.091458153580673,TRUE,0.35,FALSE
nonlinear_u,dependent,11,quadratic_kappa,0.104929374459499,TRUE,0.4,FALSE
nonlinear_u,dependent,12,quadratic_kappa,-0.0399429386590586,TRUE,0.4,FALSE
nonlinear_u,dependent,13,quadratic_kappa,-0.234487263226649,TRUE,0.9,FALSE
nonlinear_u,dependent,14,quadratic_kappa,0.0293159609120521,TRUE,0.6,FALSE
nonlinear_u,dependent,15,quadratic_kappa,-0.685522531160115,TRUE,1,FALSE
nonlinear_u,dependent,16,quadratic_kappa,0.160231660231661,TRUE,0.25,FALSE
nonlinear_u,dependent,17,quadratic_kappa,-0.176237623762376,TRUE,0.85,FALSE
nonlinear_u,dependent,18,quadratic_kappa,-0.173374613003096,TRUE,0.85,FALSE
nonlinear_u,dependent,19,quadratic_kappa,-0.0990712074303415,TRUE,0.75,FALSE
nonlinear_u,dependent,20,quadratic_kappa,0.139275766016713,TRUE,0.35,FALSE
nonlinear_u,dependent,21,quadratic_kappa,-0.0104438642297651,TRUE,0.55,FALSE
nonlinear_u,dependent,22,quadratic_kappa,-0.557173447537473,TRUE,1,FALSE
nonlinear_u,dependent,23,quadratic_kappa,-0.125000000000001,TRUE,0.8,FALSE
nonlinear_u,dependent,24,quadratic_kappa,0.0589812332439679,TRUE,0.15,FALSE
nonlinear_u,dependent,25,quadratic_kappa,0.26647564469914,TRUE,0.1,FALSE
nonlinear_u,dependent,26,quadratic_kappa,0.169125993189557,TRUE,0.4,FALSE
nonlinear_u,dependent,27,quadratic_kappa,0.0687830687830684,TRUE,0.4,FALSE
nonlinear_u,dependent,28,quadratic_kappa,-0.176329331046312,TRUE,0.8,FALSE
nonlinear_u,dependent,29,quadratic_kappa,-2.22044604925031e-16,TRUE,0.65,FALSE
nonlinear_u,dependent,30,quadratic_kappa,-0.245359433007087,TRUE,1,FALSE
nonlinear_u,dependent,1,pearson_beta,0.48574513736355,TRUE,0.05,TRUE
nonlinear_u,dependent,2,pearson_beta,0.220235311962067,TRUE,0.3,FALSE
nonlinear_u,dependent,3,pearson_beta,0.396827939870083,TRUE,0.05,TRUE
nonlinear_u,dependent,4,pearson_beta,0.116044264656776,TRUE,0.7,FALSE
nonlinear_u,dependent,5,pearson_beta,0.396435355136484,TRUE,0.1,FALSE
nonlinear_u,dependent,6,pearson_beta,0.0372716562479133,TRUE,0.9,FALSE
nonlinear_u,dependent,7,pearson_beta,0.45040429202362,TRUE,0.15,FALSE
nonlinear_u,dependent,8,pearson_beta,0.128288644676409,TRUE,0.6,FALSE
nonlinear_u,dependent,9,pearson_beta,0.0919241189352468,TRUE,0.75,FALSE
nonlinear_u,dependent,10,pearson_beta,0.0898395226968199,TRUE,0.75,FALSE
nonlinear_u,dependent,11,pearson_beta,0.183495229171194,TRUE,0.65,FALSE
nonlinear_u,dependent,12,pearson_beta,0.0558846834330072,TRUE,0.95,FALSE
nonlinear_u,dependent,13,pearson_beta,0.245589119396185,TRUE,0.3,FALSE
nonlinear_u,dependent,14,pearson_beta,0.0281401275310186,TRUE,0.9,FALSE
nonlinear_u,dependent,15,pearson_beta,0.650913713335684,TRUE,0.05,TRUE
nonlinear_u,dependent,16,pearson_beta,0.168000983329246,TRUE,0.5,FALSE
nonlinear_u,dependent,17,pearson_beta,0.193298645803189,TRUE,0.35,FALSE
nonlinear_u,dependent,18,pearson_beta,0.229503429719409,TRUE,0.4,FALSE
nonlinear_u,dependent,19,pearson_beta,0.15409701761618,TRUE,0.55,FALSE
nonlinear_u,dependent,20,pearson_beta,0.174553283073703,TRUE,0.45,FALSE
nonlinear_u,dependent,21,pearson_beta,0.056986084869704,TRUE,0.9,FALSE
nonlinear_u,dependent,22,pearson_beta,0.477263555852471,TRUE,0.05,TRUE
nonlinear_u,dependent,23,pearson_beta,0.155201981667718,TRUE,0.45,FALSE
nonlinear_u,dependent,24,pearson_beta,0.157414724624966,TRUE,0.55,FALSE
nonlinear_u,dependent,25,pearson_beta,0.319202068440669,TRUE,0.35,FALSE
nonlinear_u,dependent,26,pearson_beta,0.232108560542323,TRUE,0.5,FALSE
nonlinear_u,dependent,27,pearson_beta,0.125312205709917,TRUE,0.65,FALSE
nonlinear_u,dependent,28,pearson_beta,0.143081244611449,TRUE,0.5,FALSE
nonlinear_u,dependent,29,pearson_beta,0.018938093735022,TRUE,0.95,FALSE
nonlinear_u,dependent,30,pearson_beta,0.285094848513252,TRUE,0.3,FALSE
nonlinear_u,dependent,1,pearson_levels,0.482492334030411,TRUE,0.05,TRUE
nonlinear_u,dependent,2,pearson_levels,0.229017637397034,TRUE,0.3,FALSE
nonlinear_u,dependent,3,pearson_levels,0.508031040075617,TRUE,0.05,TRUE
nonlinear_u,dependent,4,pearson_levels,0.127213370560167,TRUE,0.7,FALSE
nonlinear_u,dependent,5,pearson_levels,0.359554056891183,TRUE,0.2,FALSE
nonlinear_u,dependent,6,pearson_levels,0.0547168686093867,TRUE,0.75,FALSE
nonlinear_u,dependent,7,pearson_levels,0.487814665946315,TRUE,0.05,TRUE
nonlinear_u,dependent,8,pearson_levels,0.103792301100823,TRUE,0.6,FALSE
nonlinear_u,dependent,9,pearson_levels,0.0661812416109579,TRUE,0.85,FALSE
nonlinear_u,dependent,10,pearson_levels,0.0956469925022593,TRUE,0.7,FALSE
nonlinear_u,dependent,11,pearson_levels,0.138750710237095,TRUE,0.7,FALSE
nonlinear_u,dependent,12,pearson_levels,0.0666356980848861,TRUE,0.95,FALSE
nonlinear_u,dependent,13,pearson_levels,0.240903791566277,TRUE,0.3,FALSE
nonlinear_u,dependent,14,pearson_levels,0.0360079066040035,TRUE,0.9,FALSE
nonlinear_u,dependent,15,pearson_levels,0.689186479561573,TRUE,0.05,TRUE
nonlinear_u,dependent,16,pearson_levels,0.174560919189086,TRUE,0.5,FALSE
nonlinear_u,dependent,17,pearson_levels,0.202628896833731,TRUE,0.4,FALSE
nonlinear_u,dependent,18,pearson_levels,0.174169309548083,TRUE,0.55,FALSE
nonlinear_u,dependent,19,pearson_levels,0.114772775324759,TRUE,0.7,FALSE
nonlinear_u,dependent,20,pearson_levels,0.167702163550301,TRUE,0.4,FALSE
nonlinear_u,dependent,21,pearson_levels,0.0168025703177488,TRUE,0.95,FALSE
nonlinear_u,dependent,22,pearson_levels,0.582791199032987,TRUE,0.05,TRUE
nonlinear_u,dependent,23,pearson_levels,0.181009424992477,TRUE,0.35,FALSE
nonlinear_u,dependent,24,pearson_levels,0.103849156002934,TRUE,0.6,FALSE
nonlinear_u,dependent,25,pearson_levels,0.311210891358455,TRUE,0.35,FALSE
nonlinear_u,dependent,26,pearson_levels,0.222647859649947,TRUE,0.45,FALSE
nonlinear_u,dependent,27,pearson_levels,0.0998818664679156,TRUE,0.7,FALSE
nonlinear_u,dependent,28,pearson_levels,0.190758982982058,TRUE,0.45,FALSE
nonlinear_u,dependent,29,pearson_levels,5.12676661539371e-17,TRUE,1,FALSE
nonlinear_u,dependent,30,pearson_levels,0.29049374862583,TRUE,0.25,FALSE
nonlinear_u,dependent,1,spearman_beta,0.329886951696158,TRUE,0.2,FALSE
nonlinear_u,dependent,2,spearman_beta,0.116615067079463,TRUE,0.75,FALSE
nonlinear_u,dependent,3,spearman_beta,0.0281558582064661,TRUE,0.9,FALSE
nonlinear_u,dependent,4,spearman_beta,0.147651026387883,TRUE,0.65,FALSE
nonlinear_u,dependent,5,spearman_beta,0.365150139898856,TRUE,0.15,FALSE
nonlinear_u,dependent,6,spearman_beta,0.0939112487100103,TRUE,0.6,FALSE
nonlinear_u,dependent,7,spearman_beta,0.529411764705882,TRUE,0.05,TRUE
nonlinear_u,dependent,8,spearman_beta,0.0753353973168215,TRUE,0.7,FALSE
nonlinear_u,dependent,9,spearman_beta,0.0392359370820947,TRUE,0.85,FALSE
nonlinear_u,dependent,10,spearman_beta,0.125968008526725,TRUE,0.55,FALSE
nonlinear_u,dependent,11,spearman_beta,0.254901960784314,TRUE,0.6,FALSE
nonlinear_u,dependent,12,spearman_beta,0.247928646124507,TRUE,0.3,FALSE
nonlinear_u,dependent,13,spearman_beta,0.278781658214884,TRUE,0.25,FALSE
nonlinear_u,dependent,14,spearman_beta,0.210635030651245,TRUE,0.6,FALSE
nonlinear_u,dependent,15,spearman_beta,0.614035087719298,TRUE,0.05,TRUE
nonlinear_u,dependent,16,spearman_beta,0.0835913312693498,TRUE,0.75,FALSE
nonlinear_u,dependent,17,spearman_beta,0.157976272988434,TRUE,0.45,FALSE
nonlinear_u,dependent,18,spearman_beta,0.372549019607843,TRUE,0.05,TRUE
nonlinear_u,dependent,19,spearman_beta,0.0867320714446304,TRUE,0.55,FALSE
nonlinear_u,dependent,20,spearman_beta,0.0920374253948529,TRUE,0.75,FALSE
nonlinear_u,dependent,21,spearman_beta,0.110480138625898,TRUE,0.55,FALSE
nonlinear_u,dependent,22,spearman_beta,0.713106295149639,TRUE,0.05,TRUE
nonlinear_u,dependent,23,spearman_beta,0.0879009118939607,TRUE,0.75,FALSE
nonlinear_u,dependent,24,spearman_beta,0.102378709147084,TRUE,0.75,FALSE
nonlinear_u,dependent,25,spearman_beta,0.0991223673652919,TRUE,0.65,FALSE
nonlinear_u,dependent,26,spearman_beta,0.166150670794634,TRUE,0.65,FALSE
nonlinear_u,dependent,27,spearman_beta,0.142488403087607,TRUE,0.55,FALSE
nonlinear_u,dependent,28,spearman_beta,0.100154892025347,TRUE,0.65,FALSE
nonlinear_u,dependent,29,spearman_beta,0.24574086909312,TRUE,0.3,FALSE
nonlinear_u,dependent,30,spearman_beta,0.159008797648489,TRUE,0.45,FALSE
nonlinear_u,dependent,1,spearman_levels,0.335042086250209,TRUE,0.15,FALSE
nonlinear_u,dependent,2,spearman_levels,0.156955921205391,TRUE,0.6,FALSE
nonlinear_u,dependent,3,spearman_levels,0.075275102127969,TRUE,0.8,FALSE
nonlinear_u,dependent,4,spearman_levels,0.106932513577531,TRUE,0.75,FALSE
nonlinear_u,dependent,5,spearman_levels,0.323026242189708,TRUE,0.3,FALSE
nonlinear_u,dependent,6,spearman_levels,0.0397249328956407,TRUE,0.9,FALSE
nonlinear_u,dependent,7,spearman_levels,0.546284323904878,TRUE,0.05,TRUE
nonlinear_u,dependent,8,spearman_levels,0.077109668621318,TRUE,0.75,FALSE
nonlinear_u,dependent,9,spearman_levels,0.00158573088419647,TRUE,1,FALSE
nonlinear_u,dependent,10,spearman_levels,0.115327452502173,TRUE,0.6,FALSE
nonlinear_u,dependent,11,spearman_levels,0.238402746415458,TRUE,0.6,FALSE
nonlinear_u,dependent,12,spearman_levels,0.250602168676445,TRUE,0.4,FALSE
nonlinear_u,dependent,13,spearman_levels,0.252759674342606,TRUE,0.25,FALSE
nonlinear_u,dependent,14,spearman_levels,0.14947130084829,TRUE,0.65,FALSE
nonlinear_u,dependent,15,spearman_levels,0.630177383186256,TRUE,0.05,TRUE
nonlinear_u,dependent,16,spearman_levels,0.101276178996031,TRUE,0.65,FALSE
nonlinear_u,dependent,17,spearman_levels,0.160817125053975,TRUE,0.45,FALSE
nonlinear_u,dependent,18,spearman_levels,0.353594277895566,TRUE,0.05,TRUE
nonlinear_u,dependent,19,spearman_levels,0.122062670868839,TRUE,0.5,FALSE
nonlinear_u,dependent,20,spearman_levels,0.10217659013849,TRUE,0.75,FALSE
nonlinear_u,dependent,21,spearman_levels,0.145757647833901,TRUE,0.45,FALSE
nonlinear_u,dependent,22,spearman_levels,0.760069462002748,TRUE,0.05,TRUE
nonlinear_u,dependent,23,spearman_levels,0.168202431211595,TRUE,0.4,FALSE
nonlinear_u,dependent,24,spearman_levels,0.0423360694006686,TRUE,0.75,FALSE
nonlinear_u,dependent,25,spearman_levels,0.128473653196782,TRUE,0.65,FALSE
nonlinear_u,dependent,26,spearman_levels,0.133124168402677,TRUE,0.6,FALSE
nonlinear_u,dependent,27,spearman_levels,0.0973483582700154,TRUE,0.6,FALSE
nonlinear_u,dependent,28,spearman_levels,0.12276761690388,TRUE,0.6,FALSE
nonlinear_u,dependent,29,spearman_levels,0.233732340281607,TRUE,0.4,FALSE
nonlinear_u,dependent,30,spearman_levels,0.157731845941658,TRUE,0.5,FALSE
nonlinear_u,dependent,1,xi_levels_mean,0.450796950796951,TRUE,0.05,TRUE
nonlinear_u,dependent,2,xi_levels_mean,0.303484070914423,TRUE,0.05,TRUE
nonlinear_u,dependent,3,xi_levels_mean,0.265537429623075,TRUE,0.05,TRUE
nonlinear_u,dependent,4,xi_levels_mean,0.304416222598041,TRUE,0.05,TRUE
nonlinear_u,dependent,5,xi_levels_mean,0.297877704199068,TRUE,0.05,TRUE
nonlinear_u,dependent,6,xi_levels_mean,0.208254416569751,TRUE,0.1,FALSE
nonlinear_u,dependent,7,xi_levels_mean,0.355235982804354,TRUE,0.05,TRUE
nonlinear_u,dependent,8,xi_levels_mean,0.308920363344521,TRUE,0.05,TRUE
nonlinear_u,dependent,9,xi_levels_mean,0.25531708241097,TRUE,0.05,TRUE
nonlinear_u,dependent,10,xi_levels_mean,0.271909407665505,TRUE,0.05,TRUE
nonlinear_u,dependent,11,xi_levels_mean,0.262222451187471,TRUE,0.05,TRUE
nonlinear_u,dependent,12,xi_levels_mean,0.290933706070288,TRUE,0.05,TRUE
nonlinear_u,dependent,13,xi_levels_mean,0.309237332992302,TRUE,0.05,TRUE
nonlinear_u,dependent,14,xi_levels_mean,0.268006767774287,TRUE,0.05,TRUE
nonlinear_u,dependent,15,xi_levels_mean,0.571981575117406,TRUE,0.05,TRUE
nonlinear_u,dependent,16,xi_levels_mean,0.378751224071931,TRUE,0.05,TRUE
nonlinear_u,dependent,17,xi_levels_mean,0.403072033898305,TRUE,0.05,TRUE
nonlinear_u,dependent,18,xi_levels_mean,0.402810836782969,TRUE,0.05,TRUE
nonlinear_u,dependent,19,xi_levels_mean,0.502934557299378,TRUE,0.05,TRUE
nonlinear_u,dependent,20,xi_levels_mean,0.298666348656563,TRUE,0.05,TRUE
nonlinear_u,dependent,21,xi_levels_mean,0.378881286383225,TRUE,0.05,TRUE
nonlinear_u,dependent,22,xi_levels_mean,0.546928888830285,TRUE,0.05,TRUE
nonlinear_u,dependent,23,xi_levels_mean,0.394952428853948,TRUE,0.05,TRUE
nonlinear_u,dependent,24,xi_levels_mean,0.245138848628906,TRUE,0.1,FALSE
nonlinear_u,dependent,25,xi_levels_mean,0.285507008037098,TRUE,0.05,TRUE
nonlinear_u,dependent,26,xi_levels_mean,0.342125844294348,TRUE,0.05,TRUE
nonlinear_u,dependent,27,xi_levels_mean,0.307174493297744,TRUE,0.05,TRUE
nonlinear_u,dependent,28,xi_levels_mean,0.345843028561,TRUE,0.05,TRUE
nonlinear_u,dependent,29,xi_levels_mean,0.251051029585667,TRUE,0.05,TRUE
nonlinear_u,dependent,30,xi_levels_mean,0.312675030121463,TRUE,0.05,TRUE
nonlinear_u,dependent,1,dcor_beta,0.712776940815953,TRUE,0.05,TRUE
nonlinear_u,dependent,2,dcor_beta,0.501524836896182,TRUE,0.15,FALSE
nonlinear_u,dependent,3,dcor_beta,0.634469309289824,TRUE,0.05,TRUE
nonlinear_u,dependent,4,dcor_beta,0.480874497719313,TRUE,0.1,FALSE
nonlinear_u,dependent,5,dcor_beta,0.649084604132276,TRUE,0.05,TRUE
nonlinear_u,dependent,6,dcor_beta,0.450846853955104,TRUE,0.2,FALSE
nonlinear_u,dependent,7,dcor_beta,0.630934048214789,TRUE,0.05,TRUE
nonlinear_u,dependent,8,dcor_beta,0.514897205469168,TRUE,0.1,FALSE
nonlinear_u,dependent,9,dcor_beta,0.484840814666981,TRUE,0.1,FALSE
nonlinear_u,dependent,10,dcor_beta,0.483557170340391,TRUE,0.1,FALSE
nonlinear_u,dependent,11,dcor_beta,0.555799371265655,TRUE,0.2,FALSE
nonlinear_u,dependent,12,dcor_beta,0.5684004925259,TRUE,0.15,FALSE
nonlinear_u,dependent,13,dcor_beta,0.438865188434965,TRUE,0.1,FALSE
nonlinear_u,dependent,14,dcor_beta,0.509980908728891,TRUE,0.1,FALSE
nonlinear_u,dependent,15,dcor_beta,0.778540254151063,TRUE,0.05,TRUE
nonlinear_u,dependent,16,dcor_beta,0.514773773168326,TRUE,0.15,FALSE
nonlinear_u,dependent,17,dcor_beta,0.569688196116476,TRUE,0.05,TRUE
nonlinear_u,dependent,18,dcor_beta,0.563597053814358,TRUE,0.05,TRUE
nonlinear_u,dependent,19,dcor_beta,0.533996847071724,TRUE,0.2,FALSE
nonlinear_u,dependent,20,dcor_beta,0.569068340147754,TRUE,0.05,TRUE
nonlinear_u,dependent,21,dcor_beta,0.635975235031369,TRUE,0.05,TRUE
nonlinear_u,dependent,22,dcor_beta,0.696399312085468,TRUE,0.05,TRUE
nonlinear_u,dependent,23,dcor_beta,0.531196471344799,TRUE,0.05,TRUE
nonlinear_u,dependent,24,dcor_beta,0.485408435661831,TRUE,0.15,FALSE
nonlinear_u,dependent,25,dcor_beta,0.577712749272112,TRUE,0.05,TRUE
nonlinear_u,dependent,26,dcor_beta,0.563503347850203,TRUE,0.1,FALSE
nonlinear_u,dependent,27,dcor_beta,0.518382193099773,TRUE,0.1,FALSE
nonlinear_u,dependent,28,dcor_beta,0.515267343186456,TRUE,0.15,FALSE
nonlinear_u,dependent,29,dcor_beta,0.54250527818116,TRUE,0.15,FALSE
nonlinear_u,dependent,30,dcor_beta,0.57061709468121,TRUE,0.05,TRUE
nonlinear_u,dependent,1,dcor_levels,0.682617887355962,TRUE,0.05,TRUE
nonlinear_u,dependent,2,dcor_levels,0.532323248667593,TRUE,0.1,FALSE
nonlinear_u,dependent,3,dcor_levels,0.652661600378586,TRUE,0.05,TRUE
nonlinear_u,dependent,4,dcor_levels,0.488011628841279,TRUE,0.1,FALSE
nonlinear_u,dependent,5,dcor_levels,0.608111148831517,TRUE,0.05,TRUE
nonlinear_u,dependent,6,dcor_levels,0.459700002682079,TRUE,0.2,FALSE
nonlinear_u,dependent,7,dcor_levels,0.623903320269966,TRUE,0.05,TRUE
nonlinear_u,dependent,8,dcor_levels,0.509662107154858,TRUE,0.1,FALSE
nonlinear_u,dependent,9,dcor_levels,0.468088412120279,TRUE,0.15,FALSE
nonlinear_u,dependent,10,dcor_levels,0.474552453340822,TRUE,0.05,TRUE
nonlinear_u,dependent,11,dcor_levels,0.556614067736047,TRUE,0.2,FALSE
nonlinear_u,dependent,12,dcor_levels,0.528666748273591,TRUE,0.15,FALSE
nonlinear_u,dependent,13,dcor_levels,0.467314545310022,TRUE,0.05,TRUE
nonlinear_u,dependent,14,dcor_levels,0.507016523603355,TRUE,0.15,FALSE
nonlinear_u,dependent,15,dcor_levels,0.798808982959963,TRUE,0.05,TRUE
nonlinear_u,dependent,16,dcor_levels,0.524016605892863,TRUE,0.15,FALSE
nonlinear_u,dependent,17,dcor_levels,0.573244134690254,TRUE,0.05,TRUE
nonlinear_u,dependent,18,dcor_levels,0.542061816185405,TRUE,0.05,TRUE
nonlinear_u,dependent,19,dcor_levels,0.559065972673628,TRUE,0.15,FALSE
nonlinear_u,dependent,20,dcor_levels,0.545185027366974,TRUE,0.05,TRUE
nonlinear_u,dependent,21,dcor_levels,0.635604881872168,TRUE,0.05,TRUE
nonlinear_u,dependent,22,dcor_levels,0.739789221740351,TRUE,0.05,TRUE
nonlinear_u,dependent,23,dcor_levels,0.550366417812949,TRUE,0.05,TRUE
nonlinear_u,dependent,24,dcor_levels,0.457291720547264,TRUE,0.15,FALSE
nonlinear_u,dependent,25,dcor_levels,0.590722059685546,TRUE,0.05,TRUE
nonlinear_u,dependent,26,dcor_levels,0.497102140512515,TRUE,0.1,FALSE
nonlinear_u,dependent,27,dcor_levels,0.506207090318202,TRUE,0.1,FALSE
nonlinear_u,dependent,28,dcor_levels,0.535225048872012,TRUE,0.15,FALSE
nonlinear_u,dependent,29,dcor_levels,0.514951956004078,TRUE,0.15,FALSE
nonlinear_u,dependent,30,dcor_levels,0.587577155356134,TRUE,0.05,TRUE
nonlinear_u,dependent,1,unbiased_dcov2_levels,0.867429193899782,TRUE,0.05,TRUE
nonlinear_u,dependent,2,unbiased_dcov2_levels,1.16023965141612,TRUE,0.1,FALSE
nonlinear_u,dependent,3,unbiased_dcov2_levels,0.403921568627451,TRUE,0.05,TRUE
nonlinear_u,dependent,4,unbiased_dcov2_levels,0.147167755991285,TRUE,0.3,FALSE
nonlinear_u,dependent,5,unbiased_dcov2_levels,1.3020697167756,TRUE,0.05,TRUE
nonlinear_u,dependent,6,unbiased_dcov2_levels,0.482352941176471,TRUE,0.2,FALSE
nonlinear_u,dependent,7,unbiased_dcov2_levels,0.893246187363835,TRUE,0.05,TRUE
nonlinear_u,dependent,8,unbiased_dcov2_levels,0.361546840958605,TRUE,0.2,FALSE
nonlinear_u,dependent,9,unbiased_dcov2_levels,0.219934640522876,TRUE,0.25,FALSE
nonlinear_u,dependent,10,unbiased_dcov2_levels,0.714596949891067,TRUE,0.1,FALSE
nonlinear_u,dependent,11,unbiased_dcov2_levels,0.780392156862744,TRUE,0.2,FALSE
nonlinear_u,dependent,12,unbiased_dcov2_levels,0.0857298474945533,TRUE,0.35,FALSE
nonlinear_u,dependent,13,unbiased_dcov2_levels,0.646078431372551,TRUE,0.05,TRUE
nonlinear_u,dependent,14,unbiased_dcov2_levels,0.307407407407407,TRUE,0.25,FALSE
nonlinear_u,dependent,15,unbiased_dcov2_levels,4.12135076252723,TRUE,0.05,TRUE
nonlinear_u,dependent,16,unbiased_dcov2_levels,1.0958605664488,TRUE,0.15,FALSE
nonlinear_u,dependent,17,unbiased_dcov2_levels,1.11089324618736,TRUE,0.05,TRUE
nonlinear_u,dependent,18,unbiased_dcov2_levels,1.09411764705882,TRUE,0.05,TRUE
nonlinear_u,dependent,19,unbiased_dcov2_levels,0.995860566448802,TRUE,0.15,FALSE
nonlinear_u,dependent,20,unbiased_dcov2_levels,0.918627450980393,TRUE,0.05,TRUE
nonlinear_u,dependent,21,unbiased_dcov2_levels,0.798257080610022,TRUE,0.05,TRUE
nonlinear_u,dependent,22,unbiased_dcov2_levels,1.96633986928105,TRUE,0.05,TRUE
nonlinear_u,dependent,23,unbiased_dcov2_levels,0.60511982570806,TRUE,0.05,TRUE
nonlinear_u,dependent,24,unbiased_dcov2_levels,0.219934640522876,TRUE,0.15,FALSE
nonlinear_u,dependent,25,unbiased_dcov2_levels,1.26318082788671,TRUE,0.05,TRUE
nonlinear_u,dependent,26,unbiased_dcov2_levels,0.64640522875817,TRUE,0.1,FALSE
nonlinear_u,dependent,27,unbiased_dcov2_levels,0.293572984749455,TRUE,0.15,FALSE
nonlinear_u,dependent,28,unbiased_dcov2_levels,0.856209150326798,TRUE,0.15,FALSE
nonlinear_u,dependent,29,unbiased_dcov2_levels,0.138888888888889,TRUE,0.25,FALSE
nonlinear_u,dependent,30,unbiased_dcov2_levels,0.961220043572985,TRUE,0.1,FALSE
within_low_bin,dependent,1,ordinal_similarity,1,TRUE,1,FALSE
within_low_bin,dependent,2,ordinal_similarity,1,TRUE,1,FALSE
within_low_bin,dependent,3,ordinal_similarity,1,TRUE,1,FALSE
within_low_bin,dependent,4,ordinal_similarity,1,TRUE,1,FALSE
within_low_bin,dependent,5,ordinal_similarity,1,TRUE,1,FALSE
within_low_bin,dependent,6,ordinal_similarity,1,TRUE,1,FALSE
within_low_bin,dependent,7,ordinal_similarity,1,TRUE,1,FALSE
within_low_bin,dependent,8,ordinal_similarity,1,TRUE,1,FALSE
within_low_bin,dependent,9,ordinal_similarity,1,TRUE,1,FALSE
within_low_bin,dependent,10,ordinal_similarity,1,TRUE,1,FALSE
within_low_bin,dependent,11,ordinal_similarity,1,TRUE,1,FALSE
within_low_bin,dependent,12,ordinal_similarity,1,TRUE,1,FALSE
within_low_bin,dependent,13,ordinal_similarity,1,TRUE,1,FALSE
within_low_bin,dependent,14,ordinal_similarity,1,TRUE,1,FALSE
within_low_bin,dependent,15,ordinal_similarity,1,TRUE,1,FALSE
within_low_bin,dependent,16,ordinal_similarity,1,TRUE,1,FALSE
within_low_bin,dependent,17,ordinal_similarity,1,TRUE,1,FALSE
within_low_bin,dependent,18,ordinal_similarity,1,TRUE,1,FALSE
within_low_bin,dependent,19,ordinal_similarity,1,TRUE,1,FALSE
within_low_bin,dependent,20,ordinal_similarity,1,TRUE,1,FALSE
within_low_bin,dependent,21,ordinal_similarity,1,TRUE,1,FALSE
within_low_bin,dependent,22,ordinal_similarity,1,TRUE,1,FALSE
within_low_bin,dependent,23,ordinal_similarity,1,TRUE,1,FALSE
within_low_bin,dependent,24,ordinal_similarity,1,TRUE,1,FALSE
within_low_bin,dependent,25,ordinal_similarity,1,TRUE,1,FALSE
within_low_bin,dependent,26,ordinal_similarity,1,TRUE,1,FALSE
within_low_bin,dependent,27,ordinal_similarity,1,TRUE,1,FALSE
within_low_bin,dependent,28,ordinal_similarity,1,TRUE,1,FALSE
within_low_bin,dependent,29,ordinal_similarity,1,TRUE,1,FALSE
within_low_bin,dependent,30,ordinal_similarity,1,TRUE,1,FALSE
within_low_bin,dependent,1,linear_kappa,,FALSE,,FALSE
within_low_bin,dependent,2,linear_kappa,,FALSE,,FALSE
within_low_bin,dependent,3,linear_kappa,,FALSE,,FALSE
within_low_bin,dependent,4,linear_kappa,,FALSE,,FALSE
within_low_bin,dependent,5,linear_kappa,,FALSE,,FALSE
within_low_bin,dependent,6,linear_kappa,,FALSE,,FALSE
within_low_bin,dependent,7,linear_kappa,,FALSE,,FALSE
within_low_bin,dependent,8,linear_kappa,,FALSE,,FALSE
within_low_bin,dependent,9,linear_kappa,,FALSE,,FALSE
within_low_bin,dependent,10,linear_kappa,,FALSE,,FALSE
within_low_bin,dependent,11,linear_kappa,,FALSE,,FALSE
within_low_bin,dependent,12,linear_kappa,,FALSE,,FALSE
within_low_bin,dependent,13,linear_kappa,,FALSE,,FALSE
within_low_bin,dependent,14,linear_kappa,,FALSE,,FALSE
within_low_bin,dependent,15,linear_kappa,,FALSE,,FALSE
within_low_bin,dependent,16,linear_kappa,,FALSE,,FALSE
within_low_bin,dependent,17,linear_kappa,,FALSE,,FALSE
within_low_bin,dependent,18,linear_kappa,,FALSE,,FALSE
within_low_bin,dependent,19,linear_kappa,,FALSE,,FALSE
within_low_bin,dependent,20,linear_kappa,,FALSE,,FALSE
within_low_bin,dependent,21,linear_kappa,,FALSE,,FALSE
within_low_bin,dependent,22,linear_kappa,,FALSE,,FALSE
within_low_bin,dependent,23,linear_kappa,,FALSE,,FALSE
within_low_bin,dependent,24,linear_kappa,,FALSE,,FALSE
within_low_bin,dependent,25,linear_kappa,,FALSE,,FALSE
within_low_bin,dependent,26,linear_kappa,,FALSE,,FALSE
within_low_bin,dependent,27,linear_kappa,,FALSE,,FALSE
within_low_bin,dependent,28,linear_kappa,,FALSE,,FALSE
within_low_bin,dependent,29,linear_kappa,,FALSE,,FALSE
within_low_bin,dependent,30,linear_kappa,,FALSE,,FALSE
within_low_bin,dependent,1,quadratic_kappa,,FALSE,,FALSE
within_low_bin,dependent,2,quadratic_kappa,,FALSE,,FALSE
within_low_bin,dependent,3,quadratic_kappa,,FALSE,,FALSE
within_low_bin,dependent,4,quadratic_kappa,,FALSE,,FALSE
within_low_bin,dependent,5,quadratic_kappa,,FALSE,,FALSE
within_low_bin,dependent,6,quadratic_kappa,,FALSE,,FALSE
within_low_bin,dependent,7,quadratic_kappa,,FALSE,,FALSE
within_low_bin,dependent,8,quadratic_kappa,,FALSE,,FALSE
within_low_bin,dependent,9,quadratic_kappa,,FALSE,,FALSE
within_low_bin,dependent,10,quadratic_kappa,,FALSE,,FALSE
within_low_bin,dependent,11,quadratic_kappa,,FALSE,,FALSE
within_low_bin,dependent,12,quadratic_kappa,,FALSE,,FALSE
within_low_bin,dependent,13,quadratic_kappa,,FALSE,,FALSE
within_low_bin,dependent,14,quadratic_kappa,,FALSE,,FALSE
within_low_bin,dependent,15,quadratic_kappa,,FALSE,,FALSE
within_low_bin,dependent,16,quadratic_kappa,,FALSE,,FALSE
within_low_bin,dependent,17,quadratic_kappa,,FALSE,,FALSE
within_low_bin,dependent,18,quadratic_kappa,,FALSE,,FALSE
within_low_bin,dependent,19,quadratic_kappa,,FALSE,,FALSE
within_low_bin,dependent,20,quadratic_kappa,,FALSE,,FALSE
within_low_bin,dependent,21,quadratic_kappa,,FALSE,,FALSE
within_low_bin,dependent,22,quadratic_kappa,,FALSE,,FALSE
within_low_bin,dependent,23,quadratic_kappa,,FALSE,,FALSE
within_low_bin,dependent,24,quadratic_kappa,,FALSE,,FALSE
within_low_bin,dependent,25,quadratic_kappa,,FALSE,,FALSE
within_low_bin,dependent,26,quadratic_kappa,,FALSE,,FALSE
within_low_bin,dependent,27,quadratic_kappa,,FALSE,,FALSE
within_low_bin,dependent,28,quadratic_kappa,,FALSE,,FALSE
within_low_bin,dependent,29,quadratic_kappa,,FALSE,,FALSE
within_low_bin,dependent,30,quadratic_kappa,,FALSE,,FALSE
within_low_bin,dependent,1,pearson_beta,0.941454746302533,TRUE,0.05,TRUE
within_low_bin,dependent,2,pearson_beta,0.93656130254663,TRUE,0.05,TRUE
within_low_bin,dependent,3,pearson_beta,0.950262734019767,TRUE,0.05,TRUE
within_low_bin,dependent,4,pearson_beta,0.952707746868269,TRUE,0.05,TRUE
within_low_bin,dependent,5,pearson_beta,0.937013288364582,TRUE,0.05,TRUE
within_low_bin,dependent,6,pearson_beta,0.983184122973563,TRUE,0.05,TRUE
within_low_bin,dependent,7,pearson_beta,0.944699588480083,TRUE,0.05,TRUE
within_low_bin,dependent,8,pearson_beta,0.9457431523942,TRUE,0.05,TRUE
within_low_bin,dependent,9,pearson_beta,0.94597028923937,TRUE,0.05,TRUE
within_low_bin,dependent,10,pearson_beta,0.918632778118259,TRUE,0.05,TRUE
within_low_bin,dependent,11,pearson_beta,0.924460014054096,TRUE,0.05,TRUE
within_low_bin,dependent,12,pearson_beta,0.966039539259216,TRUE,0.05,TRUE
within_low_bin,dependent,13,pearson_beta,0.958968564352661,TRUE,0.05,TRUE
within_low_bin,dependent,14,pearson_beta,0.956617890786518,TRUE,0.05,TRUE
within_low_bin,dependent,15,pearson_beta,0.937817731328815,TRUE,0.05,TRUE
within_low_bin,dependent,16,pearson_beta,0.927383587434254,TRUE,0.05,TRUE
within_low_bin,dependent,17,pearson_beta,0.947088674391304,TRUE,0.05,TRUE
within_low_bin,dependent,18,pearson_beta,0.95483985228358,TRUE,0.05,TRUE
within_low_bin,dependent,19,pearson_beta,0.913864731388376,TRUE,0.05,TRUE
within_low_bin,dependent,20,pearson_beta,0.948110620379079,TRUE,0.05,TRUE
within_low_bin,dependent,21,pearson_beta,0.886623213609471,TRUE,0.05,TRUE
within_low_bin,dependent,22,pearson_beta,0.948062169656659,TRUE,0.05,TRUE
within_low_bin,dependent,23,pearson_beta,0.964273843060728,TRUE,0.05,TRUE
within_low_bin,dependent,24,pearson_beta,0.923593154114089,TRUE,0.05,TRUE
within_low_bin,dependent,25,pearson_beta,0.944483809168749,TRUE,0.05,TRUE
within_low_bin,dependent,26,pearson_beta,0.960779540206607,TRUE,0.05,TRUE
within_low_bin,dependent,27,pearson_beta,0.976655422137012,TRUE,0.05,TRUE
within_low_bin,dependent,28,pearson_beta,0.92712157455574,TRUE,0.05,TRUE
within_low_bin,dependent,29,pearson_beta,0.960879118761989,TRUE,0.05,TRUE
within_low_bin,dependent,30,pearson_beta,0.952350909736003,TRUE,0.05,TRUE
within_low_bin,dependent,1,pearson_levels,,FALSE,,FALSE
within_low_bin,dependent,2,pearson_levels,,FALSE,,FALSE
within_low_bin,dependent,3,pearson_levels,,FALSE,,FALSE
within_low_bin,dependent,4,pearson_levels,,FALSE,,FALSE
within_low_bin,dependent,5,pearson_levels,,FALSE,,FALSE
within_low_bin,dependent,6,pearson_levels,,FALSE,,FALSE
within_low_bin,dependent,7,pearson_levels,,FALSE,,FALSE
within_low_bin,dependent,8,pearson_levels,,FALSE,,FALSE
within_low_bin,dependent,9,pearson_levels,,FALSE,,FALSE
within_low_bin,dependent,10,pearson_levels,,FALSE,,FALSE
within_low_bin,dependent,11,pearson_levels,,FALSE,,FALSE
within_low_bin,dependent,12,pearson_levels,,FALSE,,FALSE
within_low_bin,dependent,13,pearson_levels,,FALSE,,FALSE
within_low_bin,dependent,14,pearson_levels,,FALSE,,FALSE
within_low_bin,dependent,15,pearson_levels,,FALSE,,FALSE
within_low_bin,dependent,16,pearson_levels,,FALSE,,FALSE
within_low_bin,dependent,17,pearson_levels,,FALSE,,FALSE
within_low_bin,dependent,18,pearson_levels,,FALSE,,FALSE
within_low_bin,dependent,19,pearson_levels,,FALSE,,FALSE
within_low_bin,dependent,20,pearson_levels,,FALSE,,FALSE
within_low_bin,dependent,21,pearson_levels,,FALSE,,FALSE
within_low_bin,dependent,22,pearson_levels,,FALSE,,FALSE
within_low_bin,dependent,23,pearson_levels,,FALSE,,FALSE
within_low_bin,dependent,24,pearson_levels,,FALSE,,FALSE
within_low_bin,dependent,25,pearson_levels,,FALSE,,FALSE
within_low_bin,dependent,26,pearson_levels,,FALSE,,FALSE
within_low_bin,dependent,27,pearson_levels,,FALSE,,FALSE
within_low_bin,dependent,28,pearson_levels,,FALSE,,FALSE
within_low_bin,dependent,29,pearson_levels,,FALSE,,FALSE
within_low_bin,dependent,30,pearson_levels,,FALSE,,FALSE
within_low_bin,dependent,1,spearman_beta,0.923632610939113,TRUE,0.05,TRUE
within_low_bin,dependent,2,spearman_beta,0.865841073271414,TRUE,0.05,TRUE
within_low_bin,dependent,3,spearman_beta,0.931888544891641,TRUE,0.05,TRUE
within_low_bin,dependent,4,spearman_beta,0.936016511867905,TRUE,0.05,TRUE
within_low_bin,dependent,5,spearman_beta,0.857585139318885,TRUE,0.05,TRUE
within_low_bin,dependent,6,spearman_beta,0.96078431372549,TRUE,0.05,TRUE
within_low_bin,dependent,7,spearman_beta,0.938080495356037,TRUE,0.05,TRUE
within_low_bin,dependent,8,spearman_beta,0.95046439628483,TRUE,0.05,TRUE
within_low_bin,dependent,9,spearman_beta,0.946336429308566,TRUE,0.05,TRUE
within_low_bin,dependent,10,spearman_beta,0.880288957688338,TRUE,0.05,TRUE
within_low_bin,dependent,11,spearman_beta,0.947857637930604,TRUE,0.05,TRUE
within_low_bin,dependent,12,spearman_beta,0.973168214654283,TRUE,0.05,TRUE
within_low_bin,dependent,13,spearman_beta,0.942208462332301,TRUE,0.05,TRUE
within_low_bin,dependent,14,spearman_beta,0.952528379772962,TRUE,0.05,TRUE
within_low_bin,dependent,15,spearman_beta,0.902992776057791,TRUE,0.05,TRUE
within_low_bin,dependent,16,spearman_beta,0.954592363261094,TRUE,0.05,TRUE
within_low_bin,dependent,17,spearman_beta,0.882352941176471,TRUE,0.05,TRUE
within_low_bin,dependent,18,spearman_beta,0.942208462332301,TRUE,0.05,TRUE
within_low_bin,dependent,19,spearman_beta,0.917440660474716,TRUE,0.05,TRUE
within_low_bin,dependent,20,spearman_beta,0.892672858617131,TRUE,0.05,TRUE
within_low_bin,dependent,21,spearman_beta,0.878224974200206,TRUE,0.05,TRUE
within_low_bin,dependent,22,spearman_beta,0.96078431372549,TRUE,0.05,TRUE
within_low_bin,dependent,23,spearman_beta,0.956656346749226,TRUE,0.05,TRUE
within_low_bin,dependent,24,spearman_beta,0.92156862745098,TRUE,0.05,TRUE
within_low_bin,dependent,25,spearman_beta,0.927760577915377,TRUE,0.05,TRUE
within_low_bin,dependent,26,spearman_beta,0.958720330237358,TRUE,0.05,TRUE
within_low_bin,dependent,27,spearman_beta,0.948400412796698,TRUE,0.05,TRUE
within_low_bin,dependent,28,spearman_beta,0.919504643962848,TRUE,0.05,TRUE
within_low_bin,dependent,29,spearman_beta,0.954592363261094,TRUE,0.05,TRUE
within_low_bin,dependent,30,spearman_beta,0.86171310629515,TRUE,0.05,TRUE
within_low_bin,dependent,1,spearman_levels,,FALSE,,FALSE
within_low_bin,dependent,2,spearman_levels,,FALSE,,FALSE
within_low_bin,dependent,3,spearman_levels,,FALSE,,FALSE
within_low_bin,dependent,4,spearman_levels,,FALSE,,FALSE
within_low_bin,dependent,5,spearman_levels,,FALSE,,FALSE
within_low_bin,dependent,6,spearman_levels,,FALSE,,FALSE
within_low_bin,dependent,7,spearman_levels,,FALSE,,FALSE
within_low_bin,dependent,8,spearman_levels,,FALSE,,FALSE
within_low_bin,dependent,9,spearman_levels,,FALSE,,FALSE
within_low_bin,dependent,10,spearman_levels,,FALSE,,FALSE
within_low_bin,dependent,11,spearman_levels,,FALSE,,FALSE
within_low_bin,dependent,12,spearman_levels,,FALSE,,FALSE
within_low_bin,dependent,13,spearman_levels,,FALSE,,FALSE
within_low_bin,dependent,14,spearman_levels,,FALSE,,FALSE
within_low_bin,dependent,15,spearman_levels,,FALSE,,FALSE
within_low_bin,dependent,16,spearman_levels,,FALSE,,FALSE
within_low_bin,dependent,17,spearman_levels,,FALSE,,FALSE
within_low_bin,dependent,18,spearman_levels,,FALSE,,FALSE
within_low_bin,dependent,19,spearman_levels,,FALSE,,FALSE
within_low_bin,dependent,20,spearman_levels,,FALSE,,FALSE
within_low_bin,dependent,21,spearman_levels,,FALSE,,FALSE
within_low_bin,dependent,22,spearman_levels,,FALSE,,FALSE
within_low_bin,dependent,23,spearman_levels,,FALSE,,FALSE
within_low_bin,dependent,24,spearman_levels,,FALSE,,FALSE
within_low_bin,dependent,25,spearman_levels,,FALSE,,FALSE
within_low_bin,dependent,26,spearman_levels,,FALSE,,FALSE
within_low_bin,dependent,27,spearman_levels,,FALSE,,FALSE
within_low_bin,dependent,28,spearman_levels,,FALSE,,FALSE
within_low_bin,dependent,29,spearman_levels,,FALSE,,FALSE
within_low_bin,dependent,30,spearman_levels,,FALSE,,FALSE
within_low_bin,dependent,1,xi_levels_mean,,FALSE,,FALSE
within_low_bin,dependent,2,xi_levels_mean,,FALSE,,FALSE
within_low_bin,dependent,3,xi_levels_mean,,FALSE,,FALSE
within_low_bin,dependent,4,xi_levels_mean,,FALSE,,FALSE
within_low_bin,dependent,5,xi_levels_mean,,FALSE,,FALSE
within_low_bin,dependent,6,xi_levels_mean,,FALSE,,FALSE
within_low_bin,dependent,7,xi_levels_mean,,FALSE,,FALSE
within_low_bin,dependent,8,xi_levels_mean,,FALSE,,FALSE
within_low_bin,dependent,9,xi_levels_mean,,FALSE,,FALSE
within_low_bin,dependent,10,xi_levels_mean,,FALSE,,FALSE
within_low_bin,dependent,11,xi_levels_mean,,FALSE,,FALSE
within_low_bin,dependent,12,xi_levels_mean,,FALSE,,FALSE
within_low_bin,dependent,13,xi_levels_mean,,FALSE,,FALSE
within_low_bin,dependent,14,xi_levels_mean,,FALSE,,FALSE
within_low_bin,dependent,15,xi_levels_mean,,FALSE,,FALSE
within_low_bin,dependent,16,xi_levels_mean,,FALSE,,FALSE
within_low_bin,dependent,17,xi_levels_mean,,FALSE,,FALSE
within_low_bin,dependent,18,xi_levels_mean,,FALSE,,FALSE
within_low_bin,dependent,19,xi_levels_mean,,FALSE,,FALSE
within_low_bin,dependent,20,xi_levels_mean,,FALSE,,FALSE
within_low_bin,dependent,21,xi_levels_mean,,FALSE,,FALSE
within_low_bin,dependent,22,xi_levels_mean,,FALSE,,FALSE
within_low_bin,dependent,23,xi_levels_mean,,FALSE,,FALSE
within_low_bin,dependent,24,xi_levels_mean,,FALSE,,FALSE
within_low_bin,dependent,25,xi_levels_mean,,FALSE,,FALSE
within_low_bin,dependent,26,xi_levels_mean,,FALSE,,FALSE
within_low_bin,dependent,27,xi_levels_mean,,FALSE,,FALSE
within_low_bin,dependent,28,xi_levels_mean,,FALSE,,FALSE
within_low_bin,dependent,29,xi_levels_mean,,FALSE,,FALSE
within_low_bin,dependent,30,xi_levels_mean,,FALSE,,FALSE
within_low_bin,dependent,1,dcor_beta,0.939205120953205,TRUE,0.05,TRUE
within_low_bin,dependent,2,dcor_beta,0.937990213826995,TRUE,0.05,TRUE
within_low_bin,dependent,3,dcor_beta,0.947310437255849,TRUE,0.05,TRUE
within_low_bin,dependent,4,dcor_beta,0.958481883415045,TRUE,0.05,TRUE
within_low_bin,dependent,5,dcor_beta,0.938725327442644,TRUE,0.05,TRUE
within_low_bin,dependent,6,dcor_beta,0.989534789356919,TRUE,0.05,TRUE
within_low_bin,dependent,7,dcor_beta,0.944330070635562,TRUE,0.05,TRUE
within_low_bin,dependent,8,dcor_beta,0.95209499555396,TRUE,0.05,TRUE
within_low_bin,dependent,9,dcor_beta,0.9410403807098,TRUE,0.05,TRUE
within_low_bin,dependent,10,dcor_beta,0.923676572941403,TRUE,0.05,TRUE
within_low_bin,dependent,11,dcor_beta,0.896719208729379,TRUE,0.05,TRUE
within_low_bin,dependent,12,dcor_beta,0.9630258373308,TRUE,0.05,TRUE
within_low_bin,dependent,13,dcor_beta,0.964558197151439,TRUE,0.05,TRUE
within_low_bin,dependent,14,dcor_beta,0.961632402088087,TRUE,0.05,TRUE
within_low_bin,dependent,15,dcor_beta,0.945609661532938,TRUE,0.05,TRUE
within_low_bin,dependent,16,dcor_beta,0.913862463584142,TRUE,0.05,TRUE
within_low_bin,dependent,17,dcor_beta,0.931434126746465,TRUE,0.05,TRUE
within_low_bin,dependent,18,dcor_beta,0.94473763166333,TRUE,0.05,TRUE
within_low_bin,dependent,19,dcor_beta,0.898458621629808,TRUE,0.05,TRUE
within_low_bin,dependent,20,dcor_beta,0.936277983357945,TRUE,0.05,TRUE
within_low_bin,dependent,21,dcor_beta,0.890736438067222,TRUE,0.05,TRUE
within_low_bin,dependent,22,dcor_beta,0.946614246173649,TRUE,0.05,TRUE
within_low_bin,dependent,23,dcor_beta,0.968592586920461,TRUE,0.05,TRUE
within_low_bin,dependent,24,dcor_beta,0.906573413691437,TRUE,0.05,TRUE
within_low_bin,dependent,25,dcor_beta,0.941271720268542,TRUE,0.05,TRUE
within_low_bin,dependent,26,dcor_beta,0.970730989037571,TRUE,0.05,TRUE
within_low_bin,dependent,27,dcor_beta,0.982458616196609,TRUE,0.05,TRUE
within_low_bin,dependent,28,dcor_beta,0.923861156454605,TRUE,0.05,TRUE
within_low_bin,dependent,29,dcor_beta,0.956350336763806,TRUE,0.05,TRUE
within_low_bin,dependent,30,dcor_beta,0.948036085363841,TRUE,0.05,TRUE
within_low_bin,dependent,1,dcor_levels,,FALSE,,FALSE
within_low_bin,dependent,2,dcor_levels,,FALSE,,FALSE
within_low_bin,dependent,3,dcor_levels,,FALSE,,FALSE
within_low_bin,dependent,4,dcor_levels,,FALSE,,FALSE
within_low_bin,dependent,5,dcor_levels,,FALSE,,FALSE
within_low_bin,dependent,6,dcor_levels,,FALSE,,FALSE
within_low_bin,dependent,7,dcor_levels,,FALSE,,FALSE
within_low_bin,dependent,8,dcor_levels,,FALSE,,FALSE
within_low_bin,dependent,9,dcor_levels,,FALSE,,FALSE
within_low_bin,dependent,10,dcor_levels,,FALSE,,FALSE
within_low_bin,dependent,11,dcor_levels,,FALSE,,FALSE
within_low_bin,dependent,12,dcor_levels,,FALSE,,FALSE
within_low_bin,dependent,13,dcor_levels,,FALSE,,FALSE
within_low_bin,dependent,14,dcor_levels,,FALSE,,FALSE
within_low_bin,dependent,15,dcor_levels,,FALSE,,FALSE
within_low_bin,dependent,16,dcor_levels,,FALSE,,FALSE
within_low_bin,dependent,17,dcor_levels,,FALSE,,FALSE
within_low_bin,dependent,18,dcor_levels,,FALSE,,FALSE
within_low_bin,dependent,19,dcor_levels,,FALSE,,FALSE
within_low_bin,dependent,20,dcor_levels,,FALSE,,FALSE
within_low_bin,dependent,21,dcor_levels,,FALSE,,FALSE
within_low_bin,dependent,22,dcor_levels,,FALSE,,FALSE
within_low_bin,dependent,23,dcor_levels,,FALSE,,FALSE
within_low_bin,dependent,24,dcor_levels,,FALSE,,FALSE
within_low_bin,dependent,25,dcor_levels,,FALSE,,FALSE
within_low_bin,dependent,26,dcor_levels,,FALSE,,FALSE
within_low_bin,dependent,27,dcor_levels,,FALSE,,FALSE
within_low_bin,dependent,28,dcor_levels,,FALSE,,FALSE
within_low_bin,dependent,29,dcor_levels,,FALSE,,FALSE
within_low_bin,dependent,30,dcor_levels,,FALSE,,FALSE
within_low_bin,dependent,1,unbiased_dcov2_levels,0,TRUE,1,FALSE
within_low_bin,dependent,2,unbiased_dcov2_levels,0,TRUE,1,FALSE
within_low_bin,dependent,3,unbiased_dcov2_levels,0,TRUE,1,FALSE
within_low_bin,dependent,4,unbiased_dcov2_levels,0,TRUE,1,FALSE
within_low_bin,dependent,5,unbiased_dcov2_levels,0,TRUE,1,FALSE
within_low_bin,dependent,6,unbiased_dcov2_levels,0,TRUE,1,FALSE
within_low_bin,dependent,7,unbiased_dcov2_levels,0,TRUE,1,FALSE
within_low_bin,dependent,8,unbiased_dcov2_levels,0,TRUE,1,FALSE
within_low_bin,dependent,9,unbiased_dcov2_levels,0,TRUE,1,FALSE
within_low_bin,dependent,10,unbiased_dcov2_levels,0,TRUE,1,FALSE
within_low_bin,dependent,11,unbiased_dcov2_levels,0,TRUE,1,FALSE
within_low_bin,dependent,12,unbiased_dcov2_levels,0,TRUE,1,FALSE
within_low_bin,dependent,13,unbiased_dcov2_levels,0,TRUE,1,FALSE
within_low_bin,dependent,14,unbiased_dcov2_levels,0,TRUE,1,FALSE
within_low_bin,dependent,15,unbiased_dcov2_levels,0,TRUE,1,FALSE
within_low_bin,dependent,16,unbiased_dcov2_levels,0,TRUE,1,FALSE
within_low_bin,dependent,17,unbiased_dcov2_levels,0,TRUE,1,FALSE
within_low_bin,dependent,18,unbiased_dcov2_levels,0,TRUE,1,FALSE
within_low_bin,dependent,19,unbiased_dcov2_levels,0,TRUE,1,FALSE
within_low_bin,dependent,20,unbiased_dcov2_levels,0,TRUE,1,FALSE
within_low_bin,dependent,21,unbiased_dcov2_levels,0,TRUE,1,FALSE
within_low_bin,dependent,22,unbiased_dcov2_levels,0,TRUE,1,FALSE
within_low_bin,dependent,23,unbiased_dcov2_levels,0,TRUE,1,FALSE
within_low_bin,dependent,24,unbiased_dcov2_levels,0,TRUE,1,FALSE
within_low_bin,dependent,25,unbiased_dcov2_levels,0,TRUE,1,FALSE
within_low_bin,dependent,26,unbiased_dcov2_levels,0,TRUE,1,FALSE
within_low_bin,dependent,27,unbiased_dcov2_levels,0,TRUE,1,FALSE
within_low_bin,dependent,28,unbiased_dcov2_levels,0,TRUE,1,FALSE
within_low_bin,dependent,29,unbiased_dcov2_levels,0,TRUE,1,FALSE
within_low_bin,dependent,30,unbiased_dcov2_levels,0,TRUE,1,FALSE
shared_patient_factor,dependent_common_cause,1,ordinal_similarity,0.944444444444444,TRUE,0.05,TRUE
shared_patient_factor,dependent_common_cause,2,ordinal_similarity,0.950617283950617,TRUE,0.05,TRUE
shared_patient_factor,dependent_common_cause,3,ordinal_similarity,0.95679012345679,TRUE,0.05,TRUE
shared_patient_factor,dependent_common_cause,4,ordinal_similarity,0.95679012345679,TRUE,0.05,TRUE
shared_patient_factor,dependent_common_cause,5,ordinal_similarity,0.969135802469136,TRUE,0.05,TRUE
shared_patient_factor,dependent_common_cause,6,ordinal_similarity,0.95679012345679,TRUE,0.05,TRUE
shared_patient_factor,dependent_common_cause,7,ordinal_similarity,0.962962962962963,TRUE,0.05,TRUE
shared_patient_factor,dependent_common_cause,8,ordinal_similarity,0.950617283950617,TRUE,0.05,TRUE
shared_patient_factor,dependent_common_cause,9,ordinal_similarity,0.950617283950617,TRUE,0.05,TRUE
shared_patient_factor,dependent_common_cause,10,ordinal_similarity,0.950617283950617,TRUE,0.05,TRUE
shared_patient_factor,dependent_common_cause,11,ordinal_similarity,0.950617283950617,TRUE,0.05,TRUE
shared_patient_factor,dependent_common_cause,12,ordinal_similarity,0.969135802469136,TRUE,0.05,TRUE
shared_patient_factor,dependent_common_cause,13,ordinal_similarity,0.969135802469136,TRUE,0.05,TRUE
shared_patient_factor,dependent_common_cause,14,ordinal_similarity,0.95679012345679,TRUE,0.05,TRUE
shared_patient_factor,dependent_common_cause,15,ordinal_similarity,0.95679012345679,TRUE,0.05,TRUE
shared_patient_factor,dependent_common_cause,16,ordinal_similarity,0.938271604938272,TRUE,0.05,TRUE
shared_patient_factor,dependent_common_cause,17,ordinal_similarity,0.95679012345679,TRUE,0.05,TRUE
shared_patient_factor,dependent_common_cause,18,ordinal_similarity,0.981481481481481,TRUE,0.05,TRUE
shared_patient_factor,dependent_common_cause,19,ordinal_similarity,0.950617283950617,TRUE,0.05,TRUE
shared_patient_factor,dependent_common_cause,20,ordinal_similarity,0.950617283950617,TRUE,0.05,TRUE
shared_patient_factor,dependent_common_cause,21,ordinal_similarity,0.950617283950617,TRUE,0.05,TRUE
shared_patient_factor,dependent_common_cause,22,ordinal_similarity,0.95679012345679,TRUE,0.05,TRUE
shared_patient_factor,dependent_common_cause,23,ordinal_similarity,0.938271604938272,TRUE,0.05,TRUE
shared_patient_factor,dependent_common_cause,24,ordinal_similarity,0.938271604938272,TRUE,0.05,TRUE
shared_patient_factor,dependent_common_cause,25,ordinal_similarity,0.962962962962963,TRUE,0.05,TRUE
shared_patient_factor,dependent_common_cause,26,ordinal_similarity,0.950617283950617,TRUE,0.05,TRUE
shared_patient_factor,dependent_common_cause,27,ordinal_similarity,0.969135802469136,TRUE,0.05,TRUE
shared_patient_factor,dependent_common_cause,28,ordinal_similarity,0.962962962962963,TRUE,0.05,TRUE
shared_patient_factor,dependent_common_cause,29,ordinal_similarity,0.962962962962963,TRUE,0.05,TRUE
shared_patient_factor,dependent_common_cause,30,ordinal_similarity,0.944444444444444,TRUE,0.05,TRUE
shared_patient_factor,dependent_common_cause,1,linear_kappa,0.837022132796781,TRUE,0.05,TRUE
shared_patient_factor,dependent_common_cause,2,linear_kappa,0.757575757575758,TRUE,0.05,TRUE
shared_patient_factor,dependent_common_cause,3,linear_kappa,0.826446280991735,TRUE,0.05,TRUE
shared_patient_factor,dependent_common_cause,4,linear_kappa,0.853488372093023,TRUE,0.05,TRUE
shared_patient_factor,dependent_common_cause,5,linear_kappa,0.919210053859964,TRUE,0.05,TRUE
shared_patient_factor,dependent_common_cause,6,linear_kappa,0.816860465116279,TRUE,0.05,TRUE
shared_patient_factor,dependent_common_cause,7,linear_kappa,0.825242718446602,TRUE,0.05,TRUE
shared_patient_factor,dependent_common_cause,8,linear_kappa,0.808510638297872,TRUE,0.05,TRUE
shared_patient_factor,dependent_common_cause,9,linear_kappa,0.855421686746988,TRUE,0.05,TRUE
shared_patient_factor,dependent_common_cause,10,linear_kappa,0.826923076923077,TRUE,0.05,TRUE
shared_patient_factor,dependent_common_cause,11,linear_kappa,0.806970509383378,TRUE,0.05,TRUE
shared_patient_factor,dependent_common_cause,12,linear_kappa,0.917127071823204,TRUE,0.05,TRUE
shared_patient_factor,dependent_common_cause,13,linear_kappa,0.8963133640553,TRUE,0.05,TRUE
shared_patient_factor,dependent_common_cause,14,linear_kappa,0.845208845208845,TRUE,0.05,TRUE
shared_patient_factor,dependent_common_cause,15,linear_kappa,0.857466063348416,TRUE,0.05,TRUE
shared_patient_factor,dependent_common_cause,16,linear_kappa,0.758064516129032,TRUE,0.05,TRUE
shared_patient_factor,dependent_common_cause,17,linear_kappa,0.845588235294118,TRUE,0.05,TRUE
shared_patient_factor,dependent_common_cause,18,linear_kappa,0.933823529411765,TRUE,0.05,TRUE
shared_patient_factor,dependent_common_cause,19,linear_kappa,0.806451612903226,TRUE,0.05,TRUE
shared_patient_factor,dependent_common_cause,20,linear_kappa,0.826923076923077,TRUE,0.05,TRUE
shared_patient_factor,dependent_common_cause,21,linear_kappa,0.837471783295711,TRUE,0.05,TRUE
shared_patient_factor,dependent_common_cause,22,linear_kappa,0.854166666666667,TRUE,0.05,TRUE
shared_patient_factor,dependent_common_cause,23,linear_kappa,0.734513274336283,TRUE,0.05,TRUE
shared_patient_factor,dependent_common_cause,24,linear_kappa,0.77667493796526,TRUE,0.05,TRUE
shared_patient_factor,dependent_common_cause,25,linear_kappa,0.872037914691943,TRUE,0.05,TRUE
shared_patient_factor,dependent_common_cause,26,linear_kappa,0.843137254901961,TRUE,0.05,TRUE
shared_patient_factor,dependent_common_cause,27,linear_kappa,0.893111638954869,TRUE,0.05,TRUE
shared_patient_factor,dependent_common_cause,28,linear_kappa,0.894117647058824,TRUE,0.05,TRUE
shared_patient_factor,dependent_common_cause,29,linear_kappa,0.871428571428572,TRUE,0.05,TRUE
shared_patient_factor,dependent_common_cause,30,linear_kappa,0.804347826086957,TRUE,0.05,TRUE
shared_patient_factor,dependent_common_cause,1,quadratic_kappa,0.957854406130268,TRUE,0.05,TRUE
shared_patient_factor,dependent_common_cause,2,quadratic_kappa,0.918735891647856,TRUE,0.05,TRUE
shared_patient_factor,dependent_common_cause,3,quadratic_kappa,0.951276102088167,TRUE,0.05,TRUE
shared_patient_factor,dependent_common_cause,4,quadratic_kappa,0.953846153846154,TRUE,0.05,TRUE
shared_patient_factor,dependent_common_cause,5,quadratic_kappa,0.984954864593781,TRUE,0.05,TRUE
shared_patient_factor,dependent_common_cause,6,quadratic_kappa,0.948402948402948,TRUE,0.05,TRUE
shared_patient_factor,dependent_common_cause,7,quadratic_kappa,0.945945945945946,TRUE,0.05,TRUE
shared_patient_factor,dependent_common_cause,8,quadratic_kappa,0.946188340807175,TRUE,0.05,TRUE
shared_patient_factor,dependent_common_cause,9,quadratic_kappa,0.970909090909091,TRUE,0.05,TRUE
shared_patient_factor,dependent_common_cause,10,quadratic_kappa,0.95729537366548,TRUE,0.05,TRUE
shared_patient_factor,dependent_common_cause,11,quadratic_kappa,0.946308724832215,TRUE,0.05,TRUE
shared_patient_factor,dependent_common_cause,12,quadratic_kappa,0.977917981072555,TRUE,0.05,TRUE
shared_patient_factor,dependent_common_cause,13,quadratic_kappa,0.975233902036324,TRUE,0.05,TRUE
shared_patient_factor,dependent_common_cause,14,quadratic_kappa,0.960402262727844,TRUE,0.05,TRUE
shared_patient_factor,dependent_common_cause,15,quadratic_kappa,0.966471527408196,TRUE,0.05,TRUE
shared_patient_factor,dependent_common_cause,16,quadratic_kappa,0.922077922077922,TRUE,0.05,TRUE
shared_patient_factor,dependent_common_cause,17,quadratic_kappa,0.950276243093923,TRUE,0.05,TRUE
shared_patient_factor,dependent_common_cause,18,quadratic_kappa,0.983384615384615,TRUE,0.05,TRUE
shared_patient_factor,dependent_common_cause,19,quadratic_kappa,0.948089401586157,TRUE,0.05,TRUE
shared_patient_factor,dependent_common_cause,20,quadratic_kappa,0.956204379562044,TRUE,0.05,TRUE
shared_patient_factor,dependent_common_cause,21,quadratic_kappa,0.952978056426332,TRUE,0.05,TRUE
shared_patient_factor,dependent_common_cause,22,quadratic_kappa,0.964824120603015,TRUE,0.05,TRUE
shared_patient_factor,dependent_common_cause,23,quadratic_kappa,0.904761904761905,TRUE,0.05,TRUE
shared_patient_factor,dependent_common_cause,24,quadratic_kappa,0.930724823604875,TRUE,0.05,TRUE
shared_patient_factor,dependent_common_cause,25,quadratic_kappa,0.968641114982578,TRUE,0.05,TRUE
shared_patient_factor,dependent_common_cause,26,quadratic_kappa,0.965876777251185,TRUE,0.05,TRUE
shared_patient_factor,dependent_common_cause,27,quadratic_kappa,0.974063400576369,TRUE,0.05,TRUE
shared_patient_factor,dependent_common_cause,28,quadratic_kappa,0.978963770938839,TRUE,0.05,TRUE
shared_patient_factor,dependent_common_cause,29,quadratic_kappa,0.96830985915493,TRUE,0.05,TRUE
shared_patient_factor,dependent_common_cause,30,quadratic_kappa,0.95169946332737,TRUE,0.05,TRUE
shared_patient_factor,dependent_common_cause,1,pearson_beta,0.973077590812998,TRUE,0.05,TRUE
shared_patient_factor,dependent_common_cause,2,pearson_beta,0.958663747482768,TRUE,0.05,TRUE
shared_patient_factor,dependent_common_cause,3,pearson_beta,0.966327343827242,TRUE,0.05,TRUE
shared_patient_factor,dependent_common_cause,4,pearson_beta,0.973672206494831,TRUE,0.05,TRUE
shared_patient_factor,dependent_common_cause,5,pearson_beta,0.986394890936448,TRUE,0.05,TRUE
shared_patient_factor,dependent_common_cause,6,pearson_beta,0.95392052607889,TRUE,0.05,TRUE
shared_patient_factor,dependent_common_cause,7,pearson_beta,0.960190871653276,TRUE,0.05,TRUE
shared_patient_factor,dependent_common_cause,8,pearson_beta,0.969621354658041,TRUE,0.05,TRUE
shared_patient_factor,dependent_common_cause,9,pearson_beta,0.991006325861199,TRUE,0.05,TRUE
shared_patient_factor,dependent_common_cause,10,pearson_beta,0.973320148569139,TRUE,0.05,TRUE
shared_patient_factor,dependent_common_cause,11,pearson_beta,0.973596975808459,TRUE,0.05,TRUE
shared_patient_factor,dependent_common_cause,12,pearson_beta,0.980620488357367,TRUE,0.05,TRUE
shared_patient_factor,dependent_common_cause,13,pearson_beta,0.979540802092537,TRUE,0.05,TRUE
shared_patient_factor,dependent_common_cause,14,pearson_beta,0.982887916286159,TRUE,0.05,TRUE
shared_patient_factor,dependent_common_cause,15,pearson_beta,0.984283489294156,TRUE,0.05,TRUE
shared_patient_factor,dependent_common_cause,16,pearson_beta,0.965055942326059,TRUE,0.05,TRUE
shared_patient_factor,dependent_common_cause,17,pearson_beta,0.980664696443221,TRUE,0.05,TRUE
shared_patient_factor,dependent_common_cause,18,pearson_beta,0.987965266282841,TRUE,0.05,TRUE
shared_patient_factor,dependent_common_cause,19,pearson_beta,0.973568602875313,TRUE,0.05,TRUE
shared_patient_factor,dependent_common_cause,20,pearson_beta,0.971604387892813,TRUE,0.05,TRUE
shared_patient_factor,dependent_common_cause,21,pearson_beta,0.969284434829506,TRUE,0.05,TRUE
shared_patient_factor,dependent_common_cause,22,pearson_beta,0.97863345580957,TRUE,0.05,TRUE
shared_patient_factor,dependent_common_cause,23,pearson_beta,0.961885592843815,TRUE,0.05,TRUE
shared_patient_factor,dependent_common_cause,24,pearson_beta,0.961560650768746,TRUE,0.05,TRUE
shared_patient_factor,dependent_common_cause,25,pearson_beta,0.980926699022747,TRUE,0.05,TRUE
shared_patient_factor,dependent_common_cause,26,pearson_beta,0.982063330820821,TRUE,0.05,TRUE
shared_patient_factor,dependent_common_cause,27,pearson_beta,0.975765347916902,TRUE,0.05,TRUE
shared_patient_factor,dependent_common_cause,28,pearson_beta,0.990373608066705,TRUE,0.05,TRUE
shared_patient_factor,dependent_common_cause,29,pearson_beta,0.98824781825712,TRUE,0.05,TRUE
shared_patient_factor,dependent_common_cause,30,pearson_beta,0.977718580422069,TRUE,0.05,TRUE
shared_patient_factor,dependent_common_cause,1,pearson_levels,0.960629420010224,TRUE,0.05,TRUE
shared_patient_factor,dependent_common_cause,2,pearson_levels,0.933427316859463,TRUE,0.05,TRUE
shared_patient_factor,dependent_common_cause,3,pearson_levels,0.954769831941862,TRUE,0.05,TRUE
shared_patient_factor,dependent_common_cause,4,pearson_levels,0.955389815631496,TRUE,0.05,TRUE
shared_patient_factor,dependent_common_cause,5,pearson_levels,0.985181361357191,TRUE,0.05,TRUE
shared_patient_factor,dependent_common_cause,6,pearson_levels,0.954346914468557,TRUE,0.05,TRUE
shared_patient_factor,dependent_common_cause,7,pearson_levels,0.949808227018626,TRUE,0.05,TRUE
shared_patient_factor,dependent_common_cause,8,pearson_levels,0.947876729238956,TRUE,0.05,TRUE
shared_patient_factor,dependent_common_cause,9,pearson_levels,0.974226933208118,TRUE,0.05,TRUE
shared_patient_factor,dependent_common_cause,10,pearson_levels,0.967025479821999,TRUE,0.05,TRUE
shared_patient_factor,dependent_common_cause,11,pearson_levels,0.948027854241006,TRUE,0.05,TRUE
shared_patient_factor,dependent_common_cause,12,pearson_levels,0.978784703039816,TRUE,0.05,TRUE
shared_patient_factor,dependent_common_cause,13,pearson_levels,0.980083098762381,TRUE,0.05,TRUE
shared_patient_factor,dependent_common_cause,14,pearson_levels,0.962865182147782,TRUE,0.05,TRUE
shared_patient_factor,dependent_common_cause,15,pearson_levels,0.967410310144288,TRUE,0.05,TRUE
shared_patient_factor,dependent_common_cause,16,pearson_levels,0.934534174524465,TRUE,0.05,TRUE
shared_patient_factor,dependent_common_cause,17,pearson_levels,0.953204861821166,TRUE,0.05,TRUE
shared_patient_factor,dependent_common_cause,18,pearson_levels,0.988017292655476,TRUE,0.05,TRUE
shared_patient_factor,dependent_common_cause,19,pearson_levels,0.950744045030853,TRUE,0.05,TRUE
shared_patient_factor,dependent_common_cause,20,pearson_levels,0.961443613379128,TRUE,0.05,TRUE
shared_patient_factor,dependent_common_cause,21,pearson_levels,0.96035334734379,TRUE,0.05,TRUE
shared_patient_factor,dependent_common_cause,22,pearson_levels,0.968364052270084,TRUE,0.05,TRUE
shared_patient_factor,dependent_common_cause,23,pearson_levels,0.931551641906374,TRUE,0.05,TRUE
shared_patient_factor,dependent_common_cause,24,pearson_levels,0.932279611937838,TRUE,0.05,TRUE
shared_patient_factor,dependent_common_cause,25,pearson_levels,0.969895965525552,TRUE,0.05,TRUE
shared_patient_factor,dependent_common_cause,26,pearson_levels,0.972445124911749,TRUE,0.05,TRUE
shared_patient_factor,dependent_common_cause,27,pearson_levels,0.97444950503539,TRUE,0.05,TRUE
shared_patient_factor,dependent_common_cause,28,pearson_levels,0.985887739468527,TRUE,0.05,TRUE
shared_patient_factor,dependent_common_cause,29,pearson_levels,0.973148051858248,TRUE,0.05,TRUE
shared_patient_factor,dependent_common_cause,30,pearson_levels,0.952365630853097,TRUE,0.05,TRUE
shared_patient_factor,dependent_common_cause,1,spearman_beta,0.944272445820434,TRUE,0.05,TRUE
shared_patient_factor,dependent_common_cause,2,spearman_beta,0.956656346749226,TRUE,0.05,TRUE
shared_patient_factor,dependent_common_cause,3,spearman_beta,0.936016511867905,TRUE,0.05,TRUE
shared_patient_factor,dependent_common_cause,4,spearman_beta,0.979360165118679,TRUE,0.05,TRUE
shared_patient_factor,dependent_common_cause,5,spearman_beta,0.956656346749226,TRUE,0.05,TRUE
shared_patient_factor,dependent_common_cause,6,spearman_beta,0.907120743034056,TRUE,0.05,TRUE
shared_patient_factor,dependent_common_cause,7,spearman_beta,0.880288957688338,TRUE,0.05,TRUE
shared_patient_factor,dependent_common_cause,8,spearman_beta,0.969040247678019,TRUE,0.05,TRUE
shared_patient_factor,dependent_common_cause,9,spearman_beta,0.970542765264218,TRUE,0.05,TRUE
shared_patient_factor,dependent_common_cause,10,spearman_beta,0.985552115583075,TRUE,0.05,TRUE
shared_patient_factor,dependent_common_cause,11,spearman_beta,0.969040247678019,TRUE,0.05,TRUE
shared_patient_factor,dependent_common_cause,12,spearman_beta,0.966976264189887,TRUE,0.05,TRUE
shared_patient_factor,dependent_common_cause,13,spearman_beta,0.987616099071207,TRUE,0.05,TRUE
shared_patient_factor,dependent_common_cause,14,spearman_beta,0.981424148606811,TRUE,0.05,TRUE
shared_patient_factor,dependent_common_cause,15,spearman_beta,0.979360165118679,TRUE,0.05,TRUE
shared_patient_factor,dependent_common_cause,16,spearman_beta,0.927760577915377,TRUE,0.05,TRUE
shared_patient_factor,dependent_common_cause,17,spearman_beta,0.966443081811596,TRUE,0.05,TRUE
shared_patient_factor,dependent_common_cause,18,spearman_beta,0.954592363261094,TRUE,0.05,TRUE
shared_patient_factor,dependent_common_cause,19,spearman_beta,0.95046439628483,TRUE,0.05,TRUE
shared_patient_factor,dependent_common_cause,20,spearman_beta,0.971104231166151,TRUE,0.05,TRUE
shared_patient_factor,dependent_common_cause,21,spearman_beta,0.964912280701754,TRUE,0.05,TRUE
shared_patient_factor,dependent_common_cause,22,spearman_beta,0.983488132094943,TRUE,0.05,TRUE
shared_patient_factor,dependent_common_cause,23,spearman_beta,0.940144478844169,TRUE,0.05,TRUE
shared_patient_factor,dependent_common_cause,24,spearman_beta,0.938080495356037,TRUE,0.05,TRUE
shared_patient_factor,dependent_common_cause,25,spearman_beta,0.985552115583075,TRUE,0.05,TRUE
shared_patient_factor,dependent_common_cause,26,spearman_beta,0.975129533678756,TRUE,0.05,TRUE
shared_patient_factor,dependent_common_cause,27,spearman_beta,0.964912280701754,TRUE,0.05,TRUE
shared_patient_factor,dependent_common_cause,28,spearman_beta,0.98037242395749,TRUE,0.05,TRUE
shared_patient_factor,dependent_common_cause,29,spearman_beta,0.975232198142415,TRUE,0.05,TRUE
shared_patient_factor,dependent_common_cause,30,spearman_beta,0.983488132094943,TRUE,0.05,TRUE
shared_patient_factor,dependent_common_cause,1,spearman_levels,0.963841243639623,TRUE,0.05,TRUE
shared_patient_factor,dependent_common_cause,2,spearman_levels,0.915950403053161,TRUE,0.05,TRUE
shared_patient_factor,dependent_common_cause,3,spearman_levels,0.942990011384919,TRUE,0.05,TRUE
shared_patient_factor,dependent_common_cause,4,spearman_levels,0.967320176080036,TRUE,0.05,TRUE
shared_patient_factor,dependent_common_cause,5,spearman_levels,0.964704504193438,TRUE,0.05,TRUE
shared_patient_factor,dependent_common_cause,6,spearman_levels,0.932781506529445,TRUE,0.05,TRUE
shared_patient_factor,dependent_common_cause,7,spearman_levels,0.916670742969667,TRUE,0.05,TRUE
shared_patient_factor,dependent_common_cause,8,spearman_levels,0.965591477102084,TRUE,0.05,TRUE
shared_patient_factor,dependent_common_cause,9,spearman_levels,0.959468531894735,TRUE,0.05,TRUE
shared_patient_factor,dependent_common_cause,10,spearman_levels,0.974136957062808,TRUE,0.05,TRUE
shared_patient_factor,dependent_common_cause,11,spearman_levels,0.938038082109062,TRUE,0.05,TRUE
shared_patient_factor,dependent_common_cause,12,spearman_levels,0.978056719197794,TRUE,0.05,TRUE
shared_patient_factor,dependent_common_cause,13,spearman_levels,0.97501379329858,TRUE,0.05,TRUE
shared_patient_factor,dependent_common_cause,14,spearman_levels,0.976749097548809,TRUE,0.05,TRUE
shared_patient_factor,dependent_common_cause,15,spearman_levels,0.964184070123609,TRUE,0.05,TRUE
shared_patient_factor,dependent_common_cause,16,spearman_levels,0.88592800878807,TRUE,0.05,TRUE
shared_patient_factor,dependent_common_cause,17,spearman_levels,0.931917002983381,TRUE,0.05,TRUE
shared_patient_factor,dependent_common_cause,18,spearman_levels,0.992062158130983,TRUE,0.05,TRUE
shared_patient_factor,dependent_common_cause,19,spearman_levels,0.939683065806293,TRUE,0.05,TRUE
shared_patient_factor,dependent_common_cause,20,spearman_levels,0.965061013998051,TRUE,0.05,TRUE
shared_patient_factor,dependent_common_cause,21,spearman_levels,0.961497890295359,TRUE,0.05,TRUE
shared_patient_factor,dependent_common_cause,22,spearman_levels,0.966298185583423,TRUE,0.05,TRUE
shared_patient_factor,dependent_common_cause,23,spearman_levels,0.934234449333297,TRUE,0.05,TRUE
shared_patient_factor,dependent_common_cause,24,spearman_levels,0.928047004531836,TRUE,0.05,TRUE
shared_patient_factor,dependent_common_cause,25,spearman_levels,0.977871986524697,TRUE,0.05,TRUE
shared_patient_factor,dependent_common_cause,26,spearman_levels,0.948792717957182,TRUE,0.05,TRUE
shared_patient_factor,dependent_common_cause,27,spearman_levels,0.957210910105178,TRUE,0.05,TRUE
shared_patient_factor,dependent_common_cause,28,spearman_levels,0.981549951877242,TRUE,0.05,TRUE
shared_patient_factor,dependent_common_cause,29,spearman_levels,0.965382315020736,TRUE,0.05,TRUE
shared_patient_factor,dependent_common_cause,30,spearman_levels,0.943040073352567,TRUE,0.05,TRUE
shared_patient_factor,dependent_common_cause,1,xi_levels_mean,0.687134825267336,TRUE,0.05,TRUE
shared_patient_factor,dependent_common_cause,2,xi_levels_mean,0.605202013682716,TRUE,0.05,TRUE
shared_patient_factor,dependent_common_cause,3,xi_levels_mean,0.599071636020085,TRUE,0.05,TRUE
shared_patient_factor,dependent_common_cause,4,xi_levels_mean,0.676546982429335,TRUE,0.05,TRUE
shared_patient_factor,dependent_common_cause,5,xi_levels_mean,0.681439462880948,TRUE,0.05,TRUE
shared_patient_factor,dependent_common_cause,6,xi_levels_mean,0.634331297781093,TRUE,0.05,TRUE
shared_patient_factor,dependent_common_cause,7,xi_levels_mean,0.629635380928068,TRUE,0.05,TRUE
shared_patient_factor,dependent_common_cause,8,xi_levels_mean,0.65757134244373,TRUE,0.05,TRUE
shared_patient_factor,dependent_common_cause,9,xi_levels_mean,0.686968161246505,TRUE,0.05,TRUE
shared_patient_factor,dependent_common_cause,10,xi_levels_mean,0.721203448043639,TRUE,0.05,TRUE
shared_patient_factor,dependent_common_cause,11,xi_levels_mean,0.594562278340921,TRUE,0.05,TRUE
shared_patient_factor,dependent_common_cause,12,xi_levels_mean,0.788998059194566,TRUE,0.05,TRUE
shared_patient_factor,dependent_common_cause,13,xi_levels_mean,0.71259729390431,TRUE,0.05,TRUE
shared_patient_factor,dependent_common_cause,14,xi_levels_mean,0.731933203168678,TRUE,0.05,TRUE
shared_patient_factor,dependent_common_cause,15,xi_levels_mean,0.666867947538412,TRUE,0.05,TRUE
shared_patient_factor,dependent_common_cause,16,xi_levels_mean,0.51005848764267,TRUE,0.05,TRUE
shared_patient_factor,dependent_common_cause,17,xi_levels_mean,0.615994426518041,TRUE,0.05,TRUE
shared_patient_factor,dependent_common_cause,18,xi_levels_mean,0.822938380358467,TRUE,0.05,TRUE
shared_patient_factor,dependent_common_cause,19,xi_levels_mean,0.572135591265776,TRUE,0.05,TRUE
shared_patient_factor,dependent_common_cause,20,xi_levels_mean,0.669204885731271,TRUE,0.05,TRUE
shared_patient_factor,dependent_common_cause,21,xi_levels_mean,0.664012096774194,TRUE,0.05,TRUE
shared_patient_factor,dependent_common_cause,22,xi_levels_mean,0.67689133449532,TRUE,0.05,TRUE
shared_patient_factor,dependent_common_cause,23,xi_levels_mean,0.540961125497379,TRUE,0.05,TRUE
shared_patient_factor,dependent_common_cause,24,xi_levels_mean,0.625076999303659,TRUE,0.05,TRUE
shared_patient_factor,dependent_common_cause,25,xi_levels_mean,0.725472193074502,TRUE,0.05,TRUE
shared_patient_factor,dependent_common_cause,26,xi_levels_mean,0.634973750826861,TRUE,0.05,TRUE
shared_patient_factor,dependent_common_cause,27,xi_levels_mean,0.685360428458997,TRUE,0.05,TRUE
shared_patient_factor,dependent_common_cause,28,xi_levels_mean,0.744935276020201,TRUE,0.05,TRUE
shared_patient_factor,dependent_common_cause,29,xi_levels_mean,0.706459627329193,TRUE,0.05,TRUE
shared_patient_factor,dependent_common_cause,30,xi_levels_mean,0.612816582244735,TRUE,0.05,TRUE
shared_patient_factor,dependent_common_cause,1,dcor_beta,0.96483102248364,TRUE,0.05,TRUE
shared_patient_factor,dependent_common_cause,2,dcor_beta,0.953585506696241,TRUE,0.05,TRUE
shared_patient_factor,dependent_common_cause,3,dcor_beta,0.951678839089421,TRUE,0.05,TRUE
shared_patient_factor,dependent_common_cause,4,dcor_beta,0.971968951296505,TRUE,0.05,TRUE
shared_patient_factor,dependent_common_cause,5,dcor_beta,0.988412978641856,TRUE,0.05,TRUE
shared_patient_factor,dependent_common_cause,6,dcor_beta,0.928662756765479,TRUE,0.05,TRUE
shared_patient_factor,dependent_common_cause,7,dcor_beta,0.946307624068739,TRUE,0.05,TRUE
shared_patient_factor,dependent_common_cause,8,dcor_beta,0.969967424510708,TRUE,0.05,TRUE
shared_patient_factor,dependent_common_cause,9,dcor_beta,0.988633615344465,TRUE,0.05,TRUE
shared_patient_factor,dependent_common_cause,10,dcor_beta,0.974262452956412,TRUE,0.05,TRUE
shared_patient_factor,dependent_common_cause,11,dcor_beta,0.959516657419138,TRUE,0.05,TRUE
shared_patient_factor,dependent_common_cause,12,dcor_beta,0.97638663903945,TRUE,0.05,TRUE
shared_patient_factor,dependent_common_cause,13,dcor_beta,0.972386353358218,TRUE,0.05,TRUE
shared_patient_factor,dependent_common_cause,14,dcor_beta,0.975413960079224,TRUE,0.05,TRUE
shared_patient_factor,dependent_common_cause,15,dcor_beta,0.982302512296162,TRUE,0.05,TRUE
shared_patient_factor,dependent_common_cause,16,dcor_beta,0.939262974562573,TRUE,0.05,TRUE
shared_patient_factor,dependent_common_cause,17,dcor_beta,0.979614797576537,TRUE,0.05,TRUE
shared_patient_factor,dependent_common_cause,18,dcor_beta,0.98393954551508,TRUE,0.05,TRUE
shared_patient_factor,dependent_common_cause,19,dcor_beta,0.960325379434533,TRUE,0.05,TRUE
shared_patient_factor,dependent_common_cause,20,dcor_beta,0.963736203643435,TRUE,0.05,TRUE
shared_patient_factor,dependent_common_cause,21,dcor_beta,0.962369849889961,TRUE,0.05,TRUE
shared_patient_factor,dependent_common_cause,22,dcor_beta,0.971469715001809,TRUE,0.05,TRUE
shared_patient_factor,dependent_common_cause,23,dcor_beta,0.957075290302935,TRUE,0.05,TRUE
shared_patient_factor,dependent_common_cause,24,dcor_beta,0.949310615322731,TRUE,0.05,TRUE
shared_patient_factor,dependent_common_cause,25,dcor_beta,0.971847636579293,TRUE,0.05,TRUE
shared_patient_factor,dependent_common_cause,26,dcor_beta,0.974065507181148,TRUE,0.05,TRUE
shared_patient_factor,dependent_common_cause,27,dcor_beta,0.965065814954986,TRUE,0.05,TRUE
shared_patient_factor,dependent_common_cause,28,dcor_beta,0.987408352490504,TRUE,0.05,TRUE
shared_patient_factor,dependent_common_cause,29,dcor_beta,0.984749045908401,TRUE,0.05,TRUE
shared_patient_factor,dependent_common_cause,30,dcor_beta,0.968033298177176,TRUE,0.05,TRUE
shared_patient_factor,dependent_common_cause,1,dcor_levels,0.955753720397392,TRUE,0.05,TRUE
shared_patient_factor,dependent_common_cause,2,dcor_levels,0.923480429420775,TRUE,0.05,TRUE
shared_patient_factor,dependent_common_cause,3,dcor_levels,0.942859986846805,TRUE,0.05,TRUE
shared_patient_factor,dependent_common_cause,4,dcor_levels,0.949378341733954,TRUE,0.05,TRUE
shared_patient_factor,dependent_common_cause,5,dcor_levels,0.98846387350243,TRUE,0.05,TRUE
shared_patient_factor,dependent_common_cause,6,dcor_levels,0.926620556025888,TRUE,0.05,TRUE
shared_patient_factor,dependent_common_cause,7,dcor_levels,0.932990081916097,TRUE,0.05,TRUE
shared_patient_factor,dependent_common_cause,8,dcor_levels,0.939158659579837,TRUE,0.05,TRUE
shared_patient_factor,dependent_common_cause,9,dcor_levels,0.967802073764117,TRUE,0.05,TRUE
shared_patient_factor,dependent_common_cause,10,dcor_levels,0.955735715136818,TRUE,0.05,TRUE
shared_patient_factor,dependent_common_cause,11,dcor_levels,0.925428946200878,TRUE,0.05,TRUE
shared_patient_factor,dependent_common_cause,12,dcor_levels,0.975529459454249,TRUE,0.05,TRUE
shared_patient_factor,dependent_common_cause,13,dcor_levels,0.973087300901719,TRUE,0.05,TRUE
shared_patient_factor,dependent_common_cause,14,dcor_levels,0.960019904427835,TRUE,0.05,TRUE
shared_patient_factor,dependent_common_cause,15,dcor_levels,0.963122761380308,TRUE,0.05,TRUE
shared_patient_factor,dependent_common_cause,16,dcor_levels,0.891803925882677,TRUE,0.05,TRUE
shared_patient_factor,dependent_common_cause,17,dcor_levels,0.939129563195769,TRUE,0.05,TRUE
shared_patient_factor,dependent_common_cause,18,dcor_levels,0.98681439534263,TRUE,0.05,TRUE
shared_patient_factor,dependent_common_cause,19,dcor_levels,0.923184365826704,TRUE,0.05,TRUE
shared_patient_factor,dependent_common_cause,20,dcor_levels,0.947306081024158,TRUE,0.05,TRUE
shared_patient_factor,dependent_common_cause,21,dcor_levels,0.945410098792686,TRUE,0.05,TRUE
shared_patient_factor,dependent_common_cause,22,dcor_levels,0.956944598145444,TRUE,0.05,TRUE
shared_patient_factor,dependent_common_cause,23,dcor_levels,0.916730594785254,TRUE,0.05,TRUE
shared_patient_factor,dependent_common_cause,24,dcor_levels,0.909407153909877,TRUE,0.05,TRUE
shared_patient_factor,dependent_common_cause,25,dcor_levels,0.964255601326943,TRUE,0.05,TRUE
shared_patient_factor,dependent_common_cause,26,dcor_levels,0.964647482756628,TRUE,0.05,TRUE
shared_patient_factor,dependent_common_cause,27,dcor_levels,0.958239140970044,TRUE,0.05,TRUE
shared_patient_factor,dependent_common_cause,28,dcor_levels,0.980129418469371,TRUE,0.05,TRUE
shared_patient_factor,dependent_common_cause,29,dcor_levels,0.962627223256077,TRUE,0.05,TRUE
shared_patient_factor,dependent_common_cause,30,dcor_levels,0.931560329169221,TRUE,0.05,TRUE
shared_patient_factor,dependent_common_cause,1,unbiased_dcov2_levels,3.20130718954248,TRUE,0.05,TRUE
shared_patient_factor,dependent_common_cause,2,unbiased_dcov2_levels,0.993464052287581,TRUE,0.05,TRUE
shared_patient_factor,dependent_common_cause,3,unbiased_dcov2_levels,1.56318082788671,TRUE,0.05,TRUE
shared_patient_factor,dependent_common_cause,4,unbiased_dcov2_levels,2.50424836601308,TRUE,0.05,TRUE
shared_patient_factor,dependent_common_cause,5,unbiased_dcov2_levels,6.09302832244009,TRUE,0.05,TRUE
shared_patient_factor,dependent_common_cause,6,unbiased_dcov2_levels,1.05904139433551,TRUE,0.05,TRUE
shared_patient_factor,dependent_common_cause,7,unbiased_dcov2_levels,0.968300653594769,TRUE,0.05,TRUE
shared_patient_factor,dependent_common_cause,8,unbiased_dcov2_levels,1.72113289760349,TRUE,0.05,TRUE
shared_patient_factor,dependent_common_cause,9,unbiased_dcov2_levels,3.64084967320262,TRUE,0.05,TRUE
shared_patient_factor,dependent_common_cause,10,unbiased_dcov2_levels,1.78518518518519,TRUE,0.05,TRUE
shared_patient_factor,dependent_common_cause,11,unbiased_dcov2_levels,1.57167755991285,TRUE,0.05,TRUE
shared_patient_factor,dependent_common_cause,12,unbiased_dcov2_levels,4.61220043572985,TRUE,0.05,TRUE
shared_patient_factor,dependent_common_cause,13,unbiased_dcov2_levels,2.80893246187364,TRUE,0.05,TRUE
shared_patient_factor,dependent_common_cause,14,unbiased_dcov2_levels,1.96906318082789,TRUE,0.05,TRUE
shared_patient_factor,dependent_common_cause,15,unbiased_dcov2_levels,2.75239651416122,TRUE,0.05,TRUE
shared_patient_factor,dependent_common_cause,16,unbiased_dcov2_levels,1.18910675381264,TRUE,0.05,TRUE
shared_patient_factor,dependent_common_cause,17,unbiased_dcov2_levels,2.41132897603486,TRUE,0.05,TRUE
shared_patient_factor,dependent_common_cause,18,unbiased_dcov2_levels,2.11263616557734,TRUE,0.05,TRUE
shared_patient_factor,dependent_common_cause,19,unbiased_dcov2_levels,1.33442265795207,TRUE,0.05,TRUE
shared_patient_factor,dependent_common_cause,20,unbiased_dcov2_levels,2.45424836601307,TRUE,0.05,TRUE
shared_patient_factor,dependent_common_cause,21,unbiased_dcov2_levels,2.22385620915033,TRUE,0.05,TRUE
shared_patient_factor,dependent_common_cause,22,unbiased_dcov2_levels,2.23333333333333,TRUE,0.05,TRUE
shared_patient_factor,dependent_common_cause,23,unbiased_dcov2_levels,1.2900871459695,TRUE,0.05,TRUE
shared_patient_factor,dependent_common_cause,24,unbiased_dcov2_levels,2.09074074074073,TRUE,0.05,TRUE
shared_patient_factor,dependent_common_cause,25,unbiased_dcov2_levels,2.12309368191721,TRUE,0.05,TRUE
shared_patient_factor,dependent_common_cause,26,unbiased_dcov2_levels,3.31296296296296,TRUE,0.05,TRUE
shared_patient_factor,dependent_common_cause,27,unbiased_dcov2_levels,2.18649237472767,TRUE,0.05,TRUE
shared_patient_factor,dependent_common_cause,28,unbiased_dcov2_levels,3.619825708061,TRUE,0.05,TRUE
shared_patient_factor,dependent_common_cause,29,unbiased_dcov2_levels,2.31503267973856,TRUE,0.05,TRUE
shared_patient_factor,dependent_common_cause,30,unbiased_dcov2_levels,1.67058823529412,TRUE,0.05,TRUE
