subset,family,ell,mean_w,error,gain,gain_legacy,fold
all,Codex F,0,0,0.0357740143399039,0.0408382551675424,0.0408382551675424,1
all,F no distance,0,0,0.0357740143399039,0.0408382551675424,0.0408382551675424,1
all,F+,0,0,0.0357752805480474,0.0408392955517725,0.0408392955517725,1
all,F guarded,0,0,0.0806464709009337,0.0528437107978316,0.0528437107978316,1
all,New C,0,0,0.0539518075156696,0.0440636233209871,0.0440636233209871,1
all,New C with dCor,0,0,0.0204485227064955,0.0305246092875246,0.0305246092875246,1
all,F+ depth-weighted,0,0,0.0358187302076603,0.0408851356655218,0.0408851356655218,1
first,Codex F,0,0,0.0354302430208249,0.0405196664630601,0.0405196664630601,1
first,F no distance,0,0,0.0354302430208249,0.0405196664630601,0.0405196664630601,1
first,F+,0,0,0.0354340482078642,0.040519668986847,0.040519668986847,1
first,F guarded,0,0,0.0805264667958009,0.052615162640425,0.052615162640425,1
first,New C,0,0,0.0520171364269672,0.0433019379323927,0.0433019379323927,1
first,New C with dCor,0,0,0.019260554144032,0.0295777368139424,0.0295777368139424,1
first,F+ depth-weighted,0,0,0.035451805689376,0.0405814228469746,0.0405814228469746,1
second,Codex F,0,0,0.0361498244859542,0.0411498374979986,0.0411498374979986,1
second,F no distance,0,0,0.0361498244859542,0.0411498374979986,0.0411498374979986,1
second,F+,0,0,0.036149985834847,0.0411507974313672,0.0411507974313672,1
second,F guarded,0,0,0.0807823886112718,0.0530888380414884,0.0530888380414884,1
second,New C,0,0,0.0559067745826939,0.0448219151842393,0.0448219151842393,1
second,New C with dCor,0,0,0.0216366466514846,0.0314743305095431,0.0314743305095431,1
second,F+ depth-weighted,0,0,0.0361840646573053,0.0411912089388339,0.0411912089388339,1
all,Codex F,3,0.117470632330429,0.030402341436621,0.0368529227912559,0.0368529227912559,1
all,F no distance,3,0.117470632330429,0.0348050404758637,0.0404188005822437,0.0404188005822437,1
all,F+,3,0.117470632330429,0.0304026618297557,0.0368532207705529,0.0368532207705529,1
all,F guarded,3,0.117470632330429,0.0369277246434436,0.0370806605831959,0.0370806605831959,1
all,New C,3,0.117470632330429,0.0475598482226857,0.0415804972792779,0.0415804972792779,1
all,New C with dCor,3,0.117470632330429,0.017777819935789,0.0276222714480163,0.0276222714480163,1
all,F+ depth-weighted,3,0.117470632330429,0.0304639044644128,0.0369551201931071,0.0369551201931071,1
first,Codex F,3,0.117470632330429,0.0301796338295649,0.0366965601245067,0.0366965601245067,1
first,F no distance,3,0.117470632330429,0.0344574175367435,0.0401369641743878,0.0401369641743878,1
first,F+,3,0.117470632330429,0.0301799007566123,0.0366961245803244,0.0366961245803244,1
first,F guarded,3,0.117470632330429,0.0369701610334717,0.0371459865039,0.0371459865039,1
first,New C,3,0.117470632330429,0.0459818260707383,0.0410138306806705,0.0410138306806705,1
first,New C with dCor,3,0.117470632330429,0.0168420440354723,0.0268293843991954,0.0268293843991954,1
first,F+ depth-weighted,3,0.117470632330429,0.0302426717700571,0.0367627263264575,0.0367627263264575,1
second,Codex F,3,0.117470632330429,0.030623128157414,0.0370407403693828,0.0370407403693828,1
second,F no distance,3,0.117470632330429,0.0351412035123328,0.0407208081581379,0.0407208081581379,1
second,F+,3,0.117470632330429,0.0306229536075126,0.0370407203154539,0.0370407203154539,1
second,F guarded,3,0.117470632330429,0.0369280303522428,0.0370325503250147,0.0370325503250147,1
second,New C,3,0.117470632330429,0.0492389632548587,0.0421133409911261,0.0421133409911261,1
second,New C with dCor,3,0.117470632330429,0.0186770893750482,0.0284384121718207,0.0284384121718207,1
second,F+ depth-weighted,3,0.117470632330429,0.0306954960090113,0.037136132856449,0.037136132856449,1
all,Codex F,5,0.206174662261047,0.0269769765543014,0.0333820650014045,0.0333820650014045,1
all,F no distance,5,0.206174662261047,0.0339496752002519,0.039989065691284,0.039989065691284,1
all,F+,5,0.206174662261047,0.0269771371925581,0.0333840405875307,0.0333840405875307,1
all,F guarded,5,0.206174662261047,0.0261194965415608,0.0270296919989733,0.0270296919989733,1
all,New C,5,0.206174662261047,0.0352298769025423,0.0342416615226448,0.0342416615226448,1
all,New C with dCor,5,0.206174662261047,0.0160582468669348,0.0251936529261881,0.0251936529261881,1
all,F+ depth-weighted,5,0.206174662261047,0.0270532110543676,0.0335044029271863,0.0335044029271863,1
first,Codex F,5,0.206174662261047,0.0267434703991067,0.0333071288292999,0.0333071288292999,1
first,F no distance,5,0.206174662261047,0.0336444198078568,0.0397207234951961,0.0397207234951961,1
first,F+,5,0.206174662261047,0.0267439572969914,0.0333077535722974,0.0333077535722974,1
first,F guarded,5,0.206174662261047,0.0258036206565064,0.0270414744897085,0.0270414744897085,1
first,New C,5,0.206174662261047,0.0350316672297612,0.0343687079496402,0.0343687079496402,1
first,New C with dCor,5,0.206174662261047,0.0152607441147476,0.0244408955345902,0.0244408955345902,1
first,F+ depth-weighted,5,0.206174662261047,0.0268419984511739,0.0334373663954543,0.0334373663954543,1
second,Codex F,5,0.206174662261047,0.0271727647382972,0.0334313052999975,0.0334313052999975,1
second,F no distance,5,0.206174662261047,0.0342646438572447,0.0402596864117342,0.0402596864117342,1
second,F+,5,0.206174662261047,0.0271730832033387,0.0334339218932058,0.0334339218932058,1
second,F guarded,5,0.206174662261047,0.0264782198908863,0.0269957076411227,0.0269957076411227,1
second,New C,5,0.206174662261047,0.0354692873530362,0.0341663422232548,0.0341663422232548,1
second,New C with dCor,5,0.206174662261047,0.0169062240899724,0.0259139221660812,0.0259139221660812,1
second,F+ depth-weighted,5,0.206174662261047,0.0272684105751871,0.0335637520392508,0.0335637520392508,1
all,Codex F,10,0.360961882464157,0.0219539298729714,0.0277586444378869,0.0277586444378869,1
all,F no distance,10,0.360961882464157,0.032049131050541,0.0389891263064308,0.0389891263064308,1
all,F+,10,0.360961882464157,0.0219548531322799,0.0277615027586782,0.0277615027586782,1
all,F guarded,10,0.360961882464157,0.0231414681976664,0.020309520261771,0.020309520261771,1
all,New C,10,0.360961882464157,0.0194579888216365,0.0209552930237851,0.0209552930237851,1
all,New C with dCor,10,0.360961882464157,0.0136180313056372,0.0217885492942003,0.0217885492942003,1
all,F+ depth-weighted,10,0.360961882464157,0.0220883754145992,0.0279358176626497,0.0279358176626497,1
first,Codex F,10,0.360961882464157,0.0218285022728986,0.0277996239517674,0.0277996239517674,1
first,F no distance,10,0.360961882464157,0.0317438555732072,0.0387167172824238,0.0387167172824238,1
first,F+,10,0.360961882464157,0.0218250481043153,0.0278006630956191,0.0278006630956191,1
first,F guarded,10,0.360961882464157,0.0226158347180176,0.0201303753983311,0.0201303753983311,1
first,New C,10,0.360961882464157,0.0191914654555918,0.0208521365684193,0.0208521365684193,1
first,New C with dCor,10,0.360961882464157,0.0129431649592233,0.0211905742335208,0.0211905742335208,1
first,F+ depth-weighted,10,0.360961882464157,0.02195578043028,0.0279398542642699,0.0279398542642699,1
second,Codex F,10,0.360961882464157,0.0221097626003017,0.0277514477336701,0.0277514477336701,1
second,F no distance,10,0.360961882464157,0.0323638677973665,0.0392726805348821,0.0392726805348821,1
second,F+,10,0.360961882464157,0.0221084485927359,0.0277518523784187,0.0277518523784187,1
second,F guarded,10,0.360961882464157,0.0237114057406974,0.0204808361313748,0.0204808361313748,1
second,New C,10,0.360961882464157,0.0198186547188642,0.0210988597758375,0.0210988597758375,1
second,New C with dCor,10,0.360961882464157,0.0142897404438134,0.0223326555091823,0.0223326555091823,1
second,F+ depth-weighted,10,0.360961882464157,0.0222393586146452,0.0279039913052793,0.0279039913052793,1
all,Codex F,20,0.532284387119722,0.0133032196230135,0.019452730372831,0.019452730372831,1
all,F no distance,20,0.532284387119722,0.0291660179495232,0.0372147736937614,0.0372147736937614,1
all,F+,20,0.532284387119722,0.0133022852467819,0.0194526830030389,0.0194526830030389,1
all,F guarded,20,0.532284387119722,0.0180409893490176,0.0161169176872516,0.0161169176872516,1
all,New C,20,0.532284387119722,0.0140171335320148,0.0164693714955772,0.0164693714955772,1
all,New C with dCor,20,0.532284387119722,0.010896921244697,0.0185824176683186,0.0185824176683186,1
all,F+ depth-weighted,20,0.532284387119722,0.0136528973438078,0.019833590269144,0.019833590269144,1
first,Codex F,20,0.532284387119722,0.0134635081475094,0.0197035658442873,0.0197035658442873,1
first,F no distance,20,0.532284387119722,0.0288962254951572,0.0369741483186271,0.0369741483186271,1
first,F+,20,0.532284387119722,0.0134621062740592,0.0197034683061304,0.0197034683061304,1
first,F guarded,20,0.532284387119722,0.0181406522781483,0.016250449692648,0.016250449692648,1
first,New C,20,0.532284387119722,0.0132925819828969,0.0160023893083235,0.0160023893083235,1
first,New C with dCor,20,0.532284387119722,0.0103446646206997,0.0180673676608692,0.0180673676608692,1
first,F+ depth-weighted,20,0.532284387119722,0.0138247578326443,0.0200795217748579,0.0200795217748579,1
second,Codex F,20,0.532284387119722,0.0131394408815873,0.0191965179182786,0.0191965179182786,1
second,F no distance,20,0.532284387119722,0.0294506828380976,0.0374884929864563,0.0374884929864563,1
second,F+,20,0.532284387119722,0.0131397668648237,0.0191966388515388,0.0191966388515388,1
second,F guarded,20,0.532284387119722,0.0179058593926408,0.0159603127019069,0.0159603127019069,1
second,New C,20,0.532284387119722,0.0148018082455272,0.016954347017124,0.016954347017124,1
second,New C with dCor,20,0.532284387119722,0.0114662782608678,0.0190571081422404,0.0190571081422404,1
second,F+ depth-weighted,20,0.532284387119722,0.0134963820860523,0.0196000584171395,0.0196000584171395,1
all,Codex F,30,0.628076765873137,0.00955847497295324,0.0149818202870267,0.0149818202870267,1
all,F no distance,30,0.628076765873137,0.0269185832162744,0.0356475698658236,0.0356475698658236,1
all,F+,30,0.628076765873137,0.00955810279390365,0.0149816822017722,0.0149816822017722,1
all,F guarded,30,0.628076765873137,0.012135152413379,0.0122404408507583,0.0122404408507583,1
all,New C,30,0.628076765873137,0.0121307955487934,0.0152020707999864,0.0152020707999864,1
all,New C with dCor,30,0.628076765873137,0.00867677696654755,0.0160239318392402,0.0160239318392402,1
all,F+ depth-weighted,30,0.628076765873137,0.0098015781383823,0.0153664376233051,0.0153664376233051,1
first,Codex F,30,0.628076765873137,0.0095710526330425,0.0152326773253593,0.0152326773253593,1
first,F no distance,30,0.628076765873137,0.0266804826959428,0.0353940665068074,0.0353940665068074,1
first,F+,30,0.628076765873137,0.00957043412503988,0.0152327285918522,0.0152327285918522,1
first,F guarded,30,0.628076765873137,0.0122135338144643,0.0123612395067788,0.0123612395067788,1
first,New C,30,0.628076765873137,0.011535115662883,0.0147367763619113,0.0147367763619113,1
first,New C with dCor,30,0.628076765873137,0.00863649633085204,0.0160874315078539,0.0160874315078539,1
first,F+ depth-weighted,30,0.628076765873137,0.00984180667559018,0.0156113610111648,0.0156113610111648,1
second,Codex F,30,0.628076765873137,0.009575995849553,0.0147955986594928,0.0147955986594928,1
second,F no distance,30,0.628076765873137,0.0271518383368345,0.0358829058402889,0.0358829058402889,1
second,F+,30,0.628076765873137,0.00957590431689671,0.0147955965850685,0.0147955965850685,1
second,F guarded,30,0.628076765873137,0.0120923789940169,0.0121468447959672,0.0121468447959672,1
second,New C,30,0.628076765873137,0.0124276533480001,0.015468573487593,0.015468573487593,1
second,New C with dCor,30,0.628076765873137,0.00868821669798716,0.0159341068466284,0.0159341068466284,1
second,F+ depth-weighted,30,0.628076765873137,0.00977038607306815,0.0151251417953904,0.0151251417953904,1
all,Codex F,50,0.734295787355217,0.00719779300142082,0.0112150899063858,0.0112150899063858,1
all,F no distance,50,0.734295787355217,0.0233917027760459,0.0327743200128532,0.0327743200128532,1
all,F+,50,0.734295787355217,0.00719779313001399,0.0112159312004997,0.0112159312004997,1
all,F guarded,50,0.734295787355217,0.00760842171002793,0.00854257722185542,0.00854257722185542,1
all,New C,50,0.734295787355217,0.00710250082173956,0.0109040473928103,0.0109040473928103,1
all,New C with dCor,50,0.734295787355217,0.0054946685521913,0.0115593805947197,0.0115593805947197,1
all,F+ depth-weighted,50,0.734295787355217,0.00730808209560274,0.0114965859449571,0.0114965859449571,1
first,Codex F,50,0.734295787355217,0.00706621832460452,0.0113169595645528,0.0113169595645528,1
first,F no distance,50,0.734295787355217,0.0232026416869049,0.0325852201092167,0.0325852201092167,1
first,F+,50,0.734295787355217,0.00706651384869819,0.0113182988914173,0.0113182988914173,1
first,F guarded,50,0.734295787355217,0.00744833427337615,0.00859173720992528,0.00859173720992528,1
first,New C,50,0.734295787355217,0.00685626573738897,0.0106715491319502,0.0106715491319502,1
first,New C with dCor,50,0.734295787355217,0.00533565291654354,0.0114962616005993,0.0114962616005993,1
first,F+ depth-weighted,50,0.734295787355217,0.00719016409489462,0.0116289561327809,0.0116289561327809,1
second,Codex F,50,0.734295787355217,0.00732861832570206,0.0111139637076717,0.0111139637076717,1
second,F no distance,50,0.734295787355217,0.0235783924938252,0.0329885600853565,0.0329885600853565,1
second,F+,50,0.734295787355217,0.00732880146307305,0.0111161566786089,0.0111161566786089,1
second,F guarded,50,0.734295787355217,0.00780287414204357,0.00856319810454178,0.00856319810454178,1
second,New C,50,0.734295787355217,0.00730478684276293,0.0111094977945636,0.0111094977945636,1
second,New C with dCor,50,0.734295787355217,0.00567106376020946,0.0116607283251454,0.0116607283251454,1
second,F+ depth-weighted,50,0.734295787355217,0.00745435850466145,0.0114201509007194,0.0114201509007194,1
all,Codex F,75,0.803427651095867,0.00601175446342801,0.00896177936859568,0.00896177936859568,1
all,F no distance,75,0.803427651095867,0.0200931907129816,0.02956252815329,0.02956252815329,1
all,F+,75,0.803427651095867,0.00601187498063823,0.00896350967815627,0.00896350967815627,1
all,F guarded,75,0.803427651095867,0.00636137411242331,0.00678359157312313,0.00678359157312313,1
all,New C,75,0.803427651095867,0.00487951221979976,0.00822592360606502,0.00822592360606502,1
all,New C with dCor,75,0.803427651095867,0.00409427052458047,0.0089421946643166,0.0089421946643166,1
all,F+ depth-weighted,75,0.803427651095867,0.00610401727395172,0.00923549226093755,0.00923549226093755,1
first,Codex F,75,0.803427651095867,0.00589468801201916,0.00905260744928112,0.00905260744928112,1
first,F no distance,75,0.803427651095867,0.0200041680609464,0.029495807593823,0.029495807593823,1
first,F+,75,0.803427651095867,0.00589546874126182,0.00905395778707682,0.00905395778707682,1
first,F guarded,75,0.803427651095867,0.0061052441945229,0.0067342445880642,0.0067342445880642,1
first,New C,75,0.803427651095867,0.00459655348924312,0.00793076186489389,0.00793076186489389,1
first,New C with dCor,75,0.803427651095867,0.00394361844938612,0.00882696627914344,0.00882696627914344,1
first,F+ depth-weighted,75,0.803427651095867,0.00598081042321185,0.00927778322259285,0.00927778322259285,1
second,Codex F,75,0.803427651095867,0.00612828226715516,0.00891162014156447,0.00891162014156447,1
second,F no distance,75,0.803427651095867,0.0202170315184787,0.0296362551560146,0.0296362551560146,1
second,F+,75,0.803427651095867,0.00612821880104877,0.00891176411367017,0.00891176411367017,1
second,F guarded,75,0.803427651095867,0.00663500808891479,0.00682058765224757,0.00682058765224757,1
second,New C,75,0.803427651095867,0.00522936867302263,0.00867230579238847,0.00867230579238847,1
second,New C with dCor,75,0.803427651095867,0.00425811506759654,0.00908092565039313,0.00908092565039313,1
second,F+ depth-weighted,75,0.803427651095867,0.00623102974898802,0.00916168076955473,0.00916168076955473,1
all,Codex F,100,0.843794398070452,0.00485454303195745,0.00710987308510968,0.00710987308510968,1
all,F no distance,100,0.843794398070452,0.0174596642307049,0.0266593826427339,0.0266593826427339,1
all,F+,100,0.843794398070452,0.00485454453680382,0.00711011968375617,0.00711011968375617,1
all,F guarded,100,0.843794398070452,0.00510815955808061,0.00528852711849309,0.00528852711849309,1
all,New C,100,0.843794398070452,0.00388818231646216,0.00671562286486583,0.00671562286486583,1
all,New C with dCor,100,0.843794398070452,0.00348918180986651,0.00753828393159831,0.00753828393159831,1
all,F+ depth-weighted,100,0.843794398070452,0.00500489126411492,0.0074088372544128,0.0074088372544128,1
first,Codex F,100,0.843794398070452,0.0048383561726589,0.00727524131033413,0.00727524131033413,1
first,F no distance,100,0.843794398070452,0.0172782852393703,0.0265834436850764,0.0265834436850764,1
first,F+,100,0.843794398070452,0.00483771695201127,0.00727519725283012,0.00727519725283012,1
first,F guarded,100,0.843794398070452,0.00514615896516461,0.00542786984215873,0.00542786984215873,1
first,New C,100,0.843794398070452,0.0036858788297414,0.00649737705361349,0.00649737705361349,1
first,New C with dCor,100,0.843794398070452,0.00335677900650376,0.00741864475326406,0.00741864475326406,1
first,F+ depth-weighted,100,0.843794398070452,0.00507824353104177,0.00770098474076003,0.00770098474076003,1
second,Codex F,100,0.843794398070452,0.00491357757655869,0.00700422602774342,0.00700422602774342,1
second,F no distance,100,0.843794398070452,0.017608597869516,0.0267284077937323,0.0267284077937323,1
second,F+,100,0.843794398070452,0.00491343950100704,0.00700419525155555,0.00700419525155555,1
second,F guarded,100,0.843794398070452,0.00522091998442461,0.0052625488468272,0.0052625488468272,1
second,New C,100,0.843794398070452,0.00402451470643009,0.0068147132981336,0.0068147132981336,1
second,New C with dCor,100,0.843794398070452,0.003603996509109,0.00760776223895183,0.00760776223895183,1
second,F+ depth-weighted,100,0.843794398070452,0.00505253767401259,0.00725065570986877,0.00725065570986877,1
all,Codex F,150,0.889138146764167,0.0037076200411241,0.00514948387442019,0.00514948387442019,1
all,F no distance,150,0.889138146764167,0.0139337763193604,0.022279429875507,0.022279429875507,1
all,F+,150,0.889138146764167,0.0037075450336019,0.00514947083379262,0.00514947083379262,1
all,F guarded,150,0.889138146764167,0.00379849283890441,0.00355176651139661,0.00355176651139661,1
all,New C,150,0.889138146764167,0.00285545128567846,0.00468820748143794,0.00468820748143794,1
all,New C with dCor,150,0.889138146764167,0.00276545338571841,0.00561709379944594,0.00561709379944594,1
all,F+ depth-weighted,150,0.889138146764167,0.00378571447896163,0.00536165612230062,0.00536165612230062,1
first,Codex F,150,0.889138146764167,0.00369108187260825,0.00528580713077848,0.00528580713077848,1
first,F no distance,150,0.889138146764167,0.0138648251991072,0.0223583069650277,0.0223583069650277,1
first,F+,150,0.889138146764167,0.00369108187260825,0.00528580713077848,0.00528580713077848,1
first,F guarded,150,0.889138146764167,0.00376807475144147,0.00362042577924719,0.00362042577924719,1
first,New C,150,0.889138146764167,0.00275513322361406,0.00458026880580908,0.00458026880580908,1
first,New C with dCor,150,0.889138146764167,0.00272937364347188,0.00568250441603191,0.00568250441603191,1
first,F+ depth-weighted,150,0.889138146764167,0.00376410139320704,0.00548813315540667,0.00548813315540667,1
second,Codex F,150,0.889138146764167,0.00374134198094282,0.00502883584061504,0.00502883584061504,1
second,F no distance,150,0.889138146764167,0.0140320909563569,0.0222170462533603,0.0222170462533603,1
second,F+,150,0.889138146764167,0.00374134198094282,0.00502890837014344,0.00502890837014344,1
second,F guarded,150,0.889138146764167,0.00383181028202637,0.00349780854725051,0.00349780854725051,1
second,New C,150,0.889138146764167,0.00296557423267943,0.00475984606812548,0.00475984606812548,1
second,New C with dCor,150,0.889138146764167,0.00283196200744866,0.00562243827859656,0.00562243827859656,1
second,F+ depth-weighted,150,0.889138146764167,0.00381942755441781,0.00524304753504351,0.00524304753504351,1
all,Codex F,200,0.914033950690219,0.00327643152298062,0.00436928549770603,0.00436928549770603,1
all,F no distance,200,0.914033950690219,0.0117181868502446,0.0190879970916142,0.0190879970916142,1
all,F+,200,0.914033950690219,0.00327643152298062,0.00436928549770603,0.00436928549770603,1
all,F guarded,200,0.914033950690219,0.00332337319236805,0.00285226636226606,0.00285226636226606,1
all,New C,200,0.914033950690219,0.00251306114345925,0.00384268624170949,0.00384268624170949,1
all,New C with dCor,200,0.914033950690219,0.00252012750167052,0.00477079823183259,0.00477079823183259,1
all,F+ depth-weighted,200,0.914033950690219,0.00331483960164396,0.00450424858296269,0.00450424858296269,1
first,Codex F,200,0.914033950690219,0.00322854422804817,0.00443189021109688,0.00443189021109688,1
first,F no distance,200,0.914033950690219,0.0116451597977028,0.0192206400097471,0.0192206400097471,1
first,F+,200,0.914033950690219,0.00322854422804817,0.00443189021109688,0.00443189021109688,1
first,F guarded,200,0.914033950690219,0.0032649723556212,0.00285099104710056,0.00285099104710056,1
first,New C,200,0.914033950690219,0.00243446925542868,0.0037789857351101,0.0037789857351101,1
first,New C with dCor,200,0.914033950690219,0.00244802002678808,0.0047756636464007,0.0047756636464007,1
first,F+ depth-weighted,200,0.914033950690219,0.00327619192665284,0.00457359234225027,0.00457359234225027,1
second,Codex F,200,0.914033950690219,0.00333889344545261,0.00430714625679875,0.00430714625679875,1
second,F no distance,200,0.914033950690219,0.0117943489798962,0.018941656956797,0.018941656956797,1
second,F+,200,0.914033950690219,0.00333889344545261,0.00430714625679875,0.00430714625679875,1
second,F guarded,200,0.914033950690219,0.00340450101197786,0.00284294304793467,0.00284294304793467,1
second,New C,200,0.914033950690219,0.00258915413359204,0.00391549625169323,0.00391549625169323,1
second,New C with dCor,200,0.914033950690219,0.00258990345383794,0.00479918586828785,0.00479918586828785,1
second,F+ depth-weighted,200,0.914033950690219,0.00337561373144519,0.00444764324083064,0.00444764324083064,1
all,Codex F,300,0.940653533303244,0.00291413010036077,0.00374608731705957,0.00374608731705957,1
all,F no distance,300,0.940653533303244,0.0090266683607202,0.0147199463597095,0.0147199463597095,1
all,F+,300,0.940653533303244,0.00291413010036077,0.00374608731705957,0.00374608731705957,1
all,F guarded,300,0.940653533303244,0.00285570929995372,0.00227352744243379,0.00227352744243379,1
all,New C,300,0.940653533303244,0.00220773677850328,0.00291640148827032,0.00291640148827032,1
all,New C with dCor,300,0.940653533303244,0.00229475994182798,0.00389701656093328,0.00389701656093328,1
all,F+ depth-weighted,300,0.940653533303244,0.00295525762996206,0.00385113986184977,0.00385113986184977,1
first,Codex F,300,0.940653533303244,0.00288664783521323,0.00381872498073426,0.00381872498073426,1
first,F no distance,300,0.940653533303244,0.00896137432381326,0.0149102650802203,0.0149102650802203,1
first,F+,300,0.940653533303244,0.00288664783521323,0.00381872498073426,0.00381872498073426,1
first,F guarded,300,0.940653533303244,0.00287147505992113,0.0023494491172665,0.0023494491172665,1
first,New C,300,0.940653533303244,0.00216162629895292,0.00292443632737582,0.00292443632737582,1
first,New C with dCor,300,0.940653533303244,0.00225609775581141,0.00395882737014427,0.00395882737014427,1
first,F+ depth-weighted,300,0.940653533303244,0.00289695262062907,0.00389221607069077,0.00389221607069077,1
second,Codex F,300,0.940653533303244,0.0028970749917463,0.00362034925073407,0.00362034925073407,1
second,F no distance,300,0.940653533303244,0.00911376605485621,0.0145572024057355,0.0145572024057355,1
second,F+,300,0.940653533303244,0.0028970749917463,0.00362034925073407,0.00362034925073407,1
second,F guarded,300,0.940653533303244,0.00292000590319516,0.00224816457770207,0.00224816457770207,1
second,New C,300,0.940653533303244,0.00226024569966503,0.00293117571469736,0.00293117571469736,1
second,New C with dCor,300,0.940653533303244,0.00233596146574394,0.00382833484748121,0.00382833484748121,1
second,F+ depth-weighted,300,0.940653533303244,0.00295115638652117,0.0037398899674149,0.0037398899674149,1
all,Codex F,500,0.963338789913237,0.00253559649636085,0.00316873404606416,0.00316873404606416,1
all,F no distance,500,0.963338789913237,0.00657604095047583,0.0102443286379543,0.0102443286379543,1
all,F+,500,0.963338789913237,0.00253559649636085,0.00316873404606416,0.00316873404606416,1
all,F guarded,500,0.963338789913237,0.00250878412831067,0.00195887008017234,0.00195887008017234,1
all,New C,500,0.963338789913237,0.00204639630936006,0.0023821408919786,0.0023821408919786,1
all,New C with dCor,500,0.963338789913237,0.00213604570371544,0.00319998970174789,0.00319998970174789,1
all,F+ depth-weighted,500,0.963338789913237,0.00253492398576398,0.00323885679595327,0.00323885679595327,1
first,Codex F,500,0.963338789913237,0.00250127214726111,0.00317969681219682,0.00317969681219682,1
first,F no distance,500,0.963338789913237,0.00653652482535005,0.0104131275477411,0.0104131275477411,1
first,F+,500,0.963338789913237,0.00250127214726111,0.00317969681219682,0.00317969681219682,1
first,F guarded,500,0.963338789913237,0.00246615462417101,0.00196080629109713,0.00196080629109713,1
first,New C,500,0.963338789913237,0.00201389239251197,0.00238577252510922,0.00238577252510922,1
first,New C with dCor,500,0.963338789913237,0.00209609373686154,0.00320503665449626,0.00320503665449626,1
first,F+ depth-weighted,500,0.963338789913237,0.00250233247670612,0.00323254093916397,0.00323254093916397,1
second,Codex F,500,0.963338789913237,0.0025726848763941,0.00315730007433989,0.00315730007433989,1
second,F no distance,500,0.963338789913237,0.00660939371622186,0.0100624153996598,0.0100624153996598,1
second,F+,500,0.963338789913237,0.0025726848763941,0.00315730007433989,0.00315730007433989,1
second,F guarded,500,0.963338789913237,0.0025555657424033,0.00195652419572878,0.00195652419572878,1
second,New C,500,0.963338789913237,0.0020834388380465,0.00237370697160732,0.00237370697160732,1
second,New C with dCor,500,0.963338789913237,0.00216937805118539,0.00315878756582348,0.00315878756582348,1
second,F+ depth-weighted,500,0.963338789913237,0.00256377055755208,0.00322517979361827,0.00322517979361827,1
all,Codex F,1000,0.981249623042887,0.00225705335755278,0.00269510582997996,0.00269510582997996,1
all,F no distance,1000,0.981249623042887,0.00371482693196468,0.00555642276774641,0.00555642276774641,1
all,F+,1000,0.981249623042887,0.00225705335755278,0.00269510582997996,0.00269510582997996,1
all,F guarded,1000,0.981249623042887,0.00216748884226166,0.00168848093304832,0.00168848093304832,1
all,New C,1000,0.981249623042887,0.00194998916073002,0.00207415976900172,0.00207415976900172,1
all,New C with dCor,1000,0.981249623042887,0.00201436900011964,0.00264717575253685,0.00264717575253685,1
all,F+ depth-weighted,1000,0.981249623042887,0.0022568712142666,0.00274980412638728,0.00274980412638728,1
first,Codex F,1000,0.981249623042887,0.0022333558919727,0.00270126896314346,0.00270126896314346,1
first,F no distance,1000,0.981249623042887,0.00375488203203245,0.00576360503866995,0.00576360503866995,1
first,F+,1000,0.981249623042887,0.0022333558919727,0.00270126896314346,0.00270126896314346,1
first,F guarded,1000,0.981249623042887,0.0021690242187397,0.00169818381913218,0.00169818381913218,1
first,New C,1000,0.981249623042887,0.00192124282654324,0.0020699620131585,0.0020699620131585,1
first,New C with dCor,1000,0.981249623042887,0.00199530203802062,0.0026435933054074,0.0026435933054074,1
first,F+ depth-weighted,1000,0.981249623042887,0.00222977524397938,0.00274453273231918,0.00274453273231918,1
second,Codex F,1000,0.981249623042887,0.00225698954588933,0.00266296164200713,0.00266296164200713,1
second,F no distance,1000,0.981249623042887,0.00367553336249054,0.00534924312837786,0.00534924312837786,1
second,F+,1000,0.981249623042887,0.00225698954588933,0.00266296164200713,0.00266296164200713,1
second,F guarded,1000,0.981249623042887,0.00219638550934979,0.00169813996685751,0.00169813996685751,1
second,New C,1000,0.981249623042887,0.00197959278796218,0.00207798598188727,0.00207798598188727,1
second,New C with dCor,1000,0.981249623042887,0.00204511450672483,0.00265520098213518,0.00265520098213518,1
second,F+ depth-weighted,1000,0.981249623042887,0.00225497652200418,0.00271708120122644,0.00271708120122644,1
all,Codex F,3000,0.99365231199093,0.0020179692406681,0.00206628056946081,0.00206628056946081,1
all,F no distance,3000,0.99365231199093,0.00226368367107746,0.00310298895770077,0.00310298895770077,1
all,F+,3000,0.99365231199093,0.0020179692406681,0.00206628056946081,0.00206628056946081,1
all,F guarded,3000,0.99365231199093,0.0019637101721249,0.00150519104323517,0.00150519104323517,1
all,New C,3000,0.99365231199093,0.0019009240914161,0.00187237752867201,0.00187237752867201,1
all,New C with dCor,3000,0.99365231199093,0.00194439688593609,0.00212196311288307,0.00212196311288307,1
all,F+ depth-weighted,3000,0.99365231199093,0.00199583096197111,0.00209739574188215,0.00209739574188215,1
first,Codex F,3000,0.99365231199093,0.00199940456544435,0.00207634309065303,0.00207634309065303,1
first,F no distance,3000,0.99365231199093,0.00223606628895713,0.00312079589025473,0.00312079589025473,1
first,F+,3000,0.99365231199093,0.00199940456544435,0.00207634309065303,0.00207634309065303,1
first,F guarded,3000,0.99365231199093,0.00194925889735738,0.00150968878125399,0.00150968878125399,1
first,New C,3000,0.99365231199093,0.0018780946941196,0.00185072222662663,0.00185072222662663,1
first,New C with dCor,3000,0.99365231199093,0.00192082060876173,0.00209389225382834,0.00209389225382834,1
first,F+ depth-weighted,3000,0.99365231199093,0.00197947256057326,0.00211179158861467,0.00211179158861467,1
second,Codex F,3000,0.99365231199093,0.00203132644097422,0.00205593415482608,0.00205593415482608,1
second,F no distance,3000,0.99365231199093,0.00228565018234981,0.00308033597878133,0.00308033597878133,1
second,F+,3000,0.99365231199093,0.00203132644097422,0.00205593415482608,0.00205593415482608,1
second,F guarded,3000,0.99365231199093,0.00198916630259255,0.00151879141325104,0.00151879141325104,1
second,New C,3000,0.99365231199093,0.0019250093252428,0.00189087451971778,0.00189087451971778,1
second,New C with dCor,3000,0.99365231199093,0.00196576712783814,0.00214616646926786,0.00214616646926786,1
second,F+ depth-weighted,3000,0.99365231199093,0.0020110164081853,0.00208183718161276,0.00208183718161276,1
all,Codex F,10000,0.998085193188478,0.00189664631254987,0.00156867072595197,0.00156867072595197,1
all,F no distance,10000,0.998085193188478,0.00193679028506101,0.0019587694071843,0.0019587694071843,1
all,F+,10000,0.998085193188478,0.00189664631254987,0.00156867072595197,0.00156867072595197,1
all,F guarded,10000,0.998085193188478,0.00186442222423833,0.00133560635353699,0.00133560635353699,1
all,New C,10000,0.998085193188478,0.00188364462788814,0.00169769119117173,0.00169769119117173,1
all,New C with dCor,10000,0.998085193188478,0.00189891643500198,0.00179006427949417,0.00179006427949417,1
all,F+ depth-weighted,10000,0.998085193188478,0.00186774042242343,0.00160031219970491,0.00160031219970491,1
first,Codex F,10000,0.998085193188478,0.00188190459177594,0.00157974904060531,0.00157974904060531,1
first,F no distance,10000,0.998085193188478,0.00192560240465199,0.00197187429078417,0.00197187429078417,1
first,F+,10000,0.998085193188478,0.00188190459177594,0.00157974904060531,0.00157974904060531,1
first,F guarded,10000,0.998085193188478,0.00185497094929995,0.00133772170181699,0.00133772170181699,1
first,New C,10000,0.998085193188478,0.00186160300130718,0.00167346994285316,0.00167346994285316,1
first,New C with dCor,10000,0.998085193188478,0.00187945692204691,0.00177565472852589,0.00177565472852589,1
first,F+ depth-weighted,10000,0.998085193188478,0.00185709698450123,0.0016129999511429,0.0016129999511429,1
second,Codex F,10000,0.998085193188478,0.0019136276679133,0.00155802798247098,0.00155802798247098,1
second,F no distance,10000,0.998085193188478,0.00195176247415022,0.00192811943215305,0.00192811943215305,1
second,F+,10000,0.998085193188478,0.0019136276679133,0.00155802798247098,0.00155802798247098,1
second,F guarded,10000,0.998085193188478,0.00188028799185151,0.00133373659702278,0.00133373659702278,1
second,New C,10000,0.998085193188478,0.00190976539687711,0.00172858112383842,0.00172858112383842,1
second,New C with dCor,10000,0.998085193188478,0.00192345632803152,0.00181291340548534,0.00181291340548534,1
second,F+ depth-weighted,10000,0.998085193188478,0.00188984282859017,0.00158771083868485,0.00158771083868485,1
all,Codex F,1e+05,0.999808110645714,0.00184872741992914,0.00122397836846491,0.00122397836846491,1
all,F no distance,1e+05,0.999808110645714,0.00185791296248695,0.00127138946765514,0.00127138946765514,1
all,F+,1e+05,0.999808110645714,0.00184872741992914,0.00122397836846491,0.00122397836846491,1
all,F guarded,1e+05,0.999808110645714,0.00184415298327594,0.00120287085744398,0.00120287085744398,1
all,New C,1e+05,0.999808110645714,0.00188557166711052,0.00158569619245222,0.00158569619245222,1
all,New C with dCor,1e+05,0.999808110645714,0.00188635226086982,0.00159432573725042,0.00159432573725042,1
all,F+ depth-weighted,1e+05,0.999808110645714,0.00182866325003033,0.00123784209809441,0.00123784209809441,1
first,Codex F,1e+05,0.999808110645714,0.0018336613404573,0.00122212347061736,0.00122212347061736,1
first,F no distance,1e+05,0.999808110645714,0.00184302264746777,0.00127266831532307,0.00127266831532307,1
first,F+,1e+05,0.999808110645714,0.0018336613404573,0.00122212347061736,0.00122212347061736,1
first,F guarded,1e+05,0.999808110645714,0.00183203401043511,0.0011964017540976,0.0011964017540976,1
first,New C,1e+05,0.999808110645714,0.00185991006186253,0.00156892964056009,0.00156892964056009,1
first,New C with dCor,1e+05,0.999808110645714,0.00185940643786018,0.00157859791664094,0.00157859791664094,1
first,F+ depth-weighted,1e+05,0.999808110645714,0.00181809627826804,0.00122959565651364,0.00122959565651364,1
second,Codex F,1e+05,0.999808110645714,0.00186711989819108,0.0012161959262185,0.0012161959262185,1
second,F no distance,1e+05,0.999808110645714,0.00187993684016156,0.00126462674750979,0.00126462674750979,1
second,F+,1e+05,0.999808110645714,0.00186711989819108,0.0012161959262185,0.0012161959262185,1
second,F guarded,1e+05,0.999808110645714,0.001863311267896,0.00119638998709075,0.00119638998709075,1
second,New C,1e+05,0.999808110645714,0.00190778432224616,0.00161314489707554,0.00161314489707554,1
second,New C with dCor,1e+05,0.999808110645714,0.00191123614153398,0.00162315469227962,0.00162315469227962,1
second,F+ depth-weighted,1e+05,0.999808110645714,0.00183476741033284,0.00124572690503669,0.00124572690503669,1
all,Codex F,Inf,1,0.00185196445152007,0.00117780291150314,0.00117780291150314,1
all,F no distance,Inf,1,0.00185196445152007,0.00117780291150314,0.00117780291150314,1
all,F+,Inf,1,0.00185196445152007,0.00117780291150314,0.00117780291150314,1
all,F guarded,Inf,1,0.00185196445152007,0.00117780291150314,0.00117780291150314,1
all,New C,Inf,1,0.00188502998701691,0.00157409737957453,0.00157409737957453,1
all,New C with dCor,Inf,1,0.00188502998701691,0.00157409737957453,0.00157409737957453,1
all,F+ depth-weighted,Inf,1,0.00182421312512574,0.00117870577404866,0.00117870577404866,1
first,Codex F,Inf,1,0.00183337589527291,0.00117731444329337,0.00117731444329337,1
first,F no distance,Inf,1,0.00183337589527291,0.00117731444329337,0.00117731444329337,1
first,F+,Inf,1,0.00183337589527291,0.00117731444329337,0.00117731444329337,1
first,F guarded,Inf,1,0.00183337589527291,0.00117731444329337,0.00117731444329337,1
first,New C,Inf,1,0.00185999246527811,0.00155212357941579,0.00155212357941579,1
first,New C with dCor,Inf,1,0.00185999246527811,0.00155212357941579,0.00155212357941579,1
first,F+ depth-weighted,Inf,1,0.00181167466956598,0.00116951206273885,0.00116951206273885,1
second,Codex F,Inf,1,0.0018633886099788,0.0011798721184308,0.0011798721184308,1
second,F no distance,Inf,1,0.0018633886099788,0.0011798721184308,0.0011798721184308,1
second,F+,Inf,1,0.0018633886099788,0.0011798721184308,0.0011798721184308,1
second,F guarded,Inf,1,0.0018633886099788,0.0011798721184308,0.0011798721184308,1
second,New C,Inf,1,0.00190886512418113,0.00160426351243632,0.00160426351243632,1
second,New C with dCor,Inf,1,0.00190886512418113,0.00160426351243632,0.00160426351243632,1
second,F+ depth-weighted,Inf,1,0.00183473398891375,0.00118855629099965,0.00118855629099965,1
all,Codex F,0,0,0.0369586720145241,0.0461068731360414,0.0461068731360414,2
all,F no distance,0,0,0.0369586720145241,0.0461068731360414,0.0461068731360414,2
all,F+,0,0,0.0369607943283459,0.0461084920461922,0.0461084920461922,2
all,F guarded,0,0,0.0802473601892113,0.0638080428848237,0.0638080428848237,2
all,New C,0,0,0.0538696575541634,0.0491843361654622,0.0491843361654622,2
all,New C with dCor,0,0,0.0213183448132264,0.0328888504436803,0.0328888504436803,2
all,F+ depth-weighted,0,0,0.0370087391699183,0.0461497922292789,0.0461497922292789,2
first,Codex F,0,0,0.0364303185614737,0.0457724615142189,0.0457724615142189,2
first,F no distance,0,0,0.0364303185614737,0.0457724615142189,0.0457724615142189,2
first,F+,0,0,0.0364340454719896,0.0457733082103969,0.0457733082103969,2
first,F guarded,0,0,0.0797787592198002,0.0634738860767203,0.0634738860767203,2
first,New C,0,0,0.0517481982628624,0.0479196087737702,0.0479196087737702,2
first,New C with dCor,0,0,0.0201268541930084,0.031649404110769,0.031649404110769,2
first,F+ depth-weighted,0,0,0.0364669230872717,0.045814484784302,0.045814484784302,2
second,Codex F,0,0,0.0374773099929821,0.04642100967807,0.04642100967807,2
second,F no distance,0,0,0.0374773099929821,0.04642100967807,0.04642100967807,2
second,F+,0,0,0.037480748679618,0.0464229937461191,0.0464229937461191,2
second,F guarded,0,0,0.0807376788445572,0.064120156971805,0.064120156971805,2
second,New C,0,0,0.0560507147051243,0.0504122211237777,0.0504122211237777,2
second,New C with dCor,0,0,0.0226570686287549,0.0341658370506722,0.0341658370506722,2
second,F+ depth-weighted,0,0,0.0375186823359164,0.0464561748979995,0.0464561748979995,2
all,Codex F,3,0.117470632330429,0.0313798968220499,0.0418250073890159,0.0418250073890159,2
all,F no distance,3,0.117470632330429,0.0360405467780345,0.0456175294068053,0.0456175294068053,2
all,F+,3,0.117470632330429,0.0313816111024226,0.0418255239915252,0.0418255239915252,2
all,F guarded,3,0.117470632330429,0.0350459848558409,0.0408478881611618,0.0408478881611618,2
all,New C,3,0.117470632330429,0.0470751998401644,0.046389040231998,0.046389040231998,2
all,New C with dCor,3,0.117470632330429,0.0184871937036309,0.0301365543138464,0.0301365543138464,2
all,F+ depth-weighted,3,0.117470632330429,0.0314647393848997,0.0419157213733174,0.0419157213733174,2
first,Codex F,3,0.117470632330429,0.03099514401982,0.0415564754443905,0.0415564754443905,2
first,F no distance,3,0.117470632330429,0.0355801913175312,0.045287301677579,0.045287301677579,2
first,F+,3,0.117470632330429,0.0309963477076155,0.041557693479605,0.041557693479605,2
first,F guarded,3,0.117470632330429,0.0348644105472937,0.0406259025584495,0.0406259025584495,2
first,New C,3,0.117470632330429,0.045234367447206,0.0452314408761008,0.0452314408761008,2
first,New C with dCor,3,0.117470632330429,0.01749953044022,0.0292030761338386,0.0292030761338386,2
first,F+ depth-weighted,3,0.117470632330429,0.031077837433542,0.0416343960654715,0.0416343960654715,2
second,Codex F,3,0.117470632330429,0.0317733707306421,0.0421196472620907,0.0421196472620907,2
second,F no distance,3,0.117470632330429,0.0365304416413883,0.0459231223001405,0.0459231223001405,2
second,F+,3,0.117470632330429,0.0317729896814868,0.0421195679430821,0.0421195679430821,2
second,F guarded,3,0.117470632330429,0.0352318909611611,0.0410675568157289,0.0410675568157289,2
second,New C,3,0.117470632330429,0.0488978487368555,0.0475380962582828,0.0475380962582828,2
second,New C with dCor,3,0.117470632330429,0.01943573239866,0.0311258264385811,0.0311258264385811,2
second,F+ depth-weighted,3,0.117470632330429,0.0318500888199267,0.0421950914110147,0.0421950914110147,2
all,Codex F,5,0.206174662261047,0.0278589126441075,0.0379743136742357,0.0379743136742357,2
all,F no distance,5,0.206174662261047,0.0352286428845388,0.0451445756656108,0.0451445756656108,2
all,F+,5,0.206174662261047,0.0278598679718988,0.0379752287819289,0.0379752287819289,2
all,F guarded,5,0.206174662261047,0.0259370862491326,0.0297990407750658,0.0297990407750658,2
all,New C,5,0.206174662261047,0.0330686337240874,0.0365932688370584,0.0365932688370584,2
all,New C with dCor,5,0.206174662261047,0.0166847987000812,0.0277569671118147,0.0277569671118147,2
all,F+ depth-weighted,5,0.206174662261047,0.0279862619537212,0.0380934141636337,0.0380934141636337,2
first,Codex F,5,0.206174662261047,0.0276380054021048,0.0379159818056152,0.0379159818056152,2
first,F no distance,5,0.206174662261047,0.0347269478645556,0.0448209596760846,0.0448209596760846,2
first,F+,5,0.206174662261047,0.0276411715967601,0.0379215455214262,0.0379215455214262,2
first,F guarded,5,0.206174662261047,0.0255566925680649,0.0296709318845098,0.0296709318845098,2
first,New C,5,0.206174662261047,0.0328252071785163,0.0363386263859686,0.0363386263859686,2
first,New C with dCor,5,0.206174662261047,0.015781612530965,0.0268735720835498,0.0268735720835498,2
first,F+ depth-weighted,5,0.206174662261047,0.0277524610147257,0.0380355832895084,0.0380355832895084,2
second,Codex F,5,0.206174662261047,0.0281020555143833,0.0380633288798644,0.0380633288798644,2
second,F no distance,5,0.206174662261047,0.0357346093547111,0.0454414627319006,0.0454414627319006,2
second,F+,5,0.206174662261047,0.0281026669293943,0.0380665009155956,0.0380665009155956,2
second,F guarded,5,0.206174662261047,0.0263148187522154,0.0299104052935797,0.0299104052935797,2
second,New C,5,0.206174662261047,0.0333006652871612,0.036809114750785,0.036809114750785,2
second,New C with dCor,5,0.206174662261047,0.0175915658566344,0.0285924476296525,0.0285924476296525,2
second,F+ depth-weighted,5,0.206174662261047,0.0282235965943037,0.0381752131279034,0.0381752131279034,2
all,Codex F,10,0.360961882464157,0.0229555063092301,0.0319082371061459,0.0319082371061459,2
all,F no distance,10,0.360961882464157,0.0334719260184968,0.0440462290302987,0.0440462290302987,2
all,F+,10,0.360961882464157,0.0229583375701391,0.0319151219625453,0.0319151219625453,2
all,F guarded,10,0.360961882464157,0.0232876124213088,0.0237379973145104,0.0237379973145104,2
all,New C,10,0.360961882464157,0.0184709530177053,0.0233012031670288,0.0233012031670288,2
all,New C with dCor,10,0.360961882464157,0.0141481861077183,0.0241783755546991,0.0241783755546991,2
all,F+ depth-weighted,10,0.360961882464157,0.0231337268017902,0.0320883383964641,0.0320883383964641,2
first,Codex F,10,0.360961882464157,0.0227637998728102,0.0319396323377964,0.0319396323377964,2
first,F no distance,10,0.360961882464157,0.0329858409126828,0.0437273990009133,0.0437273990009133,2
first,F+,10,0.360961882464157,0.0227681493364539,0.03194589712387,0.03194589712387,2
first,F guarded,10,0.360961882464157,0.0226034229841625,0.0233127993878508,0.0233127993878508,2
first,New C,10,0.360961882464157,0.0180697468602891,0.0229503798198151,0.0229503798198151,2
first,New C with dCor,10,0.360961882464157,0.0133874976139775,0.0234175574756275,0.0234175574756275,2
first,F+ depth-weighted,10,0.360961882464157,0.0229553593164051,0.0321274485266026,0.0321274485266026,2
second,Codex F,10,0.360961882464157,0.0231489559907376,0.0318608099018522,0.0318608099018522,2
second,F no distance,10,0.360961882464157,0.0339939197741749,0.044363804623489,0.044363804623489,2
second,F+,10,0.360961882464157,0.0231518426481807,0.0318715105829693,0.0318715105829693,2
second,F guarded,10,0.360961882464157,0.0239564700178745,0.0241934418503416,0.0241934418503416,2
second,New C,10,0.360961882464157,0.01890536691596,0.0237312575036266,0.0237312575036266,2
second,New C with dCor,10,0.360961882464157,0.0149088412199398,0.0248674548725564,0.0248674548725564,2
second,F+ depth-weighted,10,0.360961882464157,0.0233298397917735,0.032026203806293,0.032026203806293,2
all,Codex F,20,0.532284387119722,0.0141101567403628,0.0220550757699704,0.0220550757699704,2
all,F no distance,20,0.532284387119722,0.0307950298935253,0.0421275176602178,0.0421275176602178,2
all,F+,20,0.532284387119722,0.0141101156531893,0.0220553263496198,0.0220553263496198,2
all,F guarded,20,0.532284387119722,0.018056648729593,0.0187436579864124,0.0187436579864124,2
all,New C,20,0.532284387119722,0.0137343441319628,0.0185421533105732,0.0185421533105732,2
all,New C with dCor,20,0.532284387119722,0.011413137743566,0.0204921410696118,0.0204921410696118,2
all,F+ depth-weighted,20,0.532284387119722,0.0144889424082828,0.0225103640091993,0.0225103640091993,2
first,Codex F,20,0.532284387119722,0.0141379707433888,0.0222972117725929,0.0222972117725929,2
first,F no distance,20,0.532284387119722,0.0303686942142193,0.0418721281850776,0.0418721281850776,2
first,F+,20,0.532284387119722,0.0141373483757935,0.0222968020778602,0.0222968020778602,2
first,F guarded,20,0.532284387119722,0.0179364704170224,0.0187414825108567,0.0187414825108567,2
first,New C,20,0.532284387119722,0.0129007255886474,0.0178097366999811,0.0178097366999811,2
first,New C with dCor,20,0.532284387119722,0.0107856021623982,0.0198735721415113,0.0198735721415113,2
first,F+ depth-weighted,20,0.532284387119722,0.014512089700958,0.0227601013392767,0.0227601013392767,2
second,Codex F,20,0.532284387119722,0.0140816708215765,0.0218158002540868,0.0218158002540868,2
second,F no distance,20,0.532284387119722,0.0311808228827213,0.0423544265454039,0.0423544265454039,2
second,F+,20,0.532284387119722,0.0140810661326445,0.0218157278166117,0.0218157278166117,2
second,F guarded,20,0.532284387119722,0.0180558717249281,0.0186517253884843,0.0186517253884843,2
second,New C,20,0.532284387119722,0.0146377394447438,0.0193162645818382,0.0193162645818382,2
second,New C with dCor,20,0.532284387119722,0.0121283193381402,0.0211377547217795,0.0211377547217795,2
second,F+ depth-weighted,20,0.532284387119722,0.0144682734722938,0.0222691346802956,0.0222691346802956,2
all,Codex F,30,0.628076765873137,0.0104365645757594,0.0169368958901097,0.0169368958901097,2
all,F no distance,30,0.628076765873137,0.0286231178503204,0.0403735479697054,0.0403735479697054,2
all,F+,30,0.628076765873137,0.0104360644418374,0.0169367740185829,0.0169367740185829,2
all,F guarded,30,0.628076765873137,0.0124735211874739,0.0140576555116222,0.0140576555116222,2
all,New C,30,0.628076765873137,0.0117276826824267,0.0166349732378104,0.0166349732378104,2
all,New C with dCor,30,0.628076765873137,0.00897199073640668,0.0170779354323834,0.0170779354323834,2
all,F+ depth-weighted,30,0.628076765873137,0.0107248646455871,0.0173695352251119,0.0173695352251119,2
first,Codex F,30,0.628076765873137,0.0103847342275046,0.0171324373715644,0.0171324373715644,2
first,F no distance,30,0.628076765873137,0.0282387412420378,0.0401688300695253,0.0401688300695253,2
first,F+,30,0.628076765873137,0.0103847043075759,0.0171350023662873,0.0171350023662873,2
first,F guarded,30,0.628076765873137,0.012407729327486,0.0141161309590238,0.0141161309590238,2
first,New C,30,0.628076765873137,0.0114112872669967,0.0162853451536683,0.0162853451536683,2
first,New C with dCor,30,0.628076765873137,0.00885594423761183,0.0170379012910773,0.0170379012910773,2
first,F+ depth-weighted,30,0.628076765873137,0.0106922803297615,0.0176068256560295,0.0176068256560295,2
second,Codex F,30,0.628076765873137,0.0105328300905687,0.0167832286743323,0.0167832286743323,2
second,F no distance,30,0.628076765873137,0.0290064407840035,0.0405531677658839,0.0405531677658839,2
second,F+,30,0.628076765873137,0.0105328001765556,0.0167829708082494,0.0167829708082494,2
second,F guarded,30,0.628076765873137,0.0125492734002334,0.0140166572916502,0.0140166572916502,2
second,New C,30,0.628076765873137,0.0124664017764796,0.0173876589281213,0.0173876589281213,2
second,New C with dCor,30,0.628076765873137,0.00910402960150903,0.0171127428668531,0.0171127428668531,2
second,F+ depth-weighted,30,0.628076765873137,0.0107903824107846,0.0171658368833591,0.0171658368833591,2
all,Codex F,50,0.734295787355217,0.00798122291704616,0.0125437888250053,0.0125437888250053,2
all,F no distance,50,0.734295787355217,0.0251862032704722,0.0370873103221599,0.0370873103221599,2
all,F+,50,0.734295787355217,0.00798194857940652,0.0125445200728421,0.0125445200728421,2
all,F guarded,50,0.734295787355217,0.00810405713589858,0.00963185738086821,0.00963185738086821,2
all,New C,50,0.734295787355217,0.00707017506651266,0.0113698430126171,0.0113698430126171,2
all,New C with dCor,50,0.734295787355217,0.00577039471040723,0.0118661950751044,0.0118661950751044,2
all,F+ depth-weighted,50,0.734295787355217,0.00816224046602529,0.0129156959714434,0.0129156959714434,2
first,Codex F,50,0.734295787355217,0.0078264900679304,0.0126264080731844,0.0126264080731844,2
first,F no distance,50,0.734295787355217,0.0248631978905855,0.0369227362911874,0.0369227362911874,2
first,F+,50,0.734295787355217,0.00782673909296725,0.0126273452429906,0.0126273452429906,2
first,F guarded,50,0.734295787355217,0.00787311452042494,0.00966401272395531,0.00966401272395531,2
first,New C,50,0.734295787355217,0.0067456371052251,0.0109166057562356,0.0109166057562356,2
first,New C with dCor,50,0.734295787355217,0.00557348731201646,0.0116899979017131,0.0116899979017131,2
first,F+ depth-weighted,50,0.734295787355217,0.00803539684433982,0.0130315613759343,0.0130315613759343,2
second,Codex F,50,0.734295787355217,0.00812446145901778,0.0124762938334009,0.0124762938334009,2
second,F no distance,50,0.734295787355217,0.0255259821847127,0.0373071521213373,0.0373071521213373,2
second,F+,50,0.734295787355217,0.00812573644604173,0.0124789378045579,0.0124789378045579,2
second,F guarded,50,0.734295787355217,0.00840778230134529,0.00967551965063925,0.00967551965063925,2
second,New C,50,0.734295787355217,0.00735436124922244,0.011769454397103,0.011769454397103,2
second,New C with dCor,50,0.734295787355217,0.0059936224575621,0.0120800537207061,0.0120800537207061,2
second,F+ depth-weighted,50,0.734295787355217,0.00832317217469418,0.0128377632896642,0.0128377632896642,2
all,Codex F,75,0.803427651095867,0.00670157025992471,0.00992066699554494,0.00992066699554494,2
all,F no distance,75,0.803427651095867,0.0218898097373323,0.0334069490760043,0.0334069490760043,2
all,F+,75,0.803427651095867,0.00670161678636858,0.00992073693211089,0.00992073693211089,2
all,F guarded,75,0.803427651095867,0.00685635501259208,0.00755028277887247,0.00755028277887247,2
all,New C,75,0.803427651095867,0.00496038279656743,0.00823996506994741,0.00823996506994741,2
all,New C with dCor,75,0.803427651095867,0.00432356406352287,0.0089428931942,0.0089428931942,2
all,F+ depth-weighted,75,0.803427651095867,0.00686102383941714,0.010255893983455,0.010255893983455,2
first,Codex F,75,0.803427651095867,0.00657953001557864,0.0100446921057737,0.0100446921057737,2
first,F no distance,75,0.803427651095867,0.0216453309237229,0.0333529311755733,0.0333529311755733,2
first,F+,75,0.803427651095867,0.00658011534695968,0.0100447297832949,0.0100447297832949,2
first,F guarded,75,0.803427651095867,0.00654768215246892,0.00745939160720509,0.00745939160720509,2
first,New C,75,0.803427651095867,0.00462964411894822,0.00777987090269081,0.00777987090269081,2
first,New C with dCor,75,0.803427651095867,0.0041547183206996,0.0087451628589057,0.0087451628589057,2
first,F+ depth-weighted,75,0.803427651095867,0.0067210251312425,0.0103619101118361,0.0103619101118361,2
second,Codex F,75,0.803427651095867,0.00682923633635966,0.00975792883425912,0.00975792883425912,2
second,F no distance,75,0.803427651095867,0.0221609129335284,0.0334811581571157,0.0334811581571157,2
second,F+,75,0.803427651095867,0.0068290905027323,0.00975802026402356,0.00975802026402356,2
second,F guarded,75,0.803427651095867,0.00721170884046454,0.00770143289422919,0.00770143289422919,2
second,New C,75,0.803427651095867,0.0053699225400323,0.00879073556876933,0.00879073556876933,2
second,New C with dCor,75,0.803427651095867,0.00452872747531805,0.00916818152644881,0.00916818152644881,2
second,F+ depth-weighted,75,0.803427651095867,0.00699246564801006,0.010179665861779,0.010179665861779,2
all,Codex F,100,0.843794398070452,0.00538559403431723,0.0076904256652133,0.0076904256652133,2
all,F no distance,100,0.843794398070452,0.0192274584533173,0.0301073244185368,0.0301073244185368,2
all,F+,100,0.843794398070452,0.00538606798416633,0.00769094091867325,0.00769094091867325,2
all,F guarded,100,0.843794398070452,0.00555262814040041,0.00579792856692643,0.00579792856692643,2
all,New C,100,0.843794398070452,0.00398401588866029,0.0065656532545799,0.0065656532545799,2
all,New C with dCor,100,0.843794398070452,0.00365720168401484,0.00742335510312719,0.00742335510312719,2
all,F+ depth-weighted,100,0.843794398070452,0.00566437168201802,0.00817146716467315,0.00817146716467315,2
first,Codex F,100,0.843794398070452,0.0053837784050722,0.00794034464572701,0.00794034464572701,2
first,F no distance,100,0.843794398070452,0.0189839525441238,0.0300780394376681,0.0300780394376681,2
first,F+,100,0.843794398070452,0.00538343347093271,0.00794038608689591,0.00794038608689591,2
first,F guarded,100,0.843794398070452,0.00559580515883696,0.00597950028865297,0.00597950028865297,2
first,New C,100,0.843794398070452,0.00374248412422965,0.0062072889012499,0.0062072889012499,2
first,New C with dCor,100,0.843794398070452,0.00351821003751685,0.0072948181090222,0.0072948181090222,2
first,F+ depth-weighted,100,0.843794398070452,0.00571475684743405,0.00850942604799804,0.00850942604799804,2
second,Codex F,100,0.843794398070452,0.00549056086746084,0.00757489626589103,0.00757489626589103,2
second,F no distance,100,0.843794398070452,0.0194684320897732,0.0301809873747862,0.0301809873747862,2
second,F+,100,0.843794398070452,0.00549036803932788,0.00757488187909955,0.00757488187909955,2
second,F guarded,100,0.843794398070452,0.00570919648958774,0.00580892882344789,0.00580892882344789,2
second,New C,100,0.843794398070452,0.0041534523441394,0.00677868415551959,0.00677868415551959,2
second,New C with dCor,100,0.843794398070452,0.00379321250419612,0.00757424726342147,0.00757424726342147,2
second,F+ depth-weighted,100,0.843794398070452,0.00569789878680233,0.00793218802607772,0.00793218802607772,2
all,Codex F,150,0.889138146764167,0.00406401328036089,0.00550182467441143,0.00550182467441143,2
all,F no distance,150,0.889138146764167,0.0156468891162595,0.0251659042600418,0.0251659042600418,2
all,F+,150,0.889138146764167,0.00406401328036089,0.00550182467441143,0.00550182467441143,2
all,F guarded,150,0.889138146764167,0.00408180196420092,0.00381751056563489,0.00381751056563489,2
all,New C,150,0.889138146764167,0.00291260915168725,0.00443883408315875,0.00443883408315875,2
all,New C with dCor,150,0.889138146764167,0.00287429748480833,0.00549654453197351,0.00549654453197351,2
all,F+ depth-weighted,150,0.889138146764167,0.00420857709092905,0.00580199078933531,0.00580199078933531,2
first,Codex F,150,0.889138146764167,0.00403061866402932,0.0057043141138816,0.0057043141138816,2
first,F no distance,150,0.889138146764167,0.0154572120554856,0.0253120763379532,0.0253120763379532,2
first,F+,150,0.889138146764167,0.00403061866402932,0.0057043141138816,0.0057043141138816,2
first,F guarded,150,0.889138146764167,0.00403290150627181,0.00391084132677371,0.00391084132677371,2
first,New C,150,0.889138146764167,0.00280958723372929,0.00426456499746379,0.00426456499746379,2
first,New C with dCor,150,0.889138146764167,0.00281056143433408,0.0055608578604167,0.0055608578604167,2
first,F+ depth-weighted,150,0.889138146764167,0.00416882239345957,0.00600531341440997,0.00600531341440997,2
second,Codex F,150,0.889138146764167,0.00411350004771914,0.00528793942468368,0.00528793942468368,2
second,F no distance,150,0.889138146764167,0.0158461008633568,0.0250332314054521,0.0250332314054521,2
second,F+,150,0.889138146764167,0.00411350004771914,0.00528793942468368,0.00528793942468368,2
second,F guarded,150,0.889138146764167,0.00414763349810941,0.00373751138469072,0.00373751138469072,2
second,New C,150,0.889138146764167,0.0030252049677929,0.00459871397921776,0.00459871397921776,2
second,New C with dCor,150,0.889138146764167,0.00295461081194618,0.00548432237742082,0.00548432237742082,2
second,F+ depth-weighted,150,0.889138146764167,0.00425446818773438,0.00560055968185992,0.00560055968185992,2
all,Codex F,200,0.914033950690219,0.00351737342567131,0.00458399537075751,0.00458399537075751,2
all,F no distance,200,0.914033950690219,0.0133074874379754,0.0214578052448917,0.0214578052448917,2
all,F+,200,0.914033950690219,0.00351737342567131,0.00458399537075751,0.00458399537075751,2
all,F guarded,200,0.914033950690219,0.00350607449239502,0.0030065329238096,0.0030065329238096,2
all,New C,200,0.914033950690219,0.00256070364659596,0.00366380182322046,0.00366380182322046,2
all,New C with dCor,200,0.914033950690219,0.00258867333332431,0.00468144667295119,0.00468144667295119,2
all,F+ depth-weighted,200,0.914033950690219,0.0036007427720668,0.00476364890338597,0.00476364890338597,2
first,Codex F,200,0.914033950690219,0.00346102394664534,0.00473205963024094,0.00473205963024094,2
first,F no distance,200,0.914033950690219,0.0131390805949994,0.0216649966229143,0.0216649966229143,2
first,F+,200,0.914033950690219,0.00346102394664534,0.00473205963024094,0.00473205963024094,2
first,F guarded,200,0.914033950690219,0.00342758722295009,0.0030496922293216,0.0030496922293216,2
first,New C,200,0.914033950690219,0.00246526626823116,0.00355335862104353,0.00355335862104353,2
first,New C with dCor,200,0.914033950690219,0.00250917819888392,0.00468733365772269,0.00468733365772269,2
first,F+ depth-weighted,200,0.914033950690219,0.00354879491057138,0.00491934969726171,0.00491934969726171,2
second,Codex F,200,0.914033950690219,0.00357461579494107,0.00446168096135133,0.00446168096135133,2
second,F no distance,200,0.914033950690219,0.0134797137903832,0.0212550159165035,0.0212550159165035,2
second,F+,200,0.914033950690219,0.00357435561038011,0.00446165493793602,0.00446165493793602,2
second,F guarded,200,0.914033950690219,0.0035990992084745,0.00294942636358506,0.00294942636358506,2
second,New C,200,0.914033950690219,0.00264151503127492,0.00375324817089945,0.00375324817089945,2
second,New C with dCor,200,0.914033950690219,0.00268339949797686,0.0047051577385774,0.0047051577385774,2
second,F+ depth-weighted,200,0.914033950690219,0.00365268076300483,0.00462330837537772,0.00462330837537772,2
all,Codex F,300,0.940653533303244,0.00306375371963976,0.00391506191946131,0.00391506191946131,2
all,F no distance,300,0.940653533303244,0.0103628548311834,0.0163277950189918,0.0163277950189918,2
all,F+,300,0.940653533303244,0.00306375371963976,0.00391506191946131,0.00391506191946131,2
all,F guarded,300,0.940653533303244,0.00297520468616041,0.00238611745608343,0.00238611745608343,2
all,New C,300,0.940653533303244,0.0022329321654013,0.00285466118721555,0.00285466118721555,2
all,New C with dCor,300,0.940653533303244,0.0023169529536832,0.00382121287908583,0.00382121287908583,2
all,F+ depth-weighted,300,0.940653533303244,0.00312507158407251,0.00403037824260456,0.00403037824260456,2
first,Codex F,300,0.940653533303244,0.00302573555355016,0.00407071233921234,0.00407071233921234,2
first,F no distance,300,0.940653533303244,0.0102653863628793,0.0165548126297153,0.0165548126297153,2
first,F+,300,0.940653533303244,0.00302573555355016,0.00407071233921234,0.00407071233921234,2
first,F guarded,300,0.940653533303244,0.00298692643829313,0.00249084568673591,0.00249084568673591,2
first,New C,300,0.940653533303244,0.00217598687669486,0.00285655483932531,0.00285655483932531,2
first,New C with dCor,300,0.940653533303244,0.00227243866187118,0.00393917227355499,0.00393917227355499,2
first,F+ depth-weighted,300,0.940653533303244,0.00305658075729827,0.00416830991311093,0.00416830991311093,2
second,Codex F,300,0.940653533303244,0.00304869352485655,0.00370940217986125,0.00370940217986125,2
second,F no distance,300,0.940653533303244,0.0104781141301748,0.0161105141657634,0.0161105141657634,2
second,F+,300,0.940653533303244,0.00304869352485655,0.00370940217986125,0.00370940217986125,2
second,F guarded,300,0.940653533303244,0.00303957852595891,0.00233584061513218,0.00233584061513218,2
second,New C,300,0.940653533303244,0.00227993386500787,0.00284135518240604,0.00284135518240604,2
second,New C with dCor,300,0.940653533303244,0.00236832721920165,0.00370731830743838,0.00370731830743838,2
second,F+ depth-weighted,300,0.940653533303244,0.00315136530131728,0.00385954728813392,0.00385954728813392,2
all,Codex F,500,0.963338789913237,0.00256783982587781,0.00325273962502304,0.00325273962502304,2
all,F no distance,500,0.963338789913237,0.00758575725431735,0.0111232965305681,0.0111232965305681,2
all,F+,500,0.963338789913237,0.00256783982587781,0.00325273962502304,0.00325273962502304,2
all,F guarded,500,0.963338789913237,0.00253099091463246,0.00200959243831446,0.00200959243831446,2
all,New C,500,0.963338789913237,0.00202772904396505,0.00233087150248146,0.00233087150248146,2
all,New C with dCor,500,0.963338789913237,0.00213183865420892,0.00318922403823684,0.00318922403823684,2
all,F+ depth-weighted,500,0.963338789913237,0.00259546057256127,0.0033451583985804,0.0033451583985804,2
first,Codex F,500,0.963338789913237,0.00254005383633419,0.00334199389701871,0.00334199389701871,2
first,F no distance,500,0.963338789913237,0.00751806463854632,0.0114488474961323,0.0114488474961323,2
first,F+,500,0.963338789913237,0.00254005383633419,0.00334199389701871,0.00334199389701871,2
first,F guarded,500,0.963338789913237,0.00248610081761882,0.00202290219871136,0.00202290219871136,2
first,New C,500,0.963338789913237,0.00199005541927615,0.00237357559071619,0.00237357559071619,2
first,New C with dCor,500,0.963338789913237,0.00208660329521999,0.00326907791818671,0.00326907791818671,2
first,F+ depth-weighted,500,0.963338789913237,0.00255902265727565,0.00344493838174249,0.00344493838174249,2
second,Codex F,500,0.963338789913237,0.0026151979257737,0.00316576506022021,0.00316576506022021,2
second,F no distance,500,0.963338789913237,0.00762940629421389,0.0107806232123848,0.0107806232123848,2
second,F+,500,0.963338789913237,0.0026151979257737,0.00316576506022021,0.00316576506022021,2
second,F guarded,500,0.963338789913237,0.00258262410864192,0.00199924825155445,0.00199924825155445,2
second,New C,500,0.963338789913237,0.00206846318457601,0.00229188085413828,0.00229188085413828,2
second,New C with dCor,500,0.963338789913237,0.0021793326720031,0.00307594229837287,0.00307594229837287,2
second,F+ depth-weighted,500,0.963338789913237,0.00263308798672024,0.00325470654053957,0.00325470654053957,2
all,Codex F,1000,0.981249623042887,0.00224130718628663,0.00273538431992689,0.00273538431992689,2
all,F no distance,1000,0.981249623042887,0.00413213903602978,0.00579040693454658,0.00579040693454658,2
all,F+,1000,0.981249623042887,0.00224130718628663,0.00273538431992689,0.00273538431992689,2
all,F guarded,1000,0.981249623042887,0.00213673313977333,0.00172766089786025,0.00172766089786025,2
all,New C,1000,0.981249623042887,0.00190412594848597,0.0020806445921661,0.0020806445921661,2
all,New C with dCor,1000,0.981249623042887,0.00198422012207504,0.00264362117029629,0.00264362117029629,2
all,F+ depth-weighted,1000,0.981249623042887,0.00225243031258719,0.0027942101046875,0.0027942101046875,2
first,Codex F,1000,0.981249623042887,0.00222339608072102,0.0028004654453968,0.0028004654453968,2
first,F no distance,1000,0.981249623042887,0.00415085224166119,0.00609960123366251,0.00609960123366251,2
first,F+,1000,0.981249623042887,0.00222339608072102,0.0028004654453968,0.0028004654453968,2
first,F guarded,1000,0.981249623042887,0.00213990882450087,0.00177427557012003,0.00177427557012003,2
first,New C,1000,0.981249623042887,0.00186752965119839,0.00210850304190003,0.00210850304190003,2
first,New C with dCor,1000,0.981249623042887,0.00194731298050345,0.00271584494069698,0.00271584494069698,2
first,F+ depth-weighted,1000,0.981249623042887,0.00222360331272372,0.00285580941188758,0.00285580941188758,2
second,Codex F,1000,0.981249623042887,0.0022353375258529,0.00263300539621803,0.00263300539621803,2
second,F no distance,1000,0.981249623042887,0.00411502710468958,0.00548121656270527,0.00548121656270527,2
second,F+,1000,0.981249623042887,0.0022353375258529,0.00263300539621803,0.00263300539621803,2
second,F guarded,1000,0.981249623042887,0.00216640466804556,0.00170954156787022,0.00170954156787022,2
second,New C,1000,0.981249623042887,0.00194261054819748,0.00204960600927917,0.00204960600927917,2
second,New C with dCor,1000,0.981249623042887,0.00202996061526689,0.00257752183611992,0.00257752183611992,2
second,F+ depth-weighted,1000,0.981249623042887,0.00225101658452916,0.00270089608536882,0.00270089608536882,2
all,Codex F,3000,0.99365231199093,0.00197119229078121,0.00206883038317485,0.00206883038317485,2
all,F no distance,3000,0.99365231199093,0.00228033183242687,0.00315124228153268,0.00315124228153268,2
all,F+,3000,0.99365231199093,0.00197119229078121,0.00206883038317485,0.00206883038317485,2
all,F guarded,3000,0.99365231199093,0.0019090451325636,0.00151270375198943,0.00151270375198943,2
all,New C,3000,0.99365231199093,0.00184375956441077,0.0018806763863708,0.0018806763863708,2
all,New C with dCor,3000,0.99365231199093,0.00188516075624138,0.00212707708972034,0.00212707708972034,2
all,F+ depth-weighted,3000,0.99365231199093,0.00196155844681647,0.00211394118038176,0.00211394118038176,2
first,Codex F,3000,0.99365231199093,0.00195386787992951,0.0021355197119305,0.0021355197119305,2
first,F no distance,3000,0.99365231199093,0.00226184042982051,0.00325039212835137,0.00325039212835137,2
first,F+,3000,0.99365231199093,0.00195386787992951,0.0021355197119305,0.0021355197119305,2
first,F guarded,3000,0.99365231199093,0.00189703859001885,0.00155520880650313,0.00155520880650313,2
first,New C,3000,0.99365231199093,0.00181677519962264,0.00190975005980253,0.00190975005980253,2
first,New C with dCor,3000,0.99365231199093,0.00185746510211785,0.00216760078276638,0.00216760078276638,2
first,F+ depth-weighted,3000,0.99365231199093,0.00194749473433457,0.00217483658250281,0.00217483658250281,2
second,Codex F,3000,0.99365231199093,0.00198772934084721,0.002004116818764,0.002004116818764,2
second,F no distance,3000,0.99365231199093,0.00229509157236454,0.00305394333461272,0.00305394333461272,2
second,F+,3000,0.99365231199093,0.00198772934084721,0.002004116818764,0.002004116818764,2
second,F guarded,3000,0.99365231199093,0.00193268195345178,0.0014798843044918,0.0014798843044918,2
second,New C,3000,0.99365231199093,0.00187962098486412,0.00184866110548198,0.00184866110548198,2
second,New C with dCor,3000,0.99365231199093,0.00191357371397916,0.00209278197811059,0.00209278197811059,2
second,F+ depth-weighted,3000,0.99365231199093,0.0019783766112715,0.00203930090070445,0.00203930090070445,2
all,Codex F,10000,0.998085193188478,0.00184253920095449,0.00156705800539628,0.00156705800539628,2
all,F no distance,10000,0.998085193188478,0.00189289878788408,0.00195587734759975,0.00195587734759975,2
all,F+,10000,0.998085193188478,0.00184253920095449,0.00156705800539628,0.00156705800539628,2
all,F guarded,10000,0.998085193188478,0.00180805633473654,0.0013401451139465,0.0013401451139465,2
all,New C,10000,0.998085193188478,0.00182518943698423,0.00169716335430513,0.00169716335430513,2
all,New C with dCor,10000,0.998085193188478,0.00184039198810299,0.00179214840874251,0.00179214840874251,2
all,F+ depth-weighted,10000,0.998085193188478,0.00183045958398032,0.00159853503566036,0.00159853503566036,2
first,Codex F,10000,0.998085193188478,0.00182122367043709,0.00163173145801051,0.00163173145801051,2
first,F no distance,10000,0.998085193188478,0.00187549739229655,0.00202389706688235,0.00202389706688235,2
first,F+,10000,0.998085193188478,0.00182122367043709,0.00163173145801051,0.00163173145801051,2
first,F guarded,10000,0.998085193188478,0.00178690693767521,0.00139259614486994,0.00139259614486994,2
first,New C,10000,0.998085193188478,0.00180073931475891,0.00172752028899951,0.00172752028899951,2
first,New C with dCor,10000,0.998085193188478,0.00181863858405903,0.00183987660871569,0.00183987660871569,2
first,F+ depth-weighted,10000,0.998085193188478,0.00181296605156988,0.00167064466004942,0.00167064466004942,2
second,Codex F,10000,0.998085193188478,0.00186441996377629,0.00150875228058148,0.00150875228058148,2
second,F no distance,10000,0.998085193188478,0.0019156628579099,0.00187827890139277,0.00187827890139277,2
second,F+,10000,0.998085193188478,0.00186441996377629,0.00150875228058148,0.00150875228058148,2
second,F guarded,10000,0.998085193188478,0.00183054083289157,0.00129723688459432,0.00129723688459432,2
second,New C,10000,0.998085193188478,0.00186035077321499,0.00168570200449998,0.00168570200449998,2
second,New C with dCor,10000,0.998085193188478,0.00187435347616253,0.00177103959986985,0.00177103959986985,2
second,F+ depth-weighted,10000,0.998085193188478,0.00185286458494499,0.00153219186680501,0.00153219186680501,2
all,Codex F,1e+05,0.999808110645714,0.00179057132087208,0.00122549646339449,0.00122549646339449,2
all,F no distance,1e+05,0.999808110645714,0.00180491073261245,0.00127184932828433,0.00127184932828433,2
all,F+,1e+05,0.999808110645714,0.00179057132087208,0.00122549646339449,0.00122549646339449,2
all,F guarded,1e+05,0.999808110645714,0.00178783116710972,0.00120334234119783,0.00120334234119783,2
all,New C,1e+05,0.999808110645714,0.00182343596870759,0.00159872330003985,0.00159872330003985,2
all,New C with dCor,1e+05,0.999808110645714,0.00182397347917941,0.00161109731925099,0.00161109731925099,2
all,F+ depth-weighted,1e+05,0.999808110645714,0.00177797369418493,0.00124234173253823,0.00124234173253823,2
first,Codex F,1e+05,0.999808110645714,0.00177247526475223,0.00126497124695112,0.00126497124695112,2
first,F no distance,1e+05,0.999808110645714,0.00178651336665569,0.00132694676012528,0.00132694676012528,2
first,F+,1e+05,0.999808110645714,0.00177247526475223,0.00126497124695112,0.00126497124695112,2
first,F guarded,1e+05,0.999808110645714,0.00176685891099619,0.0012379000168695,0.0012379000168695,2
first,New C,1e+05,0.999808110645714,0.00179866300624956,0.00163028006407139,0.00163028006407139,2
first,New C with dCor,1e+05,0.999808110645714,0.00179828736693951,0.00164726745562086,0.00164726745562086,2
first,F+ depth-weighted,1e+05,0.999808110645714,0.00175488056261377,0.00128024447122233,0.00128024447122233,2
second,Codex F,1e+05,0.999808110645714,0.00181430897589797,0.00117306282694471,0.00117306282694471,2
second,F no distance,1e+05,0.999808110645714,0.0018242585320734,0.00121472096649039,0.00121472096649039,2
second,F+,1e+05,0.999808110645714,0.00181430897589797,0.00117306282694471,0.00117306282694471,2
second,F guarded,1e+05,0.999808110645714,0.00180731856841797,0.00115264966548237,0.00115264966548237,2
second,New C,1e+05,0.999808110645714,0.00185141499218652,0.00156018241963535,0.00156018241963535,2
second,New C with dCor,1e+05,0.999808110645714,0.00185383968790438,0.00156573895485745,0.00156573895485745,2
second,F+ depth-weighted,1e+05,0.999808110645714,0.00180414278131015,0.00119888179215738,0.00119888179215738,2
all,Codex F,Inf,1,0.0017927009181668,0.00117878359490228,0.00117878359490228,2
all,F no distance,Inf,1,0.0017927009181668,0.00117878359490228,0.00117878359490228,2
all,F+,Inf,1,0.0017927009181668,0.00117878359490228,0.00117878359490228,2
all,F guarded,Inf,1,0.0017927009181668,0.00117878359490228,0.00117878359490228,2
all,New C,Inf,1,0.00182400772182475,0.00158132229407089,0.00158132229407089,2
all,New C with dCor,Inf,1,0.00182400772182475,0.00158132229407089,0.00158132229407089,2
all,F+ depth-weighted,Inf,1,0.00177715640572953,0.00117751049018027,0.00117751049018027,2
first,Codex F,Inf,1,0.00177322046907469,0.0012230746326788,0.0012230746326788,2
first,F no distance,Inf,1,0.00177322046907469,0.0012230746326788,0.0012230746326788,2
first,F+,Inf,1,0.00177322046907469,0.0012230746326788,0.0012230746326788,2
first,F guarded,Inf,1,0.00177322046907469,0.0012230746326788,0.0012230746326788,2
first,New C,Inf,1,0.00179895361143795,0.00161815463637778,0.00161815463637778,2
first,New C with dCor,Inf,1,0.00179895361143795,0.00161815463637778,0.00161815463637778,2
first,F+ depth-weighted,Inf,1,0.00175504097795417,0.0012156185726862,0.0012156185726862,2
second,Codex F,Inf,1,0.00181041900160123,0.00113720061089064,0.00113720061089064,2
second,F no distance,Inf,1,0.00181041900160123,0.00113720061089064,0.00113720061089064,2
second,F+,Inf,1,0.00181041900160123,0.00113720061089064,0.00113720061089064,2
second,F guarded,Inf,1,0.00181041900160123,0.00113720061089064,0.00113720061089064,2
second,New C,Inf,1,0.0018520632490985,0.00154864612036956,0.00154864612036956,2
second,New C with dCor,Inf,1,0.0018520632490985,0.00154864612036956,0.00154864612036956,2
second,F+ depth-weighted,Inf,1,0.00180275367059589,0.00114653228640708,0.00114653228640708,2
all,Codex F,0,0,0.0358478945492675,0.0357941361196868,0.0357941361196868,3
all,F no distance,0,0,0.0358478945492675,0.0357941361196868,0.0357941361196868,3
all,F+,0,0,0.0358473488889023,0.0357946793878732,0.0357946793878732,3
all,F guarded,0,0,0.0806553637834516,0.0443197980655005,0.0443197980655005,3
all,New C,0,0,0.0532628557865234,0.0359463891368401,0.0359463891368401,3
all,New C with dCor,0,0,0.0201552739674778,0.0264893345372709,0.0264893345372709,3
all,F+ depth-weighted,0,0,0.0358840932380776,0.0358219648577606,0.0358219648577606,3
first,Codex F,0,0,0.0353362409445597,0.0356711611019781,0.0356711611019781,3
first,F no distance,0,0,0.0353362409445597,0.0356711611019781,0.0356711611019781,3
first,F+,0,0,0.0353396058828014,0.0356733897227804,0.0356733897227804,3
first,F guarded,0,0,0.080417977478757,0.0442418745300092,0.0442418745300092,3
first,New C,0,0,0.0511755334507301,0.0354793957122788,0.0354793957122788,3
first,New C with dCor,0,0,0.0188846927272611,0.0256573496900048,0.0256573496900048,3
first,F+ depth-weighted,0,0,0.035350460686539,0.0357302385295014,0.0357302385295014,3
second,Codex F,0,0,0.036395622237006,0.0359039115807675,0.0359039115807675,3
second,F no distance,0,0,0.036395622237006,0.0359039115807675,0.0359039115807675,3
second,F+,0,0,0.036395664980957,0.0359049764555766,0.0359049764555766,3
second,F guarded,0,0,0.0808911980413164,0.0444141688742632,0.0444141688742632,3
second,New C,0,0,0.0553682024222076,0.036435926304193,0.036435926304193,3
second,New C with dCor,0,0,0.0214626752529091,0.0273092723188867,0.0273092723188867,3
second,F+ depth-weighted,0,0,0.0364430011542357,0.0359300987371826,0.0359300987371826,3
all,Codex F,3,0.117470632330429,0.0303926488705005,0.0331380393499704,0.0331380393499704,3
all,F no distance,3,0.117470632330429,0.0348857557024214,0.0355015711979021,0.0355015711979021,3
all,F+,3,0.117470632330429,0.0303931428065974,0.0331383276317606,0.0331383276317606,3
all,F guarded,3,0.117470632330429,0.036875057629965,0.0323114793060289,0.0323114793060289,3
all,New C,3,0.117470632330429,0.0470386748079634,0.0350231034372802,0.0350231034372802,3
all,New C with dCor,3,0.117470632330429,0.0174498553175966,0.024551654350915,0.024551654350915,3
all,F+ depth-weighted,3,0.117470632330429,0.0304463406506559,0.033189747009748,0.033189747009748,3
first,Codex F,3,0.117470632330429,0.0299741733116537,0.0330386527694708,0.0330386527694708,3
first,F no distance,3,0.117470632330429,0.0343491801132973,0.0353955761915457,0.0353955761915457,3
first,F+,3,0.117470632330429,0.0299740585467701,0.0330410329880347,0.0330410329880347,3
first,F guarded,3,0.117470632330429,0.036767466474476,0.0323720644271441,0.0323720644271441,3
first,New C,3,0.117470632330429,0.0452907659390471,0.0345507187750204,0.0345507187750204,3
first,New C with dCor,3,0.117470632330429,0.0163995019624706,0.0239219577433023,0.0239219577433023,3
first,F+ depth-weighted,3,0.117470632330429,0.0300142821542215,0.0330954460002941,0.0330954460002941,3
second,Codex F,3,0.117470632330429,0.0308206382833841,0.0332260644116541,0.0332260644116541,3
second,F no distance,3,0.117470632330429,0.0353909435085383,0.0356053594627953,0.0356053594627953,3
second,F+,3,0.117470632330429,0.0308206382833841,0.0332260644116541,0.0332260644116541,3
second,F guarded,3,0.117470632330429,0.0370066577848297,0.0322531287986498,0.0322531287986498,3
second,New C,3,0.117470632330429,0.0488619371555571,0.035507779117696,0.035507779117696,3
second,New C with dCor,3,0.117470632330429,0.0185094018257539,0.0251996526813007,0.0251996526813007,3
second,F+ depth-weighted,3,0.117470632330429,0.030901318317255,0.0333064478469933,0.0333064478469933,3
all,Codex F,5,0.206174662261047,0.0268709853718266,0.0304802091820565,0.0304802091820565,3
all,F no distance,5,0.206174662261047,0.0339578415626782,0.0352107465254813,0.0352107465254813,3
all,F+,5,0.206174662261047,0.0268721221812884,0.0304808552729667,0.0304808552729667,3
all,F guarded,5,0.206174662261047,0.0259246482128149,0.0244497858973888,0.0244497858973888,3
all,New C,5,0.206174662261047,0.0352504801730774,0.0298306214376186,0.0298306214376186,3
all,New C with dCor,5,0.206174662261047,0.0157478037346433,0.0227477899716267,0.0227477899716267,3
all,F+ depth-weighted,5,0.206174662261047,0.0269603558435254,0.0305571021782621,0.0305571021782621,3
first,Codex F,5,0.206174662261047,0.0265775310867739,0.030443280627246,0.030443280627246,3
first,F no distance,5,0.206174662261047,0.0334838883106403,0.0350947355548305,0.0350947355548305,3
first,F+,5,0.206174662261047,0.0265799851422483,0.0304468535361887,0.0304468535361887,3
first,F guarded,5,0.206174662261047,0.025590172347676,0.0245492359362687,0.0245492359362687,3
first,New C,5,0.206174662261047,0.0350824850794398,0.0299333454050061,0.0299333454050061,3
first,New C with dCor,5,0.206174662261047,0.014817818994592,0.0222220690834637,0.0222220690834637,3
first,F+ depth-weighted,5,0.206174662261047,0.0266645753804003,0.0305003915718046,0.0305003915718046,3
second,Codex F,5,0.206174662261047,0.0271635033489662,0.0305362755430647,0.0305362755430647,3
second,F no distance,5,0.206174662261047,0.034493332953111,0.0353362459080713,0.0353362459080713,3
second,F+,5,0.206174662261047,0.0271633642630276,0.0305374482253618,0.0305374482253618,3
second,F guarded,5,0.206174662261047,0.0262880162452703,0.0243430271411446,0.0243430271411446,3
second,New C,5,0.206174662261047,0.0354916564891654,0.0297721282681811,0.0297721282681811,3
second,New C with dCor,5,0.206174662261047,0.0167072689172615,0.0232836109087834,0.0232836109087834,3
second,F+ depth-weighted,5,0.206174662261047,0.0272515064202945,0.0306079161639194,0.0306079161639194,3
all,Codex F,10,0.360961882464157,0.021868140280885,0.025986813782194,0.025986813782194,3
all,F no distance,10,0.360961882464157,0.0320385120660085,0.0345058947607164,0.0345058947607164,3
all,F+,10,0.360961882464157,0.0218689983570458,0.0259878755344312,0.0259878755344312,3
all,F guarded,10,0.360961882464157,0.0229537675195634,0.019033851903004,0.019033851903004,3
all,New C,10,0.360961882464157,0.0190262108885738,0.0190769511066366,0.0190769511066366,3
all,New C with dCor,10,0.360961882464157,0.0132889576966569,0.0200355094818855,0.0200355094818855,3
all,F+ depth-weighted,10,0.360961882464157,0.021981807808353,0.0261194705200565,0.0261194705200565,3
first,Codex F,10,0.360961882464157,0.0216431544678025,0.0260984017321627,0.0260984017321627,3
first,F no distance,10,0.360961882464157,0.0315491837510661,0.0343530380531957,0.0343530380531957,3
first,F+,10,0.360961882464157,0.02164309295062,0.0261019976249722,0.0261019976249722,3
first,F guarded,10,0.360961882464157,0.0223405280081015,0.0188555619310663,0.0188555619310663,3
first,New C,10,0.360961882464157,0.0187419410221383,0.0190110956852269,0.0190110956852269,3
first,New C with dCor,10,0.360961882464157,0.0125254483390091,0.0195648486567933,0.0195648486567933,3
first,F+ depth-weighted,10,0.360961882464157,0.0217497250270059,0.0262175454517576,0.0262175454517576,3
second,Codex F,10,0.360961882464157,0.0221068873350228,0.025897097437712,0.025897097437712,3
second,F no distance,10,0.360961882464157,0.0325432668389969,0.034633464401786,0.034633464401786,3
second,F+,10,0.360961882464157,0.0221058344566231,0.0258974794716027,0.0258974794716027,3
second,F guarded,10,0.360961882464157,0.0235847160086488,0.0192389636096326,0.0192389636096326,3
second,New C,10,0.360961882464157,0.0194005909568519,0.0191551091584962,0.0191551091584962,3
second,New C with dCor,10,0.360961882464157,0.0141104392338404,0.0204913083525625,0.0204913083525625,3
second,F+ depth-weighted,10,0.360961882464157,0.0222036462013213,0.0260574722967765,0.0260574722967765,3
all,Codex F,20,0.532284387119722,0.0131881891655789,0.0186562424304454,0.0186562424304454,3
all,F no distance,20,0.532284387119722,0.0291549734578563,0.0332507106031936,0.0332507106031936,3
all,F+,20,0.532284387119722,0.013187734805724,0.0186564380807053,0.0186564380807053,3
all,F guarded,20,0.532284387119722,0.0178877641712432,0.0154747423134746,0.0154747423134746,3
all,New C,20,0.532284387119722,0.0136403582382402,0.0151464379057807,0.0151464379057807,3
all,New C with dCor,20,0.532284387119722,0.010628594705416,0.0172899796464011,0.0172899796464011,3
all,F+ depth-weighted,20,0.532284387119722,0.0134814104836384,0.018980270048094,0.018980270048094,3
first,Codex F,20,0.532284387119722,0.0133085920422337,0.0189200953067313,0.0189200953067313,3
first,F no distance,20,0.532284387119722,0.0287518291146737,0.0331285414680131,0.0331285414680131,3
first,F+,20,0.532284387119722,0.0133072485576382,0.0189199094780716,0.0189199094780716,3
first,F guarded,20,0.532284387119722,0.0178987090584291,0.0155993038089213,0.0155993038089213,3
first,New C,20,0.532284387119722,0.0128591096668145,0.0147280349360643,0.0147280349360643,3
first,New C with dCor,20,0.532284387119722,0.00998750220470142,0.0168380293296328,0.0168380293296328,3
first,F+ depth-weighted,20,0.532284387119722,0.013611553808837,0.0192473217542127,0.0192473217542127,3
second,Codex F,20,0.532284387119722,0.0130817973811434,0.0184108593335962,0.0184108593335962,3
second,F no distance,20,0.532284387119722,0.0295732086565268,0.0333702701909227,0.0333702701909227,3
second,F+,20,0.532284387119722,0.0130817973811434,0.0184108593335962,0.0184108593335962,3
second,F guarded,20,0.532284387119722,0.0178300219872498,0.0152934775316989,0.0152934775316989,3
second,New C,20,0.532284387119722,0.0144457303392494,0.0155694043552744,0.0155694043552744,3
second,New C with dCor,20,0.532284387119722,0.0112879916535175,0.0176733361808853,0.0176733361808853,3
second,F+ depth-weighted,20,0.532284387119722,0.0133623279317766,0.0187165043682573,0.0187165043682573,3
all,Codex F,30,0.628076765873137,0.00949041627026283,0.0146386841159892,0.0146386841159892,3
all,F no distance,30,0.628076765873137,0.0268849135155139,0.0320570374904546,0.0320570374904546,3
all,F+,30,0.628076765873137,0.00948990456563521,0.0146387398953277,0.0146387398953277,3
all,F guarded,30,0.628076765873137,0.0120766640608181,0.0119492515994742,0.0119492515994742,3
all,New C,30,0.628076765873137,0.0118660342443884,0.0140852751361149,0.0140852751361149,3
all,New C with dCor,30,0.628076765873137,0.00843638687835033,0.0149498252687955,0.0149498252687955,3
all,F+ depth-weighted,30,0.628076765873137,0.00969635569426041,0.0149436291394575,0.0149436291394575,3
first,Codex F,30,0.628076765873137,0.0094417519454983,0.0148217093665362,0.0148217093665362,3
first,F no distance,30,0.628076765873137,0.0265028497623564,0.0319169297559739,0.0319169297559739,3
first,F+,30,0.628076765873137,0.00944158291663393,0.0148225511404222,0.0148225511404222,3
first,F guarded,30,0.628076765873137,0.0120929409382621,0.0120961759428446,0.0120961759428446,3
first,New C,30,0.628076765873137,0.0111091232946759,0.0135905801038844,0.0135905801038844,3
first,New C with dCor,30,0.628076765873137,0.00830177394515087,0.0149904119497202,0.0149904119497202,3
first,F+ depth-weighted,30,0.628076765873137,0.00967700583148,0.0151410395081454,0.0151410395081454,3
second,Codex F,30,0.628076765873137,0.00956014185646661,0.0144688419607635,0.0144688419607635,3
second,F no distance,30,0.628076765873137,0.0272975601011762,0.0321667376192481,0.0321667376192481,3
second,F+,30,0.628076765873137,0.00956014185646661,0.0144688419607635,0.0144688419607635,3
second,F guarded,30,0.628076765873137,0.0120669089600521,0.0118061225539062,0.0118061225539062,3
second,New C,30,0.628076765873137,0.0121566480522518,0.0142698637315528,0.0142698637315528,3
second,New C with dCor,30,0.628076765873137,0.00853378113789219,0.0149009688110921,0.0149009688110921,3
second,F+ depth-weighted,30,0.628076765873137,0.00974274312847962,0.0147639352793155,0.0147639352793155,3
all,Codex F,50,0.734295787355217,0.00715086453585047,0.0111095561781309,0.0111095561781309,3
all,F no distance,50,0.734295787355217,0.0233973305055652,0.0298117382275055,0.0298117382275055,3
all,F+,50,0.734295787355217,0.00715113472886614,0.0111102095452863,0.0111102095452863,3
all,F guarded,50,0.734295787355217,0.00753457785327512,0.00845672034103043,0.00845672034103043,3
all,New C,50,0.734295787355217,0.00685702362896009,0.0100515660562598,0.0100515660562598,3
all,New C with dCor,50,0.734295787355217,0.00525758631936486,0.0107238174405903,0.0107238174405903,3
all,F+ depth-weighted,50,0.734295787355217,0.00725155032570024,0.0113445606418835,0.0113445606418835,3
first,Codex F,50,0.734295787355217,0.00697042235923939,0.0111546718409527,0.0111546718409527,3
first,F no distance,50,0.734295787355217,0.0230826953497285,0.029732489811255,0.029732489811255,3
first,F+,50,0.734295787355217,0.00697079545604172,0.0111580678337106,0.0111580678337106,3
first,F guarded,50,0.734295787355217,0.00732722484732784,0.00842184768138041,0.00842184768138041,3
first,New C,50,0.734295787355217,0.00653820691231847,0.00978989885947025,0.00978989885947025,3
first,New C with dCor,50,0.734295787355217,0.00506172453716101,0.0106487177760756,0.0106487177760756,3
first,F+ depth-weighted,50,0.734295787355217,0.00709813809683357,0.0114117291333723,0.0114117291333723,3
second,Codex F,50,0.734295787355217,0.00733518320649757,0.011074206673424,0.011074206673424,3
second,F no distance,50,0.734295787355217,0.0237442698562752,0.0299299953971768,0.0299299953971768,3
second,F+,50,0.734295787355217,0.00733554138652572,0.0110747939537896,0.0110747939537896,3
second,F guarded,50,0.734295787355217,0.00780103514197809,0.00850687208036125,0.00850687208036125,3
second,New C,50,0.734295787355217,0.00713351187041829,0.0102499813670512,0.0102499813670512,3
second,New C with dCor,50,0.734295787355217,0.00550609642296501,0.0108671356642489,0.0108671356642489,3
second,F+ depth-weighted,50,0.734295787355217,0.00743212055818716,0.0112959572977968,0.0112959572977968,3
all,Codex F,75,0.803427651095867,0.0059701453024232,0.00899960327565878,0.00899960327565878,3
all,F no distance,75,0.803427651095867,0.0200926309932121,0.0272559096533997,0.0272559096533997,3
all,F+,75,0.803427651095867,0.00596988125492062,0.00899959432647753,0.00899959432647753,3
all,F guarded,75,0.803427651095867,0.00632413667711131,0.00679878056518902,0.00679878056518902,3
all,New C,75,0.803427651095867,0.00467822949836754,0.007521818256194,0.007521818256194,3
all,New C with dCor,75,0.803427651095867,0.00389186070664925,0.00828484583316775,0.00828484583316775,3
all,F+ depth-weighted,75,0.803427651095867,0.00607144569113964,0.00924166019136306,0.00924166019136306,3
first,Codex F,75,0.803427651095867,0.00582131165722368,0.00902281285192554,0.00902281285192554,3
first,F no distance,75,0.803427651095867,0.0198420423136482,0.0272016246108549,0.0272016246108549,3
first,F+,75,0.803427651095867,0.00582228804518974,0.00902317933497295,0.00902317933497295,3
first,F guarded,75,0.803427651095867,0.00604140487547732,0.00663889687122616,0.00663889687122616,3
first,New C,75,0.803427651095867,0.00433081148860093,0.00719667463220138,0.00719667463220138,3
first,New C with dCor,75,0.803427651095867,0.00369383135190521,0.0081319866029989,0.0081319866029989,3
first,F+ depth-weighted,75,0.803427651095867,0.00592181840636096,0.00927133403678389,0.00927133403678389,3
second,Codex F,75,0.803427651095867,0.00612779028089324,0.00898566872856991,0.00898566872856991,3
second,F no distance,75,0.803427651095867,0.0203531070517644,0.0273565075294696,0.0273565075294696,3
second,F+,75,0.803427651095867,0.00612779028089324,0.00898566872856991,0.00898566872856991,3
second,F guarded,75,0.803427651095867,0.00664158774865205,0.00691295129505686,0.00691295129505686,3
second,New C,75,0.803427651095867,0.00506306023571636,0.00790267248661287,0.00790267248661287,3
second,New C with dCor,75,0.803427651095867,0.00411364305153916,0.00849403503786359,0.00849403503786359,3
second,F+ depth-weighted,75,0.803427651095867,0.00622429612797162,0.00923294331353163,0.00923294331353163,3
all,Codex F,100,0.843794398070452,0.00477432806170393,0.00710559670162087,0.00710559670162087,3
all,F no distance,100,0.843794398070452,0.0174498710778959,0.024844061263398,0.024844061263398,3
all,F+,100,0.843794398070452,0.00477446258368919,0.00710578299371191,0.00710578299371191,3
all,F guarded,100,0.843794398070452,0.00505700902800494,0.00533627176791584,0.00533627176791584,3
all,New C,100,0.843794398070452,0.00371760621948499,0.00616529393987156,0.00616529393987156,3
all,New C with dCor,100,0.843794398070452,0.00330539391427015,0.00700780457648021,0.00700780457648021,3
all,F+ depth-weighted,100,0.843794398070452,0.00488783875863201,0.00732956186301836,0.00732956186301836,3
first,Codex F,100,0.843794398070452,0.00475898294627366,0.00719073058094681,0.00719073058094681,3
first,F no distance,100,0.843794398070452,0.0171737935811668,0.0247362381615062,0.0247362381615062,3
first,F+,100,0.843794398070452,0.00475852820027002,0.00719065173106725,0.00719065173106725,3
first,F guarded,100,0.843794398070452,0.00508041931421134,0.00540932824552433,0.00540932824552433,3
first,New C,100,0.843794398070452,0.00346768216175277,0.00588823108368204,0.00588823108368204,3
first,New C with dCor,100,0.843794398070452,0.00312918233900569,0.00684239414992432,0.00684239414992432,3
first,F+ depth-weighted,100,0.843794398070452,0.00494874820591435,0.00753997424339364,0.00753997424339364,3
second,Codex F,100,0.843794398070452,0.00484284509514186,0.0070592367318787,0.0070592367318787,3
second,F no distance,100,0.843794398070452,0.0177301663621559,0.0249626533992797,0.0249626533992797,3
second,F+,100,0.843794398070452,0.00484269190942334,0.00705924083425826,0.00705924083425826,3
second,F guarded,100,0.843794398070452,0.0051986319746459,0.00538353828904521,0.00538353828904521,3
second,New C,100,0.843794398070452,0.00392626410173381,0.00636248989439199,0.00636248989439199,3
second,New C with dCor,100,0.843794398070452,0.00348316139813048,0.00717157810600061,0.00717157810600061,3
second,F+ depth-weighted,100,0.843794398070452,0.00501528896131502,0.00732416640239757,0.00732416640239757,3
all,Codex F,150,0.889138146764167,0.00365558438127209,0.00514909343224844,0.00514909343224844,3
all,F no distance,150,0.889138146764167,0.0139334195323848,0.021163315673396,0.021163315673396,3
all,F+,150,0.889138146764167,0.00365588979721659,0.00514916274769986,0.00514916274769986,3
all,F guarded,150,0.889138146764167,0.00372749662125276,0.00358019727677366,0.00358019727677366,3
all,New C,150,0.889138146764167,0.00269097391107566,0.00430692364881699,0.00430692364881699,3
all,New C with dCor,150,0.889138146764167,0.00261534336507972,0.00529922172790056,0.00529922172790056,3
all,F+ depth-weighted,150,0.889138146764167,0.00370852939079615,0.00532361242243608,0.00532361242243608,3
first,Codex F,150,0.889138146764167,0.00361710738044326,0.00520439009308455,0.00520439009308455,3
first,F no distance,150,0.889138146764167,0.0137225828580932,0.0211024604228151,0.0211024604228151,3
first,F+,150,0.889138146764167,0.00361712952097119,0.0052044040864129,0.0052044040864129,3
first,F guarded,150,0.889138146764167,0.00368983804624103,0.00357992772455149,0.00357992772455149,3
first,New C,150,0.889138146764167,0.00258060548997957,0.00417766175443728,0.00417766175443728,3
first,New C with dCor,150,0.889138146764167,0.00255241687853044,0.00533351091779213,0.00533351091779213,3
first,F+ depth-weighted,150,0.889138146764167,0.00367601647338449,0.00538580744222167,0.00538580744222167,3
second,Codex F,150,0.889138146764167,0.00370466044978101,0.00509889227357202,0.00509889227357202,3
second,F no distance,150,0.889138146764167,0.0141416709727741,0.0212514307550122,0.0212514307550122,3
second,F+,150,0.889138146764167,0.00370454216562215,0.00509887650435592,0.00509887650435592,3
second,F guarded,150,0.889138146764167,0.00379108312223069,0.0036005276669198,0.0036005276669198,3
second,New C,150,0.889138146764167,0.00286045274791485,0.00453105484464738,0.00453105484464738,3
second,New C with dCor,150,0.889138146764167,0.00270664250877362,0.00532353443950051,0.00532353443950051,3
second,F+ depth-weighted,150,0.889138146764167,0.00376080898158987,0.00528244009421872,0.00528244009421872,3
all,Codex F,200,0.914033950690219,0.00319928656604856,0.00434618321918981,0.00434618321918981,3
all,F no distance,200,0.914033950690219,0.0117202914177516,0.0183446165922962,0.0183446165922962,3
all,F+,200,0.914033950690219,0.00319928656604856,0.00434618321918981,0.00434618321918981,3
all,F guarded,200,0.914033950690219,0.00324943454629502,0.00289258324997101,0.00289258324997101,3
all,New C,200,0.914033950690219,0.00237568521501007,0.00359459395227755,0.00359459395227755,3
all,New C with dCor,200,0.914033950690219,0.00235994866178554,0.00449527851271383,0.00449527851271383,3
all,F+ depth-weighted,200,0.914033950690219,0.0032376738164535,0.00446876278657072,0.00446876278657072,3
first,Codex F,200,0.914033950690219,0.00314935159113143,0.00439382129316108,0.00439382129316108,3
first,F no distance,200,0.914033950690219,0.0115494071686955,0.018339708860695,0.018339708860695,3
first,F+,200,0.914033950690219,0.00314935159113143,0.00439382129316108,0.00439382129316108,3
first,F guarded,200,0.914033950690219,0.00317837469999368,0.00286936064046254,0.00286936064046254,3
first,New C,200,0.914033950690219,0.00230035059928348,0.00349621252569699,0.00349621252569699,3
first,New C with dCor,200,0.914033950690219,0.00228898222481009,0.00445867648270491,0.00445867648270491,3
first,F+ depth-weighted,200,0.914033950690219,0.00317644059946034,0.00449790507303199,0.00449790507303199,3
second,Codex F,200,0.914033950690219,0.00326177233924846,0.00430995596515603,0.00430995596515603,3
second,F no distance,200,0.914033950690219,0.0118821572916669,0.0183649627629942,0.0183649627629942,3
second,F+,200,0.914033950690219,0.00326182386081926,0.0043099418380448,0.0043099418380448,3
second,F guarded,200,0.914033950690219,0.00333321877931753,0.00291666997390481,0.00291666997390481,3
second,New C,200,0.914033950690219,0.00245734483989342,0.00369103849884362,0.00369103849884362,3
second,New C with dCor,200,0.914033950690219,0.00244185974453545,0.00455420436982909,0.00455420436982909,3
second,F+ depth-weighted,200,0.914033950690219,0.00330281351188126,0.00445370206285216,0.00445370206285216,3
all,Codex F,300,0.940653533303244,0.00280243699878811,0.00367091647517844,0.00367091647517844,3
all,F no distance,300,0.940653533303244,0.00906339444638033,0.0144120435173944,0.0144120435173944,3
all,F+,300,0.940653533303244,0.00280243699878811,0.00367091647517844,0.00367091647517844,3
all,F guarded,300,0.940653533303244,0.00274785433923816,0.00227639340278162,0.00227639340278162,3
all,New C,300,0.940653533303244,0.00207175233417628,0.00280550005301019,0.00280550005301019,3
all,New C with dCor,300,0.940653533303244,0.00214689177624221,0.00374178494938253,0.00374178494938253,3
all,F+ depth-weighted,300,0.940653533303244,0.00284287411073784,0.00378545043213684,0.00378545043213684,3
first,Codex F,300,0.940653533303244,0.00278032237501767,0.00371857960364285,0.00371857960364285,3
first,F no distance,300,0.940653533303244,0.00895917568359614,0.0145288649044477,0.0145288649044477,3
first,F+,300,0.940653533303244,0.00278032237501767,0.00371857960364285,0.00371857960364285,3
first,F guarded,300,0.940653533303244,0.00276975589044108,0.00230925249056177,0.00230925249056177,3
first,New C,300,0.940653533303244,0.00201474184358018,0.00277242228830627,0.00277242228830627,3
first,New C with dCor,300,0.940653533303244,0.00210622702588471,0.00377587826487668,0.00377587826487668,3
first,F+ depth-weighted,300,0.940653533303244,0.00278933545728914,0.00378816028021809,0.00378816028021809,3
second,Codex F,300,0.940653533303244,0.0027802948954193,0.00358034129713233,0.00358034129713233,3
second,F no distance,300,0.940653533303244,0.00917281054884211,0.0143035042618289,0.0143035042618289,3
second,F+,300,0.940653533303244,0.0027802948954193,0.00358034129713233,0.00358034129713233,3
second,F guarded,300,0.940653533303244,0.00282128700096103,0.00230209185541176,0.00230209185541176,3
second,New C,300,0.940653533303244,0.00213731470913052,0.00284866922770552,0.00284866922770552,3
second,New C with dCor,300,0.940653533303244,0.002186105354029,0.00369316217391093,0.00369316217391093,3
second,F+ depth-weighted,300,0.940653533303244,0.00281788526377753,0.00368141666353577,0.00368141666353577,3
all,Codex F,500,0.963338789913237,0.00240301629862733,0.00306709881715393,0.00306709881715393,3
all,F no distance,500,0.963338789913237,0.00659999491661479,0.0102224161805164,0.0102224161805164,3
all,F+,500,0.963338789913237,0.00240301629862733,0.00306709881715393,0.00306709881715393,3
all,F guarded,500,0.963338789913237,0.00238161706053958,0.00190657775986486,0.00190657775986486,3
all,New C,500,0.963338789913237,0.00190148925816321,0.00231216348207099,0.00231216348207099,3
all,New C with dCor,500,0.963338789913237,0.00197679613055504,0.00308380885642191,0.00308380885642191,3
all,F+ depth-weighted,500,0.963338789913237,0.00240477794636827,0.00312886399806471,0.00312886399806471,3
first,Codex F,500,0.963338789913237,0.00237034088260193,0.00306702832190578,0.00306702832190578,3
first,F no distance,500,0.963338789913237,0.00655469040497626,0.0103475443058792,0.0103475443058792,3
first,F+,500,0.963338789913237,0.00237034088260193,0.00306702832190578,0.00306702832190578,3
first,F guarded,500,0.963338789913237,0.00234300713379919,0.00187347436093842,0.00187347436093842,3
first,New C,500,0.963338789913237,0.00187108659624069,0.00231632859249144,0.00231632859249144,3
first,New C with dCor,500,0.963338789913237,0.00194680612006807,0.00307774934461356,0.00307774934461356,3
first,F+ depth-weighted,500,0.963338789913237,0.00237566517012198,0.00313293940151734,0.00313293940151734,3
second,Codex F,500,0.963338789913237,0.00243905719631119,0.00307329363291522,0.00307329363291522,3
second,F no distance,500,0.963338789913237,0.0066462940590496,0.010078650313718,0.010078650313718,3
second,F+,500,0.963338789913237,0.00243905719631119,0.00307329363291522,0.00307329363291522,3
second,F guarded,500,0.963338789913237,0.00243119707510484,0.00194732557438091,0.00194732557438091,3
second,New C,500,0.963338789913237,0.0019425456866294,0.00231832623459272,0.00231832623459272,3
second,New C with dCor,500,0.963338789913237,0.00201605251032665,0.00310989522028029,0.00310989522028029,3
second,F+ depth-weighted,500,0.963338789913237,0.00242691199577883,0.00313349378577581,0.00313349378577581,3
all,Codex F,1000,0.981249623042887,0.00210080664649596,0.00255768027031923,0.00255768027031923,3
all,F no distance,1000,0.981249623042887,0.00363828794027914,0.00546404691776039,0.00546404691776039,3
all,F+,1000,0.981249623042887,0.00210080664649596,0.00255768027031923,0.00255768027031923,3
all,F guarded,1000,0.981249623042887,0.00202015738966828,0.00162382943303448,0.00162382943303448,3
all,New C,1000,0.981249623042887,0.00178696358290798,0.00201138498877209,0.00201138498877209,3
all,New C with dCor,1000,0.981249623042887,0.0018552336293835,0.00254446983578419,0.00254446983578419,3
all,F+ depth-weighted,1000,0.981249623042887,0.00209891682430445,0.00260091379740379,0.00260091379740379,3
first,Codex F,1000,0.981249623042887,0.00207889174505757,0.00254739329624733,0.00254739329624733,3
first,F no distance,1000,0.981249623042887,0.00367164812685892,0.00561828859380729,0.00561828859380729,3
first,F+,1000,0.981249623042887,0.00207889174505757,0.00254739329624733,0.00254739329624733,3
first,F guarded,1000,0.981249623042887,0.00201948255588546,0.00161059164147818,0.00161059164147818,3
first,New C,1000,0.981249623042887,0.00175570533451997,0.00198409559248351,0.00198409559248351,3
first,New C with dCor,1000,0.981249623042887,0.0018298816874083,0.00252702320931403,0.00252702320931403,3
first,F+ depth-weighted,1000,0.981249623042887,0.00207463494750374,0.00257824969118852,0.00257824969118852,3
second,Codex F,1000,0.981249623042887,0.00210706494392463,0.00255351745728915,0.00255351745728915,3
second,F no distance,1000,0.981249623042887,0.00360572025288226,0.0053098072008361,0.0053098072008361,3
second,F+,1000,0.981249623042887,0.00210706494392463,0.00255351745728915,0.00255351745728915,3
second,F guarded,1000,0.981249623042887,0.00205702821770321,0.00166409539816182,0.00166409539816182,3
second,New C,1000,0.981249623042887,0.00182655108118191,0.00203151453275266,0.00203151453275266,3
second,New C with dCor,1000,0.981249623042887,0.0018843702618013,0.00256659129608854,0.00256659129608854,3
second,F+ depth-weighted,1000,0.981249623042887,0.00209555305722107,0.00259035409234823,0.00259035409234823,3
all,Codex F,3000,0.99365231199093,0.00183964921451472,0.00191648220010428,0.00191648220010428,3
all,F no distance,3000,0.99365231199093,0.00211755244637687,0.00295116351157082,0.00295116351157082,3
all,F+,3000,0.99365231199093,0.00183964921451472,0.00191648220010428,0.00191648220010428,3
all,F guarded,3000,0.99365231199093,0.00178737656790755,0.00140738013789142,0.00140738013789142,3
all,New C,3000,0.99365231199093,0.0017391441676292,0.00180242227983119,0.00180242227983119,3
all,New C with dCor,3000,0.99365231199093,0.00176986097981682,0.00203265530055577,0.00203265530055577,3
all,F+ depth-weighted,3000,0.99365231199093,0.00182403256695661,0.00195733773854892,0.00195733773854892,3
first,Codex F,3000,0.99365231199093,0.00182320365072179,0.00192673034779344,0.00192673034779344,3
first,F no distance,3000,0.99365231199093,0.00210599865593419,0.00294979647550325,0.00294979647550325,3
first,F+,3000,0.99365231199093,0.00182320365072179,0.00192673034779344,0.00192673034779344,3
first,F guarded,3000,0.99365231199093,0.00176288109803224,0.00139488691186124,0.00139488691186124,3
first,New C,3000,0.99365231199093,0.00170867108252359,0.00176451800535104,0.00176451800535104,3
first,New C with dCor,3000,0.99365231199093,0.00174497585805456,0.00199729298381096,0.00199729298381096,3
first,F+ depth-weighted,3000,0.99365231199093,0.0018087281351777,0.0019641068767534,0.0019641068767534,3
second,Codex F,3000,0.99365231199093,0.00186576232309739,0.00193065377765724,0.00193065377765724,3
second,F no distance,3000,0.99365231199093,0.0021309969041529,0.00295051192046333,0.00295051192046333,3
second,F+,3000,0.99365231199093,0.00186576232309739,0.00193065377765724,0.00193065377765724,3
second,F guarded,3000,0.99365231199093,0.00182256390455693,0.00143044644082232,0.00143044644082232,3
second,New C,3000,0.99365231199093,0.00177215757423574,0.001841802852139,0.001841802852139,3
second,New C with dCor,3000,0.99365231199093,0.00179078156000496,0.00207094085728643,0.00207094085728643,3
second,F+ depth-weighted,3000,0.99365231199093,0.00185181783669943,0.00196705181567121,0.00196705181567121,3
all,Codex F,10000,0.998085193188478,0.00172396456759735,0.00146019083513255,0.00146019083513255,3
all,F no distance,10000,0.998085193188478,0.00177002954206861,0.00181922040770596,0.00181922040770596,3
all,F+,10000,0.998085193188478,0.00172396456759735,0.00146019083513255,0.00146019083513255,3
all,F guarded,10000,0.998085193188478,0.0016956477268993,0.0012497099966957,0.0012497099966957,3
all,New C,10000,0.998085193188478,0.00171690838447041,0.00162934625022324,0.00162934625022324,3
all,New C with dCor,10000,0.998085193188478,0.00172962585383374,0.0017236842814129,0.0017236842814129,3
all,F+ depth-weighted,10000,0.998085193188478,0.00170865863971715,0.00149600524710348,0.00149600524710348,3
first,Codex F,10000,0.998085193188478,0.00170769001293816,0.00146762735651764,0.00146762735651764,3
first,F no distance,10000,0.998085193188478,0.00175817674376133,0.00182617994257436,0.00182617994257436,3
first,F+,10000,0.998085193188478,0.00170769001293816,0.00146762735651764,0.00146762735651764,3
first,F guarded,10000,0.998085193188478,0.00167557479499129,0.00124598983555111,0.00124598983555111,3
first,New C,10000,0.998085193188478,0.00169489784267609,0.00158915440417049,0.00158915440417049,3
first,New C with dCor,10000,0.998085193188478,0.00170849331810847,0.00169670095784032,0.00169670095784032,3
first,F+ depth-weighted,10000,0.998085193188478,0.00169197347844379,0.00150231856982393,0.00150231856982393,3
second,Codex F,10000,0.998085193188478,0.00173905460103982,0.00146142617731921,0.00146142617731921,3
second,F no distance,10000,0.998085193188478,0.00178982802171143,0.00182216414761286,0.00182216414761286,3
second,F+,10000,0.998085193188478,0.00173905460103982,0.00146142617731921,0.00146142617731921,3
second,F guarded,10000,0.998085193188478,0.0017163265036663,0.00125525517926446,0.00125525517926446,3
second,New C,10000,0.998085193188478,0.00174845592076409,0.00167616445898411,0.00167616445898411,3
second,New C with dCor,10000,0.998085193188478,0.00175334439295443,0.00176284749178303,0.00176284749178303,3
second,F+ depth-weighted,10000,0.998085193188478,0.00173010798100864,0.00149242956239626,0.00149242956239626,3
all,Codex F,1e+05,0.999808110645714,0.00168113720884904,0.00114969837530265,0.00114969837530265,3
all,F no distance,1e+05,0.999808110645714,0.00168703426627934,0.0011866981180065,0.0011866981180065,3
all,F+,1e+05,0.999808110645714,0.00168113720884904,0.00114969837530265,0.00114969837530265,3
all,F guarded,1e+05,0.999808110645714,0.00167786771222276,0.00112206191346632,0.00112206191346632,3
all,New C,1e+05,0.999808110645714,0.00171120559479234,0.00151554847793127,0.00151554847793127,3
all,New C with dCor,1e+05,0.999808110645714,0.00171324699582646,0.00152693635898504,0.00152693635898504,3
all,F+ depth-weighted,1e+05,0.999808110645714,0.00166350349092852,0.00116313808453031,0.00116313808453031,3
first,Codex F,1e+05,0.999808110645714,0.00166807149374781,0.00115753081440098,0.00115753081440098,3
first,F no distance,1e+05,0.999808110645714,0.00167217565158246,0.00120249386176976,0.00120249386176976,3
first,F+,1e+05,0.999808110645714,0.00166807149374781,0.00115753081440098,0.00115753081440098,3
first,F guarded,1e+05,0.999808110645714,0.00166221762109542,0.00112045649143004,0.00112045649143004,3
first,New C,1e+05,0.999808110645714,0.00169271282893781,0.00149633329208059,0.00149633329208059,3
first,New C with dCor,1e+05,0.999808110645714,0.0016927275044037,0.00150123334809679,0.00150123334809679,3
first,F+ depth-weighted,1e+05,0.999808110645714,0.00164979007982692,0.00115701123154,0.00115701123154,3
second,Codex F,1e+05,0.999808110645714,0.0016985535786658,0.00113898179390463,0.00113898179390463,3
second,F no distance,1e+05,0.999808110645714,0.00170063903154141,0.00117448618318155,0.00117448618318155,3
second,F+,1e+05,0.999808110645714,0.0016985535786658,0.00113898179390463,0.00113898179390463,3
second,F guarded,1e+05,0.999808110645714,0.00169495628255711,0.00111582635458425,0.00111582635458425,3
second,New C,1e+05,0.999808110645714,0.00173086127955712,0.00154913587412987,0.00154913587412987,3
second,New C with dCor,1e+05,0.999808110645714,0.00173093385388787,0.00156330072987372,0.00156330072987372,3
second,F+ depth-weighted,1e+05,0.999808110645714,0.00167961395064309,0.00116138011356613,0.00116138011356613,3
all,Codex F,Inf,1,0.00168146359941618,0.00110528843750891,0.00110528843750891,3
all,F no distance,Inf,1,0.00168146359941618,0.00110528843750891,0.00110528843750891,3
all,F+,Inf,1,0.00168146359941618,0.00110528843750891,0.00110528843750891,3
all,F guarded,Inf,1,0.00168146359941618,0.00110528843750891,0.00110528843750891,3
all,New C,Inf,1,0.00171439364910919,0.00150785466104946,0.00150785466104946,3
all,New C with dCor,Inf,1,0.00171439364910919,0.00150785466104946,0.00150785466104946,3
all,F+ depth-weighted,Inf,1,0.00166547905124813,0.00109848977110203,0.00109848977110203,3
first,Codex F,Inf,1,0.00166632196798074,0.00110227146909496,0.00110227146909496,3
first,F no distance,Inf,1,0.00166632196798074,0.00110227146909496,0.00110227146909496,3
first,F+,Inf,1,0.00166632196798074,0.00110227146909496,0.00110227146909496,3
first,F guarded,Inf,1,0.00166632196798074,0.00110227146909496,0.00110227146909496,3
first,New C,Inf,1,0.00169279351953162,0.00148283176227059,0.00148283176227059,3
first,New C with dCor,Inf,1,0.00169279351953162,0.00148283176227059,0.00148283176227059,3
first,F+ depth-weighted,Inf,1,0.0016509973960523,0.0010959325933514,0.0010959325933514,3
second,Codex F,Inf,1,0.00169386137419884,0.0010977702582949,0.0010977702582949,3
second,F no distance,Inf,1,0.00169386137419884,0.0010977702582949,0.0010977702582949,3
second,F+,Inf,1,0.00169386137419884,0.0010977702582949,0.0010977702582949,3
second,F guarded,Inf,1,0.00169386137419884,0.0010977702582949,0.0010977702582949,3
second,New C,Inf,1,0.00172981370557697,0.00154213867122737,0.00154213867122737,3
second,New C with dCor,Inf,1,0.00172981370557697,0.00154213867122737,0.00154213867122737,3
second,F+ depth-weighted,Inf,1,0.0016831151818504,0.0011073332633418,0.0011073332633418,3
all,Codex F,0,0,0.0322048109523369,0.0457186823030587,0.0457186823030587,4
all,F no distance,0,0,0.0322048109523369,0.0457186823030587,0.0457186823030587,4
all,F+,0,0,0.0322049578163019,0.0457186956741617,0.0457186956741617,4
all,F guarded,0,0,0.0775760368184555,0.0612560877008513,0.0612560877008513,4
all,New C,0,0,0.0511301337331866,0.0499186362379961,0.0499186362379961,4
all,New C with dCor,0,0,0.0178559944906612,0.0331511695572287,0.0331511695572287,4
all,F+ depth-weighted,0,0,0.0322290789096956,0.0457698537747984,0.0457698537747984,4
first,Codex F,0,0,0.0316481362208966,0.0452491627889731,0.0452491627889731,4
first,F no distance,0,0,0.0316481362208966,0.0452491627889731,0.0452491627889731,4
first,F+,0,0,0.0316494552735801,0.0452505071398138,0.0452505071398138,4
first,F guarded,0,0,0.0772514623780195,0.0606980288646518,0.0606980288646518,4
first,New C,0,0,0.0490278712623959,0.0487658785989245,0.0487658785989245,4
first,New C with dCor,0,0,0.0166610936187873,0.0318835250953975,0.0318835250953975,4
first,F+ depth-weighted,0,0,0.0316597176112809,0.0452795780518157,0.0452795780518157,4
second,Codex F,0,0,0.0327659788844267,0.046193657422499,0.046193657422499,4
second,F no distance,0,0,0.0327659788844267,0.046193657422499,0.046193657422499,4
second,F+,0,0,0.0327659788844267,0.046193657422499,0.046193657422499,4
second,F guarded,0,0,0.0778229368757382,0.0618368564145286,0.0618368564145286,4
second,New C,0,0,0.0532304844017145,0.0510517501081272,0.0510517501081272,4
second,New C with dCor,0,0,0.0190579150603724,0.0344267592578417,0.0344267592578417,4
second,F+ depth-weighted,0,0,0.0327676909358586,0.0462405842804031,0.0462405842804031,4
all,Codex F,3,0.117470632330429,0.0269479650015966,0.0410410877818166,0.0410410877818166,4
all,F no distance,3,0.117470632330429,0.0311823435230514,0.0452129145107522,0.0452129145107522,4
all,F+,3,0.117470632330429,0.0269475855160214,0.0410410802655107,0.0410410802655107,4
all,F guarded,3,0.117470632330429,0.0342262989349994,0.0417733048031306,0.0417733048031306,4
all,New C,3,0.117470632330429,0.0446289243350111,0.046835953103696,0.046835953103696,4
all,New C with dCor,3,0.117470632330429,0.0153104957555261,0.0298478324802608,0.0298478324802608,4
all,F+ depth-weighted,3,0.117470632330429,0.0269699207705019,0.0411267235094774,0.0411267235094774,4
first,Codex F,3,0.117470632330429,0.0264809188304146,0.0406809253824453,0.0406809253824453,4
first,F no distance,3,0.117470632330429,0.0306763358658912,0.0447657513623113,0.0447657513623113,4
first,F+,3,0.117470632330429,0.0264815216780061,0.0406831405261991,0.0406831405261991,4
first,F guarded,3,0.117470632330429,0.0340885394953616,0.0415838811000487,0.0415838811000487,4
first,New C,3,0.117470632330429,0.0430451539071667,0.0456872678489617,0.0456872678489617,4
first,New C with dCor,3,0.117470632330429,0.0143759580129083,0.0287962004507901,0.0287962004507901,4
first,F+ depth-weighted,3,0.117470632330429,0.0265462548235462,0.0407901695834896,0.0407901695834896,4
second,Codex F,3,0.117470632330429,0.0273750145702186,0.0413804496948835,0.0413804496948835,4
second,F no distance,3,0.117470632330429,0.031684334606406,0.045680174335228,0.045680174335228,4
second,F+,3,0.117470632330429,0.0273750145702186,0.0413804496948835,0.0413804496948835,4
second,F guarded,3,0.117470632330429,0.034396698504426,0.0419877965161826,0.0419877965161826,4
second,New C,3,0.117470632330429,0.0462529039792165,0.0479738110598087,0.0479738110598087,4
second,New C with dCor,3,0.117470632330429,0.016272323922407,0.030905298865252,0.030905298865252,4
second,F+ depth-weighted,3,0.117470632330429,0.0273865090600434,0.041474940012105,0.041474940012105,4
all,Codex F,5,0.206174662261047,0.0235927436401449,0.0369301376589406,0.0369301376589406,4
all,F no distance,5,0.206174662261047,0.0302813710536194,0.0447305235404277,0.0447305235404277,4
all,F+,5,0.206174662261047,0.023591934821622,0.0369304190835696,0.0369304190835696,4
all,F guarded,5,0.206174662261047,0.023877375461529,0.0300674398182974,0.0300674398182974,4
all,New C,5,0.206174662261047,0.0332800141310532,0.0386226669977123,0.0386226669977123,4
all,New C with dCor,5,0.206174662261047,0.0137539462261925,0.0271928462398784,0.0271928462398784,4
all,F+ depth-weighted,5,0.206174662261047,0.0236472497833111,0.0370410771750888,0.0370410771750888,4
first,Codex F,5,0.206174662261047,0.0232509082084365,0.0367111240553797,0.0367111240553797,4
first,F no distance,5,0.206174662261047,0.0298092782842451,0.0442920649166628,0.0442920649166628,4
first,F+,5,0.206174662261047,0.0232494431937994,0.0367111779354179,0.0367111779354179,4
first,F guarded,5,0.206174662261047,0.0234202322766647,0.0299274824004229,0.0299274824004229,4
first,New C,5,0.206174662261047,0.0331409768298669,0.0383515746012978,0.0383515746012978,4
first,New C with dCor,5,0.206174662261047,0.0129750024185355,0.0263263079444686,0.0263263079444686,4
first,F+ depth-weighted,5,0.206174662261047,0.0232932832486887,0.0368563910032914,0.0368563910032914,4
second,Codex F,5,0.206174662261047,0.023986687963562,0.0371749450864204,0.0371749450864204,4
second,F no distance,5,0.206174662261047,0.0307802893445372,0.0451759679910456,0.0451759679910456,4
second,F+,5,0.206174662261047,0.0239852581444162,0.03717420132253,0.03717420132253,4
second,F guarded,5,0.206174662261047,0.0243511520707012,0.0301644167501279,0.0301644167501279,4
second,New C,5,0.206174662261047,0.0334770384050929,0.0389217975005814,0.0389217975005814,4
second,New C with dCor,5,0.206174662261047,0.0145774749545852,0.0280288361089936,0.0280288361089936,4
second,F+ depth-weighted,5,0.206174662261047,0.0239838778168313,0.0372737724229274,0.0372737724229274,4
all,Codex F,10,0.360961882464157,0.0188874187196493,0.0305908912648118,0.0305908912648118,4
all,F no distance,10,0.360961882464157,0.0283775824109931,0.0435812369681097,0.0435812369681097,4
all,F+,10,0.360961882464157,0.0188862173630524,0.0305951422982467,0.0305951422982467,4
all,F guarded,10,0.360961882464157,0.0213426097866528,0.0227316305646041,0.0227316305646041,4
all,New C,10,0.360961882464157,0.0179676234412959,0.0235029487572164,0.0235029487572164,4
all,New C with dCor,10,0.360961882464157,0.0115138336440763,0.0233553574186161,0.0233553574186161,4
all,F+ depth-weighted,10,0.360961882464157,0.0189723023531514,0.0307808071656957,0.0307808071656957,4
first,Codex F,10,0.360961882464157,0.018590498350777,0.0304689266965738,0.0304689266965738,4
first,F no distance,10,0.360961882464157,0.0278879462304056,0.0431442104719609,0.0431442104719609,4
first,F+,10,0.360961882464157,0.0185860218784096,0.0304736704095423,0.0304736704095423,4
first,F guarded,10,0.360961882464157,0.0206875312608788,0.0223446639991869,0.0223446639991869,4
first,New C,10,0.360961882464157,0.0176924792296367,0.0232882189575269,0.0232882189575269,4
first,New C with dCor,10,0.360961882464157,0.0108385339023957,0.0225925521550788,0.0225925521550788,4
first,F+ depth-weighted,10,0.360961882464157,0.0186476387437875,0.0306537924403377,0.0306537924403377,4
second,Codex F,10,0.360961882464157,0.0191925158749615,0.0307353398175841,0.0307353398175841,4
second,F no distance,10,0.360961882464157,0.0288495672880213,0.044012743975605,0.044012743975605,4
second,F+,10,0.360961882464157,0.01919425905598,0.0307387454397259,0.0307387454397259,4
second,F guarded,10,0.360961882464157,0.0220663866209473,0.0231867301899303,0.0231867301899303,4
second,New C,10,0.360961882464157,0.0183070691215579,0.0237861602142576,0.0237861602142576,4
second,New C with dCor,10,0.360961882464157,0.0122570067873218,0.0241307842892489,0.0241307842892489,4
second,F+ depth-weighted,10,0.360961882464157,0.0192625178905854,0.0308970831090574,0.0308970831090574,4
all,Codex F,20,0.532284387119722,0.0107762180260941,0.0209497653587921,0.0209497653587921,4
all,F no distance,20,0.532284387119722,0.0254779974925656,0.0415840114007738,0.0415840114007738,4
all,F+,20,0.532284387119722,0.0107757531398696,0.0209497240101017,0.0209497240101017,4
all,F guarded,20,0.532284387119722,0.016294262744271,0.0179878584010922,0.0179878584010922,4
all,New C,20,0.532284387119722,0.0125864289259161,0.0183249270695291,0.0183249270695291,4
all,New C with dCor,20,0.532284387119722,0.00914171248276397,0.019771893365256,0.019771893365256,4
all,F+ depth-weighted,20,0.532284387119722,0.011044175949075,0.0214125321306006,0.0214125321306006,4
first,Codex F,20,0.532284387119722,0.0108039939935823,0.0211310468967942,0.0211310468967942,4
first,F no distance,20,0.532284387119722,0.0250417985670378,0.041163528159464,0.041163528159464,4
first,F+,20,0.532284387119722,0.0108029075816532,0.0211309632556197,0.0211309632556197,4
first,F guarded,20,0.532284387119722,0.0163246514077144,0.0180578235934885,0.0180578235934885,4
first,New C,20,0.532284387119722,0.011817840427152,0.0176758138850562,0.0176758138850562,4
first,New C with dCor,20,0.532284387119722,0.00854134742565581,0.0191473190825235,0.0191473190825235,4
first,F+ depth-weighted,20,0.532284387119722,0.0110430100293045,0.0215504608677468,0.0215504608677468,4
second,Codex F,20,0.532284387119722,0.010763010034143,0.0207713467074945,0.0207713467074945,4
second,F no distance,20,0.532284387119722,0.0259171487824358,0.0419760528398319,0.0419760528398319,4
second,F+,20,0.532284387119722,0.010763010034143,0.0207713467074945,0.0207713467074945,4
second,F guarded,20,0.532284387119722,0.0162289490710213,0.0179027174921628,0.0179027174921628,4
second,New C,20,0.532284387119722,0.0133990025334657,0.0190121472301176,0.0190121472301176,4
second,New C with dCor,20,0.532284387119722,0.00969583975165763,0.0203960003983245,0.0203960003983245,4
second,F+ depth-weighted,20,0.532284387119722,0.0110612389271866,0.0212762011853772,0.0212762011853772,4
all,Codex F,30,0.628076765873137,0.00757700871579727,0.0159091807804001,0.0159091807804001,4
all,F no distance,30,0.628076765873137,0.0232551024434798,0.0396928355070716,0.0396928355070716,4
all,F+,30,0.628076765873137,0.00757671103512597,0.01590923125438,0.01590923125438,4
all,F guarded,30,0.628076765873137,0.010604739924493,0.0135017408477353,0.0135017408477353,4
all,New C,30,0.628076765873137,0.0108500419638215,0.0168770460654979,0.0168770460654979,4
all,New C with dCor,30,0.628076765873137,0.00726333265732387,0.0169004271512255,0.0169004271512255,4
all,F+ depth-weighted,30,0.628076765873137,0.00772508991513185,0.0163302567704167,0.0163302567704167,4
first,Codex F,30,0.628076765873137,0.00750903058411256,0.0160725820479908,0.0160725820479908,4
first,F no distance,30,0.628076765873137,0.0228870582678137,0.0393595664656695,0.0393595664656695,4
first,F+,30,0.628076765873137,0.00750860275558107,0.0160725708606118,0.0160725708606118,4
first,F guarded,30,0.628076765873137,0.0105249353539025,0.013556141122893,0.013556141122893,4
first,New C,30,0.628076765873137,0.0100451677315405,0.01606671459469,0.01606671459469,4
first,New C with dCor,30,0.628076765873137,0.00708757571629472,0.0167919259682494,0.0167919259682494,4
first,F+ depth-weighted,30,0.628076765873137,0.0076677451689241,0.0164858986577302,0.0164858986577302,4
second,Codex F,30,0.628076765873137,0.00767065277307798,0.0158168992209531,0.0158168992209531,4
second,F no distance,30,0.628076765873137,0.0236561105975485,0.0400551333437683,0.0400551333437683,4
second,F+,30,0.628076765873137,0.00767039515607113,0.0158169153777308,0.0158169153777308,4
second,F guarded,30,0.628076765873137,0.0107016402097957,0.013454492925312,0.013454492925312,4
second,New C,30,0.628076765873137,0.0111328470045022,0.0171829800169505,0.0171829800169505,4
second,New C with dCor,30,0.628076765873137,0.00739746270868653,0.0169362693148321,0.0169362693148321,4
second,F+ depth-weighted,30,0.628076765873137,0.00782846222611203,0.0162259005586702,0.0162259005586702,4
all,Codex F,50,0.734295787355217,0.00560822746813946,0.0116254526786442,0.0116254526786442,4
all,F no distance,50,0.734295787355217,0.0198821263998151,0.0363113891380641,0.0363113891380641,4
all,F+,50,0.734295787355217,0.00560823424959421,0.0116257683096505,0.0116257683096505,4
all,F guarded,50,0.734295787355217,0.00629915721497977,0.00920193324086679,0.00920193324086679,4
all,New C,50,0.734295787355217,0.00618174569364365,0.0117781083079625,0.0117781083079625,4
all,New C with dCor,50,0.734295787355217,0.00451444809128203,0.0117200158714693,0.0117200158714693,4
all,F+ depth-weighted,50,0.734295787355217,0.00567630981028995,0.0119788735783316,0.0119788735783316,4
first,Codex F,50,0.734295787355217,0.00547312349208012,0.0115937561321276,0.0115937561321276,4
first,F no distance,50,0.734295787355217,0.0194808117744237,0.0359571169220925,0.0359571169220925,4
first,F+,50,0.734295787355217,0.00547285708350938,0.0115938468006594,0.0115938468006594,4
first,F guarded,50,0.734295787355217,0.0060639389442243,0.00911787896866985,0.00911787896866985,4
first,New C,50,0.734295787355217,0.00584417904489962,0.011344546556168,0.011344546556168,4
first,New C with dCor,50,0.734295787355217,0.00429979271596552,0.0115229750823718,0.0115229750823718,4
first,F+ depth-weighted,50,0.734295787355217,0.00554400569677408,0.0119347988186018,0.0119347988186018,4
second,Codex F,50,0.734295787355217,0.00577380120494278,0.0116675135453063,0.0116675135453063,4
second,F no distance,50,0.734295787355217,0.0202907514646099,0.0366419665258168,0.0366419665258168,4
second,F+,50,0.734295787355217,0.00577462343375657,0.0116679042136555,0.0116679042136555,4
second,F guarded,50,0.734295787355217,0.00659464640130832,0.00931134115186408,0.00931134115186408,4
second,New C,50,0.734295787355217,0.00649030100139169,0.0121456226169777,0.0121456226169777,4
second,New C with dCor,50,0.734295787355217,0.00474672929111131,0.0119598409227729,0.0119598409227729,4
second,F+ depth-weighted,50,0.734295787355217,0.00582544857379911,0.0119945228314615,0.0119945228314615,4
all,Codex F,75,0.803427651095867,0.00464409500760406,0.00905866129074488,0.00905866129074488,4
all,F no distance,75,0.803427651095867,0.0167313562874734,0.0325895879077517,0.0325895879077517,4
all,F+,75,0.803427651095867,0.00464414621292643,0.00905878905697367,0.00905878905697367,4
all,F guarded,75,0.803427651095867,0.0051873444201879,0.00715751076508828,0.00715751076508828,4
all,New C,75,0.803427651095867,0.00418939825468768,0.00862455584985497,0.00862455584985497,4
all,New C with dCor,75,0.803427651095867,0.00335575400424259,0.00875425789188556,0.00875425789188556,4
all,F+ depth-weighted,75,0.803427651095867,0.00469238722253216,0.00936818382261526,0.00936818382261526,4
first,Codex F,75,0.803427651095867,0.00452499451972474,0.00906803664491959,0.00906803664491959,4
first,F no distance,75,0.803427651095867,0.016479364480169,0.03229187021395,0.03229187021395,4
first,F+,75,0.803427651095867,0.00452464851292297,0.00906814570929782,0.00906814570929782,4
first,F guarded,75,0.803427651095867,0.00490534711839701,0.00699497501491359,0.00699497501491359,4
first,New C,75,0.803427651095867,0.00388571260872489,0.00818563101017519,0.00818563101017519,4
first,New C with dCor,75,0.803427651095867,0.00319508028893249,0.00855759582378284,0.00855759582378284,4
first,F+ depth-weighted,75,0.803427651095867,0.00457896198675644,0.00939918429822147,0.00939918429822147,4
second,Codex F,75,0.803427651095867,0.00476366694759771,0.00903626570906457,0.00903626570906457,4
second,F no distance,75,0.803427651095867,0.0170049036476818,0.0329349097787183,0.0329349097787183,4
second,F+,75,0.803427651095867,0.0047640141932074,0.00903614973104447,0.00903614973104447,4
second,F guarded,75,0.803427651095867,0.00548523735656746,0.00731547013678507,0.00731547013678507,4
second,New C,75,0.803427651095867,0.00452875685251878,0.00909200101113886,0.00909200101113886,4
second,New C with dCor,75,0.803427651095867,0.00355745940351427,0.00905145382371302,0.00905145382371302,4
second,F+ depth-weighted,75,0.803427651095867,0.00482731695718172,0.00938707813630032,0.00938707813630032,4
all,Codex F,100,0.843794398070452,0.00375385500491574,0.0068920590980285,0.0068920590980285,4
all,F no distance,100,0.843794398070452,0.0143038118790108,0.029237451769185,0.029237451769185,4
all,F+,100,0.843794398070452,0.00375386286882537,0.00689212665256214,0.00689212665256214,4
all,F guarded,100,0.843794398070452,0.00408633417854748,0.0054063087212136,0.0054063087212136,4
all,New C,100,0.843794398070452,0.0033214249646404,0.00687993018047683,0.00687993018047683,4
all,New C with dCor,100,0.843794398070452,0.00288293353711818,0.00730633538170706,0.00730633538170706,4
all,F+ depth-weighted,100,0.843794398070452,0.00379835454594463,0.00717111464911106,0.00717111464911106,4
first,Codex F,100,0.843794398070452,0.00367838542210173,0.00698599567213763,0.00698599567213763,4
first,F no distance,100,0.843794398070452,0.0140460797877503,0.0290105457198468,0.0290105457198468,4
first,F+,100,0.843794398070452,0.00367821820775112,0.00698600084771863,0.00698600084771863,4
first,F guarded,100,0.843794398070452,0.00402603757735092,0.00547344982316479,0.00547344982316479,4
first,New C,100,0.843794398070452,0.00310452532908271,0.00654552687026458,0.00654552687026458,4
first,New C with dCor,100,0.843794398070452,0.0027383149722197,0.00708987823500112,0.00708987823500112,4
first,F+ depth-weighted,100,0.843794398070452,0.00380840477902202,0.00744749048792922,0.00744749048792922,4
second,Codex F,100,0.843794398070452,0.00379825969999168,0.00674021415518234,0.00674021415518234,4
second,F no distance,100,0.843794398070452,0.0145803932291188,0.029498250456791,0.029498250456791,4
second,F+,100,0.843794398070452,0.00379825969999168,0.00674021415518234,0.00674021415518234,4
second,F guarded,100,0.843794398070452,0.00416050402428133,0.00534366853524033,0.00534366853524033,4
second,New C,100,0.843794398070452,0.00351400331613798,0.00710990047831877,0.00710990047831877,4
second,New C with dCor,100,0.843794398070452,0.0030375371761588,0.00752456844797769,0.00752456844797769,4
second,F+ depth-weighted,100,0.843794398070452,0.00392083111078272,0.00711416344233265,0.00711416344233265,4
all,Codex F,150,0.889138146764167,0.002941482943011,0.00476644254826828,0.00476644254826828,4
all,F no distance,150,0.889138146764167,0.0111072696841273,0.0241500137998225,0.0241500137998225,4
all,F+,150,0.889138146764167,0.00294146383044202,0.00476643600505959,0.00476643600505959,4
all,F guarded,150,0.889138146764167,0.0030524946986365,0.00342143946352381,0.00342143946352381,4
all,New C,150,0.889138146764167,0.00243396903964849,0.00460366932437493,0.00460366932437493,4
all,New C with dCor,150,0.889138146764167,0.00231753916073473,0.00529388119727488,0.00529388119727488,4
all,F+ depth-weighted,150,0.889138146764167,0.00297889049518533,0.00498796825908201,0.00498796825908201,4
first,Codex F,150,0.889138146764167,0.0028887078836727,0.00488897732932509,0.00488897732932509,4
first,F no distance,150,0.889138146764167,0.010881121144512,0.0240552497001478,0.0240552497001478,4
first,F+,150,0.889138146764167,0.00288866235750838,0.00488904024248196,0.00488904024248196,4
first,F guarded,150,0.889138146764167,0.00300020197502082,0.00346268827986099,0.00346268827986099,4
first,New C,150,0.889138146764167,0.00233954222191307,0.00441463603098488,0.00441463603098488,4
first,New C with dCor,150,0.889138146764167,0.00226996994220631,0.00530973385142134,0.00530973385142134,4
first,F+ depth-weighted,150,0.889138146764167,0.00293021431303849,0.00511615957858098,0.00511615957858098,4
second,Codex F,150,0.889138146764167,0.00299529675013157,0.00463815713935278,0.00463815713935278,4
second,F no distance,150,0.889138146764167,0.011325458249389,0.0242495882614173,0.0242495882614173,4
second,F+,150,0.889138146764167,0.00299490610735152,0.00463819058882327,0.00463819058882327,4
second,F guarded,150,0.889138146764167,0.00311854012282785,0.00339043865402264,0.00339043865402264,4
second,New C,150,0.889138146764167,0.00256549251507009,0.00484102657428524,0.00484102657428524,4
second,New C with dCor,150,0.889138146764167,0.00237727288930315,0.00532384558776325,0.00532384558776325,4
second,F+ depth-weighted,150,0.889138146764167,0.00303877898487459,0.00487686780517843,0.00487686780517843,4
all,Codex F,200,0.914033950690219,0.00264743020285785,0.00397662672838796,0.00397662672838796,4
all,F no distance,200,0.914033950690219,0.00912575018740069,0.0203840097130041,0.0203840097130041,4
all,F+,200,0.914033950690219,0.00264743020285785,0.00397662672838796,0.00397662672838796,4
all,F guarded,200,0.914033950690219,0.00270633920317862,0.00268427226616094,0.00268427226616094,4
all,New C,200,0.914033950690219,0.00214604067308518,0.00370079064393398,0.00370079064393398,4
all,New C with dCor,200,0.914033950690219,0.00212029899221414,0.00434715187380061,0.00434715187380061,4
all,F+ depth-weighted,200,0.914033950690219,0.00266321516222141,0.00411226809956791,0.00411226809956791,4
first,Codex F,200,0.914033950690219,0.00258508240291157,0.00405533651228642,0.00405533651228642,4
first,F no distance,200,0.914033950690219,0.00895352528035439,0.0204241257513242,0.0204241257513242,4
first,F+,200,0.914033950690219,0.00258486779177527,0.00405532704417133,0.00405532704417133,4
first,F guarded,200,0.914033950690219,0.00263561120811417,0.00267484146185204,0.00267484146185204,4
first,New C,200,0.914033950690219,0.00206795058975025,0.00353110485393291,0.00353110485393291,4
first,New C with dCor,200,0.914033950690219,0.00205439565948493,0.00431780012401095,0.00431780012401095,4
first,F+ depth-weighted,200,0.914033950690219,0.00260350257052697,0.00419059016824529,0.00419059016824529,4
second,Codex F,200,0.914033950690219,0.0027130009454623,0.00391323409198541,0.00391323409198541,4
second,F no distance,200,0.914033950690219,0.00929881023168053,0.0203639830327095,0.0203639830327095,4
second,F+,200,0.914033950690219,0.00271304126812424,0.00391325825141898,0.00391325825141898,4
second,F guarded,200,0.914033950690219,0.00279006510163037,0.00268356994578061,0.00268356994578061,4
second,New C,200,0.914033950690219,0.0022232324209514,0.00382821223561875,0.00382821223561875,4
second,New C with dCor,200,0.914033950690219,0.0021926250321286,0.00440974099641658,0.00440974099641658,4
second,F+ depth-weighted,200,0.914033950690219,0.00273168573607495,0.00404775144297343,0.00404775144297343,4
all,Codex F,300,0.940653533303244,0.00237998264580711,0.00332094912392949,0.00332094912392949,4
all,F no distance,300,0.940653533303244,0.00685274447275425,0.0153326967894679,0.0153326967894679,4
all,F+,300,0.940653533303244,0.0023798629935386,0.00332095720236964,0.00332095720236964,4
all,F guarded,300,0.940653533303244,0.00236890440943765,0.00207392733917176,0.00207392733917176,4
all,New C,300,0.940653533303244,0.00191247651105828,0.0027189660266826,0.0027189660266826,4
all,New C with dCor,300,0.940653533303244,0.00196142478179854,0.00352855091486933,0.00352855091486933,4
all,F+ depth-weighted,300,0.940653533303244,0.00240935874019732,0.00346211595232962,0.00346211595232962,4
first,Codex F,300,0.940653533303244,0.00236234754878942,0.00342837293056945,0.00342837293056945,4
first,F no distance,300,0.940653533303244,0.00673415813201122,0.0154215978477254,0.0154215978477254,4
first,F+,300,0.940653533303244,0.00236234754878942,0.00342837293056945,0.00342837293056945,4
first,F guarded,300,0.940653533303244,0.00236208690767496,0.00212548552234944,0.00212548552234944,4
first,New C,300,0.940653533303244,0.0018631620355105,0.00268283922790082,0.00268283922790082,4
first,New C with dCor,300,0.940653533303244,0.00191774895254521,0.00353210752924298,0.00353210752924298,4
first,F+ depth-weighted,300,0.940653533303244,0.00235656243783914,0.0035135289345528,0.0035135289345528,4
second,Codex F,300,0.940653533303244,0.002397806955931,0.00320774201808291,0.00320774201808291,4
second,F no distance,300,0.940653533303244,0.00696545195544506,0.0152058340464232,0.0152058340464232,4
second,F+,300,0.940653533303244,0.00239754933892416,0.00320779335620901,0.00320779335620901,4
second,F guarded,300,0.940653533303244,0.00244334125376054,0.00208502869461251,0.00208502869461251,4
second,New C,300,0.940653533303244,0.00196307933289795,0.00275017462365123,0.00275017462365123,4
second,New C with dCor,300,0.940653533303244,0.00200807630940533,0.00348046078248979,0.00348046078248979,4
second,F+ depth-weighted,300,0.940653533303244,0.00241823499698245,0.00334052353987209,0.00334052353987209,4
all,Codex F,500,0.963338789913237,0.00212624453015207,0.00279412475463355,0.00279412475463355,4
all,F no distance,500,0.963338789913237,0.00492344338841927,0.010172093805704,0.010172093805704,4
all,F+,500,0.963338789913237,0.00212624453015207,0.00279412475463355,0.00279412475463355,4
all,F guarded,500,0.963338789913237,0.00212506697002236,0.00175312363221229,0.00175312363221229,4
all,New C,500,0.963338789913237,0.00177995017588733,0.0021536270775432,0.0021536270775432,4
all,New C with dCor,500,0.963338789913237,0.00184177559669237,0.00284151314563958,0.00284151314563958,4
all,F+ depth-weighted,500,0.963338789913237,0.00213019359077803,0.00285271755393049,0.00285271755393049,4
first,Codex F,500,0.963338789913237,0.00208669671211544,0.00282483977086234,0.00282483977086234,4
first,F no distance,500,0.963338789913237,0.00487310139996891,0.010334035911477,0.010334035911477,4
first,F+,500,0.963338789913237,0.00208669671211544,0.00282483977086234,0.00282483977086234,4
first,F guarded,500,0.963338789913237,0.00208176735259981,0.00174421967819338,0.00174421967819338,4
first,New C,500,0.963338789913237,0.00174427369156845,0.00212815473194072,0.00212815473194072,4
first,New C with dCor,500,0.963338789913237,0.00179948063909777,0.00284694921229635,0.00284694921229635,4
first,F+ depth-weighted,500,0.963338789913237,0.00209361834453977,0.00288677819541895,0.00288677819541895,4
second,Codex F,500,0.963338789913237,0.00216667531140389,0.002754267198675,0.002754267198675,4
second,F no distance,500,0.963338789913237,0.00497952578000193,0.0100292952586044,0.0100292952586044,4
second,F+,500,0.963338789913237,0.00216667531140389,0.002754267198675,0.002754267198675,4
second,F guarded,500,0.963338789913237,0.0021805297463249,0.00175420636714204,0.00175420636714204,4
second,New C,500,0.963338789913237,0.00181688935875951,0.00217063461535606,0.00217063461535606,4
second,New C with dCor,500,0.963338789913237,0.00188738515770339,0.00282812135032868,0.00282812135032868,4
second,F+ depth-weighted,500,0.963338789913237,0.002167048210893,0.00282164781267178,0.00282164781267178,4
all,Codex F,1000,0.981249623042887,0.00192303273036879,0.00232530779688727,0.00232530779688727,4
all,F no distance,1000,0.981249623042887,0.00289154860351203,0.00501447740164995,0.00501447740164995,4
all,F+,1000,0.981249623042887,0.00192303273036879,0.00232530779688727,0.00232530779688727,4
all,F guarded,1000,0.981249623042887,0.00186633451542524,0.00148898223711959,0.00148898223711959,4
all,New C,1000,0.981249623042887,0.00170987768152939,0.0018370793971309,0.0018370793971309,4
all,New C with dCor,1000,0.981249623042887,0.00175193174113899,0.00232769465418812,0.00232769465418812,4
all,F+ depth-weighted,1000,0.981249623042887,0.00192670379260646,0.00237837924871048,0.00237837924871048,4
first,Codex F,1000,0.981249623042887,0.00189961707363772,0.00235202536361033,0.00235202536361033,4
first,F no distance,1000,0.981249623042887,0.00288491749999022,0.00521311669798721,0.00521311669798721,4
first,F+,1000,0.981249623042887,0.00189961707363772,0.00235202536361033,0.00235202536361033,4
first,F guarded,1000,0.981249623042887,0.0018423029298774,0.00148678180167741,0.00148678180167741,4
first,New C,1000,0.981249623042887,0.00167561862395559,0.00181038483752483,0.00181038483752483,4
first,New C with dCor,1000,0.981249623042887,0.00171976808379129,0.00232724482961764,0.00232724482961764,4
first,F+ depth-weighted,1000,0.981249623042887,0.0018974895700363,0.00238782391391937,0.00238782391391937,4
second,Codex F,1000,0.981249623042887,0.00194966019495076,0.00229585186673391,0.00229585186673391,4
second,F no distance,1000,0.981249623042887,0.00289951897020129,0.00481584062835772,0.00481584062835772,4
second,F+,1000,0.981249623042887,0.00194966019495076,0.00229585186673391,0.00229585186673391,4
second,F guarded,1000,0.981249623042887,0.00191146143071331,0.00150485315951824,0.00150485315951824,4
second,New C,1000,0.981249623042887,0.00174356219103,0.00186308060242033,0.00186308060242033,4
second,New C with dCor,1000,0.981249623042887,0.00179030493089156,0.00232945327653573,0.00232945327653573,4
second,F+ depth-weighted,1000,0.981249623042887,0.00194507579072285,0.00234149080403091,0.00234149080403091,4
all,Codex F,3000,0.99365231199093,0.00175172488912051,0.00175986292384302,0.00175986292384302,4
all,F no distance,3000,0.99365231199093,0.00191804988999304,0.00267533514008339,0.00267533514008339,4
all,F+,3000,0.99365231199093,0.00175172488912051,0.00175986292384302,0.00175986292384302,4
all,F guarded,3000,0.99365231199093,0.00171748716164705,0.00129360781410632,0.00129360781410632,4
all,New C,3000,0.99365231199093,0.00166450973254908,0.00163178738911339,0.00163178738911339,4
all,New C with dCor,3000,0.99365231199093,0.00169291359531664,0.00184008911274973,0.00184008911274973,4
all,F+ depth-weighted,3000,0.99365231199093,0.00173190461837145,0.00178793715756072,0.00178793715756072,4
first,Codex F,3000,0.99365231199093,0.00172462473350725,0.00177616051104424,0.00177616051104424,4
first,F no distance,3000,0.99365231199093,0.00189002545029432,0.00270467070174082,0.00270467070174082,4
first,F+,3000,0.99365231199093,0.00172462473350725,0.00177616051104424,0.00177616051104424,4
first,F guarded,3000,0.99365231199093,0.00169048815823983,0.00128598209420791,0.00128598209420791,4
first,New C,3000,0.99365231199093,0.00163900454222102,0.00161098087948171,0.00161098087948171,4
first,New C with dCor,3000,0.99365231199093,0.00166212968699136,0.0018212179334486,0.0018212179334486,4
first,F+ depth-weighted,3000,0.99365231199093,0.0017070730790337,0.00180556002060377,0.00180556002060377,4
second,Codex F,3000,0.99365231199093,0.00178942340859025,0.00176139421483226,0.00176139421483226,4
second,F no distance,3000,0.99365231199093,0.00194560532918605,0.00264234247838493,0.00264234247838493,4
second,F+,3000,0.99365231199093,0.00178942340859025,0.00176139421483226,0.00176139421483226,4
second,F guarded,3000,0.99365231199093,0.00175372818301735,0.00130559756177135,0.00130559756177135,4
second,New C,3000,0.99365231199093,0.00169204656417126,0.00165222209749697,0.00165222209749697,4
second,New C with dCor,3000,0.99365231199093,0.00172628450763711,0.00186436863044649,0.00186436863044649,4
second,F+ depth-weighted,3000,0.99365231199093,0.00176648660010994,0.00179092052853964,0.00179092052853964,4
all,Codex F,10000,0.998085193188478,0.0016719262671495,0.00133740657380128,0.00133740657380128,4
all,F no distance,10000,0.998085193188478,0.00170356671464321,0.0016655865996812,0.0016655865996812,4
all,F+,10000,0.998085193188478,0.0016719262671495,0.00133740657380128,0.00133740657380128,4
all,F guarded,10000,0.998085193188478,0.00164799994845573,0.00114117522277683,0.00114117522277683,4
all,New C,10000,0.998085193188478,0.00164617843459915,0.00147151300702888,0.00147151300702888,4
all,New C with dCor,10000,0.998085193188478,0.00165930187340804,0.00155451239849275,0.00155451239849275,4
all,F+ depth-weighted,10000,0.998085193188478,0.00165025575108794,0.00136373941270904,0.00136373941270904,4
first,Codex F,10000,0.998085193188478,0.00164447991561747,0.00134838534675023,0.00134838534675023,4
first,F no distance,10000,0.998085193188478,0.00167724506036512,0.00168308953650073,0.00168308953650073,4
first,F+,10000,0.998085193188478,0.00164447991561747,0.00134838534675023,0.00134838534675023,4
first,F guarded,10000,0.998085193188478,0.00162476622406007,0.0011477156555384,0.0011477156555384,4
first,New C,10000,0.998085193188478,0.00162214532107178,0.00145953153586207,0.00145953153586207,4
first,New C with dCor,10000,0.998085193188478,0.00163286624754049,0.00154611018533977,0.00154611018533977,4
first,F+ depth-weighted,10000,0.998085193188478,0.00162470385884155,0.00137518804156867,0.00137518804156867,4
second,Codex F,10000,0.998085193188478,0.00170067303266544,0.00133273226677576,0.00133273226677576,4
second,F no distance,10000,0.998085193188478,0.00173100353554375,0.00165638814669137,0.00165638814669137,4
second,F+,10000,0.998085193188478,0.00170067303266544,0.00133273226677576,0.00133273226677576,4
second,F guarded,10000,0.998085193188478,0.00167820567833075,0.0011377716858218,0.0011377716858218,4
second,New C,10000,0.998085193188478,0.00167618837609394,0.00149338053774778,0.00149338053774778,4
second,New C with dCor,10000,0.998085193188478,0.00168666638042703,0.00157145187801531,0.00157145187801531,4
second,F+ depth-weighted,10000,0.998085193188478,0.00167788753493172,0.00135456816006484,0.00135456816006484,4
all,Codex F,1e+05,0.999808110645714,0.00163081900863536,0.00104830829680543,0.00104830829680543,4
all,F no distance,1e+05,0.999808110645714,0.00163845780508283,0.00107626381100131,0.00107626381100131,4
all,F+,1e+05,0.999808110645714,0.00163081900863536,0.00104830829680543,0.00104830829680543,4
all,F guarded,1e+05,0.999808110645714,0.00162962382237219,0.0010206738303497,0.0010206738303497,4
all,New C,1e+05,0.999808110645714,0.00165370008174908,0.00137238617660704,0.00137238617660704,4
all,New C with dCor,1e+05,0.999808110645714,0.0016556671329107,0.00137962811369124,0.00137962811369124,4
all,F+ depth-weighted,1e+05,0.999808110645714,0.00161518389228322,0.00104862913772227,0.00104862913772227,4
first,Codex F,1e+05,0.999808110645714,0.00160938088321982,0.00105391070981027,0.00105391070981027,4
first,F no distance,1e+05,0.999808110645714,0.00161784102177682,0.00109635537137597,0.00109635537137597,4
first,F+,1e+05,0.999808110645714,0.00160938088321982,0.00105391070981027,0.00105391070981027,4
first,F guarded,1e+05,0.999808110645714,0.00160816881831171,0.00102216277504977,0.00102216277504977,4
first,New C,1e+05,0.999808110645714,0.00162609030697393,0.00137260981574342,0.00137260981574342,4
first,New C with dCor,1e+05,0.999808110645714,0.00162513045962156,0.00138664894644675,0.00138664894644675,4
first,F+ depth-weighted,1e+05,0.999808110645714,0.0015991356923714,0.00105046876775623,0.00105046876775623,4
second,Codex F,1e+05,0.999808110645714,0.00166188143940504,0.00103047554238201,0.00103047554238201,4
second,F no distance,1e+05,0.999808110645714,0.00166266355486963,0.00106068965327295,0.00106068965327295,4
second,F+,1e+05,0.999808110645714,0.00166188143940504,0.00103047554238201,0.00103047554238201,4
second,F guarded,1e+05,0.999808110645714,0.00166057582393067,0.00100872995488049,0.00100872995488049,4
second,New C,1e+05,0.999808110645714,0.00167241379944723,0.00138294080339557,0.00138294080339557,4
second,New C with dCor,1e+05,0.999808110645714,0.00167507322507231,0.00139157293445262,0.00139157293445262,4
second,F+ depth-weighted,1e+05,0.999808110645714,0.00163419226867113,0.00104648159513171,0.00104648159513171,4
all,Codex F,Inf,1,0.00163234326354728,0.00100283764235582,0.00100283764235582,4
all,F no distance,Inf,1,0.00163234326354728,0.00100283764235582,0.00100283764235582,4
all,F+,Inf,1,0.00163234326354728,0.00100283764235582,0.00100283764235582,4
all,F guarded,Inf,1,0.00163234326354728,0.00100283764235582,0.00100283764235582,4
all,New C,Inf,1,0.00165470310485882,0.0013633581213593,0.0013633581213593,4
all,New C with dCor,Inf,1,0.00165470310485882,0.0013633581213593,0.0013633581213593,4
all,F+ depth-weighted,Inf,1,0.0016168673039828,0.00099574279274782,0.00099574279274782,4
first,Codex F,Inf,1,0.0016132644960532,0.00100725965291773,0.00100725965291773,4
first,F no distance,Inf,1,0.0016132644960532,0.00100725965291773,0.00100725965291773,4
first,F+,Inf,1,0.0016132644960532,0.00100725965291773,0.00100725965291773,4
first,F guarded,Inf,1,0.0016132644960532,0.00100725965291773,0.00100725965291773,4
first,New C,Inf,1,0.00162668370768479,0.00135809501985921,0.00135809501985921,4
first,New C with dCor,Inf,1,0.00162668370768479,0.00135809501985921,0.00135809501985921,4
first,F+ depth-weighted,Inf,1,0.00160276267981501,0.000998649924233472,0.000998649924233472,4
second,Codex F,Inf,1,0.00165878650020937,0.000995589235104539,0.000995589235104539,4
second,F no distance,Inf,1,0.00165878650020937,0.000995589235104539,0.000995589235104539,4
second,F+,Inf,1,0.00165878650020937,0.000995589235104539,0.000995589235104539,4
second,F guarded,Inf,1,0.00165878650020937,0.000995589235104539,0.000995589235104539,4
second,New C,Inf,1,0.00167690857357186,0.00137640580113521,0.00137640580113521,4
second,New C with dCor,Inf,1,0.00167690857357186,0.00137640580113521,0.00137640580113521,4
second,F+ depth-weighted,Inf,1,0.00163413678907686,0.000994037762125206,0.000994037762125206,4
all,Codex F,0,0,0.0376546862419343,0.0421908374066803,0.0421908374066803,5
all,F no distance,0,0,0.0376546862419343,0.0421908374066803,0.0421908374066803,5
all,F+,0,0,0.0376569500988952,0.0421899583930412,0.0421899583930412,5
all,F guarded,0,0,0.0803843233951882,0.0571518201481098,0.0571518201481098,5
all,New C,0,0,0.0543287822638722,0.046689687152567,0.046689687152567,5
all,New C with dCor,0,0,0.0219809073141452,0.0315384850327887,0.0315384850327887,5
all,F+ depth-weighted,0,0,0.0377695353260835,0.0422261213673185,0.0422261213673185,5
first,Codex F,0,0,0.0370185138343736,0.042077221069837,0.042077221069837,5
first,F no distance,0,0,0.0370185138343736,0.042077221069837,0.042077221069837,5
first,F+,0,0,0.0370187218536636,0.0420747186936862,0.0420747186936862,5
first,F guarded,0,0,0.079904504453038,0.0572568092940333,0.0572568092940333,5
first,New C,0,0,0.0521963168189305,0.0461488858625033,0.0461488858625033,5
first,New C with dCor,0,0,0.0205568228710382,0.030635251397656,0.030635251397656,5
first,F+ depth-weighted,0,0,0.0370948080685753,0.0421199220779718,0.0421199220779718,5
second,Codex F,0,0,0.0383025958260959,0.0422756581804441,0.0422756581804441,5
second,F no distance,0,0,0.0383025958260959,0.0422756581804441,0.0422756581804441,5
second,F+,0,0,0.0383025958260959,0.0422756581804441,0.0422756581804441,5
second,F guarded,0,0,0.0808233783468193,0.0570287064132219,0.0570287064132219,5
second,New C,0,0,0.056479517583154,0.0472142156109352,0.0472142156109352,5
second,New C with dCor,0,0,0.023456162874457,0.0324603641979922,0.0324603641979922,5
second,F+ depth-weighted,0,0,0.0384193036486748,0.0423281522524549,0.0423281522524549,5
all,Codex F,3,0.117470632330429,0.0320520594300037,0.0381976421177362,0.0381976421177362,5
all,F no distance,3,0.117470632330429,0.0367378762562325,0.0416678003717538,0.0416678003717538,5
all,F+,3,0.117470632330429,0.0320518434486244,0.0381952092199805,0.0381952092199805,5
all,F guarded,3,0.117470632330429,0.035936269491324,0.0385932284141807,0.0385932284141807,5
all,New C,3,0.117470632330429,0.0472180119572607,0.0434925708238595,0.0434925708238595,5
all,New C with dCor,3,0.117470632330429,0.0190590739104138,0.0286259232108097,0.0286259232108097,5
all,F+ depth-weighted,3,0.117470632330429,0.0321548348092131,0.0382461929295723,0.0382461929295723,5
first,Codex F,3,0.117470632330429,0.0315524712095252,0.0381172725484894,0.0381172725484894,5
first,F no distance,3,0.117470632330429,0.0360824441629734,0.0415856852112373,0.0415856852112373,5
first,F+,3,0.117470632330429,0.0315506498566413,0.0381138383518325,0.0381138383518325,5
first,F guarded,3,0.117470632330429,0.0356573045591261,0.0387304124073515,0.0387304124073515,5
first,New C,3,0.117470632330429,0.0453534125958122,0.0430014077946139,0.0430014077946139,5
first,New C with dCor,3,0.117470632330429,0.0179789041374133,0.0277611811161321,0.0277611811161321,5
first,F+ depth-weighted,3,0.117470632330429,0.0316635413356368,0.0381685041522218,0.0381685041522218,5
second,Codex F,3,0.117470632330429,0.0325999479248551,0.0382605563226946,0.0382605563226946,5
second,F no distance,3,0.117470632330429,0.037363421870478,0.0417693719985898,0.0417693719985898,5
second,F+,3,0.117470632330429,0.0325999479248551,0.0382605563226946,0.0382605563226946,5
second,F guarded,3,0.117470632330429,0.0362315399629414,0.0384593535990908,0.0384593535990908,5
second,New C,3,0.117470632330429,0.0490872216600145,0.0439785213317559,0.0439785213317559,5
second,New C with dCor,3,0.117470632330429,0.0201553246810165,0.0293962198001781,0.0293962198001781,5
second,F+ depth-weighted,3,0.117470632330429,0.0326895007752217,0.0383436564596551,0.0383436564596551,5
all,Codex F,5,0.206174662261047,0.0284720031029985,0.0345887623850308,0.0345887623850308,5
all,F no distance,5,0.206174662261047,0.0359307370916583,0.0412004157431816,0.0412004157431816,5
all,F+,5,0.206174662261047,0.028471509025488,0.0345867999693427,0.0345867999693427,5
all,F guarded,5,0.206174662261047,0.0259955711590166,0.0276521254500611,0.0276521254500611,5
all,New C,5,0.206174662261047,0.0332886079095391,0.0343723752749195,0.0343723752749195,5
all,New C with dCor,5,0.206174662261047,0.0171633383731174,0.0260811779192472,0.0260811779192472,5
all,F+ depth-weighted,5,0.206174662261047,0.0285929246330273,0.034671448915518,0.034671448915518,5
first,Codex F,5,0.206174662261047,0.0281092570129747,0.0345577500150118,0.0345577500150118,5
first,F no distance,5,0.206174662261047,0.0353042439777524,0.0411650784859559,0.0411650784859559,5
first,F+,5,0.206174662261047,0.0281059776140798,0.0345544351427027,0.0345544351427027,5
first,F guarded,5,0.206174662261047,0.0255207237664103,0.0277127470865827,0.0277127470865827,5
first,New C,5,0.206174662261047,0.0329675510087045,0.034418344088056,0.034418344088056,5
first,New C with dCor,5,0.206174662261047,0.0162493047634644,0.0253819548919642,0.0253819548919642,5
first,F+ depth-weighted,5,0.206174662261047,0.0282217158719041,0.0346335311416509,0.0346335311416509,5
second,Codex F,5,0.206174662261047,0.0288472870845819,0.0346224437596665,0.0346224437596665,5
second,F no distance,5,0.206174662261047,0.0365477258790768,0.0412687358851108,0.0412687358851108,5
second,F+,5,0.206174662261047,0.0288470487920664,0.0346225725267648,0.0346225725267648,5
second,F guarded,5,0.206174662261047,0.0264782728430139,0.0276118323522144,0.0276118323522144,5
second,New C,5,0.206174662261047,0.0335699939190568,0.0342892883919234,0.0342892883919234,5
second,New C with dCor,5,0.206174662261047,0.0181209668396166,0.0267365220238589,0.0267365220238589,5
second,F+ depth-weighted,5,0.206174662261047,0.0289703167052541,0.0346974329136343,0.0346974329136343,5
all,Codex F,10,0.360961882464157,0.0234518405818702,0.0287885429110053,0.0287885429110053,5
all,F no distance,10,0.360961882464157,0.0341673387365194,0.0401046795755955,0.0401046795755955,5
all,F+,10,0.360961882464157,0.023451792993028,0.0287888053328814,0.0287888053328814,5
all,F guarded,10,0.360961882464157,0.0231605900629684,0.021242781079548,0.021242781079548,5
all,New C,10,0.360961882464157,0.018659562559412,0.0214612939232328,0.0214612939232328,5
all,New C with dCor,10,0.360961882464157,0.0145544105689815,0.0225674521791765,0.0225674521791765,5
all,F+ depth-weighted,10,0.360961882464157,0.0236069842963274,0.0289456303920427,0.0289456303920427,5
first,Codex F,10,0.360961882464157,0.0232095647074702,0.0287893683289218,0.0287893683289218,5
first,F no distance,10,0.360961882464157,0.0335557267273695,0.0400254348288506,0.0400254348288506,5
first,F+,10,0.360961882464157,0.0232060581922996,0.0287924256363273,0.0287924256363273,5
first,F guarded,10,0.360961882464157,0.0225277178005782,0.0209552325599834,0.0209552325599834,5
first,New C,10,0.360961882464157,0.0182499729091391,0.0213130730709773,0.0213130730709773,5
first,New C with dCor,10,0.360961882464157,0.0138518144998869,0.0219509970575909,0.0219509970575909,5
first,F+ depth-weighted,10,0.360961882464157,0.0233631309451462,0.028947142109817,0.028947142109817,5
second,Codex F,10,0.360961882464157,0.023703662945493,0.0287854478046188,0.0287854478046188,5
second,F no distance,10,0.360961882464157,0.0347759216281982,0.0401963585710828,0.0401963585710828,5
second,F+,10,0.360961882464157,0.0237042694671386,0.0287874976931679,0.0287874976931679,5
second,F guarded,10,0.360961882464157,0.0238444677636176,0.0214825220305307,0.0214825220305307,5
second,New C,10,0.360961882464157,0.0191490694077003,0.021649938680028,0.021649938680028,5
second,New C with dCor,10,0.360961882464157,0.0153186725906501,0.0231815587434305,0.0231815587434305,5
second,F+ depth-weighted,10,0.360961882464157,0.023857400425818,0.0289212209777169,0.0289212209777169,5
all,Codex F,20,0.532284387119722,0.0146724912151784,0.0200230241544848,0.0200230241544848,5
all,F no distance,20,0.532284387119722,0.031448483124093,0.038178561902928,0.038178561902928,5
all,F+,20,0.532284387119722,0.0146701440351894,0.0200218129427179,0.0200218129427179,5
all,F guarded,20,0.532284387119722,0.018216720489319,0.0166315307970862,0.0166315307970862,5
all,New C,20,0.532284387119722,0.0139273759075846,0.0169947689856759,0.0169947689856759,5
all,New C with dCor,20,0.532284387119722,0.0117850340447879,0.0192358641658523,0.0192358641658523,5
all,F+ depth-weighted,20,0.532284387119722,0.015088056926919,0.0204077060622567,0.0204077060622567,5
first,Codex F,20,0.532284387119722,0.0148006679152013,0.0202427824100259,0.0202427824100259,5
first,F no distance,20,0.532284387119722,0.0309645512409723,0.038105552747177,0.038105552747177,5
first,F+,20,0.532284387119722,0.0147966877866207,0.0202404165754648,0.0202404165754648,5
first,F guarded,20,0.532284387119722,0.0182504460499649,0.0167598267713994,0.0167598267713994,5
first,New C,20,0.532284387119722,0.0131403232907321,0.0164145831590207,0.0164145831590207,5
first,New C with dCor,20,0.532284387119722,0.0111496216367013,0.0186612299203141,0.0186612299203141,5
first,F+ depth-weighted,20,0.532284387119722,0.0152159737790182,0.0206161554943875,0.0206161554943875,5
second,Codex F,20,0.532284387119722,0.0145545575841232,0.019815148786376,0.019815148786376,5
second,F no distance,20,0.532284387119722,0.0319710900577216,0.0382460579136944,0.0382460579136944,5
second,F+,20,0.532284387119722,0.0145542096492336,0.0198151117352939,0.0198151117352939,5
second,F guarded,20,0.532284387119722,0.0181014650252104,0.0164503274048564,0.0164503274048564,5
second,New C,20,0.532284387119722,0.0148273308336146,0.017664715835441,0.017664715835441,5
second,New C with dCor,20,0.532284387119722,0.0123776898056161,0.0197517971523279,0.0197517971523279,5
second,F+ depth-weighted,20,0.532284387119722,0.0149746751836256,0.0201988272460996,0.0201988272460996,5
all,Codex F,30,0.628076765873137,0.0107645920390281,0.0153739767991773,0.0153739767991773,5
all,F no distance,30,0.628076765873137,0.0293269973326903,0.036449262869739,0.036449262869739,5
all,F+,30,0.628076765873137,0.0107646067931778,0.0153738335285839,0.0153738335285839,5
all,F guarded,30,0.628076765873137,0.0125554696275019,0.0124787044778258,0.0124787044778258,5
all,New C,30,0.628076765873137,0.0118408497395012,0.0153744373936829,0.0153744373936829,5
all,New C with dCor,30,0.628076765873137,0.00927043081494717,0.0162845701099645,0.0162845701099645,5
all,F+ depth-weighted,30,0.628076765873137,0.0110715242451732,0.0157320577273553,0.0157320577273553,5
first,Codex F,30,0.628076765873137,0.0107634361080316,0.0155416422407064,0.0155416422407064,5
first,F no distance,30,0.628076765873137,0.0288868414964695,0.0363720767048615,0.0363720767048615,5
first,F+,30,0.628076765873137,0.0107629721344297,0.0155413594991619,0.0155413594991619,5
first,F guarded,30,0.628076765873137,0.0125521271498573,0.0125066088307958,0.0125066088307958,5
first,New C,30,0.628076765873137,0.0115620771856476,0.0150873379056871,0.0150873379056871,5
first,New C with dCor,30,0.628076765873137,0.00914242846958702,0.0162268562073265,0.0162268562073265,5
first,F+ depth-weighted,30,0.628076765873137,0.011066357322396,0.0159059371074014,0.0159059371074014,5
second,Codex F,30,0.628076765873137,0.0107950707880024,0.015255738297451,0.015255738297451,5
second,F no distance,30,0.628076765873137,0.0297796389084563,0.0365288740182916,0.0365288740182916,5
second,F+,30,0.628076765873137,0.0107952381290283,0.0152558813419984,0.0152558813419984,5
second,F guarded,30,0.628076765873137,0.0125823897083397,0.0124623086172329,0.0124623086172329,5
second,New C,30,0.628076765873137,0.0126101890003938,0.0159996428996135,0.0159996428996135,5
second,New C with dCor,30,0.628076765873137,0.00939163766957919,0.0163348328178143,0.0163348328178143,5
second,F+ depth-weighted,30,0.628076765873137,0.0110815807713751,0.0155659457177564,0.0155659457177564,5
all,Codex F,50,0.734295787355217,0.0081160883893596,0.0114990704560939,0.0114990704560939,5
all,F no distance,50,0.734295787355217,0.0259006644000742,0.0333491157737914,0.0333491157737914,5
all,F+,50,0.734295787355217,0.0081162102569219,0.0114990394943324,0.0114990394943324,5
all,F guarded,50,0.734295787355217,0.00802408269884328,0.0086014422836566,0.0086014422836566,5
all,New C,50,0.734295787355217,0.00707785376178165,0.0108732838523061,0.0108732838523061,5
all,New C with dCor,50,0.734295787355217,0.00588188370073438,0.0117089355064383,0.0117089355064383,5
all,F+ depth-weighted,50,0.734295787355217,0.0083006132665291,0.0117588397534052,0.0117588397534052,5
first,Codex F,50,0.734295787355217,0.00796318613121006,0.0115248050495983,0.0115248050495983,5
first,F no distance,50,0.734295787355217,0.0255090944126412,0.0332958079567053,0.0332958079567053,5
first,F+,50,0.734295787355217,0.0079629779261108,0.0115248399663841,0.0115248399663841,5
first,F guarded,50,0.734295787355217,0.00780483319178696,0.00855837163351836,0.00855837163351836,5
first,New C,50,0.734295787355217,0.00677399552174834,0.0105249972836469,0.0105249972836469,5
first,New C with dCor,50,0.734295787355217,0.00568538292654595,0.0114648067613939,0.0114648067613939,5
first,F+ depth-weighted,50,0.734295787355217,0.00814518027816136,0.0118439495304759,0.0118439495304759,5
second,Codex F,50,0.734295787355217,0.00827666957878853,0.0114309713278057,0.0114309713278057,5
second,F no distance,50,0.734295787355217,0.0262787713874765,0.0334166037622732,0.0334166037622732,5
second,F+,50,0.734295787355217,0.00827664573066686,0.0114310380946982,0.0114310380946982,5
second,F guarded,50,0.734295787355217,0.00830021717102679,0.00869610179952425,0.00869610179952425,5
second,New C,50,0.734295787355217,0.00736114362858482,0.0112084020782116,0.0112084020782116,5
second,New C with dCor,50,0.734295787355217,0.00612115981151365,0.0119528887699696,0.0119528887699696,5
second,F+ depth-weighted,50,0.734295787355217,0.00848589023715085,0.011735981017854,0.011735981017854,5
all,Codex F,75,0.803427651095867,0.00673042061802485,0.00917356702775495,0.00917356702775495,5
all,F no distance,75,0.803427651095867,0.0226814878358443,0.0300341122989291,0.0300341122989291,5
all,F+,75,0.803427651095867,0.00673045172871682,0.00917357089175586,0.00917357089175586,5
all,F guarded,75,0.803427651095867,0.00673446254725067,0.00685951331199115,0.00685951331199115,5
all,New C,75,0.803427651095867,0.0049196640228007,0.00811683335399275,0.00811683335399275,5
all,New C with dCor,75,0.803427651095867,0.00433770930122145,0.00901436912008871,0.00901436912008871,5
all,F+ depth-weighted,75,0.803427651095867,0.00688885900782963,0.00942272268823051,0.00942272268823051,5
first,Codex F,75,0.803427651095867,0.00658397077038566,0.00911102716557863,0.00911102716557863,5
first,F no distance,75,0.803427651095867,0.0224247052836428,0.0300172483844634,0.0300172483844634,5
first,F+,75,0.803427651095867,0.00658448493908904,0.00911096191603553,0.00911096191603553,5
first,F guarded,75,0.803427651095867,0.00640488954014287,0.00669198163205892,0.00669198163205892,5
first,New C,75,0.803427651095867,0.004593832343031,0.00769428401738273,0.00769428401738273,5
first,New C with dCor,75,0.803427651095867,0.00412563947501454,0.00875187842362583,0.00875187842362583,5
first,F+ depth-weighted,75,0.803427651095867,0.00673385420797337,0.00937206271213296,0.00937206271213296,5
second,Codex F,75,0.803427651095867,0.00688648605689367,0.00919260598036206,0.00919260598036206,5
second,F no distance,75,0.803427651095867,0.0229299328573089,0.0300690628353321,0.0300690628353321,5
second,F+,75,0.803427651095867,0.00688673510862919,0.00919261909757841,0.00919261909757841,5
second,F guarded,75,0.803427651095867,0.00708246558602692,0.00698346557009956,0.00698346557009956,5
second,New C,75,0.803427651095867,0.00530531648271848,0.00860793144828217,0.00860793144828217,5
second,New C with dCor,75,0.803427651095867,0.00457766280230746,0.00937210128374,0.00937210128374,5
second,F+ depth-weighted,75,0.803427651095867,0.00706038133867883,0.0094983979204876,0.0094983979204876,5
all,Codex F,100,0.843794398070452,0.00540018259084669,0.00733913065912487,0.00733913065912487,5
all,F no distance,100,0.843794398070452,0.0198827469854946,0.0269418224463454,0.0269418224463454,5
all,F+,100,0.843794398070452,0.00540014108196048,0.00733913787450645,0.00733913787450645,5
all,F guarded,100,0.843794398070452,0.00541445315980347,0.00535711789175282,0.00535711789175282,5
all,New C,100,0.843794398070452,0.00388651327502912,0.00660072872841293,0.00660072872841293,5
all,New C with dCor,100,0.843794398070452,0.00365524128176728,0.00767007005597727,0.00767007005597727,5
all,F+ depth-weighted,100,0.843794398070452,0.00568972220715198,0.00772958274630411,0.00772958274630411,5
first,Codex F,100,0.843794398070452,0.00545517258599582,0.00750338975232316,0.00750338975232316,5
first,F no distance,100,0.843794398070452,0.0196301346747021,0.0268943483810583,0.0268943483810583,5
first,F+,100,0.843794398070452,0.00545512052406672,0.00750339502977086,0.00750339502977086,5
first,F guarded,100,0.843794398070452,0.00544428665402574,0.00542943762981724,0.00542943762981724,5
first,New C,100,0.843794398070452,0.0036635081315647,0.00626846067626993,0.00626846067626993,5
first,New C with dCor,100,0.843794398070452,0.00346882628651523,0.00736918578043432,0.00736918578043432,5
first,F+ depth-weighted,100,0.843794398070452,0.00576997460897075,0.00794427988630661,0.00794427988630661,5
second,Codex F,100,0.843794398070452,0.00551199806542893,0.00733384718037235,0.00733384718037235,5
second,F no distance,100,0.843794398070452,0.0201337843655261,0.0270219276709324,0.0270219276709324,5
second,F+,100,0.843794398070452,0.00551199806542893,0.00733384718037235,0.00733384718037235,5
second,F guarded,100,0.843794398070452,0.00558631614784086,0.00547496898938645,0.00547496898938645,5
second,New C,100,0.843794398070452,0.00404703063397969,0.00680700956285394,0.00680700956285394,5
second,New C with dCor,100,0.843794398070452,0.00380087221491187,0.00785568882428877,0.00785568882428877,5
second,F+ depth-weighted,100,0.843794398070452,0.00568902858949592,0.00758037661396486,0.00758037661396486,5
all,Codex F,150,0.889138146764167,0.00399743040889751,0.00538205688673982,0.00538205688673982,5
all,F no distance,150,0.889138146764167,0.0161555224251038,0.0224310284670511,0.0224310284670511,5
all,F+,150,0.889138146764167,0.00399767684705483,0.00538270768840905,0.00538270768840905,5
all,F guarded,150,0.889138146764167,0.00390709406482427,0.00365641351661607,0.00365641351661607,5
all,New C,150,0.889138146764167,0.00281783987617815,0.0046364006736421,0.0046364006736421,5
all,New C with dCor,150,0.889138146764167,0.0028194754555664,0.00571800733302431,0.00571800733302431,5
all,F+ depth-weighted,150,0.889138146764167,0.00413658109698235,0.00562184956631042,0.00562184956631042,5
first,Codex F,150,0.889138146764167,0.00396182444327778,0.00547366875393632,0.00547366875393632,5
first,F no distance,150,0.889138146764167,0.0159821273519285,0.0224103336408173,0.0224103336408173,5
first,F+,150,0.889138146764167,0.00396182444327778,0.00547366875393632,0.00547366875393632,5
first,F guarded,150,0.889138146764167,0.00384748884056754,0.00367606612389017,0.00367606612389017,5
first,New C,150,0.889138146764167,0.00268917962092843,0.00441818029492116,0.00441818029492116,5
first,New C with dCor,150,0.889138146764167,0.00275995435224603,0.0056555148608245,0.0056555148608245,5
first,F+ depth-weighted,150,0.889138146764167,0.00410685728163325,0.00572358465360562,0.00572358465360562,5
second,Codex F,150,0.889138146764167,0.00404492602033265,0.00531900615300507,0.00531900615300507,5
second,F no distance,150,0.889138146764167,0.0163240373106218,0.0224558977143994,0.0224558977143994,5
second,F+,150,0.889138146764167,0.00404477456975422,0.00531901325057752,0.00531901325057752,5
second,F guarded,150,0.889138146764167,0.00397842982913154,0.00364810281619856,0.00364810281619856,5
second,New C,150,0.889138146764167,0.0029073638999149,0.00485493193393326,0.00485493193393326,5
second,New C with dCor,150,0.889138146764167,0.00290702907634879,0.00583203127807094,0.00583203127807094,5
second,F+ depth-weighted,150,0.889138146764167,0.00419056012214187,0.00553982428837744,0.00553982428837744,5
all,Codex F,200,0.914033950690219,0.0034194729547732,0.00458114517212024,0.00458114517212024,5
all,F no distance,200,0.914033950690219,0.0137343388461591,0.0191092998865792,0.0191092998865792,5
all,F+,200,0.914033950690219,0.00341948439773697,0.0045811504831094,0.0045811504831094,5
all,F guarded,200,0.914033950690219,0.00332928273919084,0.00298152877764814,0.00298152877764814,5
all,New C,200,0.914033950690219,0.00244708220290598,0.00384802283572656,0.00384802283572656,5
all,New C with dCor,200,0.914033950690219,0.00252542150050128,0.00489376490580522,0.00489376490580522,5
all,F+ depth-weighted,200,0.914033950690219,0.00350773855462616,0.00471587360695685,0.00471587360695685,5
first,Codex F,200,0.914033950690219,0.00335347777797185,0.00463497614463477,0.00463497614463477,5
first,F no distance,200,0.914033950690219,0.0136319043371612,0.0191665911355559,0.0191665911355559,5
first,F+,200,0.914033950690219,0.00335347777797185,0.00463497614463477,0.00463497614463477,5
first,F guarded,200,0.914033950690219,0.00325012158207858,0.00300131023926731,0.00300131023926731,5
first,New C,200,0.914033950690219,0.00236134370837704,0.00370437645199837,0.00370437645199837,5
first,New C with dCor,200,0.914033950690219,0.00244793501796213,0.0048188259046914,0.0048188259046914,5
first,F+ depth-weighted,200,0.914033950690219,0.0034571872974644,0.00476401185250249,0.00476401185250249,5
second,Codex F,200,0.914033950690219,0.0034980498488095,0.00452467699798265,0.00452467699798265,5
second,F no distance,200,0.914033950690219,0.0138548281442999,0.0190405122126749,0.0190405122126749,5
second,F+,200,0.914033950690219,0.0034980498488095,0.00452467699798265,0.00452467699798265,5
second,F guarded,200,0.914033950690219,0.00342611319874641,0.00296636914629727,0.00296636914629727,5
second,New C,200,0.914033950690219,0.00252051186315777,0.00397447300426715,0.00397447300426715,5
second,New C with dCor,200,0.914033950690219,0.00260275869470781,0.00498586974625443,0.00498586974625443,5
second,F+ depth-weighted,200,0.914033950690219,0.00357778172631168,0.00465039760221263,0.00465039760221263,5
all,Codex F,300,0.940653533303244,0.002933504308612,0.00392728981207753,0.00392728981207753,5
all,F no distance,300,0.940653533303244,0.0107163681000462,0.0147935443510551,0.0147935443510551,5
all,F+,300,0.940653533303244,0.002933504308612,0.00392728981207753,0.00392728981207753,5
all,F guarded,300,0.940653533303244,0.0027808197272333,0.00241078873346792,0.00241078873346792,5
all,New C,300,0.940653533303244,0.00209876502609402,0.00298614563897724,0.00298614563897724,5
all,New C with dCor,300,0.940653533303244,0.00222566964670269,0.00399414225978663,0.00399414225978663,5
all,F+ depth-weighted,300,0.940653533303244,0.00300170515742866,0.00403942127847939,0.00403942127847939,5
first,Codex F,300,0.940653533303244,0.00288764154298621,0.00399635138648929,0.00399635138648929,5
first,F no distance,300,0.940653533303244,0.0106585881500733,0.0149108067144322,0.0149108067144322,5
first,F+,300,0.940653533303244,0.00288764154298621,0.00399635138648929,0.00399635138648929,5
first,F guarded,300,0.940653533303244,0.00278619243975755,0.00248006429477524,0.00248006429477524,5
first,New C,300,0.940653533303244,0.00205296782945616,0.00293322905786718,0.00293322905786718,5
first,New C with dCor,300,0.940653533303244,0.00219099309190187,0.00403047072730681,0.00403047072730681,5
first,F+ depth-weighted,300,0.940653533303244,0.00292315892359036,0.00406402413659166,0.00406402413659166,5
second,Codex F,300,0.940653533303244,0.00292516589123,0.00381238301083655,0.00381238301083655,5
second,F no distance,300,0.940653533303244,0.0107847594527668,0.0146812204308388,0.0146812204308388,5
second,F+,300,0.940653533303244,0.00292516589123,0.00381238301083655,0.00381238301083655,5
second,F guarded,300,0.940653533303244,0.00286818176337059,0.0023970399881101,0.0023970399881101,5
second,New C,300,0.940653533303244,0.00214871559396628,0.00307539472455859,0.00307539472455859,5
second,New C with dCor,300,0.940653533303244,0.00227354680531295,0.00399131958334178,0.00399131958334178,5
second,F+ depth-weighted,300,0.940653533303244,0.00302298369324168,0.0039480928510799,0.0039480928510799,5
all,Codex F,500,0.963338789913237,0.00243319262819805,0.00329062154212491,0.00329062154212491,5
all,F no distance,500,0.963338789913237,0.00775157207005809,0.0103216567930518,0.0103216567930518,5
all,F+,500,0.963338789913237,0.00243319262819805,0.00329062154212491,0.00329062154212491,5
all,F guarded,500,0.963338789913237,0.00235946455302058,0.0020567568069708,0.0020567568069708,5
all,New C,500,0.963338789913237,0.0018950181412616,0.00243277195288648,0.00243277195288648,5
all,New C with dCor,500,0.963338789913237,0.00201727792273766,0.00328543886620741,0.00328543886620741,5
all,F+ depth-weighted,500,0.963338789913237,0.00246491678369409,0.0033818504701674,0.0033818504701674,5
first,Codex F,500,0.963338789913237,0.00238979992716979,0.00331628615311555,0.00331628615311555,5
first,F no distance,500,0.963338789913237,0.00772110009919574,0.0104645272108558,0.0104645272108558,5
first,F+,500,0.963338789913237,0.00238979992716979,0.00331628615311555,0.00331628615311555,5
first,F guarded,500,0.963338789913237,0.00230926173625377,0.00205441393123683,0.00205441393123683,5
first,New C,500,0.963338789913237,0.00186270345770757,0.00242453432883931,0.00242453432883931,5
first,New C with dCor,500,0.963338789913237,0.00198907318185425,0.00330196863911317,0.00330196863911317,5
first,F+ depth-weighted,500,0.963338789913237,0.00242069715042312,0.00340639237282819,0.00340639237282819,5
second,Codex F,500,0.963338789913237,0.00248231959481126,0.00326696029055221,0.00326696029055221,5
second,F no distance,500,0.963338789913237,0.0077743605671642,0.0101645204188787,0.0101645204188787,5
second,F+,500,0.963338789913237,0.00248231959481126,0.00326696029055221,0.00326696029055221,5
second,F guarded,500,0.963338789913237,0.00241571978290258,0.00205748680412421,0.00205748680412421,5
second,New C,500,0.963338789913237,0.00193194600238015,0.00245518740718829,0.00245518740718829,5
second,New C with dCor,500,0.963338789913237,0.00205398669113792,0.00327087378834178,0.00327087378834178,5
second,F+ depth-weighted,500,0.963338789913237,0.00251177077714896,0.00335286058999565,0.00335286058999565,5
all,Codex F,1000,0.981249623042887,0.00208960363588154,0.00277095052242901,0.00277095052242901,5
all,F no distance,1000,0.981249623042887,0.00410313691764461,0.00577635317112162,0.00577635317112162,5
all,F+,1000,0.981249623042887,0.00208960363588154,0.00277095052242901,0.00277095052242901,5
all,F guarded,1000,0.981249623042887,0.00197822694568159,0.00177081159535905,0.00177081159535905,5
all,New C,1000,0.981249623042887,0.00177706567487373,0.0021390102298784,0.0021390102298784,5
all,New C with dCor,1000,0.981249623042887,0.00186827924161366,0.002730917351562,0.002730917351562,5
all,F+ depth-weighted,1000,0.981249623042887,0.00211070515680389,0.00284266513579241,0.00284266513579241,5
first,Codex F,1000,0.981249623042887,0.00206657942693577,0.00277623143474579,0.00277623143474579,5
first,F no distance,1000,0.981249623042887,0.00415394364251657,0.00596736454041421,0.00596736454041421,5
first,F+,1000,0.981249623042887,0.00206657942693577,0.00277623143474579,0.00277623143474579,5
first,F guarded,1000,0.981249623042887,0.00196916610746344,0.00177028567752017,0.00177028567752017,5
first,New C,1000,0.981249623042887,0.00174588454226467,0.00212840399413026,0.00212840399413026,5
first,New C with dCor,1000,0.981249623042887,0.00183699119922227,0.0027212516558448,0.0027212516558448,5
first,F+ depth-weighted,1000,0.981249623042887,0.0020792137820259,0.00282714314756177,0.00282714314756177,5
second,Codex F,1000,0.981249623042887,0.00210643239317566,0.00275064294697334,0.00275064294697334,5
second,F no distance,1000,0.981249623042887,0.00405343228759855,0.00558534422798683,0.00558534422798683,5
second,F+,1000,0.981249623042887,0.00210643239317566,0.00275064294697334,0.00275064294697334,5
second,F guarded,1000,0.981249623042887,0.00201605757014379,0.00179166366632576,0.00179166366632576,5
second,New C,1000,0.981249623042887,0.00181353471176403,0.00217203587144045,0.00217203587144045,5
second,New C with dCor,1000,0.981249623042887,0.00189245256036787,0.00273725817555466,0.00273725817555466,5
second,F+ depth-weighted,1000,0.981249623042887,0.00211219599570841,0.00281244680040413,0.00281244680040413,5
all,Codex F,3000,0.99365231199093,0.00182578647031378,0.00209884823868703,0.00209884823868703,5
all,F no distance,3000,0.99365231199093,0.00214966014712218,0.00319247750838404,0.00319247750838404,5
all,F+,3000,0.99365231199093,0.00182578647031378,0.00209884823868703,0.00209884823868703,5
all,F guarded,3000,0.99365231199093,0.0017517372091229,0.00154456447138292,0.00154456447138292,5
all,New C,3000,0.99365231199093,0.00170347356107269,0.00193819251748379,0.00193819251748379,5
all,New C with dCor,3000,0.99365231199093,0.0017578487020035,0.00218660728429019,0.00218660728429019,5
all,F+ depth-weighted,3000,0.99365231199093,0.00182682857548443,0.002133025467318,0.002133025467318,5
first,Codex F,3000,0.99365231199093,0.00180276866533494,0.00210566866202612,0.00210566866202612,5
first,F no distance,3000,0.99365231199093,0.00213168957529633,0.00322623450546376,0.00322623450546376,5
first,F+,3000,0.99365231199093,0.00180276866533494,0.00210566866202612,0.00210566866202612,5
first,F guarded,3000,0.99365231199093,0.00171877318952274,0.00153312301051229,0.00153312301051229,5
first,New C,3000,0.99365231199093,0.00168570198290513,0.0019211496779605,0.0019211496779605,5
first,New C with dCor,3000,0.99365231199093,0.00173577436662623,0.00216726871799986,0.00216726871799986,5
first,F+ depth-weighted,3000,0.99365231199093,0.00179769242580196,0.00214049561862544,0.00214049561862544,5
second,Codex F,3000,0.99365231199093,0.00186289294252394,0.0021093724469226,0.0021093724469226,5
second,F no distance,3000,0.99365231199093,0.00216891106829734,0.00316509312764646,0.00316509312764646,5
second,F+,3000,0.99365231199093,0.00186289294252394,0.0021093724469226,0.0021093724469226,5
second,F guarded,3000,0.99365231199093,0.00178948593494251,0.00156945562973703,0.00156945562973703,5
second,New C,3000,0.99365231199093,0.00173048752579596,0.00195844341716278,0.00195844341716278,5
second,New C with dCor,3000,0.99365231199093,0.00178352478646928,0.00220022589199634,0.00220022589199634,5
second,F+ depth-weighted,3000,0.99365231199093,0.00186129593087378,0.00214087320414466,0.00214087320414466,5
all,Codex F,10000,0.998085193188478,0.00169569072813627,0.00159549781574228,0.00159549781574228,5
all,F no distance,10000,0.998085193188478,0.00174958126346382,0.0019837138037191,0.0019837138037191,5
all,F+,10000,0.998085193188478,0.00169569072813627,0.00159549781574228,0.00159549781574228,5
all,F guarded,10000,0.998085193188478,0.00165478091912604,0.00136866295170914,0.00136866295170914,5
all,New C,10000,0.998085193188478,0.00168897631394768,0.00175430256121926,0.00175430256121926,5
all,New C with dCor,10000,0.998085193188478,0.00170359492963872,0.00184789672879519,0.00184789672879519,5
all,F+ depth-weighted,10000,0.998085193188478,0.0016900596168556,0.00161727776208137,0.00161727776208137,5
first,Codex F,10000,0.998085193188478,0.00168072962400092,0.00160963376495823,0.00160963376495823,5
first,F no distance,10000,0.998085193188478,0.00173197518909142,0.00199864134288224,0.00199864134288224,5
first,F+,10000,0.998085193188478,0.00168072962400092,0.00160963376495823,0.00160963376495823,5
first,F guarded,10000,0.998085193188478,0.00163066374213147,0.00137819638024871,0.00137819638024871,5
first,New C,10000,0.998085193188478,0.00166575369691488,0.00173924006677845,0.00173924006677845,5
first,New C with dCor,10000,0.998085193188478,0.00168458039777625,0.00183689199777127,0.00183689199777127,5
first,F+ depth-weighted,10000,0.998085193188478,0.0016732937397024,0.00162758950698354,0.00162758950698354,5
second,Codex F,10000,0.998085193188478,0.00171896385977137,0.00159216415518966,0.00159216415518966,5
second,F no distance,10000,0.998085193188478,0.001770838830397,0.00199005322999086,0.00199005322999086,5
second,F+,10000,0.998085193188478,0.00171896385977137,0.00159216415518966,0.00159216415518966,5
second,F guarded,10000,0.998085193188478,0.00168085991014165,0.00136849030971179,0.00136849030971179,5
second,New C,10000,0.998085193188478,0.00170295174421206,0.00178826931734275,0.00178826931734275,5
second,New C with dCor,10000,0.998085193188478,0.00172573420314802,0.00186885411372854,0.00186885411372854,5
second,F+ depth-weighted,10000,0.998085193188478,0.00171589900723584,0.00161334751873022,0.00161334751873022,5
all,Codex F,1e+05,0.999808110645714,0.0016329438611639,0.0012512855700033,0.0012512855700033,5
all,F no distance,1e+05,0.999808110645714,0.00163955494375595,0.00128298216933161,0.00128298216933161,5
all,F+,1e+05,0.999808110645714,0.0016329438611639,0.0012512855700033,0.0012512855700033,5
all,F guarded,1e+05,0.999808110645714,0.00162894383306478,0.00122161298960633,0.00122161298960633,5
all,New C,1e+05,0.999808110645714,0.00167646157540415,0.00163780154066366,0.00163780154066366,5
all,New C with dCor,1e+05,0.999808110645714,0.00167940446566655,0.00164771498369103,0.00164771498369103,5
all,F+ depth-weighted,1e+05,0.999808110645714,0.00163077188178727,0.00125947560714204,0.00125947560714204,5
first,Codex F,1e+05,0.999808110645714,0.00161634122852836,0.00125478390605577,0.00125478390605577,5
first,F no distance,1e+05,0.999808110645714,0.00162617400407833,0.00129460939965698,0.00129460939965698,5
first,F+,1e+05,0.999808110645714,0.00161634122852836,0.00125478390605577,0.00125478390605577,5
first,F guarded,1e+05,0.999808110645714,0.00161238073135084,0.00121860516889951,0.00121860516889951,5
first,New C,1e+05,0.999808110645714,0.00164985373035613,0.00162159780539095,0.00162159780539095,5
first,New C with dCor,1e+05,0.999808110645714,0.00164963402244121,0.00163029221398268,0.00163029221398268,5
first,F+ depth-weighted,1e+05,0.999808110645714,0.00161631183244208,0.00125568787726367,0.00125568787726367,5
second,Codex F,1e+05,0.999808110645714,0.00165330400453339,0.00124585357979208,0.00124585357979208,5
second,F no distance,1e+05,0.999808110645714,0.00166166359818508,0.00127964767456764,0.00127964767456764,5
second,F+,1e+05,0.999808110645714,0.00165330400453339,0.00124585357979208,0.00124585357979208,5
second,F guarded,1e+05,0.999808110645714,0.00164790994272415,0.00121482206018382,0.00121482206018382,5
second,New C,1e+05,0.999808110645714,0.00170285541178702,0.00166228619582635,0.00166228619582635,5
second,New C with dCor,1e+05,0.999808110645714,0.00170557005371278,0.00167289182803685,0.00167289182803685,5
second,F+ depth-weighted,1e+05,0.999808110645714,0.00164337484012692,0.00126177276139074,0.00126177276139074,5
all,Codex F,Inf,1,0.00163018078223302,0.00119864382226191,0.00119864382226191,5
all,F no distance,Inf,1,0.00163018078223302,0.00119864382226191,0.00119864382226191,5
all,F+,Inf,1,0.00163018078223302,0.00119864382226191,0.00119864382226191,5
all,F guarded,Inf,1,0.00163018078223302,0.00119864382226191,0.00119864382226191,5
all,New C,Inf,1,0.00167856899631307,0.00163009945212811,0.00163009945212811,5
all,New C with dCor,Inf,1,0.00167856899631307,0.00163009945212811,0.00163009945212811,5
all,F+ depth-weighted,Inf,1,0.00162353929811331,0.00119783771978807,0.00119783771978807,5
first,Codex F,Inf,1,0.00161917301550666,0.0011974947951456,0.0011974947951456,5
first,F no distance,Inf,1,0.00161917301550666,0.0011974947951456,0.0011974947951456,5
first,F+,Inf,1,0.00161917301550666,0.0011974947951456,0.0011974947951456,5
first,F guarded,Inf,1,0.00161917301550666,0.0011974947951456,0.0011974947951456,5
first,New C,Inf,1,0.00164871705854179,0.00161313144580998,0.00161313144580998,5
first,New C with dCor,Inf,1,0.00164871705854179,0.00161313144580998,0.00161313144580998,5
first,F+ depth-weighted,Inf,1,0.00161917129861143,0.00118784791809506,0.00118784791809506,5
second,Codex F,Inf,1,0.00165082353645363,0.00119711893352638,0.00119711893352638,5
second,F no distance,Inf,1,0.00165082353645363,0.00119711893352638,0.00119711893352638,5
second,F+,Inf,1,0.00165082353645363,0.00119711893352638,0.00119711893352638,5
second,F guarded,Inf,1,0.00165082353645363,0.00119711893352638,0.00119711893352638,5
second,New C,Inf,1,0.0017050028363883,0.00165812411272464,0.00165812411272464,5
second,New C with dCor,Inf,1,0.0017050028363883,0.00165812411272464,0.00165812411272464,5
second,F+ depth-weighted,Inf,1,0.00163839011536723,0.00120652788376382,0.00120652788376382,5
all,Codex F,0,0,0.0332551544302929,0.0428182685201039,0.0428182685201039,6
all,F no distance,0,0,0.0332551544302929,0.0428182685201039,0.0428182685201039,6
all,F+,0,0,0.033255630811238,0.0428183636755655,0.0428183636755655,6
all,F guarded,0,0,0.0774165598446154,0.0566876433838264,0.0566876433838264,6
all,New C,0,0,0.0497171747135188,0.0452752234596308,0.0452752234596308,6
all,New C with dCor,0,0,0.0179866425890117,0.030588487895133,0.030588487895133,6
all,F+ depth-weighted,0,0,0.0332950786871053,0.0428730607785829,0.0428730607785829,6
first,Codex F,0,0,0.0326859437469248,0.0432124667192434,0.0432124667192434,6
first,F no distance,0,0,0.0326859437469248,0.0432124667192434,0.0432124667192434,6
first,F+,0,0,0.0326855651272513,0.0432124954001742,0.0432124954001742,6
first,F guarded,0,0,0.0770017920886732,0.0573169702953794,0.0573169702953794,6
first,New C,0,0,0.0476458311304153,0.0450322261606923,0.0450322261606923,6
first,New C with dCor,0,0,0.0167558351605041,0.0299623528604786,0.0299623528604786,6
first,F+ depth-weighted,0,0,0.0327277683936994,0.0432499001416168,0.0432499001416168,6
second,Codex F,0,0,0.0338580779739374,0.0424306649993867,0.0424306649993867,6
second,F no distance,0,0,0.0338580779739374,0.0424306649993867,0.0424306649993867,6
second,F+,0,0,0.0338582644758816,0.0424310707746423,0.0424310707746423,6
second,F guarded,0,0,0.0776582305340216,0.0560872868600522,0.0560872868600522,6
second,New C,0,0,0.0518441289880474,0.0454896670771232,0.0454896670771232,6
second,New C with dCor,0,0,0.0192896580701765,0.0312271329172803,0.0312271329172803,6
second,F+ depth-weighted,0,0,0.0338745778286213,0.0424738624483809,0.0424738624483809,6
all,Codex F,3,0.117470632330429,0.0281452051210118,0.0388489047285967,0.0388489047285967,6
all,F no distance,3,0.117470632330429,0.0322900172085698,0.0423905890454568,0.0423905890454568,6
all,F+,3,0.117470632330429,0.0281448390810361,0.0388491676103637,0.0388491676103637,6
all,F guarded,3,0.117470632330429,0.0345074308612594,0.0391772718372753,0.0391772718372753,6
all,New C,3,0.117470632330429,0.0437719367124853,0.0430685006857867,0.0430685006857867,6
all,New C with dCor,3,0.117470632330429,0.0155364162066063,0.02781968560071,0.02781968560071,6
all,F+ depth-weighted,3,0.117470632330429,0.0281822513333748,0.0389228698436532,0.0389228698436532,6
first,Codex F,3,0.117470632330429,0.0276986963199359,0.0392435633816484,0.0392435633816484,6
first,F no distance,3,0.117470632330429,0.0317287671137853,0.042772661813385,0.042772661813385,6
first,F+,3,0.117470632330429,0.0276985829717877,0.0392436449541532,0.0392436449541532,6
first,F guarded,3,0.117470632330429,0.0342625398191421,0.0397461253190212,0.0397461253190212,6
first,New C,3,0.117470632330429,0.0419714927253888,0.0428369704961937,0.0428369704961937,6
first,New C with dCor,3,0.117470632330429,0.0145838881103773,0.027353764930117,0.027353764930117,6
first,F+ depth-weighted,3,0.117470632330429,0.0277620117158389,0.0393150571516258,0.0393150571516258,6
second,Codex F,3,0.117470632330429,0.0285912989453925,0.0384643642427833,0.0384643642427833,6
second,F no distance,3,0.117470632330429,0.0328629014543361,0.041998880488032,0.041998880488032,6
second,F+,3,0.117470632330429,0.028591269471227,0.0384655864475755,0.0384655864475755,6
second,F guarded,3,0.117470632330429,0.0347632409551196,0.0386118141277295,0.0386118141277295,6
second,New C,3,0.117470632330429,0.0454963087900094,0.0431861958552013,0.0431861958552013,6
second,New C with dCor,3,0.117470632330429,0.0165199133513027,0.0283108694694607,0.0283108694694607,6
second,F+ depth-weighted,3,0.117470632330429,0.0286398239667578,0.0385552333557897,0.0385552333557897,6
all,Codex F,5,0.206174662261047,0.0248983622321095,0.0352704064321352,0.0352704064321352,6
all,F no distance,5,0.206174662261047,0.0314380921640579,0.0419625467945182,0.0419625467945182,6
all,F+,5,0.206174662261047,0.0248984176822507,0.0352725113345364,0.0352725113345364,6
all,F guarded,5,0.206174662261047,0.0245690470273587,0.0287437583870367,0.0287437583870367,6
all,New C,5,0.206174662261047,0.0332716613338386,0.0361227899211326,0.0361227899211326,6
all,New C with dCor,5,0.206174662261047,0.0140080351594366,0.0254839006427499,0.0254839006427499,6
all,F+ depth-weighted,5,0.206174662261047,0.0249686110191599,0.0353859609995804,0.0353859609995804,6
first,Codex F,5,0.206174662261047,0.0245570404593299,0.0356360426063255,0.0356360426063255,6
first,F no distance,5,0.206174662261047,0.0308820948800619,0.0423658022945324,0.0423658022945324,6
first,F+,5,0.206174662261047,0.0245578029253991,0.035638774111415,0.035638774111415,6
first,F guarded,5,0.206174662261047,0.0241857380249686,0.0291701385980507,0.0291701385980507,6
first,New C,5,0.206174662261047,0.0331760698566076,0.0366437593401308,0.0366437593401308,6
first,New C with dCor,5,0.206174662261047,0.0132463178864759,0.0251046918394049,0.0251046918394049,6
first,F+ depth-weighted,5,0.206174662261047,0.0246040385232813,0.0357518600071274,0.0357518600071274,6
second,Codex F,5,0.206174662261047,0.0252540899325983,0.0348995257733856,0.0348995257733856,6
second,F no distance,5,0.206174662261047,0.0319894963260039,0.0415747418475518,0.0415747418475518,6
second,F+,5,0.206174662261047,0.0252546195647435,0.0349018903512154,0.0349018903512154,6
second,F guarded,5,0.206174662261047,0.0249603703714833,0.0282984616321422,0.0282984616321422,6
second,New C,5,0.206174662261047,0.0334105382488659,0.0356312818622723,0.0356312818622723,6
second,New C with dCor,5,0.206174662261047,0.0148731170237893,0.0258897868030849,0.0258897868030849,6
second,F+ depth-weighted,5,0.206174662261047,0.0253220997920887,0.035004224109694,0.035004224109694,6
all,Codex F,10,0.360961882464157,0.020258340782092,0.0295708244601578,0.0295708244601578,6
all,F no distance,10,0.360961882464157,0.0296220380278408,0.0410111336001249,0.0410111336001249,6
all,F+,10,0.360961882464157,0.0202586853007514,0.0295773101773793,0.0295773101773793,6
all,F guarded,10,0.360961882464157,0.0219483086531284,0.0221001836492535,0.0221001836492535,6
all,New C,10,0.360961882464157,0.0179612761375509,0.0223809939753121,0.0223809939753121,6
all,New C with dCor,10,0.360961882464157,0.0118622747184246,0.022129048668254,0.022129048668254,6
all,F+ depth-weighted,10,0.360961882464157,0.0203691925505184,0.0297565666845627,0.0297565666845627,6
first,Codex F,10,0.360961882464157,0.020007041679802,0.0300400227018463,0.0300400227018463,6
first,F no distance,10,0.360961882464157,0.0291015043117384,0.0413890018947222,0.0413890018947222,6
first,F+,10,0.360961882464157,0.0200072851913845,0.0300434796794238,0.0300434796794238,6
first,F guarded,10,0.360961882464157,0.0213283229199464,0.0221909872933703,0.0221909872933703,6
first,New C,10,0.360961882464157,0.0176727423824527,0.0226239226634253,0.0226239226634253,6
first,New C with dCor,10,0.360961882464157,0.0111190616480307,0.0217514421363127,0.0217514421363127,6
first,F+ depth-weighted,10,0.360961882464157,0.0200933694340447,0.0301956698713433,0.0301956698713433,6
second,Codex F,10,0.360961882464157,0.0205210614380193,0.0291277801428291,0.0291277801428291,6
second,F no distance,10,0.360961882464157,0.0301617491540131,0.0406446706318329,0.0406446706318329,6
second,F+,10,0.360961882464157,0.0205199002984314,0.0291321569279569,0.0291321569279569,6
second,F guarded,10,0.360961882464157,0.0225821961701388,0.0220307902640661,0.0220307902640661,6
second,New C,10,0.360961882464157,0.0182861813338323,0.0221532230137584,0.0221532230137584,6
second,New C with dCor,10,0.360961882464157,0.0126109993504605,0.0224733834518843,0.0224733834518843,6
second,F+ depth-weighted,10,0.360961882464157,0.0205931391728101,0.029268939725293,0.029268939725293,6
all,Codex F,20,0.532284387119722,0.0120505323391756,0.0204791329474694,0.0204791329474694,6
all,F no distance,20,0.532284387119722,0.0268282071894014,0.0392408125575138,0.0392408125575138,6
all,F+,20,0.532284387119722,0.0120499232686763,0.0204791084874594,0.0204791084874594,6
all,F guarded,20,0.532284387119722,0.0168991807110116,0.0175995886178984,0.0175995886178984,6
all,New C,20,0.532284387119722,0.0125827259456891,0.0173605863504292,0.0173605863504292,6
all,New C with dCor,20,0.532284387119722,0.00946515266698295,0.0187743489498706,0.0187743489498706,6
all,F+ depth-weighted,20,0.532284387119722,0.0123332008490789,0.0208923289784238,0.0208923289784238,6
first,Codex F,20,0.532284387119722,0.0120730345173048,0.0210524359835512,0.0210524359835512,6
first,F no distance,20,0.532284387119722,0.026359398844064,0.0396359291607993,0.0396359291607993,6
first,F+,20,0.532284387119722,0.0120719053380402,0.0210524356955805,0.0210524356955805,6
first,F guarded,20,0.532284387119722,0.0168524782130795,0.0179530447707028,0.0179530447707028,6
first,New C,20,0.532284387119722,0.011844128469391,0.0171079881223671,0.0171079881223671,6
first,New C with dCor,20,0.532284387119722,0.00887698545720939,0.0184898368977722,0.0184898368977722,6
first,F+ depth-weighted,20,0.532284387119722,0.0123894820402879,0.0214741920583033,0.0214741920583033,6
second,Codex F,20,0.532284387119722,0.012037763547604,0.0199258052765653,0.0199258052765653,6
second,F no distance,20,0.532284387119722,0.0273040551124956,0.0388648923874229,0.0388648923874229,6
second,F+,20,0.532284387119722,0.012037788548724,0.0199257544127465,0.0199257544127465,6
second,F guarded,20,0.532284387119722,0.0168957175944893,0.0171876328042248,0.0171876328042248,6
second,New C,20,0.532284387119722,0.0134031433514243,0.0176452687844927,0.0176452687844927,6
second,New C with dCor,20,0.532284387119722,0.010095087474125,0.0190464919628119,0.0190464919628119,6
second,F+ depth-weighted,20,0.532284387119722,0.0122862017933805,0.0203065948138417,0.0203065948138417,6
all,Codex F,30,0.628076765873137,0.00874472812438904,0.0157527978147102,0.0157527978147102,6
all,F no distance,30,0.628076765873137,0.0246901412158809,0.0375848974885088,0.0375848974885088,6
all,F+,30,0.628076765873137,0.00874461509450898,0.015752877353023,0.015752877353023,6
all,F guarded,30,0.628076765873137,0.0114116688864152,0.0133413114050734,0.0133413114050734,6
all,New C,30,0.628076765873137,0.0109172698715438,0.0159956751844057,0.0159956751844057,6
all,New C with dCor,30,0.628076765873137,0.00778113898840466,0.0163568040334675,0.0163568040334675,6
all,F+ depth-weighted,30,0.628076765873137,0.00892991510849964,0.0161088044382292,0.0161088044382292,6
first,Codex F,30,0.628076765873137,0.00868354532766477,0.0161615947762337,0.0161615947762337,6
first,F no distance,30,0.628076765873137,0.024275267218246,0.0380075011417013,0.0380075011417013,6
first,F+,30,0.628076765873137,0.00868350254973463,0.0161617634685009,0.0161617634685009,6
first,F guarded,30,0.628076765873137,0.0113811709383983,0.0136706162405604,0.0136706162405604,6
first,New C,30,0.628076765873137,0.0101153099779872,0.0155674849571703,0.0155674849571703,6
first,New C with dCor,30,0.628076765873137,0.00749390405011274,0.0164628596056624,0.0164628596056624,6
first,F+ depth-weighted,30,0.628076765873137,0.00888848747341733,0.0165659655692942,0.0165659655692942,6
second,Codex F,30,0.628076765873137,0.00884593734677472,0.0153861761450233,0.0153861761450233,6
second,F no distance,30,0.628076765873137,0.0250968748175111,0.0371755228503373,0.0371755228503373,6
second,F+,30,0.628076765873137,0.0088457979555037,0.0153861299491086,0.0153861299491086,6
second,F guarded,30,0.628076765873137,0.0114569034183391,0.0130314035798359,0.0130314035798359,6
second,New C,30,0.628076765873137,0.0112382213643766,0.015989470552419,0.015989470552419,6
second,New C with dCor,30,0.628076765873137,0.00789556910078676,0.016032931498211,0.016032931498211,6
second,F+ depth-weighted,30,0.628076765873137,0.00900999742507785,0.0156814859882303,0.0156814859882303,6
all,Codex F,50,0.734295787355217,0.00667862838836312,0.0116548245704994,0.0116548245704994,6
all,F no distance,50,0.734295787355217,0.0213637638505302,0.0345966883944065,0.0345966883944065,6
all,F+,50,0.734295787355217,0.00667935639676824,0.0116552878020346,0.0116552878020346,6
all,F guarded,50,0.734295787355217,0.00719452107244463,0.00919323221916332,0.00919323221916332,6
all,New C,50,0.734295787355217,0.00637630762735972,0.0112419561154978,0.0112419561154978,6
all,New C with dCor,50,0.734295787355217,0.00488472818597382,0.0114261158239045,0.0114261158239045,6
all,F+ depth-weighted,50,0.734295787355217,0.00677446341936972,0.0119521534517713,0.0119521534517713,6
first,Codex F,50,0.734295787355217,0.00653705261026713,0.0119048231759125,0.0119048231759125,6
first,F no distance,50,0.734295787355217,0.0210063334409916,0.0349644603804828,0.0349644603804828,6
first,F+,50,0.734295787355217,0.00653709053502602,0.0119060395591633,0.0119060395591633,6
first,F guarded,50,0.734295787355217,0.00699109705926404,0.00935435683488421,0.00935435683488421,6
first,New C,50,0.734295787355217,0.0060780312289951,0.0110899813053421,0.0110899813053421,6
first,New C with dCor,50,0.734295787355217,0.00468666707145086,0.011495229127987,0.011495229127987,6
first,F+ depth-weighted,50,0.734295787355217,0.00662659593876109,0.0121965043171455,0.0121965043171455,6
second,Codex F,50,0.734295787355217,0.00683933393913361,0.0114360607995185,0.0114360607995185,6
second,F no distance,50,0.734295787355217,0.0216799251578883,0.0342000796880243,0.0342000796880243,6
second,F+,50,0.734295787355217,0.00684037917867059,0.0114375431906139,0.0114375431906139,6
second,F guarded,50,0.734295787355217,0.00742048094708602,0.00907660493684943,0.00907660493684943,6
second,New C,50,0.734295787355217,0.00669758791085061,0.011337867478647,0.011337867478647,6
second,New C with dCor,50,0.734295787355217,0.00510109807347773,0.0113659320184976,0.0113659320184976,6
second,F+ depth-weighted,50,0.734295787355217,0.0069275466045786,0.0117236568401186,0.0117236568401186,6
all,Codex F,75,0.803427651095867,0.00566393688780414,0.00916868200134729,0.00916868200134729,6
all,F no distance,75,0.803427651095867,0.0182550077229051,0.0311719338380137,0.0311719338380137,6
all,F+,75,0.803427651095867,0.00566374763182838,0.0091687117294221,0.0091687117294221,6
all,F guarded,75,0.803427651095867,0.00611393480519027,0.0072059359133086,0.0072059359133086,6
all,New C,75,0.803427651095867,0.00438559664826618,0.00824567202278269,0.00824567202278269,6
all,New C with dCor,75,0.803427651095867,0.00364749590525294,0.00857864022634024,0.00857864022634024,6
all,F+ depth-weighted,75,0.803427651095867,0.00573794396580269,0.00945444104214445,0.00945444104214445,6
first,Codex F,75,0.803427651095867,0.0055170324640828,0.00932767464069502,0.00932767464069502,6
first,F no distance,75,0.803427651095867,0.0179710115852028,0.0315693801888174,0.0315693801888174,6
first,F+,75,0.803427651095867,0.00551709488821455,0.00932802606371298,0.00932802606371298,6
first,F guarded,75,0.803427651095867,0.00583664912611761,0.0072660182191823,0.0072660182191823,6
first,New C,75,0.803427651095867,0.00412294727569899,0.00805641694720659,0.00805641694720659,6
first,New C with dCor,75,0.803427651095867,0.00348808206616517,0.00862469964448009,0.00862469964448009,6
first,F+ depth-weighted,75,0.803427651095867,0.00560178411035636,0.00960223950841007,0.00960223950841007,6
second,Codex F,75,0.803427651095867,0.0058033630296048,0.00901394957570239,0.00901394957570239,6
second,F no distance,75,0.803427651095867,0.0185544026124062,0.0308022878239124,0.0308022878239124,6
second,F+,75,0.803427651095867,0.00580334548658778,0.00901577186355177,0.00901577186355177,6
second,F guarded,75,0.803427651095867,0.00640376445593853,0.00718993256428404,0.00718993256428404,6
second,New C,75,0.803427651095867,0.00471882418242771,0.00847489927127773,0.00847489927127773,6
second,New C with dCor,75,0.803427651095867,0.00383148526591167,0.00860300804453723,0.00860300804453723,6
second,F+ depth-weighted,75,0.803427651095867,0.00587702791891335,0.00927725471319389,0.00927725471319389,6
all,Codex F,100,0.843794398070452,0.00458662797077096,0.00705346118667426,0.00705346118667426,6
all,F no distance,100,0.843794398070452,0.0158243800995968,0.0281574029127377,0.0281574029127377,6
all,F+,100,0.843794398070452,0.00458668681498379,0.0070534934479883,0.0070534934479883,6
all,F guarded,100,0.843794398070452,0.00492694934119637,0.00550414594316918,0.00550414594316918,6
all,New C,100,0.843794398070452,0.00352357879795363,0.00666019173887671,0.00666019173887671,6
all,New C with dCor,100,0.843794398070452,0.00313817557211073,0.00710408014379211,0.00710408014379211,6
all,F+ depth-weighted,100,0.843794398070452,0.00470164709184309,0.00737709252572721,0.00737709252572721,6
first,Codex F,100,0.843794398070452,0.00458920145243316,0.00738093299118648,0.00738093299118648,6
first,F no distance,100,0.843794398070452,0.0155745162040656,0.0285242902185346,0.0285242902185346,6
first,F+,100,0.843794398070452,0.00458891412126413,0.00738095523647002,0.00738095523647002,6
first,F guarded,100,0.843794398070452,0.00494951673706646,0.00573249639282836,0.00573249639282836,6
first,New C,100,0.843794398070452,0.00331715045056701,0.00650066883455092,0.00650066883455092,6
first,New C with dCor,100,0.843794398070452,0.00299706002200987,0.0070633445965255,0.0070633445965255,6
first,F+ depth-weighted,100,0.843794398070452,0.00476719591946959,0.0078358493288695,0.0078358493288695,6
second,Codex F,100,0.843794398070452,0.00465892137969706,0.00682758067490775,0.00682758067490775,6
second,F no distance,100,0.843794398070452,0.0161234802377073,0.0277937246888529,0.0277937246888529,6
second,F+,100,0.843794398070452,0.0046587457843632,0.00682764705784831,0.00682764705784831,6
second,F guarded,100,0.843794398070452,0.00506667621939356,0.00545276870000168,0.00545276870000168,6
second,New C,100,0.843794398070452,0.00374074335265936,0.00679941360498845,0.00679941360498845,6
second,New C with dCor,100,0.843794398070452,0.003307465230255,0.00715322034494169,0.00715322034494169,6
second,F+ depth-weighted,100,0.843794398070452,0.00478462812127131,0.00712396456564986,0.00712396456564986,6
all,Codex F,150,0.889138146764167,0.00358675556550138,0.00494454183487365,0.00494454183487365,6
all,F no distance,150,0.889138146764167,0.0126530178816455,0.0234808446625892,0.0234808446625892,6
all,F+,150,0.889138146764167,0.00358678404886868,0.00494460843873017,0.00494460843873017,6
all,F guarded,150,0.889138146764167,0.00371001632651441,0.00353707306260161,0.00353707306260161,6
all,New C,150,0.889138146764167,0.00266057952748073,0.0045307938510932,0.0045307938510932,6
all,New C with dCor,150,0.889138146764167,0.00257803617293282,0.00524148798245081,0.00524148798245081,6
all,F+ depth-weighted,150,0.889138146764167,0.00364462118265124,0.00513795879919934,0.00513795879919934,6
first,Codex F,150,0.889138146764167,0.00355579159175135,0.00513381340007028,0.00513381340007028,6
first,F no distance,150,0.889138146764167,0.0124648551207594,0.0237882660444129,0.0237882660444129,6
first,F+,150,0.889138146764167,0.00355579159175135,0.00513381340007028,0.00513381340007028,6
first,F guarded,150,0.889138146764167,0.00368716206272428,0.00365891698747716,0.00365891698747716,6
first,New C,150,0.889138146764167,0.00257888326226544,0.0045100274256881,0.0045100274256881,6
first,New C with dCor,150,0.889138146764167,0.0025365966060365,0.00540389991242783,0.00540389991242783,6
first,F+ depth-weighted,150,0.889138146764167,0.00362135955503217,0.00533843233018169,0.00533843233018169,6
second,Codex F,150,0.889138146764167,0.00361684490378777,0.00474164871870636,0.00474164871870636,6
second,F no distance,150,0.889138146764167,0.0128304882593923,0.0231911111306247,0.0231911111306247,6
second,F+,150,0.889138146764167,0.00361715565102766,0.00474154090427182,0.00474154090427182,6
second,F guarded,150,0.889138146764167,0.00375302743530549,0.00342488101500564,0.00342488101500564,6
second,New C,150,0.889138146764167,0.00277504903754421,0.0045909915867093,0.0045909915867093,6
second,New C with dCor,150,0.889138146764167,0.00263350837937641,0.00509539821609466,0.00509539821609466,6
second,F+ depth-weighted,150,0.889138146764167,0.00368395337607886,0.00495506956692634,0.00495506956692634,6
all,Codex F,200,0.914033950690219,0.00317495626052518,0.00407340642254531,0.00407340642254531,6
all,F no distance,200,0.914033950690219,0.0106585124390584,0.0200406292975708,0.0200406292975708,6
all,F+,200,0.914033950690219,0.00317512653087421,0.00407339898861063,0.00407339898861063,6
all,F guarded,200,0.914033950690219,0.00325003975962328,0.00277775198691845,0.00277775198691845,6
all,New C,200,0.914033950690219,0.00235919065119986,0.00361997627174162,0.00361997627174162,6
all,New C with dCor,200,0.914033950690219,0.00234149628498671,0.00430600469081302,0.00430600469081302,6
all,F+ depth-weighted,200,0.914033950690219,0.00319324346563736,0.00420913378275701,0.00420913378275701,6
first,Codex F,200,0.914033950690219,0.00311755671136654,0.00421083687847957,0.00421083687847957,6
first,F no distance,200,0.914033950690219,0.0104920056959564,0.0203701324299846,0.0203701324299846,6
first,F+,200,0.914033950690219,0.00311755671136654,0.00421083687847957,0.00421083687847957,6
first,F guarded,200,0.914033950690219,0.00319891043880291,0.00282564964681631,0.00282564964681631,6
first,New C,200,0.914033950690219,0.00228160111547526,0.00356542292354042,0.00356542292354042,6
first,New C with dCor,200,0.914033950690219,0.00228868756170133,0.00439261975805455,0.00439261975805455,6
first,F+ depth-weighted,200,0.914033950690219,0.00313100449014462,0.00433029282164231,0.00433029282164231,6
second,Codex F,200,0.914033950690219,0.00323478370716637,0.00394535864576881,0.00394535864576881,6
second,F no distance,200,0.914033950690219,0.0108041751682088,0.0196925988556165,0.0196925988556165,6
second,F+,200,0.914033950690219,0.00323478370716637,0.00394535864576881,0.00394535864576881,6
second,F guarded,200,0.914033950690219,0.00331785442107857,0.00273341760552262,0.00273341760552262,6
second,New C,200,0.914033950690219,0.00244551391453797,0.00367963546210584,0.00367963546210584,6
second,New C with dCor,200,0.914033950690219,0.00242417717218743,0.00426498802603955,0.00426498802603955,6
second,F+ depth-weighted,200,0.914033950690219,0.00326223586313498,0.00407701887713865,0.00407701887713865,6
all,Codex F,300,0.940653533303244,0.0028071422992545,0.00337790196907811,0.00337790196907811,6
all,F no distance,300,0.940653533303244,0.00831101970584557,0.0152590017359483,0.0152590017359483,6
all,F+,300,0.940653533303244,0.0028071422992545,0.00337790196907811,0.00337790196907811,6
all,F guarded,300,0.940653533303244,0.00278658132102771,0.00213156989576277,0.00213156989576277,6
all,New C,300,0.940653533303244,0.00210475783245621,0.00273942255229155,0.00273942255229155,6
all,New C with dCor,300,0.940653533303244,0.00216905257600128,0.00354329878580368,0.00354329878580368,6
all,F+ depth-weighted,300,0.940653533303244,0.0028396876662038,0.00347344862793432,0.00347344862793432,6
first,Codex F,300,0.940653533303244,0.00277953302237693,0.00350127999178252,0.00350127999178252,6
first,F no distance,300,0.940653533303244,0.00816455653335796,0.0155969240012127,0.0155969240012127,6
first,F+,300,0.940653533303244,0.00277953302237693,0.00350127999178252,0.00350127999178252,6
first,F guarded,300,0.940653533303244,0.00280934022483523,0.00223472913101865,0.00223472913101865,6
first,New C,300,0.940653533303244,0.00206281920192011,0.0027955590746001,0.0027955590746001,6
first,New C with dCor,300,0.940653533303244,0.00212245182037237,0.00364531580928622,0.00364531580928622,6
first,F+ depth-weighted,300,0.940653533303244,0.00278308515153911,0.00358475473919595,0.00358475473919595,6
second,Codex F,300,0.940653533303244,0.0027890585609139,0.00319446897467244,0.00319446897467244,6
second,F no distance,300,0.940653533303244,0.00845213262056335,0.0149065909473864,0.0149065909473864,6
second,F+,300,0.940653533303244,0.0027890585609139,0.00319446897467244,0.00319446897467244,6
second,F guarded,300,0.940653533303244,0.00284068494677861,0.00207529723017805,0.00207529723017805,6
second,New C,300,0.940653533303244,0.00214853023298776,0.00269989218921197,0.00269989218921197,6
second,New C with dCor,300,0.940653533303244,0.00220396956893162,0.00338962673828543,0.00338962673828543,6
second,F+ depth-weighted,300,0.940653533303244,0.00283527013255384,0.00329347987689984,0.00329347987689984,6
all,Codex F,500,0.963338789913237,0.00243428019518578,0.0027602465262977,0.0027602465262977,6
all,F no distance,500,0.963338789913237,0.00616664021469921,0.0102967002116021,0.0102967002116021,6
all,F+,500,0.963338789913237,0.00243428019518578,0.0027602465262977,0.0027602465262977,6
all,F guarded,500,0.963338789913237,0.00242868703328762,0.00175194811333896,0.00175194811333896,6
all,New C,500,0.963338789913237,0.00195477219223309,0.00216898732061293,0.00216898732061293,6
all,New C with dCor,500,0.963338789913237,0.00201403745020798,0.00283490422390374,0.00283490422390374,6
all,F+ depth-weighted,500,0.963338789913237,0.00243279656775898,0.00281583697352784,0.00281583697352784,6
first,Codex F,500,0.963338789913237,0.00240168022816335,0.0028058291862732,0.0028058291862732,6
first,F no distance,500,0.963338789913237,0.00610094315359527,0.0106427253719463,0.0106427253719463,6
first,F+,500,0.963338789913237,0.00240168022816335,0.0028058291862732,0.0028058291862732,6
first,F guarded,500,0.963338789913237,0.00239250834450216,0.00176340112914854,0.00176340112914854,6
first,New C,500,0.963338789913237,0.00192009336177561,0.00223910799133268,0.00223910799133268,6
first,New C with dCor,500,0.963338789913237,0.00197357419499362,0.00291250539174738,0.00291250539174738,6
first,F+ depth-weighted,500,0.963338789913237,0.00240217044074872,0.00287552686056049,0.00287552686056049,6
second,Codex F,500,0.963338789913237,0.00246711013848647,0.00270264435469035,0.00270264435469035,6
second,F no distance,500,0.963338789913237,0.00624654062931223,0.00998283872131293,0.00998283872131293,6
second,F+,500,0.963338789913237,0.00246711013848647,0.00270264435469035,0.00270264435469035,6
second,F guarded,500,0.963338789913237,0.00246139907642953,0.00173374235426218,0.00173374235426218,6
second,New C,500,0.963338789913237,0.00198384209242826,0.002106272720694,0.002106272720694,6
second,New C with dCor,500,0.963338789913237,0.00205760964189864,0.00274039135173537,0.00274039135173537,6
second,F+ depth-weighted,500,0.963338789913237,0.00246151948059737,0.00274946103344742,0.00274946103344742,6
all,Codex F,1000,0.981249623042887,0.00214726447281838,0.00228940069867356,0.00228940069867356,6
all,F no distance,1000,0.981249623042887,0.0035603199443668,0.00515435410584383,0.00515435410584383,6
all,F+,1000,0.981249623042887,0.00214726447281838,0.00228940069867356,0.00228940069867356,6
all,F guarded,1000,0.981249623042887,0.00206903328644529,0.00146614810508364,0.00146614810508364,6
all,New C,1000,0.981249623042887,0.00184669815469457,0.00183862636710756,0.00183862636710756,6
all,New C with dCor,1000,0.981249623042887,0.00189762231533441,0.0023079473002192,0.0023079473002192,6
all,F+ depth-weighted,1000,0.981249623042887,0.00214726628455368,0.00233473581226356,0.00233473581226356,6
first,Codex F,1000,0.981249623042887,0.00212111413424971,0.00232091984809095,0.00232091984809095,6
first,F no distance,1000,0.981249623042887,0.00356309561269091,0.00543156451413214,0.00543156451413214,6
first,F+,1000,0.981249623042887,0.00212111413424971,0.00232091984809095,0.00232091984809095,6
first,F guarded,1000,0.981249623042887,0.00207496818601978,0.00147925812950729,0.00147925812950729,6
first,New C,1000,0.981249623042887,0.00181241627338508,0.00186851225735166,0.00186851225735166,6
first,New C with dCor,1000,0.981249623042887,0.00186927620398894,0.00235931601425883,0.00235931601425883,6
first,F+ depth-weighted,1000,0.981249623042887,0.0021200033866903,0.00234873108567203,0.00234873108567203,6
second,Codex F,1000,0.981249623042887,0.00215199016963273,0.00223445838460075,0.00223445838460075,6
second,F no distance,1000,0.981249623042887,0.00355838568661769,0.00487714721858251,0.00487714721858251,6
second,F+,1000,0.981249623042887,0.00215199016963273,0.00223445838460075,0.00223445838460075,6
second,F guarded,1000,0.981249623042887,0.00209216620998467,0.00147395442767282,0.00147395442767282,6
second,New C,1000,0.981249623042887,0.0018819338932738,0.0017902469570748,0.0017902469570748,6
second,New C with dCor,1000,0.981249623042887,0.00193510646813043,0.00224953565879478,0.00224953565879478,6
second,F+ depth-weighted,1000,0.981249623042887,0.0021512969869284,0.00229269280500351,0.00229269280500351,6
all,Codex F,3000,0.99365231199093,0.00189520455852426,0.00171983467673138,0.00171983467673138,6
all,F no distance,3000,0.99365231199093,0.00214127249951433,0.00263116721376769,0.00263116721376769,6
all,F+,3000,0.99365231199093,0.00189520455852426,0.00171983467673138,0.00171983467673138,6
all,F guarded,3000,0.99365231199093,0.00184501483332197,0.00126517849228418,0.00126517849228418,6
all,New C,3000,0.99365231199093,0.00179162963501101,0.00161312501605756,0.00161312501605756,6
all,New C with dCor,3000,0.99365231199093,0.00182346014781697,0.00181926857078542,0.00181926857078542,6
all,F+ depth-weighted,3000,0.99365231199093,0.00187885641106743,0.00174676396300386,0.00174676396300386,6
first,Codex F,3000,0.99365231199093,0.00186599498768322,0.00174346388707936,0.00174346388707936,6
first,F no distance,3000,0.99365231199093,0.0021129815936606,0.00267902184434652,0.00267902184434652,6
first,F+,3000,0.99365231199093,0.00186599498768322,0.00174346388707936,0.00174346388707936,6
first,F guarded,3000,0.99365231199093,0.00182727256121483,0.00126866341493159,0.00126866341493159,6
first,New C,3000,0.99365231199093,0.00177358799966447,0.00162418561944012,0.00162418561944012,6
first,New C with dCor,3000,0.99365231199093,0.00179324151061282,0.00183312495996783,0.00183312495996783,6
first,F+ depth-weighted,3000,0.99365231199093,0.00185527226997639,0.0017589136446493,0.0017589136446493,6
second,Codex F,3000,0.99365231199093,0.0019244083687539,0.00169791665652559,0.00169791665652559,6
second,F no distance,3000,0.99365231199093,0.00216695414210769,0.00258168222045872,0.00258168222045872,6
second,F+,3000,0.99365231199093,0.0019244083687539,0.00169791665652559,0.00169791665652559,6
second,F guarded,3000,0.99365231199093,0.00187385138094541,0.00126965860310561,0.00126965860310561,6
second,New C,3000,0.99365231199093,0.00181301133302283,0.00159566639411436,0.00159566639411436,6
second,New C with dCor,3000,0.99365231199093,0.0018470794348632,0.00178573256225957,0.00178573256225957,6
second,F+ depth-weighted,3000,0.99365231199093,0.00189808334991807,0.00172867771949529,0.00172867771949529,6
all,Codex F,10000,0.998085193188478,0.00177301875170612,0.00129238832493415,0.00129238832493415,6
all,F no distance,10000,0.998085193188478,0.00181877704361563,0.001628585812124,0.001628585812124,6
all,F+,10000,0.998085193188478,0.00177301875170612,0.00129238832493415,0.00129238832493415,6
all,F guarded,10000,0.998085193188478,0.00175071559199769,0.00110428159107609,0.00110428159107609,6
all,New C,10000,0.998085193188478,0.00176692429047976,0.0014462270875638,0.0014462270875638,6
all,New C with dCor,10000,0.998085193188478,0.0017775994383998,0.00153468169128682,0.00153468169128682,6
all,F+ depth-weighted,10000,0.998085193188478,0.00176283392561868,0.00132657022913115,0.00132657022913115,6
first,Codex F,10000,0.998085193188478,0.00175489060538491,0.00131589572883859,0.00131589572883859,6
first,F no distance,10000,0.998085193188478,0.00179874756347586,0.00164784845973667,0.00164784845973667,6
first,F+,10000,0.998085193188478,0.00175489060538491,0.00131589572883859,0.00131589572883859,6
first,F guarded,10000,0.998085193188478,0.00173316606316446,0.0011200615959251,0.0011200615959251,6
first,New C,10000,0.998085193188478,0.00174649556085679,0.00145357448011566,0.00145357448011566,6
first,New C with dCor,10000,0.998085193188478,0.00175673564552219,0.00154363994196231,0.00154363994196231,6
first,F+ depth-weighted,10000,0.998085193188478,0.00175042787761456,0.00134838838218534,0.00134838838218534,6
second,Codex F,10000,0.998085193188478,0.00179710688358551,0.00126832426756685,0.00126832426756685,6
second,F no distance,10000,0.998085193188478,0.00183863052775585,0.00159813133397876,0.00159813133397876,6
second,F+,10000,0.998085193188478,0.00179710688358551,0.00126832426756685,0.00126832426756685,6
second,F guarded,10000,0.998085193188478,0.00177219205941775,0.00109773494806654,0.00109773494806654,6
second,New C,10000,0.998085193188478,0.00178491383289134,0.00143973288921109,0.00143973288921109,6
second,New C with dCor,10000,0.998085193188478,0.00180130075039632,0.0015191085850228,0.0015191085850228,6
second,F+ depth-weighted,10000,0.998085193188478,0.00178078305409168,0.00130554197247409,0.00130554197247409,6
all,Codex F,1e+05,0.999808110645714,0.00173474254403553,0.00100891776514456,0.00100891776514456,6
all,F no distance,1e+05,0.999808110645714,0.00173918482670339,0.00105068912897911,0.00105068912897911,6
all,F+,1e+05,0.999808110645714,0.00173474254403553,0.00100891776514456,0.00100891776514456,6
all,F guarded,1e+05,0.999808110645714,0.00173083089927359,0.000989600917192832,0.000989600917192832,6
all,New C,1e+05,0.999808110645714,0.00176056511829605,0.00134544431351544,0.00134544431351544,6
all,New C with dCor,1e+05,0.999808110645714,0.00176132945478265,0.00135561167801418,0.00135561167801418,6
all,F+ depth-weighted,1e+05,0.999808110645714,0.00171519337220723,0.00101157550719856,0.00101157550719856,6
first,Codex F,1e+05,0.999808110645714,0.00171391056886186,0.00101985906092093,0.00101985906092093,6
first,F no distance,1e+05,0.999808110645714,0.00171842255286236,0.00106480250297017,0.00106480250297017,6
first,F+,1e+05,0.999808110645714,0.00171391056886186,0.00101985906092093,0.00101985906092093,6
first,F guarded,1e+05,0.999808110645714,0.00171199066918602,0.000998082718755972,0.000998082718755972,6
first,New C,1e+05,0.999808110645714,0.00174271323849762,0.0013570082766768,0.0013570082766768,6
first,New C with dCor,1e+05,0.999808110645714,0.00174364545419769,0.00137150387276377,0.00137150387276377,6
first,F+ depth-weighted,1e+05,0.999808110645714,0.00170697361777596,0.00102263861046126,0.00102263861046126,6
second,Codex F,1e+05,0.999808110645714,0.0017513953580683,0.000992919591161844,0.000992919591161844,6
second,F no distance,1e+05,0.999808110645714,0.00176131934736806,0.00103249591748787,0.00103249591748787,6
second,F+,1e+05,0.999808110645714,0.0017513953580683,0.000992919591161844,0.000992919591161844,6
second,F guarded,1e+05,0.999808110645714,0.00174824362095286,0.000973667076743365,0.000973667076743365,6
second,New C,1e+05,0.999808110645714,0.00177751579017569,0.00133365401433469,0.00133365401433469,6
second,New C with dCor,1e+05,0.999808110645714,0.00177825547348301,0.0013445273091716,0.0013445273091716,6
second,F+ depth-weighted,1e+05,0.999808110645714,0.00172808475305427,0.00100817432913575,0.00100817432913575,6
all,Codex F,Inf,1,0.00173101354955807,0.00097306566660529,0.00097306566660529,6
all,F no distance,Inf,1,0.00173101354955807,0.00097306566660529,0.00097306566660529,6
all,F+,Inf,1,0.00173101354955807,0.00097306566660529,0.00097306566660529,6
all,F guarded,Inf,1,0.00173101354955807,0.00097306566660529,0.00097306566660529,6
all,New C,Inf,1,0.0017617320351352,0.0013406772284532,0.0013406772284532,6
all,New C with dCor,Inf,1,0.0017617320351352,0.0013406772284532,0.0013406772284532,6
all,F+ depth-weighted,Inf,1,0.00171232018183393,0.000961519802139144,0.000961519802139144,6
first,Codex F,Inf,1,0.00171194670011852,0.000984472844984115,0.000984472844984115,6
first,F no distance,Inf,1,0.00171194670011852,0.000984472844984115,0.000984472844984115,6
first,F+,Inf,1,0.00171194670011852,0.000984472844984115,0.000984472844984115,6
first,F guarded,Inf,1,0.00171194670011852,0.000984472844984115,0.000984472844984115,6
first,New C,Inf,1,0.00174203423577231,0.00134518957865749,0.00134518957865749,6
first,New C with dCor,Inf,1,0.00174203423577231,0.00134518957865749,0.00134518957865749,6
first,F+ depth-weighted,Inf,1,0.00170272903573045,0.000965145329723376,0.000965145329723376,6
second,Codex F,Inf,1,0.00175133443075587,0.000962568652321825,0.000962568652321825,6
second,F no distance,Inf,1,0.00175133443075587,0.000962568652321825,0.000962568652321825,6
second,F+,Inf,1,0.00175133443075587,0.000962568652321825,0.000962568652321825,6
second,F guarded,Inf,1,0.00175133443075587,0.000962568652321825,0.000962568652321825,6
second,New C,Inf,1,0.00177642540438994,0.0013195510077319,0.0013195510077319,6
second,New C with dCor,Inf,1,0.00177642540438994,0.0013195510077319,0.0013195510077319,6
second,F+ depth-weighted,Inf,1,0.0017215854726085,0.000956714822810397,0.000956714822810397,6
all,Codex F,0,0,0.035928128359354,0.0339071904085797,0.0339071904085797,7
all,F no distance,0,0,0.035928128359354,0.0339071904085797,0.0339071904085797,7
all,F+,0,0,0.0359280470312365,0.0339072580235944,0.0339072580235944,7
all,F guarded,0,0,0.081578581980069,0.0415125046996149,0.0415125046996149,7
all,New C,0,0,0.0557217592220634,0.0324274206332196,0.0324274206332196,7
all,New C with dCor,0,0,0.0212608238221886,0.0249628921195681,0.0249628921195681,7
all,F+ depth-weighted,0,0,0.0359802735655844,0.0339421158497777,0.0339421158497777,7
first,Codex F,0,0,0.0353042062110869,0.0338513765671804,0.0338513765671804,7
first,F no distance,0,0,0.0353042062110869,0.0338513765671804,0.0338513765671804,7
first,F+,0,0,0.0353044688989684,0.0338523852627916,0.0338523852627916,7
first,F guarded,0,0,0.081497393380552,0.0415027555831268,0.0415027555831268,7
first,New C,0,0,0.0535183806620517,0.0318438001071354,0.0318438001071354,7
first,New C with dCor,0,0,0.0199230062580756,0.0243032215819,0.0243032215819,7
first,F+ depth-weighted,0,0,0.0353267075250697,0.0338971431360956,0.0338971431360956,7
second,Codex F,0,0,0.0365544638197731,0.0339298706498632,0.0339298706498632,7
second,F no distance,0,0,0.0365544638197731,0.0339298706498632,0.0339298706498632,7
second,F+,0,0,0.0365544638197731,0.0339298706498632,0.0339298706498632,7
second,F guarded,0,0,0.0816960786592473,0.0415199791788588,0.0415199791788588,7
second,New C,0,0,0.0578884444097613,0.0330277684114025,0.0330277684114025,7
second,New C with dCor,0,0,0.022606468635581,0.0256055288867484,0.0256055288867484,7
second,F+ depth-weighted,0,0,0.03660530214778,0.0339802937515353,0.0339802937515353,7
all,Codex F,3,0.117470632330429,0.030323377721225,0.0313396343365129,0.0313396343365129,7
all,F no distance,3,0.117470632330429,0.0348660498346542,0.0336344691896642,0.0336344691896642,7
all,F+,3,0.117470632330429,0.0303241204460284,0.0313401988550726,0.0313401988550726,7
all,F guarded,3,0.117470632330429,0.0380074451282519,0.0294371524154133,0.0294371524154133,7
all,New C,3,0.117470632330429,0.0493186233028307,0.0315849306646358,0.0315849306646358,7
all,New C with dCor,3,0.117470632330429,0.0183470041565704,0.0232866254757024,0.0232866254757024,7
all,F+ depth-weighted,3,0.117470632330429,0.0303703787542148,0.03140245526576,0.03140245526576,7
first,Codex F,3,0.117470632330429,0.0299625815984331,0.031345070069536,0.031345070069536,7
first,F no distance,3,0.117470632330429,0.0342977587123363,0.0336195606850469,0.0336195606850469,7
first,F+,3,0.117470632330429,0.029962307351747,0.0313456079514816,0.0313456079514816,7
first,F guarded,3,0.117470632330429,0.037805966773838,0.0295216887360715,0.0295216887360715,7
first,New C,3,0.117470632330429,0.0475383837039684,0.0310229161603252,0.0310229161603252,7
first,New C with dCor,3,0.117470632330429,0.0172941796746292,0.0226979589173536,0.0226979589173536,7
first,F+ depth-weighted,3,0.117470632330429,0.0300096398168363,0.0314087759370615,0.0314087759370615,7
second,Codex F,3,0.117470632330429,0.0306797894925228,0.0313338668148486,0.0313338668148486,7
second,F no distance,3,0.117470632330429,0.0354389492069265,0.0336540340481839,0.0336540340481839,7
second,F+,3,0.117470632330429,0.03068078311543,0.0313346964965168,0.0313346964965168,7
second,F guarded,3,0.117470632330429,0.038213083623759,0.029365050168445,0.029365050168445,7
second,New C,3,0.117470632330429,0.0511422810696946,0.0321041570437915,0.0321041570437915,7
second,New C with dCor,3,0.117470632330429,0.0193809030425776,0.0238202149897658,0.0238202149897658,7
second,F+ depth-weighted,3,0.117470632330429,0.0307708564313481,0.0313906047946116,0.0313906047946116,7
all,Codex F,5,0.206174662261047,0.0266459147624854,0.0289598206567966,0.0289598206567966,7
all,F no distance,5,0.206174662261047,0.033950397462752,0.0334156743795654,0.0334156743795654,7
all,F+,5,0.206174662261047,0.026646034364896,0.0289607304480492,0.0289607304480492,7
all,F guarded,5,0.206174662261047,0.0262366178951523,0.0222056382195235,0.0222056382195235,7
all,New C,5,0.206174662261047,0.03677837801302,0.0266149110914949,0.0266149110914949,7
all,New C with dCor,5,0.206174662261047,0.0164482917804319,0.0217058863860705,0.0217058863860705,7
all,F+ depth-weighted,5,0.206174662261047,0.0267224918052152,0.0290367431371176,0.0290367431371176,7
first,Codex F,5,0.206174662261047,0.0263995513205118,0.029033189123712,0.029033189123712,7
first,F no distance,5,0.206174662261047,0.0334646179056782,0.0333856434502961,0.0333856434502961,7
first,F+,5,0.206174662261047,0.0263996802095155,0.0290344673089371,0.0290344673089371,7
first,F guarded,5,0.206174662261047,0.0258974512132212,0.022269687621763,0.022269687621763,7
first,New C,5,0.206174662261047,0.0364819597453133,0.0266302152831492,0.0266302152831492,7
first,New C with dCor,5,0.206174662261047,0.0156052473434242,0.0212362654623236,0.0212362654623236,7
first,F+ depth-weighted,5,0.206174662261047,0.0264723246436658,0.0291128350590828,0.0291128350590828,7
second,Codex F,5,0.206174662261047,0.0268948243272572,0.0288820333754512,0.0288820333754512,7
second,F no distance,5,0.206174662261047,0.0344645909102474,0.0334407675407832,0.0334407675407832,7
second,F+,5,0.206174662261047,0.0268949570892232,0.0288841575322676,0.0288841575322676,7
second,F guarded,5,0.206174662261047,0.0266051929198542,0.0221334376924821,0.0221334376924821,7
second,New C,5,0.206174662261047,0.0371361113833002,0.0266437140839022,0.0266437140839022,7
second,New C with dCor,5,0.206174662261047,0.0173412391781707,0.0221687854203581,0.0221687854203581,7
second,F+ depth-weighted,5,0.206174662261047,0.0269552440536801,0.0289773182147972,0.0289773182147972,7
all,Codex F,10,0.360961882464157,0.0213204044927067,0.0250180769885808,0.0250180769885808,7
all,F no distance,10,0.360961882464157,0.0319578626714835,0.0328404993427565,0.0328404993427565,7
all,F+,10,0.360961882464157,0.0213228567950073,0.025021096872849,0.025021096872849,7
all,F guarded,10,0.360961882464157,0.0229743468561831,0.0175915127357996,0.0175915127357996,7
all,New C,10,0.360961882464157,0.020045124106197,0.0174351745785386,0.0174351745785386,7
all,New C with dCor,10,0.360961882464157,0.0137968688709164,0.0193223841602784,0.0193223841602784,7
all,F+ depth-weighted,10,0.360961882464157,0.0214408138064876,0.0251390714067336,0.0251390714067336,7
first,Codex F,10,0.360961882464157,0.0210987458570511,0.0251870324312196,0.0251870324312196,7
first,F no distance,10,0.360961882464157,0.0314756985668058,0.0328186891248262,0.0328186891248262,7
first,F+,10,0.360961882464157,0.0210983421311241,0.0251889573989406,0.0251889573989406,7
first,F guarded,10,0.360961882464157,0.0223371421430205,0.0174848426590553,0.0174848426590553,7
first,New C,10,0.360961882464157,0.0197070074889171,0.0173498716467692,0.0173498716467692,7
first,New C with dCor,10,0.360961882464157,0.0130741840426761,0.0189232479786519,0.0189232479786519,7
first,F+ depth-weighted,10,0.360961882464157,0.0212149988404517,0.0252938695634152,0.0252938695634152,7
second,Codex F,10,0.360961882464157,0.0215779710857841,0.0248466072695081,0.0248466072695081,7
second,F no distance,10,0.360961882464157,0.0324549479826227,0.0328755227716605,0.0328755227716605,7
second,F+,10,0.360961882464157,0.0215771383732768,0.0248516723708875,0.0248516723708875,7
second,F guarded,10,0.360961882464157,0.023638655237578,0.017737678758072,0.017737678758072,7
second,New C,10,0.360961882464157,0.0205146519265499,0.0175745732551348,0.0175745732551348,7
second,New C with dCor,10,0.360961882464157,0.0145498638177805,0.0197166044891437,0.0197166044891437,7
second,F+ depth-weighted,10,0.360961882464157,0.0216680821892803,0.0249896022511537,0.0249896022511537,7
all,Codex F,20,0.532284387119722,0.0124329912369743,0.0182803915060204,0.0182803915060204,7
all,F no distance,20,0.532284387119722,0.0288795551291317,0.0317808432202935,0.0317808432202935,7
all,F+,20,0.532284387119722,0.0124322560434146,0.0182804718887347,0.0182804718887347,7
all,F guarded,20,0.532284387119722,0.0177566124884382,0.0146759573821373,0.0146759573821373,7
all,New C,20,0.532284387119722,0.0143281596974327,0.0142255429386163,0.0142255429386163,7
all,New C with dCor,20,0.532284387119722,0.0109465950181156,0.0168723141575297,0.0168723141575297,7
all,F+ depth-weighted,20,0.532284387119722,0.0127600428724574,0.0186197473098747,0.0186197473098747,7
first,Codex F,20,0.532284387119722,0.0125012948414531,0.0185483138847157,0.0185483138847157,7
first,F no distance,20,0.532284387119722,0.0284743528149021,0.0317927009964216,0.0317927009964216,7
first,F+,20,0.532284387119722,0.012499741691302,0.0185483250522045,0.0185483250522045,7
first,F guarded,20,0.532284387119722,0.0177788453975995,0.0148065933169218,0.0148065933169218,7
first,New C,20,0.532284387119722,0.0135849252112246,0.0137801761542147,0.0137801761542147,7
first,New C with dCor,20,0.532284387119722,0.0103330354775836,0.0165026551965599,0.0165026551965599,7
first,F+ depth-weighted,20,0.532284387119722,0.0128252766024743,0.0188960727741491,0.0188960727741491,7
second,Codex F,20,0.532284387119722,0.0123663207318707,0.0180217259412801,0.0180217259412801,7
second,F no distance,20,0.532284387119722,0.0293320079964822,0.0317662325679309,0.0317662325679309,7
second,F+,20,0.532284387119722,0.0123662148848831,0.018021870408504,0.018021870408504,7
second,F guarded,20,0.532284387119722,0.0176885807572863,0.0145178110540276,0.0145178110540276,7
second,New C,20,0.532284387119722,0.0151554156646121,0.0146806285190833,0.0146806285190833,7
second,New C with dCor,20,0.532284387119722,0.0115358183120243,0.0171820471950505,0.0171820471950505,7
second,F+ depth-weighted,20,0.532284387119722,0.0127017305624812,0.0183446020152355,0.0183446020152355,7
all,Codex F,30,0.628076765873137,0.00868844229941382,0.0145448477477766,0.0145448477477766,7
all,F no distance,30,0.628076765873137,0.0264629592193241,0.0307638341087116,0.0307638341087116,7
all,F+,30,0.628076765873137,0.00868800969464324,0.0145449419682101,0.0145449419682101,7
all,F guarded,30,0.628076765873137,0.0116640787016088,0.0115893703286755,0.0115893703286755,7
all,New C,30,0.628076765873137,0.0121612517621759,0.0131624332393319,0.0131624332393319,7
all,New C with dCor,30,0.628076765873137,0.00844929855665085,0.0144814365780695,0.0144814365780695,7
all,F+ depth-weighted,30,0.628076765873137,0.00889786587109204,0.014845550072199,0.014845550072199,7
first,Codex F,30,0.628076765873137,0.00864093278049006,0.0147638523243331,0.0147638523243331,7
first,F no distance,30,0.628076765873137,0.0261262744710089,0.0308206368544286,0.0308206368544286,7
first,F+,30,0.628076765873137,0.00863981999506954,0.0147640438527275,0.0147640438527275,7
first,F guarded,30,0.628076765873137,0.0116265501110791,0.0116789840579058,0.0116789840579058,7
first,New C,30,0.628076765873137,0.0116330237109076,0.0128339828075905,0.0128339828075905,7
first,New C with dCor,30,0.628076765873137,0.0083080070073862,0.0145410622388965,0.0145410622388965,7
first,F+ depth-weighted,30,0.628076765873137,0.00886371991643726,0.0150662586500502,0.0150662586500502,7
second,Codex F,30,0.628076765873137,0.00876878406165107,0.0143551204698544,0.0143551204698544,7
second,F no distance,30,0.628076765873137,0.0268210037505763,0.030702315824188,0.030702315824188,7
second,F+,30,0.628076765873137,0.00876885705957354,0.014355144402812,0.014355144402812,7
second,F guarded,30,0.628076765873137,0.0117141122343912,0.0114939532987225,0.0114939532987225,7
second,New C,30,0.628076765873137,0.0127451661298629,0.0135179411460242,0.0135179411460242,7
second,New C with dCor,30,0.628076765873137,0.00859687247475875,0.0144352317045095,0.0144352317045095,7
second,F+ depth-weighted,30,0.628076765873137,0.00897616876730415,0.0146793760466084,0.0146793760466084,7
all,Codex F,50,0.734295787355217,0.00631969336941999,0.0112928625109818,0.0112928625109818,7
all,F no distance,50,0.734295787355217,0.0227654015955644,0.0288359612054026,0.0288359612054026,7
all,F+,50,0.734295787355217,0.00631998880712103,0.0112939940661936,0.0112939940661936,7
all,F guarded,50,0.734295787355217,0.00688696074876004,0.00836245233685626,0.00836245233685626,7
all,New C,50,0.734295787355217,0.0070722149479711,0.00957376001853514,0.00957376001853514,7
all,New C with dCor,50,0.734295787355217,0.0053102772551277,0.0105875915236527,0.0105875915236527,7
all,F+ depth-weighted,50,0.734295787355217,0.0064233737657514,0.0115842333975481,0.0115842333975481,7
first,Codex F,50,0.734295787355217,0.00617448150444587,0.0113430779239086,0.0113430779239086,7
first,F no distance,50,0.734295787355217,0.0224555220320317,0.0288673974551507,0.0288673974551507,7
first,F+,50,0.734295787355217,0.00617465864727358,0.0113432131153034,0.0113432131153034,7
first,F guarded,50,0.734295787355217,0.00665399471038731,0.00830566321090373,0.00830566321090373,7
first,New C,50,0.734295787355217,0.00674419537875822,0.00933072401805011,0.00933072401805011,7
first,New C with dCor,50,0.734295787355217,0.00511263073577956,0.0104690416909908,0.0104690416909908,7
first,F+ depth-weighted,50,0.734295787355217,0.00627255545857465,0.0116688084083174,0.0116688084083174,7
second,Codex F,50,0.734295787355217,0.00647628708236584,0.0112390256520081,0.0112390256520081,7
second,F no distance,50,0.734295787355217,0.0230618013659708,0.028806277569527,0.028806277569527,7
second,F+,50,0.734295787355217,0.00647628708236584,0.0112390256520081,0.0112390256520081,7
second,F guarded,50,0.734295787355217,0.00715475420788003,0.00844835434205442,0.00844835434205442,7
second,New C,50,0.734295787355217,0.00744706752876759,0.009840681321409,0.009840681321409,7
second,New C with dCor,50,0.734295787355217,0.00555844815832478,0.0107513936463332,0.0107513936463332,7
second,F+ depth-weighted,50,0.734295787355217,0.00659255000608485,0.0115421328202736,0.0115421328202736,7
all,Codex F,75,0.803427651095867,0.00516828836614974,0.00927497134362313,0.00927497134362313,7
all,F no distance,75,0.803427651095867,0.0192635388353051,0.0266477380234905,0.0266477380234905,7
all,F+,75,0.803427651095867,0.00516825056341409,0.00927502369650702,0.00927502369650702,7
all,F guarded,75,0.803427651095867,0.00558868254191566,0.00681021368443397,0.00681021368443397,7
all,New C,75,0.803427651095867,0.00483341045713177,0.00730846802137708,0.00730846802137708,7
all,New C with dCor,75,0.803427651095867,0.0039213712336915,0.00831485019179942,0.00831485019179942,7
all,F+ depth-weighted,75,0.803427651095867,0.0052365045968063,0.0095196309175636,0.0095196309175636,7
first,Codex F,75,0.803427651095867,0.00504889987401611,0.00929443559966882,0.00929443559966882,7
first,F no distance,75,0.803427651095867,0.0190824290035031,0.0267712656168915,0.0267712656168915,7
first,F+,75,0.803427651095867,0.00504948287990847,0.00929548472597038,0.00929548472597038,7
first,F guarded,75,0.803427651095867,0.00531423273086127,0.00670316974970442,0.00670316974970442,7
first,New C,75,0.803427651095867,0.00448535863530119,0.0069792573236191,0.0069792573236191,7
first,New C with dCor,75,0.803427651095867,0.00374224536494438,0.00817556353900911,0.00817556353900911,7
first,F+ depth-weighted,75,0.803427651095867,0.00511630433743528,0.00955190467229007,0.00955190467229007,7
second,Codex F,75,0.803427651095867,0.00528193317022824,0.00922893829916752,0.00922893829916752,7
second,F no distance,75,0.803427651095867,0.0194630621153514,0.0265177341887712,0.0265177341887712,7
second,F+,75,0.803427651095867,0.00528201784781831,0.0092289625657156,0.0092289625657156,7
second,F guarded,75,0.803427651095867,0.00588919448195964,0.00694518207473274,0.00694518207473274,7
second,New C,75,0.803427651095867,0.00525230087272028,0.00773729883949641,0.00773729883949641,7
second,New C with dCor,75,0.803427651095867,0.00414172411910495,0.00851144410044994,0.00851144410044994,7
second,F+ depth-weighted,75,0.803427651095867,0.0053759720035506,0.00952661013633737,0.00952661013633737,7
all,Codex F,100,0.843794398070452,0.00413376867036672,0.00742149028956805,0.00742149028956805,7
all,F no distance,100,0.843794398070452,0.0164898001106967,0.0244934762745649,0.0244934762745649,7
all,F+,100,0.843794398070452,0.00413371943889704,0.0074215213648514,0.0074215213648514,7
all,F guarded,100,0.843794398070452,0.00440838634587127,0.00545017657923781,0.00545017657923781,7
all,New C,100,0.843794398070452,0.00374954018814038,0.00602126366554257,0.00602126366554257,7
all,New C with dCor,100,0.843794398070452,0.0033036387048034,0.00711340311490798,0.00711340311490798,7
all,F+ depth-weighted,100,0.843794398070452,0.00421931794902578,0.00771709957112669,0.00771709957112669,7
first,Codex F,100,0.843794398070452,0.00404333269397337,0.00748698278347337,0.00748698278347337,7
first,F no distance,100,0.843794398070452,0.0162786258142586,0.0245670945173553,0.0245670945173553,7
first,F+,100,0.843794398070452,0.00404333269397337,0.00748698278347337,0.00748698278347337,7
first,F guarded,100,0.843794398070452,0.00432776250685208,0.00549182273921445,0.00549182273921445,7
first,New C,100,0.843794398070452,0.00352035749304133,0.00582907727136371,0.00582907727136371,7
first,New C with dCor,100,0.843794398070452,0.003160784590269,0.00697809127145027,0.00697809127145027,7
first,F+ depth-weighted,100,0.843794398070452,0.00424571776659351,0.00793312015868856,0.00793312015868856,7
second,Codex F,100,0.843794398070452,0.00416135427434485,0.00725805078368622,0.00725805078368622,7
second,F no distance,100,0.843794398070452,0.0167046623979518,0.0244356392380513,0.0244356392380513,7
second,F+,100,0.843794398070452,0.00416135427434485,0.00725805078368622,0.00725805078368622,7
second,F guarded,100,0.843794398070452,0.00448054844609889,0.00538005438604004,0.00538005438604004,7
second,New C,100,0.843794398070452,0.00393125703099391,0.00614259008607348,0.00614259008607348,7
second,New C with dCor,100,0.843794398070452,0.0034300791257061,0.00716738432304458,0.00716738432304458,7
second,F+ depth-weighted,100,0.843794398070452,0.00431969256664396,0.00765201725458392,0.00765201725458392,7
all,Codex F,150,0.889138146764167,0.00318208396136256,0.00550897302063027,0.00550897302063027,7
all,F no distance,150,0.889138146764167,0.0128142207421719,0.0211791745047791,0.0211791745047791,7
all,F+,150,0.889138146764167,0.00318212637644957,0.00550916232097373,0.00550916232097373,7
all,F guarded,150,0.889138146764167,0.00321462190557355,0.00374143944275726,0.00374143944275726,7
all,New C,150,0.889138146764167,0.00270929004812292,0.00430414891811711,0.00430414891811711,7
all,New C with dCor,150,0.889138146764167,0.00260533174961676,0.00541933297593662,0.00541933297593662,7
all,F+ depth-weighted,150,0.889138146764167,0.00323115553169383,0.00574861744950937,0.00574861744950937,7
first,Codex F,150,0.889138146764167,0.00315666493746394,0.00561129709676651,0.00561129709676651,7
first,F no distance,150,0.889138146764167,0.0126518044171142,0.0213080663268237,0.0213080663268237,7
first,F+,150,0.889138146764167,0.00315666493746394,0.0056112819220793,0.0056112819220793,7
first,F guarded,150,0.889138146764167,0.00315856818288506,0.0037819667970468,0.0037819667970468,7
first,New C,150,0.889138146764167,0.00259583826521279,0.00415976755553667,0.00415976755553667,7
first,New C with dCor,150,0.889138146764167,0.00255061087496559,0.00544925354981362,0.00544925354981362,7
first,F+ depth-weighted,150,0.889138146764167,0.0032106814684459,0.00585090794701612,0.00585090794701612,7
second,Codex F,150,0.889138146764167,0.00320818952594534,0.00541199559215108,0.00541199559215108,7
second,F no distance,150,0.889138146764167,0.0129686859487362,0.0210279066942612,0.0210279066942612,7
second,F+,150,0.889138146764167,0.00320818709268126,0.00541199374776945,0.00541199374776945,7
second,F guarded,150,0.889138146764167,0.00327594889989611,0.00371628090392902,0.00371628090392902,7
second,New C,150,0.889138146764167,0.00280229510324794,0.00440255940140222,0.00440255940140222,7
second,New C with dCor,150,0.889138146764167,0.00269136446178936,0.00543589511032933,0.00543589511032933,7
second,F+ depth-weighted,150,0.889138146764167,0.0032709442044898,0.00564038641455622,0.00564038641455622,7
all,Codex F,200,0.914033950690219,0.00283521834178454,0.00472479061605261,0.00472479061605261,7
all,F no distance,200,0.914033950690219,0.0104689039645408,0.0185248261661699,0.0185248261661699,7
all,F+,200,0.914033950690219,0.00283521834178454,0.00472479061605261,0.00472479061605261,7
all,F guarded,200,0.914033950690219,0.00283149748746443,0.00305313105989709,0.00305313105989709,7
all,New C,200,0.914033950690219,0.00237068579155271,0.00361663371824418,0.00361663371824418,7
all,New C with dCor,200,0.914033950690219,0.00238623261088863,0.00476450519103248,0.00476450519103248,7
all,F+ depth-weighted,200,0.914033950690219,0.00286965543031191,0.00488209871903999,0.00488209871903999,7
first,Codex F,200,0.914033950690219,0.00280654676044224,0.00480572762360115,0.00480572762360115,7
first,F no distance,200,0.914033950690219,0.0103565350285283,0.0187536647419777,0.0187536647419777,7
first,F+,200,0.914033950690219,0.00280654676044224,0.00480572762360115,0.00480572762360115,7
first,F guarded,200,0.914033950690219,0.00276360672180367,0.00305891028084038,0.00305891028084038,7
first,New C,200,0.914033950690219,0.00229182730676154,0.00351005496205371,0.00351005496205371,7
first,New C with dCor,200,0.914033950690219,0.00231334879137791,0.00470292728587078,0.00470292728587078,7
first,F+ depth-weighted,200,0.914033950690219,0.00284665098386909,0.00495052442020707,0.00495052442020707,7
second,Codex F,200,0.914033950690219,0.00287467136207415,0.00464809724922194,0.00464809724922194,7
second,F no distance,200,0.914033950690219,0.010572409589741,0.0183221630527702,0.0183221630527702,7
second,F+,200,0.914033950690219,0.00287467136207415,0.00464809724922194,0.00464809724922194,7
second,F guarded,200,0.914033950690219,0.00291326975187251,0.00304074374118747,0.00304074374118747,7
second,New C,200,0.914033950690219,0.00244924767527432,0.00369318281459497,0.00369318281459497,7
second,New C with dCor,200,0.914033950690219,0.00246566683771252,0.00478932170025395,0.00478932170025395,7
second,F+ depth-weighted,200,0.914033950690219,0.00290559882928162,0.00479997672398515,0.00479997672398515,7
all,Codex F,300,0.940653533303244,0.0025396112435709,0.00403816031855656,0.00403816031855656,7
all,F no distance,300,0.940653533303244,0.00776814467609245,0.0147777048035412,0.0147777048035412,7
all,F+,300,0.940653533303244,0.0025396112435709,0.00403816031855656,0.00403816031855656,7
all,F guarded,300,0.940653533303244,0.002467948698648,0.002483541880819,0.002483541880819,7
all,New C,300,0.940653533303244,0.00207894644333781,0.00289854887440799,0.00289854887440799,7
all,New C with dCor,300,0.940653533303244,0.00217279393040347,0.00399776579886761,0.00399776579886761,7
all,F+ depth-weighted,300,0.940653533303244,0.00257755593927528,0.0041841847138693,0.0041841847138693,7
first,Codex F,300,0.940653533303244,0.00255187906666417,0.00419066649821673,0.00419066649821673,7
first,F no distance,300,0.940653533303244,0.00770460918860569,0.0149916601083634,0.0149916601083634,7
first,F+,300,0.940653533303244,0.00255187906666417,0.00419066649821673,0.00419066649821673,7
first,F guarded,300,0.940653533303244,0.00246430114124151,0.002562425129353,0.002562425129353,7
first,New C,300,0.940653533303244,0.00203214073902204,0.00288218485245483,0.00288218485245483,7
first,New C with dCor,300,0.940653533303244,0.00213385382314494,0.0040555433127531,0.0040555433127531,7
first,F+ depth-weighted,300,0.940653533303244,0.00255831862804237,0.00426661015107812,0.00426661015107812,7
second,Codex F,300,0.940653533303244,0.00254700051653105,0.0039168745728215,0.0039168745728215,7
second,F no distance,300,0.940653533303244,0.00783197708551488,0.014586683349763,0.014586683349763,7
second,F+,300,0.940653533303244,0.00254700051653105,0.0039168745728215,0.0039168745728215,7
second,F guarded,300,0.940653533303244,0.00254468932290596,0.00247853991243097,0.00247853991243097,7
second,New C,300,0.940653533303244,0.00214237536543908,0.00295433966684779,0.00295433966684779,7
second,New C with dCor,300,0.940653533303244,0.00222135049187272,0.00395652495524145,0.00395652495524145,7
second,F+ depth-weighted,300,0.940653533303244,0.00255518514702468,0.00403356046268405,0.00403356046268405,7
all,Codex F,500,0.963338789913237,0.00227646678675099,0.00348606676419051,0.00348606676419051,7
all,F no distance,500,0.963338789913237,0.00543515964619607,0.0106028339228619,0.0106028339228619,7
all,F+,500,0.963338789913237,0.00227646678675099,0.00348606676419051,0.00348606676419051,7
all,F guarded,500,0.963338789913237,0.00222650888215585,0.00215362335769217,0.00215362335769217,7
all,New C,500,0.963338789913237,0.00192981249005401,0.00247063077088029,0.00247063077088029,7
all,New C with dCor,500,0.963338789913237,0.00202483905193577,0.00339333858174341,0.00339333858174341,7
all,F+ depth-weighted,500,0.963338789913237,0.00227480347809105,0.00354457408921801,0.00354457408921801,7
first,Codex F,500,0.963338789913237,0.00224912839324253,0.00351863282703694,0.00351863282703694,7
first,F no distance,500,0.963338789913237,0.00540899733350481,0.0107987463443732,0.0107987463443732,7
first,F+,500,0.963338789913237,0.00224912839324253,0.00351863282703694,0.00351863282703694,7
first,F guarded,500,0.963338789913237,0.00219303995628461,0.00216602777057108,0.00216602777057108,7
first,New C,500,0.963338789913237,0.00189210009748049,0.00247537237480823,0.00247537237480823,7
first,New C with dCor,500,0.963338789913237,0.00198531820101821,0.00342851923398986,0.00342851923398986,7
first,F+ depth-weighted,500,0.963338789913237,0.00224889592844321,0.00359637998692012,0.00359637998692012,7
second,Codex F,500,0.963338789913237,0.00230633891251054,0.00343455034172018,0.00343455034172018,7
second,F no distance,500,0.963338789913237,0.00545793717062739,0.0103942627108875,0.0103942627108875,7
second,F+,500,0.963338789913237,0.00230633891251054,0.00343455034172018,0.00343455034172018,7
second,F guarded,500,0.963338789913237,0.00227127833717707,0.00214538144969002,0.00214538144969002,7
second,New C,500,0.963338789913237,0.00196934643153686,0.00245721706339715,0.00245721706339715,7
second,New C with dCor,500,0.963338789913237,0.00206610451413605,0.00334880234972776,0.00334880234972776,7
second,F+ depth-weighted,500,0.963338789913237,0.00229889712683874,0.00349542561446978,0.00349542561446978,7
all,Codex F,1000,0.981249623042887,0.00205899442791509,0.00294429818059233,0.00294429818059233,7
all,F no distance,1000,0.981249623042887,0.00314726443307781,0.00592796775870447,0.00592796775870447,7
all,F+,1000,0.981249623042887,0.00205899442791509,0.00294429818059233,0.00294429818059233,7
all,F guarded,1000,0.981249623042887,0.00197904948593477,0.00187041668728141,0.00187041668728141,7
all,New C,1000,0.981249623042887,0.00184925728298944,0.00222895074981385,0.00222895074981385,7
all,New C with dCor,1000,0.981249623042887,0.00191045709194298,0.00285896004632069,0.00285896004632069,7
all,F+ depth-weighted,1000,0.981249623042887,0.00206301371158938,0.00300460117865981,0.00300460117865981,7
first,Codex F,1000,0.981249623042887,0.00204534233506128,0.00297446029720236,0.00297446029720236,7
first,F no distance,1000,0.981249623042887,0.00318033731400367,0.00614568817880686,0.00614568817880686,7
first,F+,1000,0.981249623042887,0.00204534233506128,0.00297446029720236,0.00297446029720236,7
first,F guarded,1000,0.981249623042887,0.00196723515855087,0.00188369261928897,0.00188369261928897,7
first,New C,1000,0.981249623042887,0.00181571189081849,0.00225418522061393,0.00225418522061393,7
first,New C with dCor,1000,0.981249623042887,0.00188177931108437,0.00288298407645141,0.00288298407645141,7
first,F+ depth-weighted,1000,0.981249623042887,0.0020385901131203,0.0030113927049581,0.0030113927049581,7
second,Codex F,1000,0.981249623042887,0.00207354164658363,0.00291665722914939,0.00291665722914939,7
second,F no distance,1000,0.981249623042887,0.00311560130049804,0.00571025010400891,0.00571025010400891,7
second,F+,1000,0.981249623042887,0.00207354164658363,0.00291665722914939,0.00291665722914939,7
second,F guarded,1000,0.981249623042887,0.00200784946966741,0.0018827366396504,0.0018827366396504,7
second,New C,1000,0.981249623042887,0.00188179586832592,0.0022116789233681,0.0022116789233681,7
second,New C with dCor,1000,0.981249623042887,0.00193586403386636,0.00282777550348527,0.00282777550348527,7
second,F+ depth-weighted,1000,0.981249623042887,0.00207317145821561,0.00296330199319105,0.00296330199319105,7
all,Codex F,3000,0.99365231199093,0.00187546369513917,0.00225568085227255,0.00225568085227255,7
all,F no distance,3000,0.99365231199093,0.00210423479493722,0.00339537719394002,0.00339537719394002,7
all,F+,3000,0.99365231199093,0.00187546369513917,0.00225568085227255,0.00225568085227255,7
all,F guarded,3000,0.99365231199093,0.00183378427757067,0.00165675567717496,0.00165675567717496,7
all,New C,3000,0.99365231199093,0.00180118159998095,0.00204893171711476,0.00204893171711476,7
all,New C with dCor,3000,0.99365231199093,0.00183454308451098,0.00232905750825605,0.00232905750825605,7
all,F+ depth-weighted,3000,0.99365231199093,0.00186513943751661,0.00228910330532762,0.00228910330532762,7
first,Codex F,3000,0.99365231199093,0.00186439959920423,0.00227991076757063,0.00227991076757063,7
first,F no distance,3000,0.99365231199093,0.00208153188089027,0.0034363268624863,0.0034363268624863,7
first,F+,3000,0.99365231199093,0.00186439959920423,0.00227991076757063,0.00227991076757063,7
first,F guarded,3000,0.99365231199093,0.00181378426458857,0.0016500124046929,0.0016500124046929,7
first,New C,3000,0.99365231199093,0.00178140808414455,0.00204252680990487,0.00204252680990487,7
first,New C with dCor,3000,0.99365231199093,0.00181087825583442,0.00231300742148778,0.00231300742148778,7
first,F+ depth-weighted,3000,0.99365231199093,0.0018482355565331,0.00231279259831468,0.00231279259831468,7
second,Codex F,3000,0.99365231199093,0.00189715509612349,0.00225540672654591,0.00225540672654591,7
second,F no distance,3000,0.99365231199093,0.00211709443085385,0.00334766030246485,0.00334766030246485,7
second,F+,3000,0.99365231199093,0.00189715509612349,0.00225540672654591,0.00225540672654591,7
second,F guarded,3000,0.99365231199093,0.00185564775671153,0.0016721668658422,0.0016721668658422,7
second,New C,3000,0.99365231199093,0.00181902974823695,0.0020648756406722,0.0020648756406722,7
second,New C with dCor,3000,0.99365231199093,0.00184970516693474,0.00233407415047197,0.00233407415047197,7
second,F+ depth-weighted,3000,0.99365231199093,0.00188977733409167,0.00229270241131657,0.00229270241131657,7
all,Codex F,10000,0.998085193188478,0.00178884071143931,0.00171780605320681,0.00171780605320681,7
all,F no distance,10000,0.998085193188478,0.00182414748897658,0.00213941591159513,0.00213941591159513,7
all,F+,10000,0.998085193188478,0.00178884071143931,0.00171780605320681,0.00171780605320681,7
all,F guarded,10000,0.998085193188478,0.00175853399529314,0.00146675339884714,0.00146675339884714,7
all,New C,10000,0.998085193188478,0.00178467479197853,0.00188007033827354,0.00188007033827354,7
all,New C with dCor,10000,0.998085193188478,0.00179557208897546,0.00198206870215931,0.00198206870215931,7
all,F+ depth-weighted,10000,0.998085193188478,0.00178171914747805,0.00174083401842289,0.00174083401842289,7
first,Codex F,10000,0.998085193188478,0.00177605025594278,0.00173329383219776,0.00173329383219776,7
first,F no distance,10000,0.998085193188478,0.00180753428384242,0.00216236766870799,0.00216236766870799,7
first,F+,10000,0.998085193188478,0.00177605025594278,0.00173329383219776,0.00173329383219776,7
first,F guarded,10000,0.998085193188478,0.00174511340649756,0.00148188366338964,0.00148188366338964,7
first,New C,10000,0.998085193188478,0.00177078661689508,0.00187278057483378,0.00187278057483378,7
first,New C with dCor,10000,0.998085193188478,0.00178654815856816,0.00197902184892633,0.00197902184892633,7
first,F+ depth-weighted,10000,0.998085193188478,0.00176341378659174,0.00176947171160336,0.00176947171160336,7
second,Codex F,10000,0.998085193188478,0.00179995207478196,0.00171263919682578,0.00171263919682578,7
second,F no distance,10000,0.998085193188478,0.00184958952884976,0.00212769096492628,0.00212769096492628,7
second,F+,10000,0.998085193188478,0.00179995207478196,0.00171263919682578,0.00171263919682578,7
second,F guarded,10000,0.998085193188478,0.00177540273981088,0.00146387812401906,0.00146387812401906,7
second,New C,10000,0.998085193188478,0.00180137741713191,0.00190208257997253,0.00190208257997253,7
second,New C with dCor,10000,0.998085193188478,0.00181290713849206,0.00199850811222123,0.00199850811222123,7
second,F+ depth-weighted,10000,0.998085193188478,0.00180048060441855,0.00172216174667285,0.00172216174667285,7
all,Codex F,1e+05,0.999808110645714,0.00175159942402902,0.00134517798427685,0.00134517798427685,7
all,F no distance,1e+05,0.999808110645714,0.00175337433792941,0.00138637836240411,0.00138637836240411,7
all,F+,1e+05,0.999808110645714,0.00175159942402902,0.00134517798427685,0.00134517798427685,7
all,F guarded,1e+05,0.999808110645714,0.00174877572764067,0.00131482361007118,0.00131482361007118,7
all,New C,1e+05,0.999808110645714,0.0017810014757946,0.00175665707965491,0.00175665707965491,7
all,New C with dCor,1e+05,0.999808110645714,0.00178180627747711,0.00176703893426667,0.00176703893426667,7
all,F+ depth-weighted,1e+05,0.999808110645714,0.00173865082259233,0.00135387295260028,0.00135387295260028,7
first,Codex F,1e+05,0.999808110645714,0.00173503598663927,0.00135793978004153,0.00135793978004153,7
first,F no distance,1e+05,0.999808110645714,0.00173599043901427,0.00141186154003959,0.00141186154003959,7
first,F+,1e+05,0.999808110645714,0.00173503598663927,0.00135793978004153,0.00135793978004153,7
first,F guarded,1e+05,0.999808110645714,0.00173095848151784,0.00131803495824684,0.00131803495824684,7
first,New C,1e+05,0.999808110645714,0.00176214527914989,0.00175720911124193,0.00175720911124193,7
first,New C with dCor,1e+05,0.999808110645714,0.00176562323786557,0.00177008161848177,0.00177008161848177,7
first,F+ depth-weighted,1e+05,0.999808110645714,0.00171613912619986,0.00136041833341869,0.00136041833341869,7
second,Codex F,1e+05,0.999808110645714,0.00177067872095117,0.0013263222375916,0.0013263222375916,7
second,F no distance,1e+05,0.999808110645714,0.00177166021065855,0.00136150615819474,0.00136150615819474,7
second,F+,1e+05,0.999808110645714,0.00177067872095117,0.0013263222375916,0.0013263222375916,7
second,F guarded,1e+05,0.999808110645714,0.00176643444364376,0.00129859547209861,0.00129859547209861,7
second,New C,1e+05,0.999808110645714,0.00179915109608789,0.00176660365680332,0.00176660365680332,7
second,New C with dCor,1e+05,0.999808110645714,0.00180056309886738,0.00177853338344508,0.00177853338344508,7
second,F+ depth-weighted,1e+05,0.999808110645714,0.00175318334543504,0.00133567342138481,0.00133567342138481,7
all,Codex F,Inf,1,0.00175142546089575,0.00129117815769679,0.00129117815769679,7
all,F no distance,Inf,1,0.00175142546089575,0.00129117815769679,0.00129117815769679,7
all,F+,Inf,1,0.00175142546089575,0.00129117815769679,0.00129117815769679,7
all,F guarded,Inf,1,0.00175142546089575,0.00129117815769679,0.00129117815769679,7
all,New C,Inf,1,0.00178129771041743,0.00175016363780637,0.00175016363780637,7
all,New C with dCor,Inf,1,0.00178129771041743,0.00175016363780637,0.00175016363780637,7
all,F+ depth-weighted,Inf,1,0.00173593438104881,0.00128357532425242,0.00128357532425242,7
first,Codex F,Inf,1,0.00172844249508843,0.00130011003998129,0.00130011003998129,7
first,F no distance,Inf,1,0.00172844249508843,0.00130011003998129,0.00130011003998129,7
first,F+,Inf,1,0.00172844249508843,0.00130011003998129,0.00130011003998129,7
first,F guarded,Inf,1,0.00172844249508843,0.00130011003998129,0.00130011003998129,7
first,New C,Inf,1,0.00176219745568186,0.00174847937013419,0.00174847937013419,7
first,New C with dCor,Inf,1,0.00176219745568186,0.00174847937013419,0.00174847937013419,7
first,F+ depth-weighted,Inf,1,0.00170713221925501,0.00128890066961699,0.00128890066961699,7
second,Codex F,Inf,1,0.00176763945214537,0.00128143937617104,0.00128143937617104,7
second,F no distance,Inf,1,0.00176763945214537,0.00128143937617104,0.00128143937617104,7
second,F+,Inf,1,0.00176763945214537,0.00128143937617104,0.00128143937617104,7
second,F guarded,Inf,1,0.00176763945214537,0.00128143937617104,0.00128143937617104,7
second,New C,Inf,1,0.00180286624893879,0.00176205319249178,0.00176205319249178,7
second,New C with dCor,Inf,1,0.00180286624893879,0.00176205319249178,0.00176205319249178,7
second,F+ depth-weighted,Inf,1,0.00175304732612163,0.00128308498592575,0.00128308498592575,7
all,Codex F,0,0,0.0384635407756742,0.0366672213370803,0.0366672213370803,8
all,F no distance,0,0,0.0384635407756742,0.0366672213370803,0.0366672213370803,8
all,F+,0,0,0.0384641715068861,0.036667374758983,0.036667374758983,8
all,F guarded,0,0,0.082017525096879,0.0473543025281294,0.0473543025281294,8
all,New C,0,0,0.0544685542327938,0.038288222349395,0.038288222349395,8
all,New C with dCor,0,0,0.0219353449913606,0.0269372345432481,0.0269372345432481,8
all,F+ depth-weighted,0,0,0.0385284131636618,0.036699469680879,0.036699469680879,8
first,Codex F,0,0,0.0375352348418269,0.0365973162552236,0.0365973162552236,8
first,F no distance,0,0,0.0375352348418269,0.0365973162552236,0.0365973162552236,8
first,F+,0,0,0.0375352348418269,0.0365973162552236,0.0365973162552236,8
first,F guarded,0,0,0.0813083679198096,0.0475179824139692,0.0475179824139692,8
first,New C,0,0,0.0522259574053806,0.0378723397978659,0.0378723397978659,8
first,New C with dCor,0,0,0.0202567783926648,0.0261639919180948,0.0261639919180948,8
first,F+ depth-weighted,0,0,0.0375643974519562,0.036624925182727,0.036624925182727,8
second,Codex F,0,0,0.039424850794311,0.0367325046789531,0.0367325046789531,8
second,F no distance,0,0,0.039424850794311,0.0367325046789531,0.0367325046789531,8
second,F+,0,0,0.0394244949395551,0.0367326082891058,0.0367326082891058,8
second,F guarded,0,0,0.0827058655455985,0.0471895445982026,0.0471895445982026,8
second,New C,0,0,0.0566891439791919,0.0386848944587685,0.0386848944587685,8
second,New C with dCor,0,0,0.0235961184325545,0.0277297120299686,0.0277297120299686,8
second,F+ depth-weighted,0,0,0.0395024465320777,0.0367702533848685,0.0367702533848685,8
all,Codex F,3,0.117470632330429,0.032892137829502,0.0339247516353764,0.0339247516353764,8
all,F no distance,3,0.117470632330429,0.0375267323695914,0.0363389732740831,0.0363389732740831,8
all,F+,3,0.117470632330429,0.032892769980747,0.0339254547964505,0.0339254547964505,8
all,F guarded,3,0.117470632330429,0.0374446257790774,0.0333373021507521,0.0333373021507521,8
all,New C,3,0.117470632330429,0.0478858489769781,0.0368580280318066,0.0368580280318066,8
all,New C with dCor,3,0.117470632330429,0.0190404554409816,0.0249289757347158,0.0249289757347158,8
all,F+ depth-weighted,3,0.117470632330429,0.0329654350343687,0.033980793316259,0.033980793316259,8
first,Codex F,3,0.117470632330429,0.032163927278732,0.033914406006698,0.033914406006698,8
first,F no distance,3,0.117470632330429,0.036595519690334,0.0362599892413834,0.0362599892413834,8
first,F+,3,0.117470632330429,0.032163927278732,0.033914406006698,0.033914406006698,8
first,F guarded,3,0.117470632330429,0.0369932823855025,0.0333874785185618,0.0333874785185618,8
first,New C,3,0.117470632330429,0.0459134417829071,0.036402860507823,0.036402860507823,8
first,New C with dCor,3,0.117470632330429,0.0177724312508162,0.0243111651060482,0.0243111651060482,8
first,F+ depth-weighted,3,0.117470632330429,0.0322537151863696,0.033963268788676,0.033963268788676,8
second,Codex F,3,0.117470632330429,0.0336095363373294,0.033929738604223,0.033929738604223,8
second,F no distance,3,0.117470632330429,0.0384643503118825,0.0363948373454509,0.0363948373454509,8
second,F+,3,0.117470632330429,0.0336091730598162,0.0339297488855099,0.0339297488855099,8
second,F guarded,3,0.117470632330429,0.0379198045247796,0.0332987452053518,0.0332987452053518,8
second,New C,3,0.117470632330429,0.0498566583437281,0.0373205489331593,0.0373205489331593,8
second,New C with dCor,3,0.117470632330429,0.0203569950119838,0.0255043708722842,0.0255043708722842,8
second,F+ depth-weighted,3,0.117470632330429,0.0336869922342577,0.0339956274952124,0.0339956274952124,8
all,Codex F,5,0.206174662261047,0.0292244280631987,0.0311457283427106,0.0311457283427106,8
all,F no distance,5,0.206174662261047,0.0366531178111393,0.0360080148977469,0.0360080148977469,8
all,F+,5,0.206174662261047,0.0292244302828667,0.0311459517740375,0.0311459517740375,8
all,F guarded,5,0.206174662261047,0.0269057946473312,0.0247894277447815,0.0247894277447815,8
all,New C,5,0.206174662261047,0.0347248519667155,0.0303093683531384,0.0303093683531384,8
all,New C with dCor,5,0.206174662261047,0.0172793187012721,0.0231135680916888,0.0231135680916888,8
all,F+ depth-weighted,5,0.206174662261047,0.0293075519629304,0.0312182016710124,0.0312182016710124,8
first,Codex F,5,0.206174662261047,0.0286585791846717,0.0311678332239157,0.0311678332239157,8
first,F no distance,5,0.206174662261047,0.0357569084322193,0.0359345383640987,0.0359345383640987,8
first,F+,5,0.206174662261047,0.0286591295369447,0.0311687079438068,0.0311687079438068,8
first,F guarded,5,0.206174662261047,0.0263544278102329,0.0249155840379829,0.0249155840379829,8
first,New C,5,0.206174662261047,0.0342106983776145,0.0302751243539806,0.0302751243539806,8
first,New C with dCor,5,0.206174662261047,0.0161672521942812,0.0225774105118337,0.0225774105118337,8
first,F+ depth-weighted,5,0.206174662261047,0.0287611547394824,0.0312521697612842,0.0312521697612842,8
second,Codex F,5,0.206174662261047,0.0297309834271942,0.0310897180831995,0.0310897180831995,8
second,F no distance,5,0.206174662261047,0.0375822445267284,0.0360796305648933,0.0360796305648933,8
second,F+,5,0.206174662261047,0.0297304952637038,0.0310897672125842,0.0310897672125842,8
second,F guarded,5,0.206174662261047,0.0274914662175815,0.0246764214377467,0.0246764214377467,8
second,New C,5,0.206174662261047,0.0352574780818112,0.0303455665773758,0.0303455665773758,8
second,New C with dCor,5,0.206174662261047,0.0184267358827371,0.0236761277236738,0.0236761277236738,8
second,F+ depth-weighted,5,0.206174662261047,0.0298264235540486,0.0311880509744669,0.0311880509744669,8
all,Codex F,10,0.360961882464157,0.024076825244465,0.0265094761243008,0.0265094761243008,8
all,F no distance,10,0.360961882464157,0.0347967061617616,0.0352395184468396,0.0352395184468396,8
all,F+,10,0.360961882464157,0.0240774993538337,0.0265118523957058,0.0265118523957058,8
all,F guarded,10,0.360961882464157,0.0238700827389751,0.0194199814060701,0.0194199814060701,8
all,New C,10,0.360961882464157,0.0191523013910316,0.019277283186271,0.019277283186271,8
all,New C with dCor,10,0.360961882464157,0.014645723044666,0.0203332087918319,0.0203332087918319,8
all,F+ depth-weighted,10,0.360961882464157,0.0242375274782254,0.0266214895352464,0.0266214895352464,8
first,Codex F,10,0.360961882464157,0.0236522283484775,0.0266372442053979,0.0266372442053979,8
first,F no distance,10,0.360961882464157,0.0339210907766241,0.0351823490219802,0.0351823490219802,8
first,F+,10,0.360961882464157,0.0236549500676867,0.0266425692358814,0.0266425692358814,8
first,F guarded,10,0.360961882464157,0.0230872454587606,0.0193292469809086,0.0193292469809086,8
first,New C,10,0.360961882464157,0.0187424087016931,0.0192660667551726,0.0192660667551726,8
first,New C with dCor,10,0.360961882464157,0.0137081734779362,0.0198762637563784,0.0198762637563784,8
first,F+ depth-weighted,10,0.360961882464157,0.0238156018431371,0.0267484183449165,0.0267484183449165,8
second,Codex F,10,0.360961882464157,0.0245100159060438,0.0263771621666102,0.0263771621666102,8
second,F no distance,10,0.360961882464157,0.0356983870666038,0.0353174126939286,0.0353174126939286,8
second,F+,10,0.360961882464157,0.0245126512519969,0.026379217407224,0.026379217407224,8
second,F guarded,10,0.360961882464157,0.0246627343942483,0.0195615787960904,0.0195615787960904,8
second,New C,10,0.360961882464157,0.019686485786546,0.0193596253039402,0.0193596253039402,8
second,New C with dCor,10,0.360961882464157,0.0156233646265731,0.0207815019714353,0.0207815019714353,8
second,F+ depth-weighted,10,0.360961882464157,0.0246828092299207,0.0265162760704972,0.0265162760704972,8
all,Codex F,20,0.532284387119722,0.0149853639304419,0.0188471170389267,0.0188471170389267,8
all,F no distance,20,0.532284387119722,0.0319509537480665,0.0338462612205197,0.0338462612205197,8
all,F+,20,0.532284387119722,0.0149849162481441,0.0188470076822712,0.0188470076822712,8
all,F guarded,20,0.532284387119722,0.0188060244970706,0.0156829777302408,0.0156829777302408,8
all,New C,20,0.532284387119722,0.0141132767287339,0.0154393213772572,0.0154393213772572,8
all,New C with dCor,20,0.532284387119722,0.011836282317375,0.0174716660303002,0.0174716660303002,8
all,F+ depth-weighted,20,0.532284387119722,0.0153928958035396,0.0191982886587991,0.0191982886587991,8
first,Codex F,20,0.532284387119722,0.0149082000301028,0.0191295595620652,0.0191295595620652,8
first,F no distance,20,0.532284387119722,0.0311822846539845,0.0338328454228078,0.0338328454228078,8
first,F+,20,0.532284387119722,0.0149073932010164,0.0191294841083341,0.0191294841083341,8
first,F guarded,20,0.532284387119722,0.0187305809042687,0.0158662700555316,0.0158662700555316,8
first,New C,20,0.532284387119722,0.0132153205088066,0.0150888493998436,0.0150888493998436,8
first,New C with dCor,20,0.532284387119722,0.0110636512904313,0.0170830742425469,0.0170830742425469,8
first,F+ depth-weighted,20,0.532284387119722,0.0153220325101804,0.0194761301385831,0.0194761301385831,8
second,Codex F,20,0.532284387119722,0.0150833541982253,0.0185542665819609,0.0185542665819609,8
second,F no distance,20,0.532284387119722,0.032726616497664,0.0338908628577971,0.0338908628577971,8
second,F+,20,0.532284387119722,0.0150833065652027,0.018554123743271,0.018554123743271,8
second,F guarded,20,0.532284387119722,0.0188041366506039,0.015449319487438,0.015449319487438,8
second,New C,20,0.532284387119722,0.0151257798539342,0.0158166746899186,0.0158166746899186,8
second,New C with dCor,20,0.532284387119722,0.012637592499524,0.0178606540194478,0.0178606540194478,8
second,F+ depth-weighted,20,0.532284387119722,0.0154849007581187,0.0189337003607928,0.0189337003607928,8
all,Codex F,30,0.628076765873137,0.0110413916420816,0.0147394709434847,0.0147394709434847,8
all,F no distance,30,0.628076765873137,0.0297233605392208,0.0325544915399067,0.0325544915399067,8
all,F+,30,0.628076765873137,0.0110412496679005,0.0147394824887716,0.0147394824887716,8
all,F guarded,30,0.628076765873137,0.0130210830527733,0.0119802713868072,0.0119802713868072,8
all,New C,30,0.628076765873137,0.0122539442837177,0.0141920709033602,0.0141920709033602,8
all,New C with dCor,30,0.628076765873137,0.00948216005765326,0.0150232222213319,0.0150232222213319,8
all,F+ depth-weighted,30,0.628076765873137,0.0113178429898689,0.0150756426291248,0.0150756426291248,8
first,Codex F,30,0.628076765873137,0.0109048351947127,0.0150150735210908,0.0150150735210908,8
first,F no distance,30,0.628076765873137,0.0290078423373448,0.0325345841200874,0.0325345841200874,8
first,F+,30,0.628076765873137,0.0109046497081118,0.0150151389788569,0.0150151389788569,8
first,F guarded,30,0.628076765873137,0.0129545837259954,0.0121413054032345,0.0121413054032345,8
first,New C,30,0.628076765873137,0.0115913744237591,0.0138767848718244,0.0138767848718244,8
first,New C with dCor,30,0.628076765873137,0.00923714666352406,0.0151270015624996,0.0151270015624996,8
first,F+ depth-weighted,30,0.628076765873137,0.0111787307825779,0.0153362141404299,0.0153362141404299,8
second,Codex F,30,0.628076765873137,0.011220459840448,0.014523474145407,0.014523474145407,8
second,F no distance,30,0.628076765873137,0.0304192904492973,0.0325847005060615,0.0325847005060615,8
second,F+,30,0.628076765873137,0.011220984435958,0.0145249859647247,0.0145249859647247,8
second,F guarded,30,0.628076765873137,0.0130962474676508,0.0118336491287716,0.0118336491287716,8
second,New C,30,0.628076765873137,0.012878294895326,0.0144307266871696,0.0144307266871696,8
second,New C with dCor,30,0.628076765873137,0.00969269096163903,0.0148863311709071,0.0148863311709071,8
second,F+ depth-weighted,30,0.628076765873137,0.0115062311636884,0.0148383641382909,0.0148383641382909,8
all,Codex F,50,0.734295787355217,0.00845629964391608,0.0111767753693444,0.0111767753693444,8
all,F no distance,50,0.734295787355217,0.0262494529622257,0.0302001020936945,0.0302001020936945,8
all,F+,50,0.734295787355217,0.00845666960811873,0.0111768318982274,0.0111768318982274,8
all,F guarded,50,0.734295787355217,0.00847703380632876,0.00847486527146129,0.00847486527146129,8
all,New C,50,0.734295787355217,0.00729824596286586,0.0100733676024415,0.0100733676024415,8
all,New C with dCor,50,0.734295787355217,0.00602898499166073,0.0108550228142176,0.0108550228142176,8
all,F+ depth-weighted,50,0.734295787355217,0.00863606130292503,0.0114336668103682,0.0114336668103682,8
first,Codex F,50,0.734295787355217,0.00819459433607316,0.0112675404031701,0.0112675404031701,8
first,F no distance,50,0.734295787355217,0.0256084300487983,0.0301774110309898,0.0301774110309898,8
first,F+,50,0.734295787355217,0.00819542826859067,0.0112676776086516,0.0112676776086516,8
first,F guarded,50,0.734295787355217,0.0082310338895111,0.0085263922868558,0.0085263922868558,8
first,New C,50,0.734295787355217,0.00686676011310507,0.00982335991604376,0.00982335991604376,8
first,New C with dCor,50,0.734295787355217,0.00572479924870248,0.0107740158790053,0.0107740158790053,8
first,F+ depth-weighted,50,0.734295787355217,0.00838264109952192,0.0115166034925861,0.0115166034925861,8
second,Codex F,50,0.734295787355217,0.00872829474795362,0.0110721163422963,0.0110721163422963,8
second,F no distance,50,0.734295787355217,0.0268705393266933,0.0302257659323125,0.0302257659323125,8
second,F+,50,0.734295787355217,0.00872936915624803,0.0110730517216596,0.0110730517216596,8
second,F guarded,50,0.734295787355217,0.00877858836527686,0.00845502535015157,0.00845502535015157,8
second,New C,50,0.734295787355217,0.00769828273790091,0.0102365705528447,0.0102365705528447,8
second,New C with dCor,50,0.734295787355217,0.0063673944036698,0.0109947144896879,0.0109947144896879,8
second,F+ depth-weighted,50,0.734295787355217,0.00891096908134803,0.0113663523743669,0.0113663523743669,8
all,Codex F,75,0.803427651095867,0.00716537631177712,0.00910773732451658,0.00910773732451658,8
all,F no distance,75,0.803427651095867,0.0228953517412579,0.0275457889622101,0.0275457889622101,8
all,F+,75,0.803427651095867,0.00716531976911486,0.00910777360021655,0.00910777360021655,8
all,F guarded,75,0.803427651095867,0.00723242737564656,0.00679868036900602,0.00679868036900602,8
all,New C,75,0.803427651095867,0.00507337293443952,0.0075268907906352,0.0075268907906352,8
all,New C with dCor,75,0.803427651095867,0.00448149962447564,0.00837468031499446,0.00837468031499446,8
all,F+ depth-weighted,75,0.803427651095867,0.00731751244733884,0.00934495128655695,0.00934495128655695,8
first,Codex F,75,0.803427651095867,0.00690520685887292,0.00916062302516064,0.00916062302516064,8
first,F no distance,75,0.803427651095867,0.0224243378661123,0.0276028754448845,0.0276028754448845,8
first,F+,75,0.803427651095867,0.00690617034859586,0.00916142312360574,0.00916142312360574,8
first,F guarded,75,0.803427651095867,0.0068828807025229,0.00674970757721304,0.00674970757721304,8
first,New C,75,0.803427651095867,0.00469426098980203,0.0072403849938777,0.0072403849938777,8
first,New C with dCor,75,0.803427651095867,0.00423193121388504,0.00828921891431906,0.00828921891431906,8
first,F+ depth-weighted,75,0.803427651095867,0.00706279353763228,0.00940100178776088,0.00940100178776088,8
second,Codex F,75,0.803427651095867,0.00742794572587433,0.00903591248238316,0.00903591248238316,8
second,F no distance,75,0.803427651095867,0.0233970377417122,0.0275144812762121,0.0275144812762121,8
second,F+,75,0.803427651095867,0.00742832268773255,0.00903775634994486,0.00903775634994486,8
second,F guarded,75,0.803427651095867,0.00761946902230905,0.00687763371806415,0.00687763371806415,8
second,New C,75,0.803427651095867,0.00553861951727182,0.00789685724257411,0.00789685724257411,8
second,New C with dCor,75,0.803427651095867,0.0047928931483328,0.00853463830179217,0.00853463830179217,8
second,F+ depth-weighted,75,0.803427651095867,0.00757977946011443,0.00928203270002657,0.00928203270002657,8
all,Codex F,100,0.843794398070452,0.00578187897182222,0.00728018315996053,0.00728018315996053,8
all,F no distance,100,0.843794398070452,0.0201933043462832,0.0250774115383823,0.0250774115383823,8
all,F+,100,0.843794398070452,0.00578192069107493,0.00728023647540553,0.00728023647540553,8
all,F guarded,100,0.843794398070452,0.00590899133706357,0.00538992898325907,0.00538992898325907,8
all,New C,100,0.843794398070452,0.00407106285532947,0.00615878811646848,0.00615878811646848,8
all,New C with dCor,100,0.843794398070452,0.00381317316224462,0.00711555044831533,0.00711555044831533,8
all,F+ depth-weighted,100,0.843794398070452,0.00608176118801055,0.00765937234049422,0.00765937234049422,8
first,Codex F,100,0.843794398070452,0.00578244477553186,0.00755806493098043,0.00755806493098043,8
first,F no distance,100,0.843794398070452,0.0196924592642472,0.0251147352091758,0.0251147352091758,8
first,F+,100,0.843794398070452,0.00578223529419119,0.00755808982624499,0.00755808982624499,8
first,F guarded,100,0.843794398070452,0.00595266637193904,0.00552546572301679,0.00552546572301679,8
first,New C,100,0.843794398070452,0.00378344075355203,0.00594796461517936,0.00594796461517936,8
first,New C with dCor,100,0.843794398070452,0.00359828157143749,0.00697876628069855,0.00697876628069855,8
first,F+ depth-weighted,100,0.843794398070452,0.00609860321642561,0.00796425925051956,0.00796425925051956,8
second,Codex F,100,0.843794398070452,0.00595421908106458,0.00717880416445751,0.00717880416445751,8
second,F no distance,100,0.843794398070452,0.0206717711520283,0.0250475174191374,0.0250475174191374,8
second,F+,100,0.843794398070452,0.00595421908106458,0.00717880416445751,0.00717880416445751,8
second,F guarded,100,0.843794398070452,0.00612180434848971,0.00544541608302411,0.00544541608302411,8
second,New C,100,0.843794398070452,0.00432106802568172,0.00627228917350816,0.00627228917350816,8
second,New C with dCor,100,0.843794398070452,0.00405400154398975,0.00723551267501494,0.00723551267501494,8
second,F+ depth-weighted,100,0.843794398070452,0.00618451241838412,0.00745988937473495,0.00745988937473495,8
all,Codex F,150,0.889138146764167,0.00439963448285485,0.0053571372131622,0.0053571372131622,8
all,F no distance,150,0.889138146764167,0.0165513047209996,0.0213179858433039,0.0213179858433039,8
all,F+,150,0.889138146764167,0.00439964405564062,0.00535723710746212,0.00535723710746212,8
all,F guarded,150,0.889138146764167,0.00439981314057317,0.00372253233450952,0.00372253233450952,8
all,New C,150,0.889138146764167,0.00301096959452296,0.00432297976360095,0.00432297976360095,8
all,New C with dCor,150,0.889138146764167,0.00301995799247605,0.0053833774522346,0.0053833774522346,8
all,F+ depth-weighted,150,0.889138146764167,0.00454573758652026,0.00559017723416215,0.00559017723416215,8
first,Codex F,150,0.889138146764167,0.00430582565126429,0.00545396224772811,0.00545396224772811,8
first,F no distance,150,0.889138146764167,0.0161795025407083,0.0213683072581216,0.0213683072581216,8
first,F+,150,0.889138146764167,0.00430582565126429,0.00545396224772811,0.00545396224772811,8
first,F guarded,150,0.889138146764167,0.00431276301948703,0.00376069311866928,0.00376069311866928,8
first,New C,150,0.889138146764167,0.00287669335014165,0.00422155042169294,0.00422155042169294,8
first,New C with dCor,150,0.889138146764167,0.00292014841171082,0.00543068618443802,0.00543068618443802,8
first,F+ depth-weighted,150,0.889138146764167,0.00446635160474693,0.00573121709489706,0.00573121709489706,8
second,Codex F,150,0.889138146764167,0.00450809132888883,0.00527196188233756,0.00527196188233756,8
second,F no distance,150,0.889138146764167,0.0169461334855908,0.0212767461630132,0.0212767461630132,8
second,F+,150,0.889138146764167,0.0045079231332155,0.00527195337723232,0.00527195337723232,8
second,F guarded,150,0.889138146764167,0.00449345857896637,0.00367940378313089,0.00367940378313089,8
second,New C,150,0.889138146764167,0.00318552181497746,0.00447581087436595,0.00447581087436595,8
second,New C with dCor,150,0.889138146764167,0.00314501505774016,0.00536340959093246,0.00536340959093246,8
second,F+ depth-weighted,150,0.889138146764167,0.00465256467480569,0.00546400613112273,0.00546400613112273,8
all,Codex F,200,0.914033950690219,0.00379412849847558,0.00451191650906215,0.00451191650906215,8
all,F no distance,200,0.914033950690219,0.0141607624041968,0.0184450785294955,0.0184450785294955,8
all,F+,200,0.914033950690219,0.00379412849847558,0.00451191650906215,0.00451191650906215,8
all,F guarded,200,0.914033950690219,0.00377406677092709,0.00298291722810907,0.00298291722810907,8
all,New C,200,0.914033950690219,0.00265901236654462,0.00359871307824397,0.00359871307824397,8
all,New C with dCor,200,0.914033950690219,0.00271876934298832,0.00460365255797194,0.00460365255797194,8
all,F+ depth-weighted,200,0.914033950690219,0.00389739941555906,0.00467069376498892,0.00467069376498892,8
first,Codex F,200,0.914033950690219,0.00369566828513018,0.00459744847744528,0.00459744847744528,8
first,F no distance,200,0.914033950690219,0.0138511590592479,0.0185344830133161,0.0185344830133161,8
first,F+,200,0.914033950690219,0.00369566828513018,0.00459744847744528,0.00459744847744528,8
first,F guarded,200,0.914033950690219,0.00366582351434935,0.00298674897562768,0.00298674897562768,8
first,New C,200,0.914033950690219,0.00254767503477167,0.00350455543164201,0.00350455543164201,8
first,New C with dCor,200,0.914033950690219,0.00261208260986629,0.00461350835777661,0.00461350835777661,8
first,F+ depth-weighted,200,0.914033950690219,0.00378473995331624,0.00476830827504813,0.00476830827504813,8
second,Codex F,200,0.914033950690219,0.00391548476564366,0.00443129700306034,0.00443129700306034,8
second,F no distance,200,0.914033950690219,0.0144831852835245,0.0183629645903395,0.0183629645903395,8
second,F+,200,0.914033950690219,0.00391548476564366,0.00443129700306034,0.00443129700306034,8
second,F guarded,200,0.914033950690219,0.00390571797088686,0.00297809670218609,0.00297809670218609,8
second,New C,200,0.914033950690219,0.00278313639118678,0.00368571645453818,0.00368571645453818,8
second,New C with dCor,200,0.914033950690219,0.00283376653155506,0.00459355644431012,0.00459355644431012,8
second,F+ depth-weighted,200,0.914033950690219,0.00402064628936778,0.00458584599624511,0.00458584599624511,8
all,Codex F,300,0.940653533303244,0.003305283682915,0.00381768055354147,0.00381768055354147,8
all,F no distance,300,0.940653533303244,0.0111661783355174,0.0144813877988124,0.0144813877988124,8
all,F+,300,0.940653533303244,0.003305283682915,0.00381768055354147,0.00381768055354147,8
all,F guarded,300,0.940653533303244,0.00319927613234879,0.00238440367139988,0.00238440367139988,8
all,New C,300,0.940653533303244,0.00231501286862487,0.00284232524259456,0.00284232524259456,8
all,New C with dCor,300,0.940653533303244,0.00244593512480667,0.0038220132007724,0.0038220132007724,8
all,F+ depth-weighted,300,0.940653533303244,0.00337269141178166,0.00392362278756747,0.00392362278756747,8
first,Codex F,300,0.940653533303244,0.00321720233949138,0.00387726394711703,0.00387726394711703,8
first,F no distance,300,0.940653533303244,0.0109312437137086,0.0146916477576124,0.0146916477576124,8
first,F+,300,0.940653533303244,0.00321720233949138,0.00387726394711703,0.00387726394711703,8
first,F guarded,300,0.940653533303244,0.00319944359908179,0.00244871812272071,0.00244871812272071,8
first,New C,300,0.940653533303244,0.00226014521963954,0.00283435502107653,0.00283435502107653,8
first,New C with dCor,300,0.940653533303244,0.0023806168662699,0.00385920441931046,0.00385920441931046,8
first,F+ depth-weighted,300,0.940653533303244,0.00327590099918989,0.00395778519836142,0.00395778519836142,8
second,Codex F,300,0.940653533303244,0.0033209588249781,0.00368157529505047,0.00368157529505047,8
second,F no distance,300,0.940653533303244,0.0114306610617364,0.0142604116388286,0.0142604116388286,8
second,F+,300,0.940653533303244,0.0033209588249781,0.00368157529505047,0.00368157529505047,8
second,F guarded,300,0.940653533303244,0.00325848230557766,0.00236282044274819,0.00236282044274819,8
second,New C,300,0.940653533303244,0.00238969491493822,0.00284402452839722,0.00284402452839722,8
second,New C with dCor,300,0.940653533303244,0.00252041807351646,0.00377157999719051,0.00377157999719051,8
second,F+ depth-weighted,300,0.940653533303244,0.00343609570542022,0.00384692718484625,0.00384692718484625,8
all,Codex F,500,0.963338789913237,0.00276014335299578,0.00316600697969884,0.00316600697969884,8
all,F no distance,500,0.963338789913237,0.00831174845865895,0.0103027477372225,0.0103027477372225,8
all,F+,500,0.963338789913237,0.00276014335299578,0.00316600697969884,0.00316600697969884,8
all,F guarded,500,0.963338789913237,0.00270127766541223,0.00198410186457338,0.00198410186457338,8
all,New C,500,0.963338789913237,0.00211151145859635,0.00233341540780285,0.00233341540780285,8
all,New C with dCor,500,0.963338789913237,0.00223240325271787,0.00312063952366681,0.00312063952366681,8
all,F+ depth-weighted,500,0.963338789913237,0.00279389391115752,0.00323317117796098,0.00323317117796098,8
first,Codex F,500,0.963338789913237,0.0027010518444761,0.0031982143887784,0.0031982143887784,8
first,F no distance,500,0.963338789913237,0.00813844942932156,0.0105639038983795,0.0105639038983795,8
first,F+,500,0.963338789913237,0.0027010518444761,0.0031982143887784,0.0031982143887784,8
first,F guarded,500,0.963338789913237,0.00263452025466185,0.00199944281425626,0.00199944281425626,8
first,New C,500,0.963338789913237,0.00207120913974262,0.00232033847463874,0.00232033847463874,8
first,New C with dCor,500,0.963338789913237,0.00218794605830054,0.00316206622075903,0.00316206622075903,8
first,F+ depth-weighted,500,0.963338789913237,0.00273611632189308,0.00326594109774535,0.00326594109774535,8
second,Codex F,500,0.963338789913237,0.00283294998207876,0.00313004922600706,0.00313004922600706,8
second,F no distance,500,0.963338789913237,0.00849305005183796,0.0100614891078453,0.0100614891078453,8
second,F+,500,0.963338789913237,0.00283294998207876,0.00313004922600706,0.00313004922600706,8
second,F guarded,500,0.963338789913237,0.00277700538654647,0.00196937038984548,0.00196937038984548,8
second,New C,500,0.963338789913237,0.0021547758194399,0.00232982344082432,0.00232982344082432,8
second,New C with dCor,500,0.963338789913237,0.0022867318319787,0.00308805733296451,0.00308805733296451,8
second,F+ depth-weighted,500,0.963338789913237,0.00285996319597041,0.00319206013964532,0.00319206013964532,8
all,Codex F,1000,0.981249623042887,0.00239214144686392,0.00265401933117171,0.00265401933117171,8
all,F no distance,1000,0.981249623042887,0.00455119714493454,0.005712402260845,0.005712402260845,8
all,F+,1000,0.981249623042887,0.00239214144686392,0.00265401933117171,0.00265401933117171,8
all,F guarded,1000,0.981249623042887,0.00226276301503638,0.00168853624503695,0.00168853624503695,8
all,New C,1000,0.981249623042887,0.0019841057174695,0.0020184815265068,0.0020184815265068,8
all,New C with dCor,1000,0.981249623042887,0.00207550008407585,0.00258870360657281,0.00258870360657281,8
all,F+ depth-weighted,1000,0.981249623042887,0.00239988911473074,0.00269769158147079,0.00269769158147079,8
first,Codex F,1000,0.981249623042887,0.00234275667878337,0.00267630059023642,0.00267630059023642,8
first,F no distance,1000,0.981249623042887,0.00454988749816879,0.0059266726901534,0.0059266726901534,8
first,F+,1000,0.981249623042887,0.00234275667878337,0.00267630059023642,0.00267630059023642,8
first,F guarded,1000,0.981249623042887,0.00225235380358428,0.0017077106863657,0.0017077106863657,8
first,New C,1000,0.981249623042887,0.00195042821180139,0.00202132827427981,0.00202132827427981,8
first,New C with dCor,1000,0.981249623042887,0.00204380031177277,0.00259999133197731,0.00259999133197731,8
first,F+ depth-weighted,1000,0.981249623042887,0.00235255885152514,0.0027191279968506,0.0027191279968506,8
second,Codex F,1000,0.981249623042887,0.00240317293728224,0.00258903695324524,0.00258903695324524,8
second,F no distance,1000,0.981249623042887,0.00455398007508855,0.00549813455312298,0.00549813455312298,8
second,F+,1000,0.981249623042887,0.00240317293728224,0.00258903695324524,0.00258903695324524,8
second,F guarded,1000,0.981249623042887,0.00229735011029861,0.00168503324068146,0.00168503324068146,8
second,New C,1000,0.981249623042887,0.00202555214261249,0.00203902566402267,0.00203902566402267,8
second,New C with dCor,1000,0.981249623042887,0.00211284221750261,0.00257198851341596,0.00257198851341596,8
second,F+ depth-weighted,1000,0.981249623042887,0.00242533832482581,0.00265480518905089,0.00265480518905089,8
all,Codex F,3000,0.99365231199093,0.00205748289554716,0.00201711450636302,0.00201711450636302,8
all,F no distance,3000,0.99365231199093,0.00242756758988449,0.00303906204321065,0.00303906204321065,8
all,F+,3000,0.99365231199093,0.00205748289554716,0.00201711450636302,0.00201711450636302,8
all,F guarded,3000,0.99365231199093,0.00198263712083834,0.00147027070833298,0.00147027070833298,8
all,New C,3000,0.99365231199093,0.00192506158415884,0.00181889121638223,0.00181889121638223,8
all,New C with dCor,3000,0.99365231199093,0.00196763539549526,0.0020547409827928,0.0020547409827928,8
all,F+ depth-weighted,3000,0.99365231199093,0.00205249374894046,0.00205444143086315,0.00205444143086315,8
first,Codex F,3000,0.99365231199093,0.00203072880283142,0.00203964074343437,0.00203964074343437,8
first,F no distance,3000,0.99365231199093,0.00239002440765408,0.00309698780980199,0.00309698780980199,8
first,F+,3000,0.99365231199093,0.00203072880283142,0.00203964074343437,0.00203964074343437,8
first,F guarded,3000,0.99365231199093,0.00196569683206895,0.00147600365807127,0.00147600365807127,8
first,New C,3000,0.99365231199093,0.00190034402367343,0.00181831717415882,0.00181831717415882,8
first,New C with dCor,3000,0.99365231199093,0.00194184406422348,0.00206254018697373,0.00206254018697373,8
first,F+ depth-weighted,3000,0.99365231199093,0.00202124663812619,0.00206405347922943,0.00206405347922943,8
second,Codex F,3000,0.99365231199093,0.00208062153850352,0.00199078897572357,0.00199078897572357,8
second,F no distance,3000,0.99365231199093,0.00245983564642603,0.00297884079077706,0.00297884079077706,8
second,F+,3000,0.99365231199093,0.00208062153850352,0.00199078897572357,0.00199078897572357,8
second,F guarded,3000,0.99365231199093,0.00201267721066688,0.0014736059373546,0.0014736059373546,8
second,New C,3000,0.99365231199093,0.00195804468452384,0.00181831735044864,0.00181831735044864,8
second,New C with dCor,3000,0.99365231199093,0.00199927424437438,0.00205966546957862,0.00205966546957862,8
second,F+ depth-weighted,3000,0.99365231199093,0.00208040057275902,0.00201944666583739,0.00201944666583739,8
all,Codex F,10000,0.998085193188478,0.00191487844758353,0.00151866108958547,0.00151866108958547,8
all,F no distance,10000,0.998085193188478,0.00198740772170013,0.00189552627658549,0.00189552627658549,8
all,F+,10000,0.998085193188478,0.00191487844758353,0.00151866108958547,0.00151866108958547,8
all,F guarded,10000,0.998085193188478,0.00187775645489349,0.00129060280072648,0.00129060280072648,8
all,New C,10000,0.998085193188478,0.00189974424382149,0.00165077902045877,0.00165077902045877,8
all,New C with dCor,10000,0.998085193188478,0.00192192651011014,0.00174486944005327,0.00174486944005327,8
all,F+ depth-weighted,10000,0.998085193188478,0.00190082224054846,0.0015400891809985,0.0015400891809985,8
first,Codex F,10000,0.998085193188478,0.00191268494256199,0.001530744206632,0.001530744206632,8
first,F no distance,10000,0.998085193188478,0.0019822857495063,0.00192902370083234,0.00192902370083234,8
first,F+,10000,0.998085193188478,0.00191268494256199,0.001530744206632,0.001530744206632,8
first,F guarded,10000,0.998085193188478,0.00186797021193463,0.00130191457717516,0.00130191457717516,8
first,New C,10000,0.998085193188478,0.00187576611591906,0.001641608910865,0.001641608910865,8
first,New C with dCor,10000,0.998085193188478,0.0019045438053512,0.0017503729181016,0.0017503729181016,8
first,F+ depth-weighted,10000,0.998085193188478,0.00187945967621986,0.00156160923244104,0.00156160923244104,8
second,Codex F,10000,0.998085193188478,0.00192158664047679,0.00149762233342018,0.00149762233342018,8
second,F no distance,10000,0.998085193188478,0.00199542945246906,0.00187096682042644,0.00187096682042644,8
second,F+,10000,0.998085193188478,0.00192158664047679,0.00149762233342018,0.00149762233342018,8
second,F guarded,10000,0.998085193188478,0.0018913082240346,0.00128531638179615,0.00128531638179615,8
second,New C,10000,0.998085193188478,0.00192406485505047,0.00165902435621143,0.00165902435621143,8
second,New C with dCor,10000,0.998085193188478,0.00194697776815346,0.00174260018763961,0.00174260018763961,8
second,F+ depth-weighted,10000,0.998085193188478,0.00192029357975466,0.00152184665814003,0.00152184665814003,8
all,Codex F,1e+05,0.999808110645714,0.00185952501957138,0.00117491951471063,0.00117491951471063,8
all,F no distance,1e+05,0.999808110645714,0.00187115809369588,0.00122249117018192,0.00122249117018192,8
all,F+,1e+05,0.999808110645714,0.00185952501957138,0.00117491951471063,0.00117491951471063,8
all,F guarded,1e+05,0.999808110645714,0.00185502124213554,0.00115172541401606,0.00115172541401606,8
all,New C,1e+05,0.999808110645714,0.00189954499217683,0.00153292927891613,0.00153292927891613,8
all,New C with dCor,1e+05,0.999808110645714,0.00190133162236368,0.00154484943962881,0.00154484943962881,8
all,F+ depth-weighted,1e+05,0.999808110645714,0.0018463529322694,0.00119439590241533,0.00119439590241533,8
first,Codex F,1e+05,0.999808110645714,0.00185402212226381,0.00118354727001611,0.00118354727001611,8
first,F no distance,1e+05,0.999808110645714,0.00186180890691265,0.00123269490921219,0.00123269490921219,8
first,F+,1e+05,0.999808110645714,0.00185402212226381,0.00118354727001611,0.00118354727001611,8
first,F guarded,1e+05,0.999808110645714,0.00184416122433354,0.00115501633434185,0.00115501633434185,8
first,New C,1e+05,0.999808110645714,0.00188045180244786,0.00154914579872873,0.00154914579872873,8
first,New C with dCor,1e+05,0.999808110645714,0.00188103529474829,0.00155778346641761,0.00155778346641761,8
first,F+ depth-weighted,1e+05,0.999808110645714,0.00182813441948662,0.00120148425079357,0.00120148425079357,8
second,Codex F,1e+05,0.999808110645714,0.00187990786614927,0.00115742251943713,0.00115742251943713,8
second,F no distance,1e+05,0.999808110645714,0.00188695976710997,0.00120355544518625,0.00120355544518625,8
second,F+,1e+05,0.999808110645714,0.00187990786614927,0.00115742251943713,0.00115742251943713,8
second,F guarded,1e+05,0.999808110645714,0.001876585401618,0.00113286686477025,0.00113286686477025,8
second,New C,1e+05,0.999808110645714,0.00192022556322009,0.00153339968693082,0.00153339968693082,8
second,New C with dCor,1e+05,0.999808110645714,0.00192236670943321,0.00154540880482693,0.00154540880482693,8
second,F+ depth-weighted,1e+05,0.999808110645714,0.00186688988749978,0.00118226269107029,0.00118226269107029,8
all,Codex F,Inf,1,0.00186082714679452,0.00112932531029692,0.00112932531029692,8
all,F no distance,Inf,1,0.00186082714679452,0.00112932531029692,0.00112932531029692,8
all,F+,Inf,1,0.00186082714679452,0.00112932531029692,0.00112932531029692,8
all,F guarded,Inf,1,0.00186082714679452,0.00112932531029692,0.00112932531029692,8
all,New C,Inf,1,0.00189904216239948,0.00152716888343677,0.00152716888343677,8
all,New C with dCor,Inf,1,0.00189904216239948,0.00152716888343677,0.00152716888343677,8
all,F+ depth-weighted,Inf,1,0.00184191891594793,0.00112849236091597,0.00112849236091597,8
first,Codex F,Inf,1,0.00185004615488727,0.00113753467160318,0.00113753467160318,8
first,F no distance,Inf,1,0.00185004615488727,0.00113753467160318,0.00113753467160318,8
first,F+,Inf,1,0.00185004615488727,0.00113753467160318,0.00113753467160318,8
first,F guarded,Inf,1,0.00185004615488727,0.00113753467160318,0.00113753467160318,8
first,New C,Inf,1,0.00187807185808341,0.00153781181899155,0.00153781181899155,8
first,New C with dCor,Inf,1,0.00187807185808341,0.00153781181899155,0.00153781181899155,8
first,F+ depth-weighted,Inf,1,0.00182377738609288,0.00113053775453794,0.00113053775453794,8
second,Codex F,Inf,1,0.00187453695318889,0.00111909487550713,0.00111909487550713,8
second,F no distance,Inf,1,0.00187453695318889,0.00111909487550713,0.00111909487550713,8
second,F+,Inf,1,0.00187453695318889,0.00111909487550713,0.00111909487550713,8
second,F guarded,Inf,1,0.00187453695318889,0.00111909487550713,0.00111909487550713,8
second,New C,Inf,1,0.00192060305817022,0.00153035045296502,0.00153035045296502,8
second,New C with dCor,Inf,1,0.00192060305817022,0.00153035045296502,0.00153035045296502,8
second,F+ depth-weighted,Inf,1,0.00186583940279761,0.00112362548068533,0.00112362548068533,8
all,Codex F,0,0,0.0338643892826279,0.0453185378006871,0.0453185378006871,9
all,F no distance,0,0,0.0338643892826279,0.0453185378006871,0.0453185378006871,9
all,F+,0,0,0.0338643673361181,0.0453196436373526,0.0453196436373526,9
all,F guarded,0,0,0.0765916410616677,0.0614412777623639,0.0614412777623639,9
all,New C,0,0,0.0502906666158268,0.0496311665499166,0.0496311665499166,9
all,New C with dCor,0,0,0.0189379050313579,0.0330081076499394,0.0330081076499394,9
all,F+ depth-weighted,0,0,0.0339321474674196,0.0453723899948278,0.0453723899948278,9
first,Codex F,0,0,0.0333371148045082,0.0449371613364382,0.0449371613364382,9
first,F no distance,0,0,0.0333371148045082,0.0449371613364382,0.0449371613364382,9
first,F+,0,0,0.0333380588520354,0.0449374707349747,0.0449374707349747,9
first,F guarded,0,0,0.0762602990151385,0.0611200866043236,0.0611200866043236,9
first,New C,0,0,0.0481230365368739,0.0484425624895646,0.0484425624895646,9
first,New C with dCor,0,0,0.0177295433962322,0.0317291879114517,0.0317291879114517,9
first,F+ depth-weighted,0,0,0.033368797799822,0.0449694217137477,0.0449694217137477,9
second,Codex F,0,0,0.0344288804286997,0.0457189913530579,0.0457189913530579,9
second,F no distance,0,0,0.0344288804286997,0.0457189913530579,0.0457189913530579,9
second,F+,0,0,0.0344283339505182,0.045719125794601,0.045719125794601,9
second,F guarded,0,0,0.076995954217747,0.0617658280469365,0.0617658280469365,9
second,New C,0,0,0.0525089325399955,0.0507569583128049,0.0507569583128049,9
second,New C with dCor,0,0,0.0201943512635653,0.0342419883158289,0.0342419883158289,9
second,F+ depth-weighted,0,0,0.0344824561682044,0.0458035480734703,0.0458035480734703,9
all,Codex F,3,0.117470632330429,0.0285914650898538,0.0406041349263164,0.0406041349263164,9
all,F no distance,3,0.117470632330429,0.032922521581035,0.0447872212968237,0.0447872212968237,9
all,F+,3,0.117470632330429,0.0285913718921025,0.0406047077752482,0.0406047077752482,9
all,F guarded,3,0.117470632330429,0.0337196937114653,0.0411306283372845,0.0411306283372845,9
all,New C,3,0.117470632330429,0.0439593585675466,0.0460556539002392,0.0460556539002392,9
all,New C with dCor,3,0.117470632330429,0.0163950594068244,0.0295724427759785,0.0295724427759785,9
all,F+ depth-weighted,3,0.117470632330429,0.0286821286572447,0.040699989371483,0.040699989371483,9
first,Codex F,3,0.117470632330429,0.0282323293515631,0.0403485095431938,0.0403485095431938,9
first,F no distance,3,0.117470632330429,0.0324004232499615,0.0444085427060146,0.0444085427060146,9
first,F+,3,0.117470632330429,0.0282327404289494,0.0403510294636903,0.0403510294636903,9
first,F guarded,3,0.117470632330429,0.0335483292905759,0.0408915994945012,0.0408915994945012,9
first,New C,3,0.117470632330429,0.0421027796698017,0.0449478996039227,0.0449478996039227,9
first,New C with dCor,3,0.117470632330429,0.0153877986839846,0.028508263286847,0.028508263286847,9
first,F+ depth-weighted,3,0.117470632330429,0.0282979644360915,0.0404072968663464,0.0404072968663464,9
second,Codex F,3,0.117470632330429,0.0289997702554666,0.0408721128934768,0.0408721128934768,9
second,F no distance,3,0.117470632330429,0.0334549541862121,0.0451696469585229,0.0451696469585229,9
second,F+,3,0.117470632330429,0.0289997702554666,0.0408721128934768,0.0408721128934768,9
second,F guarded,3,0.117470632330429,0.0339244207692179,0.0413814165905282,0.0413814165905282,9
second,New C,3,0.117470632330429,0.045775471703942,0.0471264239546976,0.0471264239546976,9
second,New C with dCor,3,0.117470632330429,0.0173882323125067,0.0306283288948129,0.0306283288948129,9
second,F+ depth-weighted,3,0.117470632330429,0.0290516693098593,0.0409521594009824,0.0409521594009824,9
all,Codex F,5,0.206174662261047,0.0253929931429126,0.0365864266807857,0.0365864266807857,9
all,F no distance,5,0.206174662261047,0.0321221475764052,0.0442715240471224,0.0442715240471224,9
all,F+,5,0.206174662261047,0.0253938849488597,0.0365870951601506,0.0365870951601506,9
all,F guarded,5,0.206174662261047,0.0242664277543453,0.0292909279899609,0.0292909279899609,9
all,New C,5,0.206174662261047,0.0322321926481821,0.0370220645047354,0.0370220645047354,9
all,New C with dCor,5,0.206174662261047,0.0148016498923383,0.0268387656525936,0.0268387656525936,9
all,F+ depth-weighted,5,0.206174662261047,0.0254693183936864,0.0366817531319049,0.0366817531319049,9
first,Codex F,5,0.206174662261047,0.0250778441644879,0.0363487780790728,0.0363487780790728,9
first,F no distance,5,0.206174662261047,0.0316426314401314,0.0439140333067902,0.0439140333067902,9
first,F+,5,0.206174662261047,0.0250781287382593,0.0363505575394049,0.0363505575394049,9
first,F guarded,5,0.206174662261047,0.0238604381293139,0.0291303923635425,0.0291303923635425,9
first,New C,5,0.206174662261047,0.0319838390092557,0.0367738034116069,0.0367738034116069,9
first,New C with dCor,5,0.206174662261047,0.0139773744482975,0.0260091313225195,0.0260091313225195,9
first,F+ depth-weighted,5,0.206174662261047,0.0251562161739167,0.0364542913389505,0.0364542913389505,9
second,Codex F,5,0.206174662261047,0.0257203131319596,0.036814537210774,0.036814537210774,9
second,F no distance,5,0.206174662261047,0.0326282719430697,0.044638940228413,0.044638940228413,9
second,F+,5,0.206174662261047,0.0257219771482165,0.0368168380199269,0.0368168380199269,9
second,F guarded,5,0.206174662261047,0.0246935366387921,0.0294742238415069,0.0294742238415069,9
second,New C,5,0.206174662261047,0.0325308516432546,0.0373123344348133,0.0373123344348133,9
second,New C with dCor,5,0.206174662261047,0.0156820609325098,0.0276575300229463,0.0276575300229463,9
second,F+ depth-weighted,5,0.206174662261047,0.0257944449992165,0.0369357249713717,0.0369357249713717,9
all,Codex F,10,0.360961882464157,0.0206828903668434,0.0302210274187809,0.0302210274187809,9
all,F no distance,10,0.360961882464157,0.0303997285075714,0.0430920327185689,0.0430920327185689,9
all,F+,10,0.360961882464157,0.020682524022854,0.0302241260515438,0.0302241260515438,9
all,F guarded,10,0.360961882464157,0.0216246772495366,0.0222546270331583,0.0222546270331583,9
all,New C,10,0.360961882464157,0.0178196459090303,0.0226502453058873,0.0226502453058873,9
all,New C with dCor,10,0.360961882464157,0.0125499004418512,0.0229918679606158,0.0229918679606158,9
all,F+ depth-weighted,10,0.360961882464157,0.0208113096736983,0.0303803096213707,0.0303803096213707,9
first,Codex F,10,0.360961882464157,0.0204384404177723,0.0302208435305381,0.0302208435305381,9
first,F no distance,10,0.360961882464157,0.0299234925932942,0.042722377152538,0.042722377152538,9
first,F+,10,0.360961882464157,0.0204393788335575,0.0302231922581248,0.0302231922581248,9
first,F guarded,10,0.360961882464157,0.0210053790591779,0.021913159247071,0.021913159247071,9
first,New C,10,0.360961882464157,0.0175006307272499,0.022411290825647,0.022411290825647,9
first,New C with dCor,10,0.360961882464157,0.0118265166472976,0.0223265123587478,0.0223265123587478,9
first,F+ depth-weighted,10,0.360961882464157,0.0205735822018343,0.0303611430996307,0.0303611430996307,9
second,Codex F,10,0.360961882464157,0.0208930363520835,0.0302310313479723,0.0302310313479723,9
second,F no distance,10,0.360961882464157,0.0308872022931792,0.0435000639204897,0.0435000639204897,9
second,F+,10,0.360961882464157,0.020892839188562,0.0302347377057043,0.0302347377057043,9
second,F guarded,10,0.360961882464157,0.0223068104366397,0.0225998197807259,0.0225998197807259,9
second,New C,10,0.360961882464157,0.0182069280560378,0.0229415808467092,0.0229415808467092,9
second,New C with dCor,10,0.360961882464157,0.013298340543435,0.0236148191828725,0.0236148191828725,9
second,F+ depth-weighted,10,0.360961882464157,0.0210089903929333,0.0303992111276561,0.0303992111276561,9
all,Codex F,20,0.532284387119722,0.0125161839593468,0.0206451972331527,0.0206451972331527,9
all,F no distance,20,0.532284387119722,0.0276639297601716,0.0409789191856058,0.0409789191856058,9
all,F+,20,0.532284387119722,0.0125149057935085,0.0206452848887838,0.0206452848887838,9
all,F guarded,20,0.532284387119722,0.0166596121032327,0.0173883168773391,0.0173883168773391,9
all,New C,20,0.532284387119722,0.0127995129567417,0.0176094859707639,0.0176094859707639,9
all,New C with dCor,20,0.532284387119722,0.0100875761166262,0.0194421047112357,0.0194421047112357,9
all,F+ depth-weighted,20,0.532284387119722,0.0128257881860134,0.0210215098260083,0.0210215098260083,9
first,Codex F,20,0.532284387119722,0.0125891233141493,0.0209242285305697,0.0209242285305697,9
first,F no distance,20,0.532284387119722,0.0272648474286546,0.0406775107166717,0.0406775107166717,9
first,F+,20,0.532284387119722,0.0125885141000326,0.0209262435897549,0.0209262435897549,9
first,F guarded,20,0.532284387119722,0.0166049389740987,0.0174084751099866,0.0174084751099866,9
first,New C,20,0.532284387119722,0.0120691367784836,0.0169730606347252,0.0169730606347252,9
first,New C with dCor,20,0.532284387119722,0.00947999527474021,0.0188907895953374,0.0188907895953374,9
first,F+ depth-weighted,20,0.532284387119722,0.0128708697846634,0.0212855864572638,0.0212855864572638,9
second,Codex F,20,0.532284387119722,0.0124455647024292,0.0203536653468634,0.0203536653468634,9
second,F no distance,20,0.532284387119722,0.0280936961392603,0.041270981852369,0.041270981852369,9
second,F+,20,0.532284387119722,0.0124449678209202,0.0203536950315023,0.0203536950315023,9
second,F guarded,20,0.532284387119722,0.0166731607100998,0.0173095807661207,0.0173095807661207,9
second,New C,20,0.532284387119722,0.0136114200825513,0.01831022413055,0.01831022413055,9
second,New C with dCor,20,0.532284387119722,0.0107288996239896,0.0199492469008535,0.0199492469008535,9
second,F+ depth-weighted,20,0.532284387119722,0.0127869792417554,0.0207537631351664,0.0207537631351664,9
all,Codex F,30,0.628076765873137,0.00912386604234051,0.0158155511933161,0.0158155511933161,9
all,F no distance,30,0.628076765873137,0.0255853048811902,0.0390902046329448,0.0390902046329448,9
all,F+,30,0.628076765873137,0.00912367985240886,0.015815539197067,0.015815539197067,9
all,F guarded,30,0.628076765873137,0.0112783724249408,0.0129542174957544,0.0129542174957544,9
all,New C,30,0.628076765873137,0.0112324132248533,0.0162160801243205,0.0162160801243205,9
all,New C with dCor,30,0.628076765873137,0.00811675636686988,0.016642982134047,0.016642982134047,9
all,F+ depth-weighted,30,0.628076765873137,0.00935908889543103,0.0161709136036012,0.0161709136036012,9
first,Codex F,30,0.628076765873137,0.00907134957815992,0.0159774925880294,0.0159774925880294,9
first,F no distance,30,0.628076765873137,0.0252380340935013,0.0387830284320736,0.0387830284320736,9
first,F+,30,0.628076765873137,0.00907127620244714,0.0159780396068312,0.0159780396068312,9
first,F guarded,30,0.628076765873137,0.0112037324322361,0.0130090592151167,0.0130090592151167,9
first,New C,30,0.628076765873137,0.0103864785000292,0.015363998954935,0.015363998954935,9
first,New C with dCor,30,0.628076765873137,0.00794460408186193,0.0166152446033302,0.0166152446033302,9
first,F+ depth-weighted,30,0.628076765873137,0.00931685466726325,0.0163686381158816,0.0163686381158816,9
second,Codex F,30,0.628076765873137,0.00920862319476551,0.015667022869715,0.015667022869715,9
second,F no distance,30,0.628076765873137,0.0259277158881826,0.0393410404759941,0.0393410404759941,9
second,F+,30,0.628076765873137,0.0092085627107726,0.0156672695337158,0.0156672695337158,9
second,F guarded,30,0.628076765873137,0.0113525787227232,0.0129126371526038,0.0129126371526038,9
second,New C,30,0.628076765873137,0.0115046242125669,0.0165471271554342,0.0165471271554342,9
second,New C with dCor,30,0.628076765873137,0.00824849859977059,0.0166335116257439,0.0166335116257439,9
second,F+ depth-weighted,30,0.628076765873137,0.0094312652115065,0.0160087270384067,0.0160087270384067,9
all,Codex F,50,0.734295787355217,0.00686787264155339,0.0116883906089543,0.0116883906089543,9
all,F no distance,50,0.734295787355217,0.0223260278090112,0.0356736201001712,0.0356736201001712,9
all,F+,50,0.734295787355217,0.00686852138956134,0.0116899496844739,0.0116899496844739,9
all,F guarded,50,0.734295787355217,0.00714584238529653,0.008875064272943,0.008875064272943,9
all,New C,50,0.734295787355217,0.00652854996195015,0.0111926011451708,0.0111926011451708,9
all,New C with dCor,50,0.734295787355217,0.00519239267860702,0.0116963239845145,0.0116963239845145,9
all,F+ depth-weighted,50,0.734295787355217,0.0069968886722445,0.0120034548676755,0.0120034548676755,9
first,Codex F,50,0.734295787355217,0.00669493663188943,0.0117479790420247,0.0117479790420247,9
first,F no distance,50,0.734295787355217,0.0220178921910714,0.0354722994471038,0.0354722994471038,9
first,F+,50,0.734295787355217,0.00669553432614666,0.0117482226777318,0.0117482226777318,9
first,F guarded,50,0.734295787355217,0.00691386230390362,0.008812140255632,0.008812140255632,9
first,New C,50,0.734295787355217,0.00619125166651078,0.0107093730127431,0.0107093730127431,9
first,New C with dCor,50,0.734295787355217,0.00498338032694001,0.0114725666114823,0.0114725666114823,9
first,F+ depth-weighted,50,0.734295787355217,0.00683351715252376,0.0120646234631791,0.0120646234631791,9
second,Codex F,50,0.734295787355217,0.00706358276479127,0.0116533976396483,0.0116533976396483,9
second,F no distance,50,0.734295787355217,0.0226178244881698,0.0358728536212304,0.0358728536212304,9
second,F+,50,0.734295787355217,0.00706406564936975,0.0116532996188248,0.0116532996188248,9
second,F guarded,50,0.734295787355217,0.00742510400006745,0.00896389248030311,0.00896389248030311,9
second,New C,50,0.734295787355217,0.00683863745732103,0.0115936430055042,0.0115936430055042,9
second,New C with dCor,50,0.734295787355217,0.00541807141568992,0.0119794320037911,0.0119794320037911,9
second,F+ depth-weighted,50,0.734295787355217,0.00717871093863485,0.0119143998688067,0.0119143998688067,9
all,Codex F,75,0.803427651095867,0.00572649784428514,0.00929495976941135,0.00929495976941135,9
all,F no distance,75,0.803427651095867,0.0192658642576726,0.0320142211350165,0.0320142211350165,9
all,F+,75,0.803427651095867,0.00572701463316249,0.00929588536939751,0.00929588536939751,9
all,F guarded,75,0.803427651095867,0.00596655379269686,0.00704406956959223,0.00704406956959223,9
all,New C,75,0.803427651095867,0.00456398631571761,0.00823145387536478,0.00823145387536478,9
all,New C with dCor,75,0.803427651095867,0.00389238270091082,0.00886487722945959,0.00886487722945959,9
all,F+ depth-weighted,75,0.803427651095867,0.00583745023680923,0.00957922093710867,0.00957922093710867,9
first,Codex F,75,0.803427651095867,0.00557846740173629,0.00936038431011817,0.00936038431011817,9
first,F no distance,75,0.803427651095867,0.0190121760589794,0.0319297589154213,0.0319297589154213,9
first,F+,75,0.803427651095867,0.00557822201793315,0.00936065381471313,0.00936065381471313,9
first,F guarded,75,0.803427651095867,0.00566076387172632,0.00692763967301244,0.00692763967301244,9
first,New C,75,0.803427651095867,0.00424689964406815,0.00776322987250072,0.00776322987250072,9
first,New C with dCor,75,0.803427651095867,0.00371211786872024,0.00863817146166752,0.00863817146166752,9
first,F+ depth-weighted,75,0.803427651095867,0.00567741544851281,0.00962442619801504,0.00962442619801504,9
second,Codex F,75,0.803427651095867,0.00588544791493928,0.00924468612428829,0.00924468612428829,9
second,F no distance,75,0.803427651095867,0.0195358548857507,0.03211747228222,0.03211747228222,9
second,F+,75,0.803427651095867,0.00588620228156755,0.00924462086019688,0.00924462086019688,9
second,F guarded,75,0.803427651095867,0.00628945394593538,0.00714978611660305,0.00714978611660305,9
second,New C,75,0.803427651095867,0.00494441754920496,0.00881285909355624,0.00881285909355624,9
second,New C with dCor,75,0.803427651095867,0.00409709431628859,0.00916354630888201,0.00916354630888201,9
second,F+ depth-weighted,75,0.803427651095867,0.00598896710774415,0.00951015631603009,0.00951015631603009,9
all,Codex F,100,0.843794398070452,0.00460599853750487,0.00729467398853019,0.00729467398853019,9
all,F no distance,100,0.843794398070452,0.0167561190697679,0.0286617507194297,0.0286617507194297,9
all,F+,100,0.843794398070452,0.00460631650219813,0.00729644643966104,0.00729644643966104,9
all,F guarded,100,0.843794398070452,0.00476493683538961,0.00546047554834276,0.00546047554834276,9
all,New C,100,0.843794398070452,0.00367231965123453,0.00664854532757919,0.00664854532757919,9
all,New C with dCor,100,0.843794398070452,0.00334337637610094,0.00744449829658345,0.00744449829658345,9
all,F+ depth-weighted,100,0.843794398070452,0.00473212432548942,0.00757151866467281,0.00757151866467281,9
first,Codex F,100,0.843794398070452,0.00454479024812663,0.00744338131325753,0.00744338131325753,9
first,F no distance,100,0.843794398070452,0.0164975481330295,0.0285648705009021,0.0285648705009021,9
first,F+,100,0.843794398070452,0.00454470030560196,0.00744337105599445,0.00744337105599445,9
first,F guarded,100,0.843794398070452,0.0047319660625146,0.00555219581538465,0.00555219581538465,9
first,New C,100,0.843794398070452,0.00343860248393376,0.00626146164669263,0.00626146164669263,9
first,New C with dCor,100,0.843794398070452,0.00317104453012526,0.00724041760818232,0.00724041760818232,9
first,F+ depth-weighted,100,0.843794398070452,0.00476556426855234,0.00787614506390224,0.00787614506390224,9
second,Codex F,100,0.843794398070452,0.00466817546627629,0.00713553850548053,0.00713553850548053,9
second,F no distance,100,0.843794398070452,0.0170217704204263,0.0287647013064582,0.0287647013064582,9
second,F+,100,0.843794398070452,0.00466788865862269,0.00713555508268756,0.00713555508268756,9
second,F guarded,100,0.843794398070452,0.00491080981140223,0.00543766946217828,0.00543766946217828,9
second,New C,100,0.843794398070452,0.00385520520273398,0.00693787742893472,0.00693787742893472,9
second,New C with dCor,100,0.843794398070452,0.00351604646686399,0.00765692357103718,0.00765692357103718,9
second,F+ depth-weighted,100,0.843794398070452,0.00482428853899087,0.0074507840507096,0.0074507840507096,9
all,Codex F,150,0.889138146764167,0.00354016204222974,0.00527686981904201,0.00527686981904201,9
all,F no distance,150,0.889138146764167,0.0134640089631954,0.0237958939994844,0.0237958939994844,9
all,F+,150,0.889138146764167,0.00354003885818723,0.00527696088932729,0.00527696088932729,9
all,F guarded,150,0.889138146764167,0.00354716729944161,0.00364184005996233,0.00364184005996233,9
all,New C,150,0.889138146764167,0.00273492623984312,0.00456872687355167,0.00456872687355167,9
all,New C with dCor,150,0.889138146764167,0.00268720232029345,0.00549296215043221,0.00549296215043221,9
all,F+ depth-weighted,150,0.889138146764167,0.00361825752084532,0.0054915460316957,0.0054915460316957,9
first,Codex F,150,0.889138146764167,0.00349007784004173,0.00543108563195509,0.00543108563195509,9
first,F no distance,150,0.889138146764167,0.0132846526134969,0.0238236522352033,0.0238236522352033,9
first,F+,150,0.889138146764167,0.00349012503384258,0.00543121869032013,0.00543121869032013,9
first,F guarded,150,0.889138146764167,0.00349039429686465,0.00368537212089671,0.00368537212089671,9
first,New C,150,0.889138146764167,0.00263356472605257,0.00441075965042489,0.00441075965042489,9
first,New C with dCor,150,0.889138146764167,0.00263808751763155,0.00550356141603587,0.00550356141603587,9
first,F+ depth-weighted,150,0.889138146764167,0.00356935185887635,0.00564525399799638,0.00564525399799638,9
second,Codex F,150,0.889138146764167,0.00359465523340227,0.00512965056499328,0.00512965056499328,9
second,F no distance,150,0.889138146764167,0.0136704926510794,0.0238128658755633,0.0238128658755633,9
second,F+,150,0.889138146764167,0.00359465523340227,0.00512965056499328,0.00512965056499328,9
second,F guarded,150,0.889138146764167,0.00361298350760749,0.00358569766469687,0.00358569766469687,9
second,New C,150,0.889138146764167,0.00287481356185094,0.00479418927644404,0.00479418927644404,9
second,New C with dCor,150,0.889138146764167,0.0027640111682027,0.00555421941064273,0.00555421941064273,9
second,F+ depth-weighted,150,0.889138146764167,0.00367443608794149,0.00534535710209118,0.00534535710209118,9
all,Codex F,200,0.914033950690219,0.00312621562539911,0.00447265199405772,0.00447265199405772,9
all,F no distance,200,0.914033950690219,0.0113440866989713,0.0202330121718814,0.0202330121718814,9
all,F+,200,0.914033950690219,0.00312625323416724,0.00447264539597607,0.00447264539597607,9
all,F guarded,200,0.914033950690219,0.00310539592090132,0.00292367435602619,0.00292367435602619,9
all,New C,200,0.914033950690219,0.00242687717383931,0.00372398812040474,0.00372398812040474,9
all,New C with dCor,200,0.914033950690219,0.00245086227679242,0.00462925316094306,0.00462925316094306,9
all,F+ depth-weighted,200,0.914033950690219,0.00316721989467522,0.00459201195458662,0.00459201195458662,9
first,Codex F,200,0.914033950690219,0.00305759241830152,0.0045613949175386,0.0045613949175386,9
first,F no distance,200,0.914033950690219,0.0111708392161127,0.0202544525988867,0.0202544525988867,9
first,F+,200,0.914033950690219,0.00305759241830152,0.0045613949175386,0.0045613949175386,9
first,F guarded,200,0.914033950690219,0.00303229119948335,0.00293071301438778,0.00293071301438778,9
first,New C,200,0.914033950690219,0.00234105067998772,0.00354682998335338,0.00354682998335338,9
first,New C with dCor,200,0.914033950690219,0.00238136419272082,0.00459377659425929,0.00459377659425929,9
first,F+ depth-weighted,200,0.914033950690219,0.00310915644938562,0.00468805339236034,0.00468805339236034,9
second,Codex F,200,0.914033950690219,0.00319879671420124,0.00438512948172261,0.00438512948172261,9
second,F no distance,200,0.914033950690219,0.0115084023658559,0.0201992222793576,0.0201992222793576,9
second,F+,200,0.914033950690219,0.00319886870610193,0.00438515526467804,0.00438515526467804,9
second,F guarded,200,0.914033950690219,0.00319321559397678,0.00291236757101102,0.00291236757101102,9
second,New C,200,0.914033950690219,0.00252212526377895,0.00388254066592902,0.00388254066592902,9
second,New C with dCor,200,0.914033950690219,0.00252253480488161,0.00466428219995459,0.00466428219995459,9
second,F+ depth-weighted,200,0.914033950690219,0.00324554312227509,0.00451500529577379,0.00451500529577379,9
all,Codex F,300,0.940653533303244,0.00275609827384902,0.00378458491816108,0.00378458491816108,9
all,F no distance,300,0.940653533303244,0.00874742186909729,0.015450920745507,0.015450920745507,9
all,F+,300,0.940653533303244,0.00275609827384902,0.00378458491816108,0.00378458491816108,9
all,F guarded,300,0.940653533303244,0.00268114316245807,0.00231980499639464,0.00231980499639464,9
all,New C,300,0.940653533303244,0.00215877662488953,0.00284082571572963,0.00284082571572963,9
all,New C with dCor,300,0.940653533303244,0.00225398047479093,0.00381565321327373,0.00381565321327373,9
all,F+ depth-weighted,300,0.940653533303244,0.00281242341328235,0.00392407979567971,0.00392407979567971,9
first,Codex F,300,0.940653533303244,0.00274874169428176,0.00392162349561967,0.00392162349561967,9
first,F no distance,300,0.940653533303244,0.00862776724121583,0.0155839727860258,0.0155839727860258,9
first,F+,300,0.940653533303244,0.00274874169428176,0.00392162349561967,0.00392162349561967,9
first,F guarded,300,0.940653533303244,0.00269722888656182,0.00238487111556107,0.00238487111556107,9
first,New C,300,0.940653533303244,0.00211842942981211,0.00285361282211757,0.00285361282211757,9
first,New C with dCor,300,0.940653533303244,0.00221174531450013,0.00389905990188146,0.00389905990188146,9
first,F+ depth-weighted,300,0.940653533303244,0.00276791123957583,0.0040112943275142,0.0040112943275142,9
second,Codex F,300,0.940653533303244,0.00275608077148447,0.00363171063020924,0.00363171063020924,9
second,F no distance,300,0.940653533303244,0.00885726370321445,0.0153070581393292,0.0153070581393292,9
second,F+,300,0.940653533303244,0.00275608077148447,0.00363171063020924,0.00363171063020924,9
second,F guarded,300,0.940653533303244,0.00274524680561152,0.00233839451277887,0.00233839451277887,9
second,New C,300,0.940653533303244,0.00221965550230833,0.00289243639681773,0.00289243639681773,9
second,New C with dCor,300,0.940653533303244,0.00229973238296502,0.00373221444024795,0.00373221444024795,9
second,F+ depth-weighted,300,0.940653533303244,0.00281174597853266,0.00377093663842095,0.00377093663842095,9
all,Codex F,500,0.963338789913237,0.00243096893416559,0.00317972412150446,0.00317972412150446,9
all,F no distance,500,0.963338789913237,0.00629340864706034,0.010595957483361,0.010595957483361,9
all,F+,500,0.963338789913237,0.00243096893416559,0.00317972412150446,0.00317972412150446,9
all,F guarded,500,0.963338789913237,0.0023895800857273,0.00199270935611189,0.00199270935611189,9
all,New C,500,0.963338789913237,0.0020108844107399,0.00233358530395059,0.00233358530395059,9
all,New C with dCor,500,0.963338789913237,0.0021001074586719,0.00316178576148379,0.00316178576148379,9
all,F+ depth-weighted,500,0.963338789913237,0.00244276607596009,0.00325521146611328,0.00325521146611328,9
first,Codex F,500,0.963338789913237,0.00239974456862624,0.00326537052429921,0.00326537052429921,9
first,F no distance,500,0.963338789913237,0.00625167826616305,0.0108251896797815,0.0108251896797815,9
first,F+,500,0.963338789913237,0.00239974456862624,0.00326537052429921,0.00326537052429921,9
first,F guarded,500,0.963338789913237,0.00235874404193396,0.00200376680708412,0.00200376680708412,9
first,New C,500,0.963338789913237,0.00198555279434208,0.00233508969743457,0.00233508969743457,9
first,New C with dCor,500,0.963338789913237,0.00205355806604682,0.00322397772691726,0.00322397772691726,9
first,F+ depth-weighted,500,0.963338789913237,0.00241497127483963,0.00334963993798305,0.00334963993798305,9
second,Codex F,500,0.963338789913237,0.0024629036270863,0.00309797015549914,0.00309797015549914,9
second,F no distance,500,0.963338789913237,0.00633036675548594,0.0103449470138591,0.0103449470138591,9
second,F+,500,0.963338789913237,0.0024629036270863,0.00309797015549914,0.00309797015549914,9
second,F guarded,500,0.963338789913237,0.00242268208095975,0.00198162364644768,0.00198162364644768,9
second,New C,500,0.963338789913237,0.00204511587000738,0.00231686375795049,0.00231686375795049,9
second,New C with dCor,500,0.963338789913237,0.00214002117348224,0.00308586837804454,0.00308586837804454,9
second,F+ depth-weighted,500,0.963338789913237,0.0024699194134066,0.00317418629419237,0.00317418629419237,9
all,Codex F,1000,0.981249623042887,0.00218364842550519,0.00267230375656947,0.00267230375656947,9
all,F no distance,1000,0.981249623042887,0.00352420611832898,0.00559101364794955,0.00559101364794955,9
all,F+,1000,0.981249623042887,0.00218364842550519,0.00267230375656947,0.00267230375656947,9
all,F guarded,1000,0.981249623042887,0.00209194862310717,0.00170505204950659,0.00170505204950659,9
all,New C,1000,0.981249623042887,0.00191482376218886,0.00206764181723363,0.00206764181723363,9
all,New C with dCor,1000,0.981249623042887,0.00198113387357048,0.00262253934771091,0.00262253934771091,9
all,F+ depth-weighted,1000,0.981249623042887,0.00219160951758221,0.00273336793270432,0.00273336793270432,9
first,Codex F,1000,0.981249623042887,0.002157305103923,0.00272535365800934,0.00272535365800934,9
first,F no distance,1000,0.981249623042887,0.00352685996706314,0.0058144556368215,0.0058144556368215,9
first,F+,1000,0.981249623042887,0.002157305103923,0.00272535365800934,0.00272535365800934,9
first,F guarded,1000,0.981249623042887,0.00208988116012076,0.00172394509379747,0.00172394509379747,9
first,New C,1000,0.981249623042887,0.00188331966056199,0.00206649691956631,0.00206649691956631,9
first,New C with dCor,1000,0.981249623042887,0.00194972573501492,0.00266280349102394,0.00266280349102394,9
first,F+ depth-weighted,1000,0.981249623042887,0.00216162354771632,0.00277274421128797,0.00277274421128797,9
second,Codex F,1000,0.981249623042887,0.00220592776447099,0.00260654183376259,0.00260654183376259,9
second,F no distance,1000,0.981249623042887,0.00352313124514793,0.0053675744971575,0.0053675744971575,9
second,F+,1000,0.981249623042887,0.00220592776447099,0.00260654183376259,0.00260654183376259,9
second,F guarded,1000,0.981249623042887,0.00211722559638649,0.00171182523261167,0.00171182523261167,9
second,New C,1000,0.981249623042887,0.00194382043129414,0.00205790628523099,0.00205790628523099,9
second,New C with dCor,1000,0.981249623042887,0.00201914418991696,0.00258664123390077,0.00258664123390077,9
second,F+ depth-weighted,1000,0.981249623042887,0.00220005544637029,0.00265116900270701,0.00265116900270701,9
all,Codex F,3000,0.99365231199093,0.00196289804308092,0.00202340151504569,0.00202340151504569,9
all,F no distance,3000,0.99365231199093,0.00220350858466938,0.00307489856691311,0.00307489856691311,9
all,F+,3000,0.99365231199093,0.00196289804308092,0.00202340151504569,0.00202340151504569,9
all,F guarded,3000,0.99365231199093,0.00191253140643443,0.00149024633038078,0.00149024633038078,9
all,New C,3000,0.99365231199093,0.00186391368428019,0.00184547332170877,0.00184547332170877,9
all,New C with dCor,3000,0.99365231199093,0.00190280778679391,0.0020930326811073,0.0020930326811073,9
all,F+ depth-weighted,3000,0.99365231199093,0.00195174278574177,0.00206315091193733,0.00206315091193733,9
first,Codex F,3000,0.99365231199093,0.00193515999853489,0.00206758310666582,0.00206758310666582,9
first,F no distance,3000,0.99365231199093,0.0021835154413147,0.00315469884614447,0.00315469884614447,9
first,F+,3000,0.99365231199093,0.00193515999853489,0.00206758310666582,0.00206758310666582,9
first,F guarded,3000,0.99365231199093,0.00190003824024514,0.00150507149481109,0.00150507149481109,9
first,New C,3000,0.99365231199093,0.00185021678917891,0.00185571834876666,0.00185571834876666,9
first,New C with dCor,3000,0.99365231199093,0.00188232829521607,0.0021208759949302,0.0021208759949302,9
first,F+ depth-weighted,3000,0.99365231199093,0.00192768087069663,0.00209885804896951,0.00209885804896951,9
second,Codex F,3000,0.99365231199093,0.00199066293980344,0.00199205782083466,0.00199205782083466,9
second,F no distance,3000,0.99365231199093,0.00222292171329836,0.00299179565059985,0.00299179565059985,9
second,F+,3000,0.99365231199093,0.00199066293980344,0.00199205782083466,0.00199205782083466,9
second,F guarded,3000,0.99365231199093,0.00193805679863377,0.00148756498060181,0.00148756498060181,9
second,New C,3000,0.99365231199093,0.00187991666463173,0.0018417065693681,0.0018417065693681,9
second,New C with dCor,3000,0.99365231199093,0.00191537419950591,0.00206587200300668,0.00206587200300668,9
second,F+ depth-weighted,3000,0.99365231199093,0.0019738161347906,0.00202107799698561,0.00202107799698561,9
all,Codex F,10000,0.998085193188478,0.00185788661900972,0.00152657452800619,0.00152657452800619,9
all,F no distance,10000,0.998085193188478,0.001904855638789,0.00191696932570252,0.00191696932570252,9
all,F+,10000,0.998085193188478,0.00185788661900972,0.00152657452800619,0.00152657452800619,9
all,F guarded,10000,0.998085193188478,0.00183370126532489,0.00130498355476778,0.00130498355476778,9
all,New C,10000,0.998085193188478,0.00184880705190263,0.0016689426890454,0.0016689426890454,9
all,New C with dCor,10000,0.998085193188478,0.00185952864361975,0.00176082992954369,0.00176082992954369,9
all,F+ depth-weighted,10000,0.998085193188478,0.0018370797708343,0.00156033871888434,0.00156033871888434,9
first,Codex F,10000,0.998085193188478,0.00183313845788743,0.00154894854866338,0.00154894854866338,9
first,F no distance,10000,0.998085193188478,0.00187119528535606,0.00194860545937418,0.00194860545937418,9
first,F+,10000,0.998085193188478,0.00183313845788743,0.00154894854866338,0.00154894854866338,9
first,F guarded,10000,0.998085193188478,0.00181356115052858,0.00131572806565522,0.00131572806565522,9
first,New C,10000,0.998085193188478,0.00182539138746209,0.00167119406812147,0.00167119406812147,9
first,New C with dCor,10000,0.998085193188478,0.00183955162983138,0.00178105971714658,0.00178105971714658,9
first,F+ depth-weighted,10000,0.998085193188478,0.00181487617773795,0.00157946766397719,0.00157946766397719,9
second,Codex F,10000,0.998085193188478,0.00189056725167235,0.00150586915848385,0.00150586915848385,9
second,F no distance,10000,0.998085193188478,0.0019327661373186,0.00186980641162993,0.00186980641162993,9
second,F+,10000,0.998085193188478,0.00189056725167235,0.00150586915848385,0.00150586915848385,9
second,F guarded,10000,0.998085193188478,0.00186191461198902,0.00129913429796546,0.00129913429796546,9
second,New C,10000,0.998085193188478,0.00187411769400057,0.00166520148907534,0.00166520148907534,9
second,New C with dCor,10000,0.998085193188478,0.00188026491545451,0.00176049598477271,0.00176049598477271,9
second,F+ depth-weighted,10000,0.998085193188478,0.0018615557781968,0.00154225095623506,0.00154225095623506,9
all,Codex F,1e+05,0.999808110645714,0.0018212327584776,0.00118669096899743,0.00118669096899743,9
all,F no distance,1e+05,0.999808110645714,0.00182899870592345,0.0012365344355411,0.0012365344355411,9
all,F+,1e+05,0.999808110645714,0.0018212327584776,0.00118669096899743,0.00118669096899743,9
all,F guarded,1e+05,0.999808110645714,0.0018175770742151,0.00116257509109628,0.00116257509109628,9
all,New C,1e+05,0.999808110645714,0.00184737225459269,0.00155433203552404,0.00155433203552404,9
all,New C with dCor,1e+05,0.999808110645714,0.00184757278540256,0.00156572858674436,0.00156572858674436,9
all,F+ depth-weighted,1e+05,0.999808110645714,0.00179586914565914,0.0011994956682888,0.0011994956682888,9
first,Codex F,1e+05,0.999808110645714,0.00180065934131386,0.00119002620414518,0.00119002620414518,9
first,F no distance,1e+05,0.999808110645714,0.00181167957499766,0.00124708816971293,0.00124708816971293,9
first,F+,1e+05,0.999808110645714,0.00180065934131386,0.00119002620414518,0.00119002620414518,9
first,F guarded,1e+05,0.999808110645714,0.00179467568936816,0.0011637786205255,0.0011637786205255,9
first,New C,1e+05,0.999808110645714,0.00182456795480169,0.00156862498821381,0.00156862498821381,9
first,New C with dCor,1e+05,0.999808110645714,0.0018263710110151,0.00158014776166598,0.00158014776166598,9
first,F+ depth-weighted,1e+05,0.999808110645714,0.00178232629521101,0.00120275785005809,0.00120275785005809,9
second,Codex F,1e+05,0.999808110645714,0.00184174649706252,0.00117068634759858,0.00117068634759858,9
second,F no distance,1e+05,0.999808110645714,0.00184782661838978,0.00121735088730398,0.00121735088730398,9
second,F+,1e+05,0.999808110645714,0.00184174649706252,0.00117068634759858,0.00117068634759858,9
second,F guarded,1e+05,0.999808110645714,0.00183915488959089,0.00114967549092533,0.00114967549092533,9
second,New C,1e+05,0.999808110645714,0.00186531714586897,0.00154545539363773,0.00154545539363773,9
second,New C with dCor,1e+05,0.999808110645714,0.001868254903712,0.0015630325953508,0.0015630325953508,9
second,F+ depth-weighted,1e+05,0.999808110645714,0.00180931054961049,0.001200667307588,0.001200667307588,9
all,Codex F,Inf,1,0.00182103476391958,0.00114166640682123,0.00114166640682123,9
all,F no distance,Inf,1,0.00182103476391958,0.00114166640682123,0.00114166640682123,9
all,F+,Inf,1,0.00182103476391958,0.00114166640682123,0.00114166640682123,9
all,F guarded,Inf,1,0.00182103476391958,0.00114166640682123,0.00114166640682123,9
all,New C,Inf,1,0.00185056168092509,0.00154651781374218,0.00154651781374218,9
all,New C with dCor,Inf,1,0.00185056168092509,0.00154651781374218,0.00154651781374218,9
all,F+ depth-weighted,Inf,1,0.00179419978977012,0.00113926594808616,0.00113926594808616,9
first,Codex F,Inf,1,0.00180084261945893,0.00114798641981997,0.00114798641981997,9
first,F no distance,Inf,1,0.00180084261945893,0.00114798641981997,0.00114798641981997,9
first,F+,Inf,1,0.00180084261945893,0.00114798641981997,0.00114798641981997,9
first,F guarded,Inf,1,0.00180084261945893,0.00114798641981997,0.00114798641981997,9
first,New C,Inf,1,0.00182705448815357,0.0015620214548707,0.0015620214548707,9
first,New C with dCor,Inf,1,0.00182705448815357,0.0015620214548707,0.0015620214548707,9
first,F+ depth-weighted,Inf,1,0.00178296578984478,0.00114412978598829,0.00114412978598829,9
second,Codex F,Inf,1,0.00184165820427856,0.00113587029317143,0.00113587029317143,9
second,F no distance,Inf,1,0.00184165820427856,0.00113587029317143,0.00113587029317143,9
second,F+,Inf,1,0.00184165820427856,0.00113587029317143,0.00113587029317143,9
second,F guarded,Inf,1,0.00184165820427856,0.00113587029317143,0.00113587029317143,9
second,New C,Inf,1,0.00186441843738428,0.00152629965735672,0.00152629965735672,9
second,New C with dCor,Inf,1,0.00186441843738428,0.00152629965735672,0.00152629965735672,9
second,F+ depth-weighted,Inf,1,0.00181018050551887,0.00113883871249415,0.00113883871249415,9
all,Codex F,0,0,0.0331150373161733,0.0407686569820141,0.0407686569820141,10
all,F no distance,0,0,0.0331150373161733,0.0407686569820141,0.0407686569820141,10
all,F+,0,0,0.0331151409408688,0.0407687774693487,0.0407687774693487,10
all,F guarded,0,0,0.0778316535841839,0.0533093891227561,0.0533093891227561,10
all,New C,0,0,0.0542268273577036,0.0433443287679771,0.0433443287679771,10
all,New C with dCor,0,0,0.0198908602692646,0.0302831694148843,0.0302831694148843,10
all,F+ depth-weighted,0,0,0.0331576853297289,0.0408119168162351,0.0408119168162351,10
first,Codex F,0,0,0.0325988796368104,0.0408171062426875,0.0408171062426875,10
first,F no distance,0,0,0.0325988796368104,0.0408171062426875,0.0408171062426875,10
first,F+,0,0,0.0325974052889657,0.0408150357664517,0.0408150357664517,10
first,F guarded,0,0,0.0777087721045573,0.053531607700187,0.053531607700187,10
first,New C,0,0,0.0522652569229228,0.0429373991172109,0.0429373991172109,10
first,New C with dCor,0,0,0.0187348554838201,0.0295187254979163,0.0295187254979163,10
first,F+ depth-weighted,0,0,0.0326603405953891,0.0408433856012377,0.0408433856012377,10
second,Codex F,0,0,0.0336285793996965,0.0407185136588624,0.0407185136588624,10
second,F no distance,0,0,0.0336285793996965,0.0407185136588624,0.0407185136588624,10
second,F+,0,0,0.0336280901513983,0.0407178308650419,0.0407178308650419,10
second,F guarded,0,0,0.077958655995272,0.0531017179807739,0.0531017179807739,10
second,New C,0,0,0.0561515810936295,0.0437518802405631,0.0437518802405631,10
second,New C with dCor,0,0,0.021024888957859,0.0310796607430643,0.0310796607430643,10
second,F+ depth-weighted,0,0,0.0336500720960571,0.0407436241759928,0.0407436241759928,10
all,Codex F,3,0.117470632330429,0.0278146362524328,0.0368535193451201,0.0368535193451201,10
all,F no distance,3,0.117470632330429,0.0321057380778851,0.0403764160749963,0.0403764160749963,10
all,F+,3,0.117470632330429,0.0278146362524328,0.0368535193451201,0.0368535193451201,10
all,F guarded,3,0.117470632330429,0.0355625841913954,0.0368094902748531,0.0368094902748531,10
all,New C,3,0.117470632330429,0.0475963867713037,0.0410990265211473,0.0410990265211473,10
all,New C with dCor,3,0.117470632330429,0.0171159380606043,0.0275928470655612,0.0275928470655612,10
all,F+ depth-weighted,3,0.117470632330429,0.027847485594982,0.0369561741871638,0.0369561741871638,10
first,Codex F,3,0.117470632330429,0.0275282651100805,0.0369459281951033,0.0369459281951033,10
first,F no distance,3,0.117470632330429,0.0316234507645054,0.0403903993089924,0.0403903993089924,10
first,F+,3,0.117470632330429,0.0275282651100805,0.0369459281951033,0.0369459281951033,10
first,F guarded,3,0.117470632330429,0.0354444085141206,0.037100687555718,0.037100687555718,10
first,New C,3,0.117470632330429,0.0459133428343419,0.0406841670895715,0.0406841670895715,10
first,New C with dCor,3,0.117470632330429,0.0162273216228987,0.0269794483129416,0.0269794483129416,10
first,F+ depth-weighted,3,0.117470632330429,0.0275528311039389,0.0370271155578069,0.0370271155578069,10
second,Codex F,3,0.117470632330429,0.0281684033445256,0.0367686910540697,0.0367686910540697,10
second,F no distance,3,0.117470632330429,0.0325713624763819,0.0403275807703745,0.0403275807703745,10
second,F+,3,0.117470632330429,0.0281684033445256,0.0367686910540697,0.0367686910540697,10
second,F guarded,3,0.117470632330429,0.0356762285311624,0.0365261963688028,0.0365261963688028,10
second,New C,3,0.117470632330429,0.04929875535386,0.0414721100669472,0.0414721100669472,10
second,New C with dCor,3,0.117470632330429,0.0180337927157466,0.028209996044211,0.028209996044211,10
second,F+ depth-weighted,3,0.117470632330429,0.0281892532264382,0.036859126353189,0.036859126353189,10
all,Codex F,5,0.206174662261047,0.0243954983166946,0.0333338901504891,0.0333338901504891,10
all,F no distance,5,0.206174662261047,0.0311861791783517,0.0399506120800403,0.0399506120800403,10
all,F+,5,0.206174662261047,0.0243954030538008,0.0333339867264495,0.0333339867264495,10
all,F guarded,5,0.206174662261047,0.0245969094797359,0.026760011414413,0.026760011414413,10
all,New C,5,0.206174662261047,0.0352784698542625,0.0339285892861043,0.0339285892861043,10
all,New C with dCor,5,0.206174662261047,0.0153671486557494,0.0253178348951957,0.0253178348951957,10
all,F+ depth-weighted,5,0.206174662261047,0.0244530940186847,0.0334485870597448,0.0334485870597448,10
first,Codex F,5,0.206174662261047,0.0241105574995282,0.0334436256314011,0.0334436256314011,10
first,F no distance,5,0.206174662261047,0.0307240060888785,0.0400154855517213,0.0400154855517213,10
first,F+,5,0.206174662261047,0.0241109174572595,0.0334454504142357,0.0334454504142357,10
first,F guarded,5,0.206174662261047,0.0242966276112696,0.0269368120524234,0.0269368120524234,10
first,New C,5,0.206174662261047,0.034997167428365,0.0341451853609848,0.0341451853609848,10
first,New C with dCor,5,0.206174662261047,0.0146501303839953,0.0248132508670746,0.0248132508670746,10
first,F+ depth-weighted,5,0.206174662261047,0.0241835500581058,0.03354440529364,0.03354440529364,10
second,Codex F,5,0.206174662261047,0.0246877148224291,0.033224293355152,0.033224293355152,10
second,F no distance,5,0.206174662261047,0.0316558714810146,0.0399246732907171,0.0399246732907171,10
second,F+,5,0.206174662261047,0.0246877148224291,0.033224293355152,0.033224293355152,10
second,F guarded,5,0.206174662261047,0.0249437678595618,0.0265716096222281,0.0265716096222281,10
second,New C,5,0.206174662261047,0.0356245512107952,0.0337582272764233,0.0337582272764233,10
second,New C with dCor,5,0.206174662261047,0.016180765362027,0.0258104877764519,0.0258104877764519,10
second,F+ depth-weighted,5,0.206174662261047,0.0247386390074614,0.0333557216462927,0.0333557216462927,10
all,Codex F,10,0.360961882464157,0.0194901306157022,0.0279634768716481,0.0279634768716481,10
all,F no distance,10,0.360961882464157,0.0292832194904631,0.0390397497360958,0.0390397497360958,10
all,F+,10,0.360961882464157,0.0194909467369278,0.0279656408453338,0.0279656408453338,10
all,F guarded,10,0.360961882464157,0.0214544001103283,0.0204916837423094,0.0204916837423094,10
all,New C,10,0.360961882464157,0.0192768989232248,0.0212816429972456,0.0212816429972456,10
all,New C with dCor,10,0.360961882464157,0.0128717037930777,0.0220203063681789,0.0220203063681789,10
all,F+ depth-weighted,10,0.360961882464157,0.0195983482470876,0.0281369335346695,0.0281369335346695,10
first,Codex F,10,0.360961882464157,0.0192789106933308,0.0281272908863647,0.0281272908863647,10
first,F no distance,10,0.360961882464157,0.0288125046299392,0.0390768887824711,0.0390768887824711,10
first,F+,10,0.360961882464157,0.0192788118161909,0.0281301320052959,0.0281301320052959,10
first,F guarded,10,0.360961882464157,0.020810282488048,0.0203968034558138,0.0203968034558138,10
first,New C,10,0.360961882464157,0.0189995270237481,0.021314272505276,0.021314272505276,10
first,New C with dCor,10,0.360961882464157,0.0122397529630275,0.0215627307844766,0.0215627307844766,10
first,F+ depth-weighted,10,0.360961882464157,0.0193514161280147,0.0282671234140558,0.0282671234140558,10
second,Codex F,10,0.360961882464157,0.0197012929451112,0.0278259971024321,0.0278259971024321,10
second,F no distance,10,0.360961882464157,0.0297515345429226,0.039008550690721,0.039008550690721,10
second,F+,10,0.360961882464157,0.0197009914334842,0.0278283282800839,0.0278283282800839,10
second,F guarded,10,0.360961882464157,0.0221263479006379,0.0206554159954874,0.0206554159954874,10
second,New C,10,0.360961882464157,0.0196279547771754,0.0212543817474233,0.0212543817474233,10
second,New C with dCor,10,0.360961882464157,0.0135605566545281,0.0224341877192741,0.0224341877192741,10
second,F+ depth-weighted,10,0.360961882464157,0.0198384119057783,0.0280039314176015,0.0280039314176015,10
all,Codex F,20,0.532284387119722,0.0111974886112995,0.0194457641999171,0.0194457641999171,10
all,F no distance,20,0.532284387119722,0.0263090566117652,0.0373481829780336,0.0373481829780336,10
all,F+,20,0.532284387119722,0.0111973430989875,0.0194458280099896,0.0194458280099896,10
all,F guarded,20,0.532284387119722,0.0164284823864921,0.0165482731540486,0.0165482731540486,10
all,New C,20,0.532284387119722,0.0137413681069392,0.0169445494856737,0.0169445494856737,10
all,New C with dCor,20,0.532284387119722,0.01020492630036,0.0187563016953872,0.0187563016953872,10
all,F+ depth-weighted,20,0.532284387119722,0.0114929093613098,0.0198969584843764,0.0198969584843764,10
first,Codex F,20,0.532284387119722,0.011319281256772,0.0197740502781436,0.0197740502781436,10
first,F no distance,20,0.532284387119722,0.0259472704224166,0.0374002028016773,0.0374002028016773,10
first,F+,20,0.532284387119722,0.0113189927326924,0.0197741785763202,0.0197741785763202,10
first,F guarded,20,0.532284387119722,0.0164318221849967,0.0166441099335956,0.0166441099335956,10
first,New C,20,0.532284387119722,0.0129787560381613,0.0164626416820511,0.0164626416820511,10
first,New C with dCor,20,0.532284387119722,0.00973120664622841,0.0183451754095546,0.0183451754095546,10
first,F+ depth-weighted,20,0.532284387119722,0.0116174119496407,0.0202218055128665,0.0202218055128665,10
second,Codex F,20,0.532284387119722,0.0110822554463547,0.0191210207400345,0.0191210207400345,10
second,F no distance,20,0.532284387119722,0.0266881070511506,0.0373096333530947,0.0373096333530947,10
second,F+,20,0.532284387119722,0.0110822554463547,0.0191210207400345,0.0191210207400345,10
second,F guarded,20,0.532284387119722,0.0163891772607388,0.0164137896406403,0.0164137896406403,10
second,New C,20,0.532284387119722,0.0145134209579035,0.0173450810755971,0.0173450810755971,10
second,New C with dCor,20,0.532284387119722,0.0106915964470324,0.0190867204474389,0.0190867204474389,10
second,F+ depth-weighted,20,0.532284387119722,0.0113821363393082,0.0195740863606708,0.0195740863606708,10
all,Codex F,30,0.628076765873137,0.00788024499565184,0.0149769581108616,0.0149769581108616,10
all,F no distance,30,0.628076765873137,0.024047905922397,0.0357818283615019,0.0357818283615019,10
all,F+,30,0.628076765873137,0.00788079430681886,0.0149767927718489,0.0149767927718489,10
all,F guarded,30,0.628076765873137,0.0107094229212095,0.0125122666019548,0.0125122666019548,10
all,New C,30,0.628076765873137,0.0114727328229779,0.0153783980722702,0.0153783980722702,10
all,New C with dCor,30,0.628076765873137,0.00772784608748261,0.0155988870027024,0.0155988870027024,10
all,F+ depth-weighted,30,0.628076765873137,0.00806522107718964,0.0153617618921044,0.0153617618921044,10
first,Codex F,30,0.628076765873137,0.00787764286703642,0.0150734377260976,0.0150734377260976,10
first,F no distance,30,0.628076765873137,0.0237348729702878,0.0358196879566691,0.0358196879566691,10
first,F+,30,0.628076765873137,0.00787810756703075,0.0150733656191089,0.0150733656191089,10
first,F guarded,30,0.628076765873137,0.0107149530236032,0.0125844027097201,0.0125844027097201,10
first,New C,30,0.628076765873137,0.0111101009364341,0.0151243602493566,0.0151243602493566,10
first,New C with dCor,30,0.628076765873137,0.00767090122966339,0.0156114497258393,0.0156114497258393,10
first,F+ depth-weighted,30,0.628076765873137,0.00808290675597941,0.015494480672712,0.015494480672712,10
second,Codex F,30,0.628076765873137,0.00791960018656756,0.0149138252213265,0.0149138252213265,10
second,F no distance,30,0.628076765873137,0.0243532677179704,0.0357457882855777,0.0357457882855777,10
second,F+,30,0.628076765873137,0.00791969789147919,0.0149138449751734,0.0149138449751734,10
second,F guarded,30,0.628076765873137,0.0107226323404557,0.0124445996112396,0.0124445996112396,10
second,New C,30,0.628076765873137,0.0121413197163758,0.015834861733485,0.015834861733485,10
second,New C with dCor,30,0.628076765873137,0.00783363966378623,0.0156486733565338,0.0156486733565338,10
second,F+ depth-weighted,30,0.628076765873137,0.00808751248729903,0.0152555656817677,0.0152555656817677,10
all,Codex F,50,0.734295787355217,0.00581393403330021,0.0111855090733312,0.0111855090733312,10
all,F no distance,50,0.734295787355217,0.0205461557969126,0.0329499495122474,0.0329499495122474,10
all,F+,50,0.734295787355217,0.00581483051358753,0.0111864119297609,0.0111864119297609,10
all,F guarded,50,0.734295787355217,0.0063571480241332,0.00861931944608783,0.00861931944608783,10
all,New C,50,0.734295787355217,0.0066616560320888,0.0108129891403168,0.0108129891403168,10
all,New C with dCor,50,0.734295787355217,0.00495237007314056,0.0110555514417397,0.0110555514417397,10
all,F+ depth-weighted,50,0.734295787355217,0.00590343984331414,0.0115028459440165,0.0115028459440165,10
first,Codex F,50,0.734295787355217,0.00573539006448536,0.01118701170188,0.01118701170188,10
first,F no distance,50,0.734295787355217,0.020303011192311,0.0329151648807198,0.0329151648807198,10
first,F+,50,0.734295787355217,0.00573514579910373,0.011187062096988,0.011187062096988,10
first,F guarded,50,0.734295787355217,0.00617950616478112,0.00855871665632189,0.00855871665632189,10
first,New C,50,0.734295787355217,0.00639946808694858,0.0104346723822553,0.0104346723822553,10
first,New C with dCor,50,0.734295787355217,0.00482740552819194,0.0108359803691154,0.0108359803691154,10
first,F+ depth-weighted,50,0.734295787355217,0.00582472627399218,0.0115299411987907,0.0115299411987907,10
second,Codex F,50,0.734295787355217,0.00589220476859722,0.0112037811901962,0.0112037811901962,10
second,F no distance,50,0.734295787355217,0.0207925121119064,0.0329683503990534,0.0329683503990534,10
second,F+,50,0.734295787355217,0.00589268623554193,0.0112042251995133,0.0112042251995133,10
second,F guarded,50,0.734295787355217,0.00656561643669896,0.00871544859668279,0.00871544859668279,10
second,New C,50,0.734295787355217,0.00693172090207367,0.0111420578651947,0.0111420578651947,10
second,New C with dCor,50,0.734295787355217,0.00511712455376628,0.011363290432099,0.011363290432099,10
second,F+ depth-weighted,50,0.734295787355217,0.00600656166923685,0.0115150266057236,0.0115150266057236,10
all,Codex F,75,0.803427651095867,0.00479618378404996,0.00890354917618073,0.00890354917618073,10
all,F no distance,75,0.803427651095867,0.0172821201944671,0.0297310176291933,0.0297310176291933,10
all,F+,75,0.803427651095867,0.00479611959527827,0.00890373001204934,0.00890373001204934,10
all,F guarded,75,0.803427651095867,0.0051757626956554,0.00681887094950682,0.00681887094950682,10
all,New C,75,0.803427651095867,0.00457613999520904,0.00805585760938433,0.00805585760938433,10
all,New C with dCor,75,0.803427651095867,0.00372298885235085,0.00847792192820742,0.00847792192820742,10
all,F+ depth-weighted,75,0.803427651095867,0.00486651773298271,0.00920214429009253,0.00920214429009253,10
first,Codex F,75,0.803427651095867,0.00472485052579348,0.00889482284625288,0.00889482284625288,10
first,F no distance,75,0.803427651095867,0.0171590632511192,0.029738499578978,0.029738499578978,10
first,F+,75,0.803427651095867,0.00472532385218523,0.00889470551505029,0.00889470551505029,10
first,F guarded,75,0.803427651095867,0.00494392661676789,0.00667599338381111,0.00667599338381111,10
first,New C,75,0.803427651095867,0.00429278277981782,0.00757023692675333,0.00757023692675333,10
first,New C with dCor,75,0.803427651095867,0.00360929716223411,0.00824576194022565,0.00824576194022565,10
first,F+ depth-weighted,75,0.803427651095867,0.00478269107457198,0.00919810305441077,0.00919810305441077,10
second,Codex F,75,0.803427651095867,0.00485364192716984,0.00891663385453743,0.00891663385453743,10
second,F no distance,75,0.803427651095867,0.0174244513988393,0.0297487432328504,0.0297487432328504,10
second,F+,75,0.803427651095867,0.00485349243577521,0.00891681373906396,0.00891681373906396,10
second,F guarded,75,0.803427651095867,0.00543027325338689,0.00700151001480876,0.00700151001480876,10
second,New C,75,0.803427651095867,0.00491087108710654,0.00860757192238856,0.00860757192238856,10
second,New C with dCor,75,0.803427651095867,0.00387171961710741,0.00876151630732537,0.00876151630732537,10
second,F+ depth-weighted,75,0.803427651095867,0.0049508712672088,0.00921803982380122,0.00921803982380122,10
all,Codex F,100,0.843794398070452,0.00388461417305234,0.00700331934665769,0.00700331934665769,10
all,F no distance,100,0.843794398070452,0.0148005077385323,0.026882773575783,0.026882773575783,10
all,F+,100,0.843794398070452,0.00388454259916707,0.00700374507516468,0.00700374507516468,10
all,F guarded,100,0.843794398070452,0.00410869451054197,0.00531633319324459,0.00531633319324459,10
all,New C,100,0.843794398070452,0.00358052927383598,0.00639416558107901,0.00639416558107901,10
all,New C with dCor,100,0.843794398070452,0.00318045974238949,0.00713871427257834,0.00713871427257834,10
all,F+ depth-weighted,100,0.843794398070452,0.00395441453741646,0.00727652562346587,0.00727652562346587,10
first,Codex F,100,0.843794398070452,0.00384591617514663,0.00701223849090039,0.00701223849090039,10
first,F no distance,100,0.843794398070452,0.014653219447006,0.0269133547649211,0.0269133547649211,10
first,F+,100,0.843794398070452,0.00384591617514663,0.00701223849090039,0.00701223849090039,10
first,F guarded,100,0.843794398070452,0.00408364456818214,0.005320256054555,0.005320256054555,10
first,New C,100,0.843794398070452,0.00341179084461955,0.00612804130733684,0.00612804130733684,10
first,New C with dCor,100,0.843794398070452,0.00308148702312088,0.00691535668195055,0.00691535668195055,10
first,F+ depth-weighted,100,0.843794398070452,0.00400410431303207,0.00743181207221132,0.00743181207221132,10
second,Codex F,100,0.843794398070452,0.0038713159740418,0.00691181815284629,0.00691181815284629,10
second,F no distance,100,0.843794398070452,0.0149537998815183,0.0268730281240741,0.0268730281240741,10
second,F+,100,0.843794398070452,0.00387133530573298,0.00691184013859719,0.00691184013859719,10
second,F guarded,100,0.843794398070452,0.00414015452540014,0.00532100253074653,0.00532100253074653,10
second,New C,100,0.843794398070452,0.00370544758291923,0.00656170604409554,0.00656170604409554,10
second,New C with dCor,100,0.843794398070452,0.00324317882448017,0.00729075764026304,0.00729075764026304,10
second,F+ depth-weighted,100,0.843794398070452,0.00401581061462107,0.00727046170696458,0.00727046170696458,10
all,Codex F,150,0.889138146764167,0.00301892768386133,0.00505490963465781,0.00505490963465781,10
all,F no distance,150,0.889138146764167,0.0115273087361461,0.022487315189818,0.022487315189818,10
all,F+,150,0.889138146764167,0.003018982996017,0.00505489175204675,0.00505489175204675,10
all,F guarded,150,0.889138146764167,0.00304931587179791,0.00348579673420046,0.00348579673420046,10
all,New C,150,0.889138146764167,0.002630162905164,0.00442012924456826,0.00442012924456826,10
all,New C with dCor,150,0.889138146764167,0.00252342318095841,0.00525802763417566,0.00525802763417566,10
all,F+ depth-weighted,150,0.889138146764167,0.00307949973217612,0.00527300825599249,0.00527300825599249,10
first,Codex F,150,0.889138146764167,0.00303179235109382,0.00512200656510906,0.00512200656510906,10
first,F no distance,150,0.889138146764167,0.011424497840225,0.0224766522376039,0.0224766522376039,10
first,F+,150,0.889138146764167,0.00303162568851413,0.00512200340156773,0.00512200340156773,10
first,F guarded,150,0.889138146764167,0.0030257000231518,0.00350723733968951,0.00350723733968951,10
first,New C,150,0.889138146764167,0.00251610905483565,0.00416441483765194,0.00416441483765194,10
first,New C with dCor,150,0.889138146764167,0.00249242524459591,0.00520155034861752,0.00520155034861752,10
first,F+ depth-weighted,150,0.889138146764167,0.003092615436542,0.005352280772543,0.005352280772543,10
second,Codex F,150,0.889138146764167,0.00300982940464423,0.00498168220690028,0.00498168220690028,10
second,F no distance,150,0.889138146764167,0.0116439774525649,0.0225155351648078,0.0225155351648078,10
second,F+,150,0.889138146764167,0.00300978964920297,0.00498164929735752,0.00498164929735752,10
second,F guarded,150,0.889138146764167,0.00308394216102868,0.00349487504247167,0.00349487504247167,10
second,New C,150,0.889138146764167,0.00268623939000859,0.00460501755762106,0.00460501755762106,10
second,New C with dCor,150,0.889138146764167,0.00256024003194679,0.0053821754543973,0.0053821754543973,10
second,F+ depth-weighted,150,0.889138146764167,0.00307671242604483,0.00520470383041434,0.00520470383041434,10
all,Codex F,200,0.914033950690219,0.00272901941875067,0.00429653221093253,0.00429653221093253,10
all,F no distance,200,0.914033950690219,0.00949434312298155,0.0192359814731067,0.0192359814731067,10
all,F+,200,0.914033950690219,0.00272912891632979,0.00429654082122423,0.00429654082122423,10
all,F guarded,200,0.914033950690219,0.00270904688770609,0.00280694809414424,0.00280694809414424,10
all,New C,200,0.914033950690219,0.00229086001628201,0.00358416026948778,0.00358416026948778,10
all,New C with dCor,200,0.914033950690219,0.00231457158925546,0.00452014022954223,0.00452014022954223,10
all,F+ depth-weighted,200,0.914033950690219,0.00275733785583287,0.00443750269031864,0.00443750269031864,10
first,Codex F,200,0.914033950690219,0.00272866123080253,0.00431872500857947,0.00431872500857947,10
first,F no distance,200,0.914033950690219,0.0094382571170493,0.0193034675686968,0.0193034675686968,10
first,F+,200,0.914033950690219,0.00272866123080253,0.00431872500857947,0.00431872500857947,10
first,F guarded,200,0.914033950690219,0.00266286976764191,0.00278330549817448,0.00278330549817448,10
first,New C,200,0.914033950690219,0.00223847527960869,0.00344284829472374,0.00344284829472374,10
first,New C with dCor,200,0.914033950690219,0.0022875607345302,0.00445333129564124,0.00445333129564124,10
first,F+ depth-weighted,200,0.914033950690219,0.00275581973314302,0.00448442244436553,0.00448442244436553,10
second,Codex F,200,0.914033950690219,0.00272912698138848,0.0042688809681778,0.0042688809681778,10
second,F no distance,200,0.914033950690219,0.00956042641909837,0.0191725576060861,0.0191725576060861,10
second,F+,200,0.914033950690219,0.00272889987674077,0.00426884872085892,0.00426884872085892,10
second,F guarded,200,0.914033950690219,0.00275491298357331,0.00283089345727702,0.00283089345727702,10
second,New C,200,0.914033950690219,0.00234327860485504,0.0036965846126982,0.0036965846126982,10
second,New C with dCor,200,0.914033950690219,0.00234603435564707,0.00458814142861994,0.00458814142861994,10
second,F+ depth-weighted,200,0.914033950690219,0.00275778732807172,0.00439250935310053,0.00439250935310053,10
all,Codex F,300,0.940653533303244,0.00245270538589766,0.00367570893887778,0.00367570893887778,10
all,F no distance,300,0.940653533303244,0.00711509307255494,0.0146696398980955,0.0146696398980955,10
all,F+,300,0.940653533303244,0.00245270538589766,0.00367570893887778,0.00367570893887778,10
all,F guarded,300,0.940653533303244,0.00237891537131452,0.00226212893358494,0.00226212893358494,10
all,New C,300,0.940653533303244,0.00202195796993651,0.00277564699999647,0.00277564699999647,10
all,New C with dCor,300,0.940653533303244,0.00211122448010483,0.00372661202990252,0.00372661202990252,10
all,F+ depth-weighted,300,0.940653533303244,0.00249161073771918,0.0038072111015589,0.0038072111015589,10
first,Codex F,300,0.940653533303244,0.00249492398873652,0.00376386269393789,0.00376386269393789,10
first,F no distance,300,0.940653533303244,0.00711143872606903,0.0147604157964938,0.0147604157964938,10
first,F+,300,0.940653533303244,0.00249492398873652,0.00376386269393789,0.00376386269393789,10
first,F guarded,300,0.940653533303244,0.0023906973191113,0.00228594573996058,0.00228594573996058,10
first,New C,300,0.940653533303244,0.00199334756511133,0.00268195194205442,0.00268195194205442,10
first,New C with dCor,300,0.940653533303244,0.00210459631473609,0.00374095396290205,0.00374095396290205,10
first,F+ depth-weighted,300,0.940653533303244,0.00249381189844219,0.0038385953910911,0.0038385953910911,10
second,Codex F,300,0.940653533303244,0.00241682890143361,0.00360422825924939,0.00360422825924939,10
second,F no distance,300,0.940653533303244,0.00712432156590793,0.0145687290698104,0.0145687290698104,10
second,F+,300,0.940653533303244,0.00241682890143361,0.00360422825924939,0.00360422825924939,10
second,F guarded,300,0.940653533303244,0.00242810560426485,0.00230743036350128,0.00230743036350128,10
second,New C,300,0.940653533303244,0.00205639859732538,0.00287914015273858,0.00287914015273858,10
second,New C with dCor,300,0.940653533303244,0.00212456750618879,0.00371219722805125,0.00371219722805125,10
second,F+ depth-weighted,300,0.940653533303244,0.00244178289086541,0.00370546670458394,0.00370546670458394,10
all,Codex F,500,0.963338789913237,0.00221047792052182,0.00313613461646889,0.00313613461646889,10
all,F no distance,500,0.963338789913237,0.0050827008561488,0.0100245434985333,0.0100245434985333,10
all,F+,500,0.963338789913237,0.00221047792052182,0.00313613461646889,0.00313613461646889,10
all,F guarded,500,0.963338789913237,0.00215302979854374,0.00195312386936618,0.00195312386936618,10
all,New C,500,0.963338789913237,0.00187979210014238,0.00230092615625237,0.00230092615625237,10
all,New C with dCor,500,0.963338789913237,0.00196094679044903,0.00311083233577022,0.00311083233577022,10
all,F+ depth-weighted,500,0.963338789913237,0.00221335214623004,0.0031906158498836,0.0031906158498836,10
first,Codex F,500,0.963338789913237,0.0022327902226084,0.00314113778211386,0.00314113778211386,10
first,F no distance,500,0.963338789913237,0.00511369839395364,0.0101355921310739,0.0101355921310739,10
first,F+,500,0.963338789913237,0.0022327902226084,0.00314113778211386,0.00314113778211386,10
first,F guarded,500,0.963338789913237,0.0021316536305002,0.00191722337868026,0.00191722337868026,10
first,New C,500,0.963338789913237,0.00186358058113921,0.00224722132930552,0.00224722132930552,10
first,New C with dCor,500,0.963338789913237,0.00194978183981621,0.00307023535176136,0.00307023535176136,10
first,F+ depth-weighted,500,0.963338789913237,0.00222571104339512,0.00320218905256057,0.00320218905256057,10
second,Codex F,500,0.963338789913237,0.00219601929890765,0.00313308497926638,0.00313308497926638,10
second,F no distance,500,0.963338789913237,0.00505137137239997,0.0098957243592807,0.0098957243592807,10
second,F+,500,0.963338789913237,0.00219601929890765,0.00313308497926638,0.00313308497926638,10
second,F guarded,500,0.963338789913237,0.00217731408108454,0.0019897495399716,0.0019897495399716,10
second,New C,500,0.963338789913237,0.00190284357767755,0.0023611656517213,0.0023611656517213,10
second,New C with dCor,500,0.963338789913237,0.00197357648896747,0.00314634327678865,0.00314634327678865,10
second,F+ depth-weighted,500,0.963338789913237,0.00220096202529118,0.00318403532532971,0.00318403532532971,10
all,Codex F,1000,0.981249623042887,0.00201873109018106,0.00265739765697278,0.00265739765697278,10
all,F no distance,1000,0.981249623042887,0.00305591176460272,0.00538252289920553,0.00538252289920553,10
all,F+,1000,0.981249623042887,0.00201873109018106,0.00265739765697278,0.00265739765697278,10
all,F guarded,1000,0.981249623042887,0.00194293675935566,0.00168844495237023,0.00168844495237023,10
all,New C,1000,0.981249623042887,0.0017932080782428,0.00204082789578335,0.00204082789578335,10
all,New C with dCor,1000,0.981249623042887,0.001853035572281,0.0026212168270567,0.0026212168270567,10
all,F+ depth-weighted,1000,0.981249623042887,0.00201252215116968,0.00270891378844948,0.00270891378844948,10
first,Codex F,1000,0.981249623042887,0.00202731917087404,0.00266917762922286,0.00266917762922286,10
first,F no distance,1000,0.981249623042887,0.00311919150634925,0.00551716029727814,0.00551716029727814,10
first,F+,1000,0.981249623042887,0.00202731917087404,0.00266917762922286,0.00266917762922286,10
first,F guarded,1000,0.981249623042887,0.00195981724014546,0.00167404548437089,0.00167404548437089,10
first,New C,1000,0.981249623042887,0.00176812356845804,0.0020001047822229,0.0020001047822229,10
first,New C with dCor,1000,0.981249623042887,0.00184101693882649,0.00259690491094069,0.00259690491094069,10
first,F+ depth-weighted,1000,0.981249623042887,0.00201683785130562,0.00270775217502413,0.00270775217502413,10
second,Codex F,1000,0.981249623042887,0.00200267069652294,0.00264480149771896,0.00264480149771896,10
second,F no distance,1000,0.981249623042887,0.0029951457392327,0.0052478872112486,0.0052478872112486,10
second,F+,1000,0.981249623042887,0.00200267069652294,0.00264480149771896,0.00264480149771896,10
second,F guarded,1000,0.981249623042887,0.00193810174663916,0.00173212575787062,0.00173212575787062,10
second,New C,1000,0.981249623042887,0.00182645320818093,0.00209487275982422,0.00209487275982422,10
second,New C with dCor,1000,0.981249623042887,0.0018597711125898,0.00264142533768217,0.00264142533768217,10
second,F+ depth-weighted,1000,0.981249623042887,0.00199116672040306,0.00268167141343102,0.00268167141343102,10
all,Codex F,3000,0.99365231199093,0.00183921738904643,0.00204157612653283,0.00204157612653283,10
all,F no distance,3000,0.99365231199093,0.00204572211208774,0.00306067139969248,0.00306067139969248,10
all,F+,3000,0.99365231199093,0.00183921738904643,0.00204157612653283,0.00204157612653283,10
all,F guarded,3000,0.99365231199093,0.00179783390551326,0.00149341352798838,0.00149341352798838,10
all,New C,3000,0.99365231199093,0.00173451520151632,0.00186832968924886,0.00186832968924886,10
all,New C with dCor,3000,0.99365231199093,0.0017709418837272,0.00211108979039159,0.00211108979039159,10
all,F+ depth-weighted,3000,0.99365231199093,0.00182309158046227,0.00207731819692606,0.00207731819692606,10
first,Codex F,3000,0.99365231199093,0.0018361725640355,0.0020664816106204,0.0020664816106204,10
first,F no distance,3000,0.99365231199093,0.00204598697834496,0.00307756711811763,0.00307756711811763,10
first,F+,3000,0.99365231199093,0.0018361725640355,0.0020664816106204,0.0020664816106204,10
first,F guarded,3000,0.99365231199093,0.00177671034112294,0.00148060854383596,0.00148060854383596,10
first,New C,3000,0.99365231199093,0.00170994374254743,0.00182878638324977,0.00182878638324977,10
first,New C with dCor,3000,0.99365231199093,0.00175511936947389,0.00208363054901206,0.00208363054901206,10
first,F+ depth-weighted,3000,0.99365231199093,0.00181362939722594,0.00209833595667765,0.00209833595667765,10
second,Codex F,3000,0.99365231199093,0.00186205217645887,0.00203812105678384,0.00203812105678384,10
second,F no distance,3000,0.99365231199093,0.00204012052272321,0.00304865931432959,0.00304865931432959,10
second,F+,3000,0.99365231199093,0.00186205217645887,0.00203812105678384,0.00203812105678384,10
second,F guarded,3000,0.99365231199093,0.00181150623604434,0.00150325149946959,0.00150325149946959,10
second,New C,3000,0.99365231199093,0.00176441955676313,0.00191201363948422,0.00191201363948422,10
second,New C with dCor,3000,0.99365231199093,0.00178514430422657,0.00215038252546159,0.00215038252546159,10
second,F+ depth-weighted,3000,0.99365231199093,0.00184588771391709,0.00207839712329223,0.00207839712329223,10
all,Codex F,10000,0.998085193188478,0.00173626372675671,0.00156059006905138,0.00156059006905138,10
all,F no distance,10000,0.998085193188478,0.00177713250515365,0.00194118187502397,0.00194118187502397,10
all,F+,10000,0.998085193188478,0.00173626372675671,0.00156059006905138,0.00156059006905138,10
all,F guarded,10000,0.998085193188478,0.00170523745685672,0.0013361535834838,0.0013361535834838,10
all,New C,10000,0.998085193188478,0.00171793995551594,0.00170581420553455,0.00170581420553455,10
all,New C with dCor,10000,0.998085193188478,0.00172915556337048,0.0017930963836151,0.0017930963836151,10
all,F+ depth-weighted,10000,0.998085193188478,0.0017245940324683,0.0015867665750248,0.0015867665750248,10
first,Codex F,10000,0.998085193188478,0.00171156810850154,0.00157908032022599,0.00157908032022599,10
first,F no distance,10000,0.998085193188478,0.00174887112247109,0.00196621069036625,0.00196621069036625,10
first,F+,10000,0.998085193188478,0.00171156810850154,0.00157908032022599,0.00157908032022599,10
first,F guarded,10000,0.998085193188478,0.00167346592501725,0.00133471233105677,0.00133471233105677,10
first,New C,10000,0.998085193188478,0.00168679257208012,0.00166833490699791,0.00166833490699791,10
first,New C with dCor,10000,0.998085193188478,0.00171098044907089,0.00176014943240829,0.00176014943240829,10
first,F+ depth-weighted,10000,0.998085193188478,0.00169459526329489,0.0016099169833556,0.0016099169833556,10
second,Codex F,10000,0.998085193188478,0.00176162074772792,0.00154522102672465,0.00154522102672465,10
second,F no distance,10000,0.998085193188478,0.00179926101707737,0.0019159270842009,0.0019159270842009,10
second,F+,10000,0.998085193188478,0.00176162074772792,0.00154522102672465,0.00154522102672465,10
second,F guarded,10000,0.998085193188478,0.00173368932289351,0.00133409926213084,0.00133409926213084,10
second,New C,10000,0.998085193188478,0.0017394225256885,0.00174423713802863,0.00174423713802863,10
second,New C with dCor,10000,0.998085193188478,0.0017451062947374,0.00182444149751341,0.00182444149751341,10
second,F+ depth-weighted,10000,0.998085193188478,0.00174697894678879,0.0015797940147766,0.0015797940147766,10
all,Codex F,1e+05,0.999808110645714,0.00169101758463213,0.00123308653267617,0.00123308653267617,10
all,F no distance,1e+05,0.999808110645714,0.00169300653514619,0.00126753793973843,0.00126753793973843,10
all,F+,1e+05,0.999808110645714,0.00169101758463213,0.00123308653267617,0.00123308653267617,10
all,F guarded,1e+05,0.999808110645714,0.00168696084925214,0.00120553326174482,0.00120553326174482,10
all,New C,1e+05,0.999808110645714,0.00172218416921296,0.00159012391515809,0.00159012391515809,10
all,New C with dCor,1e+05,0.999808110645714,0.00172257284083398,0.00160474113918652,0.00160474113918652,10
all,F+ depth-weighted,1e+05,0.999808110645714,0.0016805075005089,0.00123997316433245,0.00123997316433245,10
first,Codex F,1e+05,0.999808110645714,0.00166958507338766,0.00124527452884017,0.00124527452884017,10
first,F no distance,1e+05,0.999808110645714,0.00167094494850082,0.00128197133885889,0.00128197133885889,10
first,F+,1e+05,0.999808110645714,0.00166958507338766,0.00124527452884017,0.00124527452884017,10
first,F guarded,1e+05,0.999808110645714,0.00166113043786503,0.00121254638562591,0.00121254638562591,10
first,New C,1e+05,0.999808110645714,0.00169774985094443,0.00156854202560813,0.00156854202560813,10
first,New C with dCor,1e+05,0.999808110645714,0.00170010540354367,0.00158442851750522,0.00158442851750522,10
first,F+ depth-weighted,1e+05,0.999808110645714,0.0016518510320572,0.00124309288726283,0.00124309288726283,10
second,Codex F,1e+05,0.999808110645714,0.00170740294129688,0.00121902253877986,0.00121902253877986,10
second,F no distance,1e+05,0.999808110645714,0.00171323382695775,0.00125441745644664,0.00125441745644664,10
second,F+,1e+05,0.999808110645714,0.00170740294129688,0.00121902253877986,0.00121902253877986,10
second,F guarded,1e+05,0.999808110645714,0.00170401927832499,0.00119215073373249,0.00119215073373249,10
second,New C,1e+05,0.999808110645714,0.00174013768062392,0.00162780664534271,0.00162780664534271,10
second,New C with dCor,1e+05,0.999808110645714,0.00174312181987023,0.00163813920689501,0.00163813920689501,10
second,F+ depth-weighted,1e+05,0.999808110645714,0.00170797039584294,0.00122880699649608,0.00122880699649608,10
all,Codex F,Inf,1,0.00168934122745263,0.00118621627418812,0.00118621627418812,10
all,F no distance,Inf,1,0.00168934122745263,0.00118621627418812,0.00118621627418812,10
all,F+,Inf,1,0.00168934122745263,0.00118621627418812,0.00118621627418812,10
all,F guarded,Inf,1,0.00168934122745263,0.00118621627418812,0.00118621627418812,10
all,New C,Inf,1,0.00172032769700344,0.00157284433000461,0.00157284433000461,10
all,New C with dCor,Inf,1,0.00172032769700344,0.00157284433000461,0.00157284433000461,10
all,F+ depth-weighted,Inf,1,0.00168153857145014,0.00118022087073545,0.00118022087073545,10
first,Codex F,Inf,1,0.00166754475737186,0.0011875145812797,0.0011875145812797,10
first,F no distance,Inf,1,0.00166754475737186,0.0011875145812797,0.0011875145812797,10
first,F+,Inf,1,0.00166754475737186,0.0011875145812797,0.0011875145812797,10
first,F guarded,Inf,1,0.00166754475737186,0.0011875145812797,0.0011875145812797,10
first,New C,Inf,1,0.00169716048971562,0.00155925113701225,0.00155925113701225,10
first,New C with dCor,Inf,1,0.00169716048971562,0.00155925113701225,0.00155925113701225,10
first,F+ depth-weighted,Inf,1,0.00165484160439165,0.00118111066551447,0.00118111066551447,10
second,Codex F,Inf,1,0.00170625578585213,0.00117332630744081,0.00117332630744081,10
second,F no distance,Inf,1,0.00170625578585213,0.00117332630744081,0.00117332630744081,10
second,F+,Inf,1,0.00170625578585213,0.00117332630744081,0.00117332630744081,10
second,F guarded,Inf,1,0.00170625578585213,0.00117332630744081,0.00117332630744081,10
second,New C,Inf,1,0.00174104816972205,0.00162210803884925,0.00162210803884925,10
second,New C with dCor,Inf,1,0.00174104816972205,0.00162210803884925,0.00162210803884925,10
second,F+ depth-weighted,Inf,1,0.00171101283568304,0.00118249683122832,0.00118249683122832,10
