subset,family,ell,mean_w,error,gain,fold,cohort
all,Codex F,0,0,0.0541069877833808,0.0213397094600806,1,Alive
all,F no distance,0,0,0.0541069877833808,0.0213397094600806,1,Alive
all,F+,0,0,0.0545466057435772,0.0215060079435826,1,Alive
all,F guarded,0,0,0.102608151279597,0.0289835453563854,1,Alive
all,New C,0,0,0.117654188283624,0.029705790206142,1,Alive
all,New C with dCor,0,0,0.0594693008669976,0.0222335911824758,1,Alive
odd,Codex F,0,0,0.0543588867897219,0.0210572431810229,1,Alive
odd,F no distance,0,0,0.0543588867897219,0.0210572431810229,1,Alive
odd,F+,0,0,0.054810898949711,0.0212263417433577,1,Alive
odd,F guarded,0,0,0.103702032994804,0.028606005984003,1,Alive
odd,New C,0,0,0.119191158184804,0.0292994710519286,1,Alive
odd,New C with dCor,0,0,0.0596820961204488,0.02186027832958,1,Alive
even,Codex F,0,0,0.0539224934086682,0.0216901978511986,1,Alive
even,F no distance,0,0,0.0539224934086682,0.0216901978511986,1,Alive
even,F+,0,0,0.0543317746468072,0.0218304222795484,1,Alive
even,F guarded,0,0,0.101470423540744,0.0294117351415104,1,Alive
even,New C,0,0,0.115967574827956,0.0301867373060497,1,Alive
even,New C with dCor,0,0,0.059171147916307,0.022634597780854,1,Alive
all,Codex F,3,0.0127721010556141,0.051458904353415,0.0207046370540738,1,Alive
all,F no distance,3,0.0127721010556141,0.0538454904522408,0.0212950699506857,1,Alive
all,F+,3,0.0127721010556141,0.0519092414680079,0.0208465249524412,1,Alive
all,F guarded,3,0.0127721010556141,0.0887363597940602,0.027268555423322,1,Alive
all,New C,3,0.0127721010556141,0.106583804266221,0.028801251695285,1,Alive
all,New C with dCor,3,0.0127721010556141,0.0567286406580911,0.0216546093843953,1,Alive
odd,Codex F,3,0.0127721010556141,0.0516574076219972,0.0203886999194419,1,Alive
odd,F no distance,3,0.0127721010556141,0.0541750614380741,0.0210230195792739,1,Alive
odd,F+,3,0.0127721010556141,0.0520867980043666,0.0205305326714909,1,Alive
odd,F guarded,3,0.0127721010556141,0.0899229054664097,0.0270257658978096,1,Alive
odd,New C,3,0.0127721010556141,0.108123246097599,0.0284177754197925,1,Alive
odd,New C with dCor,3,0.0127721010556141,0.0569109709575311,0.0213307279252024,1,Alive
even,Codex F,3,0.0127721010556141,0.0512746712912375,0.0210147245221801,1,Alive
even,F no distance,3,0.0127721010556141,0.0537393858234131,0.0216692654366018,1,Alive
even,F+,3,0.0127721010556141,0.0516462643510262,0.0211545621303152,1,Alive
even,F guarded,3,0.0127721010556141,0.0873856843109626,0.0275845517785271,1,Alive
even,New C,3,0.0127721010556141,0.105000884381889,0.0292074808333174,1,Alive
even,New C with dCor,3,0.0127721010556141,0.0564632814873385,0.022022100327897,1,Alive
all,Codex F,5,0.0237713551275196,0.0485399846776514,0.0197262381364764,1,Alive
all,F no distance,5,0.0237713551275196,0.0536348996611112,0.0212558888716391,1,Alive
all,F+,5,0.0237713551275196,0.0488532787057513,0.0198519844601074,1,Alive
all,F guarded,5,0.0237713551275196,0.0798123041390252,0.0258335781955117,1,Alive
all,New C,5,0.0237713551275196,0.0944069920527482,0.0274774637116138,1,Alive
all,New C with dCor,5,0.0237713551275196,0.0533983071265483,0.0207161334630723,1,Alive
odd,Codex F,5,0.0237713551275196,0.0488305391441963,0.0195409307195095,1,Alive
odd,F no distance,5,0.0237713551275196,0.0539310047529576,0.0209781677422925,1,Alive
odd,F+,5,0.0237713551275196,0.0491859877139081,0.0196669847305868,1,Alive
odd,F guarded,5,0.0237713551275196,0.0812201273464343,0.0256706009883712,1,Alive
odd,New C,5,0.0237713551275196,0.0960252612916608,0.0272123344312961,1,Alive
odd,New C with dCor,5,0.0237713551275196,0.0536354185954395,0.0204418952676652,1,Alive
even,Codex F,5,0.0237713551275196,0.0481326012402475,0.0199431148515602,1,Alive
even,F no distance,5,0.0237713551275196,0.0535470850039295,0.0216326329113194,1,Alive
even,F+,5,0.0237713551275196,0.0485262448041863,0.02007614786998,1,Alive
even,F guarded,5,0.0237713551275196,0.0784106861598329,0.0260425615767136,1,Alive
even,New C,5,0.0237713551275196,0.0930599335250251,0.0277836038519191,1,Alive
even,New C with dCor,5,0.0237713551275196,0.0529505771493471,0.0209940843517952,1,Alive
all,Codex F,10,0.04732037755993,0.0443184742022185,0.018071581781175,1,Alive
all,F no distance,10,0.04732037755993,0.0531671132301384,0.0211762871893187,1,Alive
all,F+,10,0.04732037755993,0.0446479371060533,0.0181938307143068,1,Alive
all,F guarded,10,0.04732037755993,0.0661106949027379,0.022933772683228,1,Alive
all,New C,10,0.04732037755993,0.0786851916113838,0.0251455326225662,1,Alive
all,New C with dCor,10,0.04732037755993,0.0488522577387052,0.0191674695515503,1,Alive
odd,Codex F,10,0.04732037755993,0.0446587387421922,0.0178240540455563,1,Alive
odd,F no distance,10,0.04732037755993,0.0534179593620403,0.0208902008150647,1,Alive
odd,F+,10,0.04732037755993,0.0449368485197782,0.0179863471558735,1,Alive
odd,F guarded,10,0.04732037755993,0.0662519295553409,0.022649088769737,1,Alive
odd,New C,10,0.04732037755993,0.0792530013287292,0.0248996279700036,1,Alive
odd,New C with dCor,10,0.04732037755993,0.0493366421469553,0.0189987670231294,1,Alive
even,Codex F,10,0.04732037755993,0.0439277349953034,0.018370503909412,1,Alive
even,F no distance,10,0.04732037755993,0.0530157720244597,0.0215550386524093,1,Alive
even,F+,10,0.04732037755993,0.0442720688672915,0.0184953351067699,1,Alive
even,F guarded,10,0.04732037755993,0.0650193009402495,0.0230152811587288,1,Alive
even,New C,10,0.04732037755993,0.077630383108095,0.0253495225494137,1,Alive
even,New C with dCor,10,0.04732037755993,0.0484189881390533,0.0194215971060383,1,Alive
all,Codex F,20,0.0845340102772149,0.0396059649448069,0.0158200158273372,1,Alive
all,F no distance,20,0.0845340102772149,0.0523756141344407,0.0210634569350883,1,Alive
all,F+,20,0.0845340102772149,0.0399010403875195,0.0159641554691799,1,Alive
all,F guarded,20,0.0845340102772149,0.0525078488475988,0.0185918987637946,1,Alive
all,New C,20,0.0845340102772149,0.0626392033843912,0.0215393536959061,1,Alive
all,New C with dCor,20,0.0845340102772149,0.0435188320546355,0.0169718723146881,1,Alive
odd,Codex F,20,0.0845340102772149,0.0398031010562124,0.0156603929233653,1,Alive
odd,F no distance,20,0.0845340102772149,0.052599074633118,0.0207542967161937,1,Alive
odd,F+,20,0.0845340102772149,0.0400972608515711,0.0157900483848081,1,Alive
odd,F guarded,20,0.0845340102772149,0.0530455400827703,0.018551210400355,1,Alive
odd,New C,20,0.0845340102772149,0.0632341005086406,0.0214305238161394,1,Alive
odd,New C with dCor,20,0.0845340102772149,0.0438625043103299,0.016831276710734,1,Alive
even,Codex F,20,0.0845340102772149,0.039364460952326,0.0159614116103616,1,Alive
even,F no distance,20,0.0845340102772149,0.052255314298311,0.0214267682576579,1,Alive
even,F+,20,0.0845340102772149,0.0395838375141371,0.0161011667768453,1,Alive
even,F guarded,20,0.0845340102772149,0.0520028244608661,0.0186524515528095,1,Alive
even,New C,20,0.0845340102772149,0.0613938262167652,0.0215518110774237,1,Alive
even,New C with dCor,20,0.0845340102772149,0.0432915217378801,0.0171791045116312,1,Alive
all,Codex F,30,0.114965864675073,0.0367215705513006,0.0142967934859022,1,Alive
all,F no distance,30,0.114965864675073,0.0516901831665857,0.0209504339744297,1,Alive
all,F+,30,0.114965864675073,0.0369937855055461,0.0144521456770567,1,Alive
all,F guarded,30,0.114965864675073,0.0461883470798948,0.0158607094266288,1,Alive
all,New C,30,0.114965864675073,0.0544175213239126,0.0189451821427482,1,Alive
all,New C with dCor,30,0.114965864675073,0.0405934384683494,0.0155964845341907,1,Alive
odd,Codex F,30,0.114965864675073,0.0369231731892885,0.0141986167130082,1,Alive
odd,F no distance,30,0.114965864675073,0.0518873841872742,0.0206472502621395,1,Alive
odd,F+,30,0.114965864675073,0.0370922739806018,0.0143198363310696,1,Alive
odd,F guarded,30,0.114965864675073,0.0464848401564005,0.0158011092841983,1,Alive
odd,New C,30,0.114965864675073,0.0549060590395907,0.0188831015692384,1,Alive
odd,New C with dCor,30,0.114965864675073,0.0406919058777225,0.0154372656542157,1,Alive
even,Codex F,30,0.114965864675073,0.0365410963626428,0.0144219535566486,1,Alive
even,F no distance,30,0.114965864675073,0.051531895731976,0.0212855482000902,1,Alive
even,F+,30,0.114965864675073,0.0367726864502461,0.0145387087323792,1,Alive
even,F guarded,30,0.114965864675073,0.0459270243439339,0.0159623458971776,1,Alive
even,New C,30,0.114965864675073,0.053888731240056,0.0189927506588332,1,Alive
even,New C with dCor,30,0.114965864675073,0.0403925573111352,0.0157803253063999,1,Alive
all,Codex F,50,0.164420954037171,0.0327843881694621,0.012334241938505,1,Alive
all,F no distance,50,0.164420954037171,0.0506289011339733,0.020759415915671,1,Alive
all,F+,50,0.164420954037171,0.0329641785250704,0.0124757195908277,1,Alive
all,F guarded,50,0.164420954037171,0.0401225493118851,0.0128450141540608,1,Alive
all,New C,50,0.164420954037171,0.04647342120256,0.0157403547878969,1,Alive
all,New C with dCor,50,0.164420954037171,0.0366589240745732,0.0138472997678164,1,Alive
odd,Codex F,50,0.164420954037171,0.032908484854178,0.0121722269262483,1,Alive
odd,F no distance,50,0.164420954037171,0.0507065561248494,0.0204209211019038,1,Alive
odd,F+,50,0.164420954037171,0.0332090251883069,0.0123121452848482,1,Alive
odd,F guarded,50,0.164420954037171,0.040275722514768,0.0128295279960943,1,Alive
odd,New C,50,0.164420954037171,0.0468729900133717,0.0157602903433602,1,Alive
odd,New C with dCor,50,0.164420954037171,0.0367966218961048,0.0136892572155014,1,Alive
even,Codex F,50,0.164420954037171,0.0326128859336361,0.0124757673232318,1,Alive
even,F no distance,50,0.164420954037171,0.0502914126277146,0.0210594802084779,1,Alive
even,F+,50,0.164420954037171,0.0327963627964038,0.012624348338836,1,Alive
even,F guarded,50,0.164420954037171,0.0398953979163072,0.0128948321110142,1,Alive
even,New C,50,0.164420954037171,0.0462381126372994,0.0156506577625838,1,Alive
even,New C with dCor,50,0.164420954037171,0.0364398400070924,0.013984707475653,1,Alive
all,Codex F,75,0.212721321815864,0.0296986643991692,0.0108459976286713,1,Alive
all,F no distance,75,0.212721321815864,0.0494045182856012,0.0205214765401028,1,Alive
all,F+,75,0.212721321815864,0.0299042232318463,0.0109699606536502,1,Alive
all,F guarded,75,0.212721321815864,0.0359555156562931,0.0110468369286817,1,Alive
all,New C,75,0.212721321815864,0.0415703355949875,0.0136886950586519,1,Alive
all,New C with dCor,75,0.212721321815864,0.0333851131101341,0.0126072290935417,1,Alive
odd,Codex F,75,0.212721321815864,0.0299026662341947,0.0107356701805483,1,Alive
odd,F no distance,75,0.212721321815864,0.0495537026430708,0.0202394971008649,1,Alive
odd,F+,75,0.212721321815864,0.030076362718563,0.0108749650371319,1,Alive
odd,F guarded,75,0.212721321815864,0.0359321303407299,0.0109037063583327,1,Alive
odd,New C,75,0.212721321815864,0.0416918580654714,0.0137461428204186,1,Alive
odd,New C with dCor,75,0.212721321815864,0.0335071703888011,0.0124513433488357,1,Alive
even,Codex F,75,0.212721321815864,0.0295807664519714,0.0110158547836892,1,Alive
even,F no distance,75,0.212721321815864,0.0493445519859295,0.0208349808170926,1,Alive
even,F+,75,0.212721321815864,0.0298162729024094,0.0111655439458559,1,Alive
even,F guarded,75,0.212721321815864,0.0357480192295895,0.0111994113744958,1,Alive
even,New C,75,0.212721321815864,0.0413068734899457,0.0137368840278731,1,Alive
even,New C with dCor,75,0.212721321815864,0.0332086105200604,0.0127781141827347,1,Alive
all,Codex F,100,0.25127459019198,0.0275620601702532,0.00985999753860785,1,Alive
all,F no distance,100,0.25127459019198,0.0485367474219296,0.020336070100725,1,Alive
all,F+,100,0.25127459019198,0.0277418526989733,0.00997239747904294,1,Alive
all,F guarded,100,0.25127459019198,0.033025198490732,0.0100155010733404,1,Alive
all,New C,100,0.25127459019198,0.0382081606767882,0.0126256912193575,1,Alive
all,New C with dCor,100,0.25127459019198,0.0309643000121352,0.0117955566179587,1,Alive
odd,Codex F,100,0.25127459019198,0.0277597723742784,0.00971500298777732,1,Alive
odd,F no distance,100,0.25127459019198,0.0486060068713076,0.0200621919599331,1,Alive
odd,F+,100,0.25127459019198,0.02793177971445,0.00984845406409855,1,Alive
odd,F guarded,100,0.25127459019198,0.0331749770332941,0.00984813994611873,1,Alive
odd,New C,100,0.25127459019198,0.0382962820960068,0.0125203451215169,1,Alive
odd,New C with dCor,100,0.25127459019198,0.0311650445132786,0.0117034856661489,1,Alive
even,Codex F,100,0.25127459019198,0.0273701724509746,0.0100118471299091,1,Alive
even,F no distance,100,0.25127459019198,0.0483598709021026,0.0206536245916747,1,Alive
even,F+,100,0.25127459019198,0.0275033157110816,0.01011512660332,1,Alive
even,F guarded,100,0.25127459019198,0.0327914320317442,0.0101629446810938,1,Alive
even,New C,100,0.25127459019198,0.0379604055341499,0.0128260072277878,1,Alive
even,New C with dCor,100,0.25127459019198,0.0307007634050261,0.0119872764725334,1,Alive
all,Codex F,150,0.310016638206782,0.0245437911237256,0.00851803159110681,1,Alive
all,F no distance,150,0.310016638206782,0.0469048756580009,0.0200175133118074,1,Alive
all,F+,150,0.310016638206782,0.0247102232394871,0.0086266776698061,1,Alive
all,F guarded,150,0.310016638206782,0.0293426227410423,0.00876882936785391,1,Alive
all,New C,150,0.310016638206782,0.0337217667430737,0.0115370631112162,1,Alive
all,New C with dCor,150,0.310016638206782,0.0278324310905559,0.0108554007778803,1,Alive
odd,Codex F,150,0.310016638206782,0.0247574720179758,0.00836018480002245,1,Alive
odd,F no distance,150,0.310016638206782,0.0470711193080448,0.0197429065758877,1,Alive
odd,F+,150,0.310016638206782,0.0249175657670237,0.00847705298148376,1,Alive
odd,F guarded,150,0.310016638206782,0.0294861973493118,0.00859571115568468,1,Alive
odd,New C,150,0.310016638206782,0.0338731153531709,0.0113764771752429,1,Alive
odd,New C with dCor,150,0.310016638206782,0.0279699088508606,0.0106764822132066,1,Alive
even,Codex F,150,0.310016638206782,0.0243064129047097,0.00868225935938814,1,Alive
even,F no distance,150,0.310016638206782,0.0467228260643699,0.0202931743005582,1,Alive
even,F+,150,0.310016638206782,0.0244591706931583,0.00882135688525199,1,Alive
even,F guarded,150,0.310016638206782,0.0290757064092241,0.00898750604626858,1,Alive
even,New C,150,0.310016638206782,0.0334124956207947,0.0116983317299256,1,Alive
even,New C with dCor,150,0.310016638206782,0.027534963092568,0.0110184287732323,1,Alive
all,Codex F,200,0.353433366065062,0.0225948290900345,0.00762770140909939,1,Alive
all,F no distance,200,0.353433366065062,0.0456506004548476,0.0197409276947228,1,Alive
all,F+,200,0.353433366065062,0.0227329322820594,0.00773270816279436,1,Alive
all,F guarded,200,0.353433366065062,0.0268141811332542,0.00800819587629222,1,Alive
all,New C,200,0.353433366065062,0.0308662984848892,0.0108706629484507,1,Alive
all,New C with dCor,200,0.353433366065062,0.0255862661960878,0.010169127075655,1,Alive
odd,Codex F,200,0.353433366065062,0.0227176584090793,0.00748672749759703,1,Alive
odd,F no distance,200,0.353433366065062,0.0456680085453373,0.0194671692520232,1,Alive
odd,F+,200,0.353433366065062,0.0228822847365392,0.00762977566552996,1,Alive
odd,F guarded,200,0.353433366065062,0.0270245197337463,0.00782144162202845,1,Alive
odd,New C,200,0.353433366065062,0.0311741539100185,0.0107656404968463,1,Alive
odd,New C with dCor,200,0.353433366065062,0.0257324908207654,0.0100126079096524,1,Alive
even,Codex F,200,0.353433366065062,0.0223918074884505,0.00777513634285778,1,Alive
even,F no distance,200,0.353433366065062,0.0455990621619028,0.0200263363693008,1,Alive
even,F+,200,0.353433366065062,0.0225580927434968,0.00789249516994277,1,Alive
even,F guarded,200,0.353433366065062,0.0264590451751105,0.00816400114302226,1,Alive
even,New C,200,0.353433366065062,0.0305040588993041,0.0110176199052412,1,Alive
even,New C with dCor,200,0.353433366065062,0.0254208945693636,0.0103631061563659,1,Alive
all,Codex F,300,0.414758560482122,0.0200301064716931,0.00638584866247339,1,Alive
all,F no distance,300,0.414758560482122,0.0437458852273339,0.0192742650896056,1,Alive
all,F+,300,0.414758560482122,0.0201575198384658,0.00650619110730133,1,Alive
all,F guarded,300,0.414758560482122,0.0235823499460653,0.00690567752907612,1,Alive
all,New C,300,0.414758560482122,0.0273020428783956,0.0100613467892199,1,Alive
all,New C with dCor,300,0.414758560482122,0.0227601435701057,0.00929476526095596,1,Alive
odd,Codex F,300,0.414758560482122,0.0201009413319454,0.00629177065036941,1,Alive
odd,F no distance,300,0.414758560482122,0.0436987222752582,0.018997739559352,1,Alive
odd,F+,300,0.414758560482122,0.0202672268217134,0.00638751517628932,1,Alive
odd,F guarded,300,0.414758560482122,0.0238690464902927,0.00679710396140357,1,Alive
odd,New C,300,0.414758560482122,0.0275715326850488,0.00998045215227176,1,Alive
odd,New C with dCor,300,0.414758560482122,0.0228252243953012,0.00911248163583937,1,Alive
even,Codex F,300,0.414758560482122,0.0199733764496712,0.00648813032597087,1,Alive
even,F no distance,300,0.414758560482122,0.0436985394042208,0.0195381637569,1,Alive
even,F+,300,0.414758560482122,0.0200912737631069,0.00658207045046472,1,Alive
even,F guarded,300,0.414758560482122,0.023309935658558,0.00706620251309965,1,Alive
even,New C,300,0.414758560482122,0.0270401226733374,0.0101708814843647,1,Alive
even,New C with dCor,300,0.414758560482122,0.0227256985929802,0.00946258131554452,1,Alive
all,Codex F,500,0.488869557189743,0.0174435590389764,0.00498454890829113,1,Alive
all,F no distance,500,0.488869557189743,0.0411665637101557,0.0186043068278017,1,Alive
all,F+,500,0.488869557189743,0.0175400011016124,0.00507192678201769,1,Alive
all,F guarded,500,0.488869557189743,0.0202092262476851,0.0055492948555846,1,Alive
all,New C,500,0.488869557189743,0.0234588498485337,0.00910682888634184,1,Alive
all,New C with dCor,500,0.488869557189743,0.0199161998957263,0.00829602635652287,1,Alive
odd,Codex F,500,0.488869557189743,0.0174313414098073,0.00487194877076567,1,Alive
odd,F no distance,500,0.488869557189743,0.0412219606433754,0.0183210531764913,1,Alive
odd,F+,500,0.488869557189743,0.0175693906100308,0.00498384524138842,1,Alive
odd,F guarded,500,0.488869557189743,0.02029934451074,0.00539195794992304,1,Alive
odd,New C,500,0.488869557189743,0.0235642365095888,0.00900242339576808,1,Alive
odd,New C with dCor,500,0.488869557189743,0.0199704648826149,0.00813753376969651,1,Alive
even,Codex F,500,0.488869557189743,0.0174449098395537,0.00511509595326834,1,Alive
even,F no distance,500,0.488869557189743,0.0411306567130559,0.0189259035350124,1,Alive
even,F+,500,0.488869557189743,0.0175333128251577,0.00521548979420412,1,Alive
even,F guarded,500,0.488869557189743,0.0201563048287231,0.00566387305476064,1,Alive
even,New C,500,0.488869557189743,0.0233508868738857,0.00921505030552071,1,Alive
even,New C with dCor,500,0.488869557189743,0.0198170418243334,0.00841985101701231,1,Alive
all,Codex F,1000,0.58017729615729,0.0147497258162091,0.00337731851655927,1,Alive
all,F no distance,1000,0.58017729615729,0.0377770113451268,0.0175414212708876,1,Alive
all,F+,1000,0.58017729615729,0.0148395996278517,0.00345642495388713,1,Alive
all,F guarded,1000,0.58017729615729,0.0167916617532314,0.00396334020240981,1,Alive
all,New C,1000,0.58017729615729,0.0195498883272205,0.00786140449107546,1,Alive
all,New C with dCor,1000,0.58017729615729,0.0168857382903653,0.00692578266245856,1,Alive
odd,Codex F,1000,0.58017729615729,0.0146969907268235,0.0032828212035279,1,Alive
odd,F no distance,1000,0.58017729615729,0.0377757877951553,0.0172560823634487,1,Alive
odd,F+,1000,0.58017729615729,0.0147810139728161,0.0033551972423414,1,Alive
odd,F guarded,1000,0.58017729615729,0.0167801948221874,0.00387799386512313,1,Alive
odd,New C,1000,0.58017729615729,0.019652285925625,0.00778043751455469,1,Alive
odd,New C with dCor,1000,0.58017729615729,0.0168283899955993,0.00681378937769992,1,Alive
even,Codex F,1000,0.58017729615729,0.0148263645829739,0.00347834231398126,1,Alive
even,F no distance,1000,0.58017729615729,0.0377649319272719,0.0178645854200541,1,Alive
even,F+,1000,0.58017729615729,0.0149206236643855,0.00353580189638347,1,Alive
even,F guarded,1000,0.58017729615729,0.0167886329231122,0.00407880024042324,1,Alive
even,New C,1000,0.58017729615729,0.019403355145015,0.00794853930616048,1,Alive
even,New C with dCor,1000,0.58017729615729,0.01690036216382,0.00705377179155409,1,Alive
all,Codex F,3000,0.702838216795711,0.01170922595554,0.00178347219381364,1,Alive
all,F no distance,3000,0.702838216795711,0.0322160815732699,0.0155252066599911,1,Alive
all,F+,3000,0.702838216795711,0.0117438969873074,0.00182275677094494,1,Alive
all,F guarded,3000,0.702838216795711,0.0127934848875464,0.00209517918011677,1,Alive
all,New C,3000,0.702838216795711,0.01498158000827,0.00572782382047545,1,Alive
all,New C with dCor,3000,0.702838216795711,0.0135101629451845,0.0050243791784181,1,Alive
odd,Codex F,3000,0.702838216795711,0.011646093165084,0.00172070054834542,1,Alive
odd,F no distance,3000,0.702838216795711,0.0322193450016077,0.0152667956110831,1,Alive
odd,F+,3000,0.702838216795711,0.0116892832148479,0.00176584462719466,1,Alive
odd,F guarded,3000,0.702838216795711,0.0127136041292168,0.00202701399568307,1,Alive
odd,New C,3000,0.702838216795711,0.0148889881726164,0.00561987838775526,1,Alive
odd,New C with dCor,3000,0.702838216795711,0.0133779848321739,0.0048713673125699,1,Alive
even,Codex F,3000,0.702838216795711,0.0117936287902314,0.00184596109044737,1,Alive
even,F no distance,3000,0.702838216795711,0.0322533056280789,0.0158130068867463,1,Alive
even,F+,3000,0.702838216795711,0.0118169085734276,0.00189341497313272,1,Alive
even,F guarded,3000,0.702838216795711,0.0128897343128798,0.00217198418902849,1,Alive
even,New C,3000,0.702838216795711,0.0150717812544328,0.0058448419489413,1,Alive
even,New C with dCor,3000,0.702838216795711,0.0136251067427684,0.00516236176096876,1,Alive
all,Codex F,10000,0.812142298522553,0.00965156183907738,0.000991304651732172,1,Alive
all,F no distance,10000,0.812142298522553,0.0258271772261472,0.0124680025878341,1,Alive
all,F+,10000,0.812142298522553,0.00967515693732812,0.00100234854463496,1,Alive
all,F guarded,10000,0.812142298522553,0.0101276703993852,0.00105632902547947,1,Alive
all,New C,10000,0.812142298522553,0.0117142865810906,0.00378173770584152,1,Alive
all,New C with dCor,10000,0.812142298522553,0.0110508425678227,0.00335757744834279,1,Alive
odd,Codex F,10000,0.812142298522553,0.00956351331268298,0.000944519451394603,1,Alive
odd,F no distance,10000,0.812142298522553,0.0258067000016926,0.0122379266592943,1,Alive
odd,F+,10000,0.812142298522553,0.00958754745256348,0.000955603952350249,1,Alive
odd,F guarded,10000,0.812142298522553,0.0100212757883511,0.000996003056351257,1,Alive
odd,New C,10000,0.812142298522553,0.0115596234778855,0.00366386644920693,1,Alive
odd,New C with dCor,10000,0.812142298522553,0.010951686460502,0.00324611554585359,1,Alive
even,Codex F,10000,0.812142298522553,0.00974799135852165,0.00104517985707862,1,Alive
even,F no distance,10000,0.812142298522553,0.0258001035405524,0.0127010164123413,1,Alive
even,F+,10000,0.812142298522553,0.00977366888837768,0.0010572805579525,1,Alive
even,F guarded,10000,0.812142298522553,0.0102427694768723,0.00112471812537009,1,Alive
even,New C,10000,0.812142298522553,0.0118824593603235,0.00393159637071404,1,Alive
even,New C with dCor,10000,0.812142298522553,0.0111658903022983,0.00347754153388265,1,Alive
all,Codex F,1e+05,0.95172669709556,0.00841249599940675,0.000670363966224737,1,Alive
all,F no distance,1e+05,0.95172669709556,0.0128717350722722,0.00390866672961007,1,Alive
all,F+,1e+05,0.95172669709556,0.00841534773519949,0.00067318865634788,1,Alive
all,F guarded,1e+05,0.95172669709556,0.00843663853711597,0.000669800777506164,1,Alive
all,New C,1e+05,0.95172669709556,0.00958656063768593,0.0022525880780157,1,Alive
all,New C with dCor,1e+05,0.95172669709556,0.00954890150791946,0.00217816616129769,1,Alive
odd,Codex F,1e+05,0.95172669709556,0.00833751295553408,0.000642106833407761,1,Alive
odd,F no distance,1e+05,0.95172669709556,0.0127856767836287,0.00376936816287057,1,Alive
odd,F+,1e+05,0.95172669709556,0.00834227375717256,0.000645346697697341,1,Alive
odd,F guarded,1e+05,0.95172669709556,0.00835202655173578,0.00064033021177674,1,Alive
odd,New C,1e+05,0.95172669709556,0.0095140115980297,0.00216242595310176,1,Alive
odd,New C with dCor,1e+05,0.95172669709556,0.00948278848067835,0.00209723632245526,1,Alive
even,Codex F,1e+05,0.95172669709556,0.00850380675235305,0.000702750933846215,1,Alive
even,F no distance,1e+05,0.95172669709556,0.0129702464968275,0.00406668953547621,1,Alive
even,F+,1e+05,0.95172669709556,0.00850820333256659,0.000707695383120307,1,Alive
even,F guarded,1e+05,0.95172669709556,0.00853069085628848,0.000705521729195469,1,Alive
even,New C,1e+05,0.95172669709556,0.00966975662679472,0.00234407811250326,1,Alive
even,New C with dCor,1e+05,0.95172669709556,0.00962427360783637,0.00226679379771784,1,Alive
all,Codex F,Inf,1,0.00826705686586487,0.000602765477888374,1,Alive
all,F no distance,Inf,1,0.00826705686586487,0.000602765477888374,1,Alive
all,F+,Inf,1,0.00826705686586487,0.000602765477888374,1,Alive
all,F guarded,Inf,1,0.00826705686586487,0.000602765477888374,1,Alive
all,New C,Inf,1,0.00932861428231132,0.00181178560234958,1,Alive
all,New C with dCor,Inf,1,0.00932861428231132,0.00181178560234958,1,Alive
odd,Codex F,Inf,1,0.00818847790839381,0.000576808888367648,1,Alive
odd,F no distance,Inf,1,0.00818847790839381,0.000576808888367648,1,Alive
odd,F+,Inf,1,0.00818847790839381,0.000576808888367648,1,Alive
odd,F guarded,Inf,1,0.00818847790839381,0.000576808888367648,1,Alive
odd,New C,Inf,1,0.00925927172514766,0.00176055638956892,1,Alive
odd,New C with dCor,Inf,1,0.00925927172514766,0.00176055638956892,1,Alive
even,Codex F,Inf,1,0.00835848629785116,0.000639112018428284,1,Alive
even,F no distance,Inf,1,0.00835848629785116,0.000639112018428284,1,Alive
even,F+,Inf,1,0.00835848629785116,0.000639112018428284,1,Alive
even,F guarded,Inf,1,0.00835848629785116,0.000639112018428284,1,Alive
even,New C,Inf,1,0.00940717381869765,0.00187061503735234,1,Alive
even,New C with dCor,Inf,1,0.00940717381869765,0.00187061503735234,1,Alive
all,Codex F,0,0,0.0633106903371806,0.0496052838491691,2,Alive
all,F no distance,0,0,0.0633106903371806,0.0496052838491691,2,Alive
all,F+,0,0,0.0635961123366234,0.0497066024013319,2,Alive
all,F guarded,0,0,0.107037770639394,0.0615420031506371,2,Alive
all,New C,0,0,0.119824280940439,0.0622184567752267,2,Alive
all,New C with dCor,0,0,0.0684091228268881,0.051386307848601,2,Alive
odd,Codex F,0,0,0.0635915599443119,0.048768800771219,2,Alive
odd,F no distance,0,0,0.0635915599443119,0.048768800771219,2,Alive
odd,F+,0,0,0.0638913195797153,0.0488911198705792,2,Alive
odd,F guarded,0,0,0.1083286523257,0.06041715601927,2,Alive
odd,New C,0,0,0.121494869157399,0.061002748479492,2,Alive
odd,New C with dCor,0,0,0.0688989178134363,0.0504605596700486,2,Alive
even,Codex F,0,0,0.0631517168966973,0.0506426810169834,2,Alive
even,F no distance,0,0,0.0631517168966973,0.0506426810169834,2,Alive
even,F+,0,0,0.0633536396773823,0.0507203659039017,2,Alive
even,F guarded,0,0,0.105416127211647,0.0627830173405015,2,Alive
even,New C,0,0,0.117956093873521,0.0635842339252816,2,Alive
even,New C with dCor,0,0,0.067936583094677,0.0523913723170034,2,Alive
all,Codex F,3,0.0127721010556141,0.0597912091027992,0.0477631428590149,2,Alive
all,F no distance,3,0.0127721010556141,0.0630532577494921,0.0495237952086807,2,Alive
all,F+,3,0.0127721010556141,0.0600575546518526,0.0478578253584333,2,Alive
all,F guarded,3,0.0127721010556141,0.0930441491060356,0.0577175796083713,2,Alive
all,New C,3,0.0127721010556141,0.108518801531741,0.0600852861080749,2,Alive
all,New C with dCor,3,0.0127721010556141,0.0648165912922711,0.0496793084867466,2,Alive
odd,Codex F,3,0.0127721010556141,0.0600535179403849,0.0469799523412095,2,Alive
odd,F no distance,3,0.0127721010556141,0.0633738939860188,0.0486895579898435,2,Alive
odd,F+,3,0.0127721010556141,0.0602171852553361,0.0470574830576911,2,Alive
odd,F guarded,3,0.0127721010556141,0.0930710390147094,0.0564849520443455,2,Alive
odd,New C,3,0.0127721010556141,0.108905476015166,0.0587462743134929,2,Alive
odd,New C with dCor,3,0.0127721010556141,0.0650538493449449,0.0487940968651648,2,Alive
even,Codex F,3,0.0127721010556141,0.0596758870521595,0.0487185082981154,2,Alive
even,F no distance,3,0.0127721010556141,0.0628940496396191,0.050552044606279,2,Alive
even,F+,3,0.0127721010556141,0.0600215243496847,0.0488509509010029,2,Alive
even,F guarded,3,0.0127721010556141,0.0916209546677015,0.0587047527698434,2,Alive
even,New C,3,0.0127721010556141,0.106756678534322,0.061300664931151,2,Alive
even,New C with dCor,3,0.0127721010556141,0.0644029446834209,0.0506195724408413,2,Alive
all,Codex F,5,0.0237713551275196,0.0566099740907539,0.0455797257584838,2,Alive
all,F no distance,5,0.0237713551275196,0.0628386255002428,0.0494450873837612,2,Alive
all,F+,5,0.0237713551275196,0.0568597791475649,0.0457053556844332,2,Alive
all,F guarded,5,0.0237713551275196,0.0835873687256172,0.0544555994054146,2,Alive
all,New C,5,0.0237713551275196,0.0958519736853457,0.0569554931832208,2,Alive
all,New C with dCor,5,0.0237713551275196,0.0612000958281644,0.0475006578977833,2,Alive
odd,Codex F,5,0.0237713551275196,0.0569326387328832,0.0449168979824058,2,Alive
odd,F no distance,5,0.0237713551275196,0.0631199899278932,0.0486074706937187,2,Alive
odd,F+,5,0.0237713551275196,0.0572017431676231,0.0449998090271552,2,Alive
odd,F guarded,5,0.0237713551275196,0.0830249799928908,0.05315442064012,2,Alive
odd,New C,5,0.0237713551275196,0.09780986032008,0.0561585117585177,2,Alive
odd,New C with dCor,5,0.0237713551275196,0.061511311645424,0.0467370592143682,2,Alive
even,Codex F,5,0.0237713551275196,0.0563541216113636,0.0463032978658791,2,Alive
even,F no distance,5,0.0237713551275196,0.0626827290365559,0.0504939567489453,2,Alive
even,F+,5,0.0237713551275196,0.0565849526779383,0.04641818844696,2,Alive
even,F guarded,5,0.0237713551275196,0.0820340871997624,0.055103926711164,2,Alive
even,New C,5,0.0237713551275196,0.0938137654705079,0.0578733856752662,2,Alive
even,New C with dCor,5,0.0237713551275196,0.0609048078919623,0.0482532556453912,2,Alive
all,Codex F,10,0.04732037755993,0.0515619864979417,0.0413491316175613,2,Alive
all,F no distance,10,0.04732037755993,0.0623257807247002,0.0492856743280793,2,Alive
all,F+,10,0.04732037755993,0.0518335820726141,0.0415092542781434,2,Alive
all,F guarded,10,0.04732037755993,0.0673364737159085,0.0468874889479227,2,Alive
all,New C,10,0.04732037755993,0.0786831543399311,0.0512822550040479,2,Alive
all,New C with dCor,10,0.04732037755993,0.0558981690667533,0.0435080604886729,2,Alive
odd,Codex F,10,0.04732037755993,0.0517802271526262,0.0407776699740046,2,Alive
odd,F no distance,10,0.04732037755993,0.0625761302975677,0.048427600354414,2,Alive
odd,F+,10,0.04732037755993,0.0519816510138967,0.0408956397456787,2,Alive
odd,F guarded,10,0.04732037755993,0.0690189614609253,0.0467481911851101,2,Alive
odd,New C,10,0.04732037755993,0.080371794158669,0.0507969550096572,2,Alive
odd,New C with dCor,10,0.04732037755993,0.0562800234372619,0.0429935404349969,2,Alive
even,Codex F,10,0.04732037755993,0.0512385643874482,0.0419361731628297,2,Alive
even,F no distance,10,0.04732037755993,0.0621379458709531,0.0502878440685583,2,Alive
even,F+,10,0.04732037755993,0.0516164768857709,0.0421375853803989,2,Alive
even,F guarded,10,0.04732037755993,0.066079684860161,0.0473319154093985,2,Alive
even,New C,10,0.04732037755993,0.0769090966635994,0.0518630196472244,2,Alive
even,New C with dCor,10,0.04732037755993,0.055662111876282,0.0442232209304891,2,Alive
all,Codex F,20,0.0845340102772149,0.0461472728956548,0.0354657965874527,2,Alive
all,F no distance,20,0.0845340102772149,0.0614225589140284,0.0490026747052296,2,Alive
all,F+,20,0.0845340102772149,0.046380794668123,0.0356399516961239,2,Alive
all,F guarded,20,0.0845340102772149,0.0546102291179007,0.0376500695128352,2,Alive
all,New C,20,0.0845340102772149,0.0634561008067703,0.0434658383243267,2,Alive
all,New C with dCor,20,0.0845340102772149,0.0498561289943009,0.0377923466714637,2,Alive
odd,Codex F,20,0.0845340102772149,0.0463274158728144,0.0351292304897165,2,Alive
odd,F no distance,20,0.0845340102772149,0.0616557134201663,0.0481504041599357,2,Alive
odd,F+,20,0.0845340102772149,0.0465322306733358,0.0352707118982001,2,Alive
odd,F guarded,20,0.0845340102772149,0.0548918030882375,0.0373063468037772,2,Alive
odd,New C,20,0.0845340102772149,0.0645599339773862,0.043132878938369,2,Alive
odd,New C with dCor,20,0.0845340102772149,0.0500471717141454,0.0373341263351145,2,Alive
even,Codex F,20,0.0845340102772149,0.045892616263155,0.0358201519037839,2,Alive
even,F no distance,20,0.0845340102772149,0.0611965581056991,0.0499736665577099,2,Alive
even,F+,20,0.0845340102772149,0.0461285563680105,0.0360246553646328,2,Alive
even,F guarded,20,0.0845340102772149,0.0538770535233002,0.037812038094929,2,Alive
even,New C,20,0.0845340102772149,0.06296646541971,0.0439795293737986,2,Alive
even,New C with dCor,20,0.0845340102772149,0.0497273968457072,0.0382549629189152,2,Alive
all,Codex F,30,0.114965864675073,0.0428428625105621,0.0315300467507086,2,Alive
all,F no distance,30,0.114965864675073,0.0607089038275534,0.0487769993580596,2,Alive
all,F+,30,0.114965864675073,0.0430489957459144,0.0317184324118022,2,Alive
all,F guarded,30,0.114965864675073,0.0485395835967135,0.0314163367417983,2,Alive
all,New C,30,0.114965864675073,0.0561892262310555,0.0378376017497803,2,Alive
all,New C with dCor,30,0.114965864675073,0.0463476107451054,0.0340380036215677,2,Alive
odd,Codex F,30,0.114965864675073,0.0429246722642565,0.0311770985671277,2,Alive
odd,F no distance,30,0.114965864675073,0.0609118173682697,0.0479319217006401,2,Alive
odd,F+,30,0.114965864675073,0.0431995475414278,0.0313795598218651,2,Alive
odd,F guarded,30,0.114965864675073,0.0490995540234262,0.0314538172544581,2,Alive
odd,New C,30,0.114965864675073,0.0564585568442253,0.0374869061677025,2,Alive
odd,New C with dCor,30,0.114965864675073,0.0464642480839216,0.0336100702109532,2,Alive
even,Codex F,30,0.114965864675073,0.0425490479603965,0.0318379042075704,2,Alive
even,F no distance,30,0.114965864675073,0.0604207137491133,0.0496751610269768,2,Alive
even,F+,30,0.114965864675073,0.0427666390764277,0.0320820043839838,2,Alive
even,F guarded,30,0.114965864675073,0.0481510773745856,0.0315905393149145,2,Alive
even,New C,30,0.114965864675073,0.0555674608171833,0.0380115199338578,2,Alive
even,New C with dCor,30,0.114965864675073,0.0461597364310772,0.034573602766219,2,Alive
all,Codex F,50,0.164420954037171,0.038483735780612,0.0267909812859732,2,Alive
all,F no distance,50,0.164420954037171,0.0594341496116715,0.048314962590534,2,Alive
all,F+,50,0.164420954037171,0.0386744450375741,0.0269575501203571,2,Alive
all,F guarded,50,0.164420954037171,0.0432079291075632,0.0249315063594569,2,Alive
all,New C,50,0.164420954037171,0.0490311757591282,0.030689808070285,2,Alive
all,New C with dCor,50,0.164420954037171,0.0420110772059218,0.0297446029377558,2,Alive
odd,Codex F,50,0.164420954037171,0.0386399063982128,0.0265835546920413,2,Alive
odd,F no distance,50,0.164420954037171,0.0596906481939436,0.0474728618028989,2,Alive
odd,F+,50,0.164420954037171,0.0387776720509828,0.026724192499487,2,Alive
odd,F guarded,50,0.164420954037171,0.0432076440816535,0.0246848931318978,2,Alive
odd,New C,50,0.164420954037171,0.0491779995065928,0.030453374872576,2,Alive
odd,New C with dCor,50,0.164420954037171,0.0421165692488026,0.0292629393457943,2,Alive
even,Codex F,50,0.164420954037171,0.0382062620756417,0.0271105375621817,2,Alive
even,F no distance,50,0.164420954037171,0.0590978272864072,0.0492192598065349,2,Alive
even,F+,50,0.164420954037171,0.0383728216008205,0.0272467488413918,2,Alive
even,F guarded,50,0.164420954037171,0.0431361254404125,0.0252204858388728,2,Alive
even,New C,50,0.164420954037171,0.0488162380163706,0.0309343848905368,2,Alive
even,New C with dCor,50,0.164420954037171,0.0417669419259302,0.0301361870119546,2,Alive
all,Codex F,75,0.212721321815864,0.0350096032967477,0.0234235539936246,2,Alive
all,F no distance,75,0.212721321815864,0.0581557758867737,0.0478304470311473,2,Alive
all,F+,75,0.212721321815864,0.035146915223918,0.0235657252198502,2,Alive
all,F guarded,75,0.212721321815864,0.0394317520809733,0.021376263625083,2,Alive
all,New C,75,0.212721321815864,0.0444907893259082,0.0265326370859091,2,Alive
all,New C with dCor,75,0.212721321815864,0.0385057406243817,0.0268409812476416,2,Alive
odd,Codex F,75,0.212721321815864,0.0351985442255287,0.0232320943064496,2,Alive
odd,F no distance,75,0.212721321815864,0.0583507338529765,0.0469904853939084,2,Alive
odd,F+,75,0.212721321815864,0.03533447968229,0.0234161751615771,2,Alive
odd,F guarded,75,0.212721321815864,0.0393946618239987,0.0210053314888755,2,Alive
odd,New C,75,0.212721321815864,0.0445966271915572,0.0261845139437568,2,Alive
odd,New C with dCor,75,0.212721321815864,0.0386847594746021,0.0264382164361378,2,Alive
even,Codex F,75,0.212721321815864,0.0347654889805817,0.0237024805345157,2,Alive
even,F no distance,75,0.212721321815864,0.0579288697040276,0.048717013341355,2,Alive
even,F+,75,0.212721321815864,0.0349795929045182,0.023837248043206,2,Alive
even,F guarded,75,0.212721321815864,0.039400257185577,0.0218148846669306,2,Alive
even,New C,75,0.212721321815864,0.0444497981980946,0.0269336611428146,2,Alive
even,New C with dCor,75,0.212721321815864,0.0383136101635134,0.0272697675234534,2,Alive
all,Codex F,100,0.25127459019198,0.0327952778828003,0.0213971641681938,2,Alive
all,F no distance,100,0.25127459019198,0.0571241826694895,0.0474455586277421,2,Alive
all,F+,100,0.25127459019198,0.0329469219657337,0.0215549958757892,2,Alive
all,F guarded,100,0.25127459019198,0.0367498791632954,0.0194567708748199,2,Alive
all,New C,100,0.25127459019198,0.0415696193939554,0.0245253715879252,2,Alive
all,New C with dCor,100,0.25127459019198,0.036160569400248,0.0251276446833417,2,Alive
odd,Codex F,100,0.25127459019198,0.0329071004104674,0.0210568802035583,2,Alive
odd,F no distance,100,0.25127459019198,0.0572382500854787,0.0465761871388862,2,Alive
odd,F+,100,0.25127459019198,0.0330610110682308,0.0212143967339553,2,Alive
odd,F guarded,100,0.25127459019198,0.0367779338986783,0.0190835699877874,2,Alive
odd,New C,100,0.25127459019198,0.0414860331699929,0.0240964994386247,2,Alive
odd,New C with dCor,100,0.25127459019198,0.036216056218792,0.024731930167761,2,Alive
even,Codex F,100,0.25127459019198,0.0325362701698393,0.0216133133432441,2,Alive
even,F no distance,100,0.25127459019198,0.0570197463338893,0.0483285993300794,2,Alive
even,F+,100,0.25127459019198,0.0326877799250486,0.0218062077483321,2,Alive
even,F guarded,100,0.25127459019198,0.0365539161749765,0.0198019904103624,2,Alive
even,New C,100,0.25127459019198,0.0414880777876819,0.0251103824037811,2,Alive
even,New C with dCor,100,0.25127459019198,0.035908849541856,0.0256312547861481,2,Alive
all,Codex F,150,0.310016638206782,0.0294445850529459,0.0185796086353276,2,Alive
all,F no distance,150,0.310016638206782,0.0554709781744964,0.0467323718714645,2,Alive
all,F+,150,0.310016638206782,0.0295936957872645,0.0187652065218457,2,Alive
all,F guarded,150,0.310016638206782,0.0331944641402838,0.0172658021153867,2,Alive
all,New C,150,0.310016638206782,0.0374817310190925,0.022582411316895,2,Alive
all,New C with dCor,150,0.310016638206782,0.0327343981743165,0.0231789214392798,2,Alive
odd,Codex F,150,0.310016638206782,0.0296313700519643,0.0183022775656959,2,Alive
odd,F no distance,150,0.310016638206782,0.055511804262936,0.0459209533210565,2,Alive
odd,F+,150,0.310016638206782,0.0297383785380592,0.0184368655385134,2,Alive
odd,F guarded,150,0.310016638206782,0.0333564337785002,0.017019617205211,2,Alive
odd,New C,150,0.310016638206782,0.0375097029832938,0.0221086962278217,2,Alive
odd,New C with dCor,150,0.310016638206782,0.0329883507185295,0.0227236328915115,2,Alive
even,Codex F,150,0.310016638206782,0.0291651333889242,0.0187260303623706,2,Alive
even,F no distance,150,0.310016638206782,0.0554733367128646,0.0476291826432508,2,Alive
even,F+,150,0.310016638206782,0.0293212201842162,0.0188951679900475,2,Alive
even,F guarded,150,0.310016638206782,0.033100593697165,0.0177261259970624,2,Alive
even,New C,150,0.310016638206782,0.0373434859451378,0.0231263174542397,2,Alive
even,New C with dCor,150,0.310016638206782,0.0326200547577972,0.0236760928794348,2,Alive
all,Codex F,200,0.353433366065062,0.0273605111550079,0.016753215189079,2,Alive
all,F no distance,200,0.353433366065062,0.0541778342079717,0.0461768564512363,2,Alive
all,F+,200,0.353433366065062,0.0274626824213905,0.0169033606897869,2,Alive
all,F guarded,200,0.353433366065062,0.0308012843135934,0.0159108381404867,2,Alive
all,New C,200,0.353433366065062,0.0347689404648256,0.0213656814873847,2,Alive
all,New C with dCor,200,0.353433366065062,0.0304785750332598,0.0219071971229672,2,Alive
odd,Codex F,200,0.353433366065062,0.0275136035469457,0.0165309046762467,2,Alive
odd,F no distance,200,0.353433366065062,0.0541221698750823,0.0453186281799255,2,Alive
odd,F+,200,0.353433366065062,0.0275999850945345,0.016686064723227,2,Alive
odd,F guarded,200,0.353433366065062,0.0309911657441732,0.0156311019466155,2,Alive
odd,New C,200,0.353433366065062,0.0348628121210583,0.0210333978899163,2,Alive
odd,New C with dCor,200,0.353433366065062,0.0306585031728702,0.0214740404684288,2,Alive
even,Codex F,200,0.353433366065062,0.0271496459025822,0.0170547307191596,2,Alive
even,F no distance,200,0.353433366065062,0.0542339075258307,0.0470774023721182,2,Alive
even,F+,200,0.353433366065062,0.0272850438553109,0.0171471591138705,2,Alive
even,F guarded,200,0.353433366065062,0.0305591038625953,0.0163176034257709,2,Alive
even,New C,200,0.353433366065062,0.0345377533488605,0.0218272796033572,2,Alive
even,New C with dCor,200,0.353433366065062,0.0303109523070141,0.0223189087884991,2,Alive
all,Codex F,300,0.414758560482122,0.0246567794365641,0.0144342487790634,2,Alive
all,F no distance,300,0.414758560482122,0.0520108921781459,0.0451311994472408,2,Alive
all,F+,300,0.414758560482122,0.0247485294873525,0.0145594603461148,2,Alive
all,F guarded,300,0.414758560482122,0.0276586800487209,0.0139867837999434,2,Alive
all,New C,300,0.414758560482122,0.031332495480287,0.0200440151299548,2,Alive
all,New C with dCor,300,0.414758560482122,0.0275512751316902,0.0202395344966347,2,Alive
odd,Codex F,300,0.414758560482122,0.0247224429416545,0.014160038749325,2,Alive
odd,F no distance,300,0.414758560482122,0.0519703123639531,0.0443160267583463,2,Alive
odd,F+,300,0.414758560482122,0.0248363745163257,0.0142875555451924,2,Alive
odd,F guarded,300,0.414758560482122,0.027814123095347,0.0136102499478543,2,Alive
odd,New C,300,0.414758560482122,0.0314725418287379,0.019650731772812,2,Alive
odd,New C with dCor,300,0.414758560482122,0.0275780248692429,0.0199503172141884,2,Alive
even,Codex F,300,0.414758560482122,0.0245499637644488,0.0146304008594432,2,Alive
even,F no distance,300,0.414758560482122,0.0521373422786438,0.0461280981918829,2,Alive
even,F+,300,0.414758560482122,0.0247019144737095,0.0148283566953041,2,Alive
even,F guarded,300,0.414758560482122,0.0274906053184965,0.0144266191833934,2,Alive
even,New C,300,0.414758560482122,0.031219993045412,0.020551663380712,2,Alive
even,New C with dCor,300,0.414758560482122,0.0274333700481148,0.0206490426103098,2,Alive
all,Codex F,500,0.488869557189743,0.0216618608758967,0.0117601268161795,2,Alive
all,F no distance,500,0.488869557189743,0.0490937880328282,0.0437035029559932,2,Alive
all,F+,500,0.488869557189743,0.0217646375721374,0.0118771263440157,2,Alive
all,F guarded,500,0.488869557189743,0.0242376144495083,0.0115976505565639,2,Alive
all,New C,500,0.488869557189743,0.0275990292621758,0.0184773476775252,2,Alive
all,New C with dCor,500,0.488869557189743,0.0243929480475703,0.0183511058069185,2,Alive
odd,Codex F,500,0.488869557189743,0.0216598310110192,0.0116301952743656,2,Alive
odd,F no distance,500,0.488869557189743,0.0489171824887013,0.0428639554475619,2,Alive
odd,F+,500,0.488869557189743,0.0217167088009276,0.0117067391554823,2,Alive
odd,F guarded,500,0.488869557189743,0.0243767434511418,0.0114026424768068,2,Alive
odd,New C,500,0.488869557189743,0.0275260182112088,0.0180699502418322,2,Alive
odd,New C with dCor,500,0.488869557189743,0.0244191820697711,0.018079169839154,2,Alive
even,Codex F,500,0.488869557189743,0.0216354074041062,0.0121368752467879,2,Alive
even,F no distance,500,0.488869557189743,0.0492833870310734,0.0446494425262525,2,Alive
even,F+,500,0.488869557189743,0.0217575078392471,0.0122673556636574,2,Alive
even,F guarded,500,0.488869557189743,0.0241517996568713,0.0119814113891191,2,Alive
even,New C,500,0.488869557189743,0.0275634802298388,0.0187466917882369,2,Alive
even,New C with dCor,500,0.488869557189743,0.0242990540351181,0.0186351899403619,2,Alive
all,Codex F,1000,0.58017729615729,0.0183740716893193,0.00889140169987158,2,Alive
all,F no distance,1000,0.58017729615729,0.0450431217320174,0.0414168821667124,2,Alive
all,F+,1000,0.58017729615729,0.0184187730048722,0.00893546548142828,2,Alive
all,F guarded,1000,0.58017729615729,0.0205372735505098,0.00900180494661611,2,Alive
all,New C,1000,0.58017729615729,0.0235037746215596,0.0163386712252392,2,Alive
all,New C with dCor,1000,0.58017729615729,0.0209522632454202,0.0159833679627676,2,Alive
odd,Codex F,1000,0.58017729615729,0.0182849547944278,0.0087129081463055,2,Alive
odd,F no distance,1000,0.58017729615729,0.0449033761184176,0.0405526241543397,2,Alive
odd,F+,1000,0.58017729615729,0.0183677706452378,0.00876798874030063,2,Alive
odd,F guarded,1000,0.58017729615729,0.0205043850505256,0.0087503788018587,2,Alive
odd,New C,1000,0.58017729615729,0.0234927318141811,0.0161181882628549,2,Alive
odd,New C with dCor,1000,0.58017729615729,0.0208639122581629,0.0157004088007475,2,Alive
even,Codex F,1000,0.58017729615729,0.0184402185912551,0.00910172496733265,2,Alive
even,F no distance,1000,0.58017729615729,0.0451926616999253,0.0423934962633222,2,Alive
even,F+,1000,0.58017729615729,0.018489612938256,0.00913336529324415,2,Alive
even,F guarded,1000,0.58017729615729,0.0205125059740834,0.00920015440092711,2,Alive
even,New C,1000,0.58017729615729,0.0234710563871797,0.0166372432281257,2,Alive
even,New C with dCor,1000,0.58017729615729,0.0210419162698642,0.0163057278153341,2,Alive
all,Codex F,3000,0.702838216795711,0.0144862557525664,0.00570444006468502,2,Alive
all,F no distance,3000,0.702838216795711,0.0386409674698416,0.037085256098883,2,Alive
all,F+,3000,0.702838216795711,0.0145244772050232,0.00573303881819113,2,Alive
all,F guarded,3000,0.702838216795711,0.015800446327059,0.00571338124713269,2,Alive
all,New C,3000,0.702838216795711,0.0183546439921436,0.0128837208581117,2,Alive
all,New C with dCor,3000,0.702838216795711,0.016790933164788,0.0124272980740475,2,Alive
odd,Codex F,3000,0.702838216795711,0.0144619475778196,0.00553651061834512,2,Alive
odd,F no distance,3000,0.702838216795711,0.0385183104639551,0.0363422509550504,2,Alive
odd,F+,3000,0.702838216795711,0.0144971458005383,0.00555821997845775,2,Alive
odd,F guarded,3000,0.702838216795711,0.0157519448475771,0.00548334409378289,2,Alive
odd,New C,3000,0.702838216795711,0.0182085634870259,0.0125377916206294,2,Alive
odd,New C with dCor,3000,0.702838216795711,0.0165960837116404,0.0120366972262608,2,Alive
even,Codex F,3000,0.702838216795711,0.0145109075881305,0.00593332997354396,2,Alive
even,F no distance,3000,0.702838216795711,0.0388597276995036,0.0379581304266723,2,Alive
even,F+,3000,0.702838216795711,0.0145505739768437,0.00597384278248894,2,Alive
even,F guarded,3000,0.702838216795711,0.0158646538041291,0.00596780567234761,2,Alive
even,New C,3000,0.702838216795711,0.0185026799183392,0.0132790931603888,2,Alive
even,New C with dCor,3000,0.702838216795711,0.0170075706126479,0.0128022283190453,2,Alive
all,Codex F,10000,0.812142298522553,0.0117933124355033,0.00403497121452033,2,Alive
all,F no distance,10000,0.812142298522553,0.030813368388077,0.0305690403310304,2,Alive
all,F+,10000,0.812142298522553,0.0118091440213581,0.0040399330925541,2,Alive
all,F guarded,10000,0.812142298522553,0.0124517582443414,0.00389005023671646,2,Alive
all,New C,10000,0.812142298522553,0.0144282681975083,0.00937996657110921,2,Alive
all,New C with dCor,10000,0.812142298522553,0.0136346303049099,0.00909641053972323,2,Alive
odd,Codex F,10000,0.812142298522553,0.0117499283586384,0.00387629211151136,2,Alive
odd,F no distance,10000,0.812142298522553,0.0306832236403798,0.0299429808551326,2,Alive
odd,F+,10000,0.812142298522553,0.0117561210362396,0.00389260649764407,2,Alive
odd,F guarded,10000,0.812142298522553,0.0124093249792651,0.00369768263933355,2,Alive
odd,New C,10000,0.812142298522553,0.0142926006228948,0.00920128632074283,2,Alive
odd,New C with dCor,10000,0.812142298522553,0.0135058300986814,0.00887829923588467,2,Alive
even,Codex F,10000,0.812142298522553,0.0118477272720302,0.00422025521716305,2,Alive
even,F no distance,10000,0.812142298522553,0.0309371944591409,0.0312645216081338,2,Alive
even,F+,10000,0.812142298522553,0.0118687031926313,0.00421380645826453,2,Alive
even,F guarded,10000,0.812142298522553,0.0125022438658539,0.00409097999827818,2,Alive
even,New C,10000,0.812142298522553,0.0146026954636073,0.00964415079303206,2,Alive
even,New C with dCor,10000,0.812142298522553,0.0138049684436522,0.00937758457798002,2,Alive
all,Codex F,1e+05,0.95172669709556,0.0102370632081154,0.00314027294115864,2,Alive
all,F no distance,1e+05,0.95172669709556,0.0144386092592094,0.0112708320472286,2,Alive
all,F+,1e+05,0.95172669709556,0.0102388520594,0.00314712460076466,2,Alive
all,F guarded,1e+05,0.95172669709556,0.0102893010279022,0.00308872821601518,2,Alive
all,New C,1e+05,0.95172669709556,0.0117873296833145,0.00650919934656843,2,Alive
all,New C with dCor,1e+05,0.95172669709556,0.0116984596956295,0.00646050606343406,2,Alive
odd,Codex F,1e+05,0.95172669709556,0.010176556702043,0.00308017525122902,2,Alive
odd,F no distance,1e+05,0.95172669709556,0.0143233463167962,0.0109124730216188,2,Alive
odd,F+,1e+05,0.95172669709556,0.0101799361126627,0.00307864977224917,2,Alive
odd,F guarded,1e+05,0.95172669709556,0.0102344332300818,0.00301112966669484,2,Alive
odd,New C,1e+05,0.95172669709556,0.0117072788630478,0.00632545235779058,2,Alive
odd,New C with dCor,1e+05,0.95172669709556,0.0116118710387786,0.00626580450274608,2,Alive
even,Codex F,1e+05,0.95172669709556,0.0103103020635651,0.00322933871650183,2,Alive
even,F no distance,1e+05,0.95172669709556,0.0145668444265533,0.0116766203976459,2,Alive
even,F+,1e+05,0.95172669709556,0.0103089248423333,0.00322456082998929,2,Alive
even,F guarded,1e+05,0.95172669709556,0.0103659328799816,0.00317082490820008,2,Alive
even,New C,1e+05,0.95172669709556,0.0118828185452489,0.00672049555798299,2,Alive
even,New C with dCor,1e+05,0.95172669709556,0.0117981323231162,0.00668906975146802,2,Alive
all,Codex F,Inf,1,0.0101270467855025,0.00290253172488438,2,Alive
all,F no distance,Inf,1,0.0101270467855025,0.00290253172488438,2,Alive
all,F+,Inf,1,0.0101270467855025,0.00290253172488438,2,Alive
all,F guarded,Inf,1,0.0101270467855025,0.00290253172488438,2,Alive
all,New C,Inf,1,0.0115030256108085,0.0056537716767862,2,Alive
all,New C with dCor,Inf,1,0.0115030256108085,0.0056537716767862,2,Alive
odd,Codex F,Inf,1,0.0100525403375142,0.00284042712763679,2,Alive
odd,F no distance,Inf,1,0.0100525403375142,0.00284042712763679,2,Alive
odd,F+,Inf,1,0.0100525403375142,0.00284042712763679,2,Alive
odd,F guarded,Inf,1,0.0100525403375142,0.00284042712763679,2,Alive
odd,New C,Inf,1,0.0114273574425769,0.00551369243167733,2,Alive
odd,New C with dCor,Inf,1,0.0114273574425769,0.00551369243167733,2,Alive
even,Codex F,Inf,1,0.0102202078076178,0.00296689472930359,2,Alive
even,F no distance,Inf,1,0.0102202078076178,0.00296689472930359,2,Alive
even,F+,Inf,1,0.0102202078076178,0.00296689472930359,2,Alive
even,F guarded,Inf,1,0.0102202078076178,0.00296689472930359,2,Alive
even,New C,Inf,1,0.0115929593555312,0.0058327960609891,2,Alive
even,New C with dCor,Inf,1,0.0115929593555312,0.0058327960609891,2,Alive
all,Codex F,0,0,0.0851554584946873,0.0345701235170735,3,Alive
all,F no distance,0,0,0.0851554584946873,0.0345701235170735,3,Alive
all,F+,0,0,0.0850137084074931,0.0345541642053145,3,Alive
all,F guarded,0,0,0.120586482994445,0.0367922441212223,3,Alive
all,New C,0,0,0.12908470461275,0.0369045299783261,3,Alive
all,New C with dCor,0,0,0.0910555595014651,0.0352807632232478,3,Alive
odd,Codex F,0,0,0.085762353552024,0.034173298138948,3,Alive
odd,F no distance,0,0,0.085762353552024,0.034173298138948,3,Alive
odd,F+,0,0,0.0855747830828218,0.0341425854547109,3,Alive
odd,F guarded,0,0,0.121196481880194,0.0362442487165382,3,Alive
odd,New C,0,0,0.130262190528783,0.0364371749618234,3,Alive
odd,New C with dCor,0,0,0.0918105789256763,0.0348962606845379,3,Alive
even,Codex F,0,0,0.0844652420073988,0.0350082140761893,3,Alive
even,F no distance,0,0,0.0844652420073988,0.0350082140761893,3,Alive
even,F+,0,0,0.0844688022312952,0.0350365056645132,3,Alive
even,F guarded,0,0,0.119856976791841,0.0373874529213236,3,Alive
even,New C,0,0,0.127853458040523,0.0373876403329462,3,Alive
even,New C with dCor,0,0,0.0902849695938041,0.0357232380090101,3,Alive
all,Codex F,3,0.0127721010556141,0.0796496538360924,0.0336996524240872,3,Alive
all,F no distance,3,0.0127721010556141,0.0848309398131167,0.0345489588871136,3,Alive
all,F+,3,0.0127721010556141,0.0796803591706662,0.0337559499538687,3,Alive
all,F guarded,3,0.0127721010556141,0.104902123965356,0.0351697068731872,3,Alive
all,New C,3,0.0127721010556141,0.118388139890872,0.0359942765046598,3,Alive
all,New C with dCor,3,0.0127721010556141,0.0853725247901043,0.0345244847819221,3,Alive
odd,Codex F,3,0.0127721010556141,0.0799773524695752,0.0333264653243591,3,Alive
odd,F no distance,3,0.0127721010556141,0.0854069469879319,0.0341197251072785,3,Alive
odd,F+,3,0.0127721010556141,0.0799978759093761,0.0333544733857207,3,Alive
odd,F guarded,3,0.0127721010556141,0.106101068381321,0.0348061326146894,3,Alive
odd,New C,3,0.0127721010556141,0.119785722568087,0.0355623307719722,3,Alive
odd,New C with dCor,3,0.0127721010556141,0.085855774863319,0.0341307652763757,3,Alive
even,Codex F,3,0.0127721010556141,0.0794074844882778,0.0340959635865062,3,Alive
even,F no distance,3,0.0127721010556141,0.0841423706461935,0.0349672590676831,3,Alive
even,F+,3,0.0127721010556141,0.0794614309084285,0.0341530924778726,3,Alive
even,F guarded,3,0.0127721010556141,0.103646810985872,0.0355452172793243,3,Alive
even,New C,3,0.0127721010556141,0.116881801541204,0.0364769525394412,3,Alive
even,New C with dCor,3,0.0127721010556141,0.0850219170270475,0.0349664404948813,3,Alive
all,Codex F,5,0.0237713551275196,0.0746491475468774,0.0325495129536894,3,Alive
all,F no distance,5,0.0237713551275196,0.0845523718133684,0.0345251362587393,3,Alive
all,F+,5,0.0237713551275196,0.0747252257654201,0.0325747601553577,3,Alive
all,F guarded,5,0.0237713551275196,0.0943857367024424,0.0337049791802592,3,Alive
all,New C,5,0.0237713551275196,0.105808505973247,0.0346846904370774,3,Alive
all,New C with dCor,5,0.0237713551275196,0.0799663114197358,0.0333607920045892,3,Alive
odd,Codex F,5,0.0237713551275196,0.0751042968457493,0.0322200850204245,3,Alive
odd,F no distance,5,0.0237713551275196,0.0851586183940152,0.034113552282865,3,Alive
odd,F+,5,0.0237713551275196,0.0751382957412959,0.0322211625554064,3,Alive
odd,F guarded,5,0.0237713551275196,0.096162458506407,0.0335812629513394,3,Alive
odd,New C,5,0.0237713551275196,0.107155103529173,0.0343502190639619,3,Alive
odd,New C with dCor,5,0.0237713551275196,0.080658327852537,0.0330614866430074,3,Alive
even,Codex F,5,0.0237713551275196,0.0739771714618437,0.0328250777981898,3,Alive
even,F no distance,5,0.0237713551275196,0.0839016810109835,0.0349656696410137,3,Alive
even,F+,5,0.0237713551275196,0.0741645818937259,0.032867778764294,3,Alive
even,F guarded,5,0.0237713551275196,0.0923483923361508,0.0339081878338717,3,Alive
even,New C,5,0.0237713551275196,0.104393627730174,0.0350316854039239,3,Alive
even,New C with dCor,5,0.0237713551275196,0.0793351301196157,0.0337468426792972,3,Alive
all,Codex F,10,0.04732037755993,0.0670730012670111,0.0302608590928399,3,Alive
all,F no distance,10,0.04732037755993,0.0839165387272348,0.0344664862920323,3,Alive
all,F+,10,0.04732037755993,0.0671430131595735,0.0303140639332739,3,Alive
all,F guarded,10,0.04732037755993,0.0774055148526681,0.0305269905590797,3,Alive
all,New C,10,0.04732037755993,0.0891197090358297,0.0324493294061769,3,Alive
all,New C with dCor,10,0.04732037755993,0.0716720116161474,0.0312990334143465,3,Alive
odd,Codex F,10,0.04732037755993,0.0676037541554533,0.0301483095465919,3,Alive
odd,F no distance,10,0.04732037755993,0.0846160107466278,0.0340789986878299,3,Alive
odd,F+,10,0.04732037755993,0.0676606013651217,0.0301610735106454,3,Alive
odd,F guarded,10,0.04732037755993,0.07820627178693,0.0303158225789591,3,Alive
odd,New C,10,0.04732037755993,0.0900844789773021,0.0322057070488245,3,Alive
odd,New C with dCor,10,0.04732037755993,0.0723036837573423,0.0310771948869257,3,Alive
even,Codex F,10,0.04732037755993,0.066435533769433,0.0305607611938449,3,Alive
even,F no distance,10,0.04732037755993,0.083396735299135,0.0349314226718015,3,Alive
even,F+,10,0.04732037755993,0.0666194284691474,0.0306199382880667,3,Alive
even,F guarded,10,0.04732037755993,0.0772421020904016,0.0308466076917467,3,Alive
even,New C,10,0.04732037755993,0.0888130923045218,0.0327712036556418,3,Alive
even,New C with dCor,10,0.04732037755993,0.0708213791429447,0.0314784065357407,3,Alive
all,Codex F,20,0.0845340102772149,0.0585713716560595,0.0270187109061619,3,Alive
all,F no distance,20,0.0845340102772149,0.0828990817220392,0.0343577930957895,3,Alive
all,F+,20,0.0845340102772149,0.0587073747397658,0.0270723141269768,3,Alive
all,F guarded,20,0.0845340102772149,0.0634733671291546,0.026158764289862,3,Alive
all,New C,20,0.0845340102772149,0.0737825122098767,0.0289692850976353,3,Alive
all,New C with dCor,20,0.0845340102772149,0.062731717878395,0.028211086916357,3,Alive
odd,Codex F,20,0.0845340102772149,0.0589804524391074,0.026881658967965,3,Alive
odd,F no distance,20,0.0845340102772149,0.0834656682069776,0.033978008494812,3,Alive
odd,F+,20,0.0845340102772149,0.0591004457099819,0.0269102089257244,3,Alive
odd,F guarded,20,0.0845340102772149,0.0642238828720872,0.0261556285960662,3,Alive
odd,New C,20,0.0845340102772149,0.0743372093916626,0.028797202963792,3,Alive
odd,New C with dCor,20,0.0845340102772149,0.0632936813233134,0.0281108437961478,3,Alive
even,Codex F,20,0.0845340102772149,0.0579077090200704,0.027304408634949,3,Alive
even,F no distance,20,0.0845340102772149,0.0823746302442152,0.0347881644805526,3,Alive
even,F+,20,0.0845340102772149,0.0581099176471719,0.0273284359601196,3,Alive
even,F guarded,20,0.0845340102772149,0.0630566689334253,0.026415688866348,3,Alive
even,New C,20,0.0845340102772149,0.072419066342707,0.0289754500348336,3,Alive
even,New C with dCor,20,0.0845340102772149,0.0621596055168979,0.0284429397878967,3,Alive
all,Codex F,30,0.114965864675073,0.0537593480979093,0.0246832220928523,3,Alive
all,F no distance,30,0.114965864675073,0.0820628590317852,0.0342431321910349,3,Alive
all,F+,30,0.114965864675073,0.0539495392000613,0.0247621045790919,3,Alive
all,F guarded,30,0.114965864675073,0.057033243673031,0.0231045160078047,3,Alive
all,New C,30,0.114965864675073,0.0654208720156225,0.0262470204893868,3,Alive
all,New C with dCor,30,0.114965864675073,0.0578220203885983,0.0260302808723398,3,Alive
odd,Codex F,30,0.114965864675073,0.0541817523333166,0.0245031984556046,3,Alive
odd,F no distance,30,0.114965864675073,0.0826723110843114,0.0338921291804588,3,Alive
odd,F+,30,0.114965864675073,0.0543188481617836,0.0245571560070935,3,Alive
odd,F guarded,30,0.114965864675073,0.0574652849608157,0.0230459880126506,3,Alive
odd,New C,30,0.114965864675073,0.0660711548604416,0.0262063212720774,3,Alive
odd,New C with dCor,30,0.114965864675073,0.0582957556382137,0.0258330251095309,3,Alive
even,Codex F,30,0.114965864675073,0.0532698975827633,0.0249264354185987,3,Alive
even,F no distance,30,0.114965864675073,0.0815972686372606,0.034685752925157,3,Alive
even,F+,30,0.114965864675073,0.0533986985000098,0.024984030256641,3,Alive
even,F guarded,30,0.114965864675073,0.0567284589338088,0.0233023236149252,3,Alive
even,New C,30,0.114965864675073,0.0650976320969196,0.0264200236534631,3,Alive
even,New C with dCor,30,0.114965864675073,0.057086655706673,0.0262635032379955,3,Alive
all,Codex F,50,0.164420954037171,0.0481844770782771,0.0217691420366342,3,Alive
all,F no distance,50,0.164420954037171,0.0805830356781365,0.0340815564499176,3,Alive
all,F+,50,0.164420954037171,0.0483583467679739,0.021834065358838,3,Alive
all,F guarded,50,0.164420954037171,0.0508528922581489,0.0195169282563198,3,Alive
all,New C,50,0.164420954037171,0.0574523496548192,0.0226358353559181,3,Alive
all,New C with dCor,50,0.164420954037171,0.05197194135924,0.0235290121724153,3,Alive
odd,Codex F,50,0.164420954037171,0.0485976753922715,0.0216492061881632,3,Alive
odd,F no distance,50,0.164420954037171,0.0812584825775662,0.0337022078092961,3,Alive
odd,F+,50,0.164420954037171,0.0487453076897038,0.0217167075922713,3,Alive
odd,F guarded,50,0.164420954037171,0.0509601376064254,0.0193256184485741,3,Alive
odd,New C,50,0.164420954037171,0.0578450419980031,0.0225265923886024,3,Alive
odd,New C with dCor,50,0.164420954037171,0.0523230820189916,0.0232892092492232,3,Alive
even,Codex F,50,0.164420954037171,0.0476429413201832,0.0219046251510395,3,Alive
even,F no distance,50,0.164420954037171,0.0801216528456684,0.0345049113606173,3,Alive
even,F+,50,0.164420954037171,0.0477491246554335,0.0219726490476615,3,Alive
even,F guarded,50,0.164420954037171,0.050561925171085,0.0196738286133436,3,Alive
even,New C,50,0.164420954037171,0.057041922315832,0.0227488778950218,3,Alive
even,New C with dCor,50,0.164420954037171,0.0516267076092167,0.0238115300062749,3,Alive
all,Codex F,75,0.212721321815864,0.0441551155857291,0.0195754501814969,3,Alive
all,F no distance,75,0.212721321815864,0.0791267790702584,0.0339024709281329,3,Alive
all,F+,75,0.212721321815864,0.0442395331364725,0.0196389342697794,3,Alive
all,F guarded,75,0.212721321815864,0.0467178723549614,0.0172643155858346,3,Alive
all,New C,75,0.212721321815864,0.0525078417039715,0.0202831400717383,3,Alive
all,New C with dCor,75,0.212721321815864,0.0479896372786438,0.0217410462528244,3,Alive
odd,Codex F,75,0.212721321815864,0.0444433988583085,0.0193234486370634,3,Alive
odd,F no distance,75,0.212721321815864,0.0795008416222353,0.0335099627687841,3,Alive
odd,F+,75,0.212721321815864,0.0445903771170806,0.0194041819209354,3,Alive
odd,F guarded,75,0.212721321815864,0.0468938957895362,0.0170437754236339,3,Alive
odd,New C,75,0.212721321815864,0.0528130838174309,0.0200724601649538,3,Alive
odd,New C with dCor,75,0.212721321815864,0.0483350064608406,0.0214892010325274,3,Alive
even,Codex F,75,0.212721321815864,0.0436456410163511,0.0197326758050841,3,Alive
even,F no distance,75,0.212721321815864,0.078671440726896,0.0342993935400894,3,Alive
even,F+,75,0.212721321815864,0.0437669051498071,0.0197955976633506,3,Alive
even,F guarded,75,0.212721321815864,0.0464624079973929,0.017510598902685,3,Alive
even,New C,75,0.212721321815864,0.0522037301349512,0.0204970343370382,3,Alive
even,New C with dCor,75,0.212721321815864,0.0474736992907393,0.0219749716758509,3,Alive
all,Codex F,100,0.25127459019198,0.0415177120862776,0.0181315003685507,3,Alive
all,F no distance,100,0.25127459019198,0.0779304003263036,0.0337615030064669,3,Alive
all,F+,100,0.25127459019198,0.0416152514930877,0.0182127347781003,3,Alive
all,F guarded,100,0.25127459019198,0.0439156476178923,0.0159472832789625,3,Alive
all,New C,100,0.25127459019198,0.0492765937755067,0.0191465663761094,3,Alive
all,New C with dCor,100,0.25127459019198,0.0452174336848068,0.020604580093158,3,Alive
odd,Codex F,100,0.25127459019198,0.0418614636588298,0.0179112016626677,3,Alive
odd,F no distance,100,0.25127459019198,0.0783755011213805,0.0333951612034277,3,Alive
odd,F+,100,0.25127459019198,0.0419329095998579,0.0179624446156261,3,Alive
odd,F guarded,100,0.25127459019198,0.0442070380837524,0.0157360596071289,3,Alive
odd,New C,100,0.25127459019198,0.0495504446876217,0.0188939576607428,3,Alive
odd,New C with dCor,100,0.25127459019198,0.0455928610411483,0.0203980127876081,3,Alive
even,Codex F,100,0.25127459019198,0.0410682541980562,0.0183114766858323,3,Alive
even,F no distance,100,0.25127459019198,0.0775057482095958,0.0341791473016267,3,Alive
even,F+,100,0.25127459019198,0.0412159952776659,0.0184070990250766,3,Alive
even,F guarded,100,0.25127459019198,0.0435850058418156,0.0162627615308301,3,Alive
even,New C,100,0.25127459019198,0.0487834448032281,0.0193816212076806,3,Alive
even,New C with dCor,100,0.25127459019198,0.0447713387773879,0.0208733662172612,3,Alive
all,Codex F,150,0.310016638206782,0.0379374881887891,0.016338320875368,3,Alive
all,F no distance,150,0.310016638206782,0.0758914805471655,0.0334912652745006,3,Alive
all,F+,150,0.310016638206782,0.0380231008508174,0.0164051051489791,3,Alive
all,F guarded,150,0.310016638206782,0.0402554835477234,0.0145864729775756,3,Alive
all,New C,150,0.310016638206782,0.0448868154742646,0.0179088890295256,3,Alive
all,New C with dCor,150,0.310016638206782,0.0415010422132033,0.0192690550248192,3,Alive
odd,Codex F,150,0.310016638206782,0.0383499991866822,0.0161595575269736,3,Alive
odd,F no distance,150,0.310016638206782,0.0764059834932892,0.0330928656414216,3,Alive
odd,F+,150,0.310016638206782,0.0384358487838318,0.0162279907377074,3,Alive
odd,F guarded,150,0.310016638206782,0.0406139110750013,0.014378367548321,3,Alive
odd,New C,150,0.310016638206782,0.0451253557448502,0.0176942679043144,3,Alive
odd,New C with dCor,150,0.310016638206782,0.0418376928680242,0.0190607545037351,3,Alive
even,Codex F,150,0.310016638206782,0.0374967586769413,0.0165307372141159,3,Alive
even,F no distance,150,0.310016638206782,0.0756237429696931,0.0339662763767858,3,Alive
even,F+,150,0.310016638206782,0.0376148572440431,0.0166128419042782,3,Alive
even,F guarded,150,0.310016638206782,0.0398121009881725,0.0148645354124221,3,Alive
even,New C,150,0.310016638206782,0.0445440288554065,0.0181631944702981,3,Alive
even,New C with dCor,150,0.310016638206782,0.0409983211052964,0.0195455468103606,3,Alive
all,Codex F,200,0.353433366065062,0.0356098908989988,0.0151599880922511,3,Alive
all,F no distance,200,0.353433366065062,0.0742146451796017,0.0332447513935228,3,Alive
all,F+,200,0.353433366065062,0.0356940387739787,0.0152209435731337,3,Alive
all,F guarded,200,0.353433366065062,0.0378627731855531,0.0136952149032261,3,Alive
all,New C,200,0.353433366065062,0.042072028946659,0.0172283983810945,3,Alive
all,New C with dCor,200,0.353433366065062,0.0389377248319042,0.0184798902434879,3,Alive
odd,Codex F,200,0.353433366065062,0.0358959119162478,0.0149116918416683,3,Alive
odd,F no distance,200,0.353433366065062,0.0745392830481223,0.0328347050492621,3,Alive
odd,F+,200,0.353433366065062,0.036006279226121,0.0149489080466711,3,Alive
odd,F guarded,200,0.353433366065062,0.0382614129589194,0.0135318743986292,3,Alive
odd,New C,200,0.353433366065062,0.042290355408013,0.0169899449055508,3,Alive
odd,New C with dCor,200,0.353433366065062,0.0393369824523097,0.0181996405230913,3,Alive
even,Codex F,200,0.353433366065062,0.0353023030680315,0.0153853135465675,3,Alive
even,F no distance,200,0.353433366065062,0.0738661175666606,0.0336789401368644,3,Alive
even,F+,200,0.353433366065062,0.0353660730710986,0.0154469697302292,3,Alive
even,F guarded,200,0.353433366065062,0.0373985167136312,0.0139962183740246,3,Alive
even,New C,200,0.353433366065062,0.0415761519878466,0.0174246799109184,3,Alive
even,New C with dCor,200,0.353433366065062,0.0385069667059635,0.0188571544917772,3,Alive
all,Codex F,300,0.414758560482122,0.032644283032199,0.0135709864554596,3,Alive
all,F no distance,300,0.414758560482122,0.0717233960070474,0.0328776551127853,3,Alive
all,F+,300,0.414758560482122,0.0327551783861893,0.0136342950788324,3,Alive
all,F guarded,300,0.414758560482122,0.034691168705392,0.0124549849382741,3,Alive
all,New C,300,0.414758560482122,0.038481764111519,0.0164310346827613,3,Alive
all,New C with dCor,300,0.414758560482122,0.0357075482709492,0.0174348407611811,3,Alive
odd,Codex F,300,0.414758560482122,0.0329783593154929,0.0135025889760023,3,Alive
odd,F no distance,300,0.414758560482122,0.0719611000008465,0.0325195648242868,3,Alive
odd,F+,300,0.414758560482122,0.0330601159058211,0.0135482801010659,3,Alive
odd,F guarded,300,0.414758560482122,0.0350513588500144,0.0123416786388939,3,Alive
odd,New C,300,0.414758560482122,0.0387787741193994,0.0162345619574427,3,Alive
odd,New C with dCor,300,0.414758560482122,0.0359828025745189,0.0171867809101545,3,Alive
even,Codex F,300,0.414758560482122,0.0322639269624476,0.0136460123537236,3,Alive
even,F no distance,300,0.414758560482122,0.0714317562002797,0.0332455961421829,3,Alive
even,F+,300,0.414758560482122,0.032368201199034,0.0137233000988278,3,Alive
even,F guarded,300,0.414758560482122,0.0342637093823682,0.0126115952502228,3,Alive
even,New C,300,0.414758560482122,0.0380480114737285,0.016702729399049,3,Alive
even,New C with dCor,300,0.414758560482122,0.0352742305940537,0.0177364119051149,3,Alive
all,Codex F,500,0.488869557189743,0.0293826501645003,0.0118524080507727,3,Alive
all,F no distance,500,0.488869557189743,0.0683932286383329,0.0322742066216817,3,Alive
all,F+,500,0.488869557189743,0.0294498555341316,0.0119013465445133,3,Alive
all,F guarded,500,0.488869557189743,0.0312002230475704,0.0110178119176427,3,Alive
all,New C,500,0.488869557189743,0.03454088833621,0.015413706308777,3,Alive
all,New C with dCor,500,0.488869557189743,0.0322568549048955,0.0162991543521053,3,Alive
odd,Codex F,500,0.488869557189743,0.0296400276409553,0.0118170169744261,3,Alive
odd,F no distance,500,0.488869557189743,0.0685263180952624,0.0318849504703411,3,Alive
odd,F+,500,0.488869557189743,0.0296610983437431,0.0118403259630861,3,Alive
odd,F guarded,500,0.488869557189743,0.0314155155342846,0.0108617607699149,3,Alive
odd,New C,500,0.488869557189743,0.034720443297957,0.0152574084890262,3,Alive
odd,New C with dCor,500,0.488869557189743,0.0324042758484402,0.0161865222414639,3,Alive
even,Codex F,500,0.488869557189743,0.0290697030756994,0.011914764611942,3,Alive
even,F no distance,500,0.488869557189743,0.0682915539891119,0.0326805954552732,3,Alive
even,F+,500,0.488869557189743,0.0291857152050149,0.0119733137215883,3,Alive
even,F guarded,500,0.488869557189743,0.0309135506900916,0.0111473825526993,3,Alive
even,New C,500,0.488869557189743,0.0342691458728699,0.0155438716200001,3,Alive
even,New C with dCor,500,0.488869557189743,0.0319663696398106,0.0164717219206444,3,Alive
all,Codex F,1000,0.58017729615729,0.0255141292581307,0.00979281221602326,3,Alive
all,F no distance,1000,0.58017729615729,0.0634720517191629,0.031310331096155,3,Alive
all,F+,1000,0.58017729615729,0.0255698813404527,0.00982528583537407,3,Alive
all,F guarded,1000,0.58017729615729,0.027251092530518,0.00934645824751723,3,Alive
all,New C,1000,0.58017729615729,0.0302056963729034,0.0141751823356937,3,Alive
all,New C with dCor,1000,0.58017729615729,0.0282384936946049,0.0147993818542143,3,Alive
odd,Codex F,1000,0.58017729615729,0.0256129185666648,0.00966605842434833,3,Alive
odd,F no distance,1000,0.58017729615729,0.0635276509944314,0.0309806674251782,3,Alive
odd,F+,1000,0.58017729615729,0.0256493428062423,0.00967941301777283,3,Alive
odd,F guarded,1000,0.58017729615729,0.0274227656375361,0.00920906921803219,3,Alive
odd,New C,1000,0.58017729615729,0.0303352554570998,0.0140637085307672,3,Alive
odd,New C with dCor,1000,0.58017729615729,0.0283124790018449,0.0145920098857647,3,Alive
even,Codex F,1000,0.58017729615729,0.0254210976479384,0.00990330936524777,3,Alive
even,F no distance,1000,0.58017729615729,0.063323313993521,0.0316037923931119,3,Alive
even,F+,1000,0.58017729615729,0.0255032485393065,0.00993634387760636,3,Alive
even,F guarded,1000,0.58017729615729,0.027022968509786,0.00948457967686258,3,Alive
even,New C,1000,0.58017729615729,0.0300498094015375,0.0142439777702744,3,Alive
even,New C with dCor,1000,0.58017729615729,0.0281408115379456,0.0149936834488276,3,Alive
all,Codex F,3000,0.702838216795711,0.020878079786689,0.00760987789956001,3,Alive
all,F no distance,3000,0.702838216795711,0.0545710646773815,0.0290770102380864,3,Alive
all,F+,3000,0.702838216795711,0.0208889141861281,0.00759404124652662,3,Alive
all,F guarded,3000,0.702838216795711,0.0220419680586269,0.0073590521048557,3,Alive
all,New C,3000,0.702838216795711,0.0244628193445159,0.0122247650149683,3,Alive
all,New C with dCor,3000,0.702838216795711,0.0231823972169787,0.0124245553266418,3,Alive
odd,Codex F,3000,0.702838216795711,0.020863588539921,0.0074926849111245,3,Alive
odd,F no distance,3000,0.702838216795711,0.0543572113635981,0.0287490055474523,3,Alive
odd,F+,3000,0.702838216795711,0.0208922881565361,0.00750802516966913,3,Alive
odd,F guarded,3000,0.702838216795711,0.022087701101068,0.00724086906515018,3,Alive
odd,New C,3000,0.702838216795711,0.0244396196321873,0.0121436268353155,3,Alive
odd,New C with dCor,3000,0.702838216795711,0.0230883753042535,0.0122864596065073,3,Alive
even,Codex F,3000,0.702838216795711,0.020856354884314,0.00769096505463998,3,Alive
even,F no distance,3000,0.702838216795711,0.0547255895393644,0.0294674139613167,3,Alive
even,F+,3000,0.702838216795711,0.0209045870023196,0.0076797249878541,3,Alive
even,F guarded,3000,0.702838216795711,0.0219853777934327,0.00748722411377624,3,Alive
even,New C,3000,0.702838216795711,0.0245932802192959,0.012398323032817,3,Alive
even,New C with dCor,3000,0.702838216795711,0.0233510353029694,0.0125544192074923,3,Alive
all,Codex F,10000,0.812142298522553,0.0176375343293243,0.00614817645014721,3,Alive
all,F no distance,10000,0.812142298522553,0.0436862999730327,0.025698667254543,3,Alive
all,F+,10000,0.812142298522553,0.0176430119060461,0.00613779263936257,3,Alive
all,F guarded,10000,0.812142298522553,0.018256650847671,0.00597320217202047,3,Alive
all,New C,10000,0.812142298522553,0.0199761269358,0.00995649874383304,3,Alive
all,New C with dCor,10000,0.812142298522553,0.0192821438321379,0.0100033473545023,3,Alive
odd,Codex F,10000,0.812142298522553,0.0175830964632103,0.00601568201473797,3,Alive
odd,F no distance,10000,0.812142298522553,0.0436120879466479,0.0254702529073396,3,Alive
odd,F+,10000,0.812142298522553,0.0175877130520151,0.00600657802509253,3,Alive
odd,F guarded,10000,0.812142298522553,0.0182198326207281,0.00582750725480761,3,Alive
odd,New C,10000,0.812142298522553,0.0198402554537144,0.00985771358087875,3,Alive
odd,New C with dCor,10000,0.812142298522553,0.0191429976429865,0.00991938365942007,3,Alive
even,Codex F,10000,0.812142298522553,0.0176805177746469,0.00629230287363334,3,Alive
even,F no distance,10000,0.812142298522553,0.0438117922470145,0.025949523776728,3,Alive
even,F+,10000,0.812142298522553,0.0176969777493435,0.00629045115760791,3,Alive
even,F guarded,10000,0.812142298522553,0.0182948491450534,0.00613913334687628,3,Alive
even,New C,10000,0.812142298522553,0.0200964700730348,0.0100171720628734,3,Alive
even,New C with dCor,10000,0.812142298522553,0.0194447035117988,0.0101212125810598,3,Alive
all,Codex F,1e+05,0.95172669709556,0.0155873364372652,0.00527406531122529,3,Alive
all,F no distance,1e+05,0.95172669709556,0.0198448367433438,0.0127223791453864,3,Alive
all,F+,1e+05,0.95172669709556,0.0155920308860543,0.00527257656272562,3,Alive
all,F guarded,1e+05,0.95172669709556,0.0156733583976053,0.00520991255037141,3,Alive
all,New C,1e+05,0.95172669709556,0.0169776371154919,0.00813526351363562,3,Alive
all,New C with dCor,1e+05,0.95172669709556,0.0169248889834243,0.00815970346135494,3,Alive
odd,Codex F,1e+05,0.95172669709556,0.0155173939462416,0.00516711177749939,3,Alive
odd,F no distance,1e+05,0.95172669709556,0.0195869392017468,0.0125249759801691,3,Alive
odd,F+,1e+05,0.95172669709556,0.0155143886042419,0.00516745918432715,3,Alive
odd,F guarded,1e+05,0.95172669709556,0.0155914931989371,0.00510467959688866,3,Alive
odd,New C,1e+05,0.95172669709556,0.0168937547808866,0.00804239559815903,3,Alive
odd,New C with dCor,1e+05,0.95172669709556,0.0168286527547859,0.00807008041306922,3,Alive
even,Codex F,1e+05,0.95172669709556,0.0156944591398777,0.00539715762366361,3,Alive
even,F no distance,1e+05,0.95172669709556,0.0201658534102019,0.0129495920978748,3,Alive
even,F+,1e+05,0.95172669709556,0.0156912254174094,0.00541132539168423,3,Alive
even,F guarded,1e+05,0.95172669709556,0.0157423942962025,0.00533502594529679,3,Alive
even,New C,1e+05,0.95172669709556,0.0170663160925489,0.00824461525088181,3,Alive
even,New C with dCor,1e+05,0.95172669709556,0.017024955411467,0.00827156908338546,3,Alive
all,Codex F,Inf,1,0.0153983302473797,0.00505724210500584,3,Alive
all,F no distance,Inf,1,0.0153983302473797,0.00505724210500584,3,Alive
all,F+,Inf,1,0.0153983302473797,0.00505724210500584,3,Alive
all,F guarded,Inf,1,0.0153983302473797,0.00505724210500584,3,Alive
all,New C,Inf,1,0.0163870492732325,0.00752276803137575,3,Alive
all,New C with dCor,Inf,1,0.0163870492732325,0.00752276803137575,3,Alive
odd,Codex F,Inf,1,0.0152922743072836,0.00499339259710756,3,Alive
odd,F no distance,Inf,1,0.0152922743072836,0.00499339259710756,3,Alive
odd,F+,Inf,1,0.0152922743072836,0.00499339259710756,3,Alive
odd,F guarded,Inf,1,0.0152922743072836,0.00499339259710756,3,Alive
odd,New C,Inf,1,0.0163547694358401,0.00743530624548053,3,Alive
odd,New C with dCor,Inf,1,0.0163547694358401,0.00743530624548053,3,Alive
even,Codex F,Inf,1,0.0154965569248758,0.00516381111842019,3,Alive
even,F no distance,Inf,1,0.0154965569248758,0.00516381111842019,3,Alive
even,F+,Inf,1,0.0154965569248758,0.00516381111842019,3,Alive
even,F guarded,Inf,1,0.0154965569248758,0.00516381111842019,3,Alive
even,New C,Inf,1,0.0164357038232982,0.0076147780796149,3,Alive
even,New C with dCor,Inf,1,0.0164357038232982,0.0076147780796149,3,Alive
all,Codex F,0,0,0.0548200164640529,0.0277839329693613,4,Alive
all,F no distance,0,0,0.0548200164640529,0.0277839329693613,4,Alive
all,F+,0,0,0.0551864292988514,0.0279754381900564,4,Alive
all,F guarded,0,0,0.102033124189094,0.0386639442331177,4,Alive
all,New C,0,0,0.115914549599806,0.040020003622578,4,Alive
all,New C with dCor,0,0,0.0599641042867162,0.0290088401156963,4,Alive
odd,Codex F,0,0,0.0550556656212865,0.026927055060704,4,Alive
odd,F no distance,0,0,0.0550556656212865,0.026927055060704,4,Alive
odd,F+,0,0,0.0555395303275273,0.027167624079506,4,Alive
odd,F guarded,0,0,0.10321283178693,0.0374716509862704,4,Alive
odd,New C,0,0,0.117416257778906,0.0387954570973004,4,Alive
odd,New C with dCor,0,0,0.0601580479094095,0.0281131581855955,4,Alive
even,Codex F,0,0,0.0544202575593768,0.0287238419585457,4,Alive
even,F no distance,0,0,0.0544202575593768,0.0287238419585457,4,Alive
even,F+,0,0,0.0549521895094602,0.0289363691348583,4,Alive
even,F guarded,0,0,0.100715427209155,0.0399879333475288,4,Alive
even,New C,0,0,0.114318973815631,0.041434715404734,4,Alive
even,New C with dCor,0,0,0.0596725745183737,0.0300067883664601,4,Alive
all,Codex F,3,0.0127721010556141,0.0519065208570196,0.0268512537241115,4,Alive
all,F no distance,3,0.0127721010556141,0.0545865655595709,0.0277274565239822,4,Alive
all,F+,3,0.0127721010556141,0.0524214122609353,0.0270766873937549,4,Alive
all,F guarded,3,0.0127721010556141,0.0881899867197017,0.0362986636070676,4,Alive
all,New C,3,0.0127721010556141,0.104862755222479,0.0387019472436057,4,Alive
all,New C with dCor,3,0.0127721010556141,0.0569251805404237,0.0281566246874566,4,Alive
odd,Codex F,3,0.0127721010556141,0.0522476860833798,0.0260404098589937,4,Alive
odd,F no distance,3,0.0127721010556141,0.054829366787183,0.0268842986479163,4,Alive
odd,F+,3,0.0127721010556141,0.0528047759670948,0.0262526568366763,4,Alive
odd,F guarded,3,0.0127721010556141,0.0895493761295895,0.0352650122145544,4,Alive
odd,New C,3,0.0127721010556141,0.106629645236378,0.0374380135914459,4,Alive
odd,New C with dCor,3,0.0127721010556141,0.0571897673538822,0.0272989514002197,4,Alive
even,Codex F,3,0.0127721010556141,0.0515851850146646,0.0277528009257638,4,Alive
even,F no distance,3,0.0127721010556141,0.0541487165426421,0.0286700072166419,4,Alive
even,F+,3,0.0127721010556141,0.052169145908333,0.0280334437178487,4,Alive
even,F guarded,3,0.0127721010556141,0.0866069766300532,0.0374583846116832,4,Alive
even,New C,3,0.0127721010556141,0.103309646504112,0.0401347825553716,4,Alive
even,New C with dCor,3,0.0127721010556141,0.0567286778607166,0.0291592789979052,4,Alive
all,Codex F,5,0.0237713551275196,0.0489777790620786,0.0255444415305155,4,Alive
all,F no distance,5,0.0237713551275196,0.0543354725786097,0.0276822457467807,4,Alive
all,F+,5,0.0237713551275196,0.0493824419535083,0.0257465021702385,4,Alive
all,F guarded,5,0.0237713551275196,0.079334544355752,0.034359904332844,4,Alive
all,New C,5,0.0237713551275196,0.0926347342608265,0.0367827396056015,4,Alive
all,New C with dCor,5,0.0237713551275196,0.0537783736670081,0.0269501678057713,4,Alive
odd,Codex F,5,0.0237713551275196,0.0493530868440563,0.0248552833233903,4,Alive
odd,F no distance,5,0.0237713551275196,0.0546377340222411,0.0268408726954922,4,Alive
odd,F+,5,0.0237713551275196,0.0497097959833443,0.0250450970643292,4,Alive
odd,F guarded,5,0.0237713551275196,0.081018413543899,0.0335239178818172,4,Alive
odd,New C,5,0.0237713551275196,0.0944290687533645,0.0356710733903782,4,Alive
odd,New C with dCor,5,0.0237713551275196,0.0539447473305235,0.0261880524028721,4,Alive
even,Codex F,5,0.0237713551275196,0.048701924134798,0.0262841731806476,4,Alive
even,F no distance,5,0.0237713551275196,0.0539871393248607,0.0286429753632473,4,Alive
even,F+,5,0.0237713551275196,0.0490924734613838,0.0265279312172978,4,Alive
even,F guarded,5,0.0237713551275196,0.0773869194352748,0.0352857580976351,4,Alive
even,New C,5,0.0237713551275196,0.0906535632882855,0.0379951731031369,4,Alive
even,New C with dCor,5,0.0237713551275196,0.053487279380068,0.0277878332714891,4,Alive
all,Codex F,10,0.04732037755993,0.044735890639124,0.0233845400957005,4,Alive
all,F no distance,10,0.04732037755993,0.0538156113720945,0.0275537920074195,4,Alive
all,F+,10,0.04732037755993,0.0450437458238498,0.0235671592392953,4,Alive
all,F guarded,10,0.04732037755993,0.064626860101936,0.030191513186385,4,Alive
all,New C,10,0.04732037755993,0.0764198387449435,0.0333509867470672,4,Alive
all,New C with dCor,10,0.04732037755993,0.0490743920009706,0.0249217327930042,4,Alive
odd,Codex F,10,0.04732037755993,0.0449474593236175,0.0226749156663562,4,Alive
odd,F no distance,10,0.04732037755993,0.0541653624028841,0.0267590157551775,4,Alive
odd,F+,10,0.04732037755993,0.0452620130635251,0.0228524907344363,4,Alive
odd,F guarded,10,0.04732037755993,0.0652225358604581,0.029370622029273,4,Alive
odd,New C,10,0.04732037755993,0.0776934002985832,0.0324385426118841,4,Alive
odd,New C with dCor,10,0.04732037755993,0.049273393039151,0.0242251059913305,4,Alive
even,Codex F,10,0.04732037755993,0.0445297491276095,0.0242003083671621,4,Alive
even,F no distance,10,0.04732037755993,0.0534342896509289,0.0284873989913103,4,Alive
even,F+,10,0.04732037755993,0.0448348179492784,0.0243518753018955,4,Alive
even,F guarded,10,0.04732037755993,0.0642145493610903,0.0310544583809184,4,Alive
even,New C,10,0.04732037755993,0.0755782440876414,0.0344614783667539,4,Alive
even,New C with dCor,10,0.04732037755993,0.0487352258209215,0.0257215823074199,4,Alive
all,Codex F,20,0.0845340102772149,0.0399321367029821,0.0203888094497843,4,Alive
all,F no distance,20,0.0845340102772149,0.0529650487951029,0.0273535442121772,4,Alive
all,F+,20,0.0845340102772149,0.0402165873830964,0.0205915859152893,4,Alive
all,F guarded,20,0.0845340102772149,0.0516973767957501,0.0243710925348059,4,Alive
all,New C,20,0.0845340102772149,0.0612772100657997,0.0285026478533445,4,Alive
all,New C with dCor,20,0.0845340102772149,0.0436511262596405,0.0220359202159979,4,Alive
odd,Codex F,20,0.0845340102772149,0.0401325965612146,0.0198011779982133,4,Alive
odd,F no distance,20,0.0845340102772149,0.0533483768648757,0.0265492679361604,4,Alive
odd,F+,20,0.0845340102772149,0.04034555749251,0.0199896312995341,4,Alive
odd,F guarded,20,0.0845340102772149,0.0526083556187477,0.0239280241288111,4,Alive
odd,New C,20,0.0845340102772149,0.0618728565520742,0.0277686677798821,4,Alive
odd,New C with dCor,20,0.0845340102772149,0.0438505158787385,0.0213543269373858,4,Alive
even,Codex F,20,0.0845340102772149,0.0397099618874003,0.0210352972053335,4,Alive
even,F no distance,20,0.0845340102772149,0.0527376175777792,0.0283104835725786,4,Alive
even,F+,20,0.0845340102772149,0.0399928349634829,0.0212323697993127,4,Alive
even,F guarded,20,0.0845340102772149,0.0513681582598195,0.024971674280902,4,Alive
even,New C,20,0.0845340102772149,0.0601769788647996,0.0291295172290271,4,Alive
even,New C with dCor,20,0.0845340102772149,0.0434290569302434,0.0227793426871282,4,Alive
all,Codex F,30,0.114965864675073,0.0370793549544252,0.0183534902091428,4,Alive
all,F no distance,30,0.114965864675073,0.0522774705075239,0.0271878744791915,4,Alive
all,F+,30,0.114965864675073,0.0373499186759073,0.0185257598791434,4,Alive
all,F guarded,30,0.114965864675073,0.0458156624173454,0.0206236037934282,4,Alive
all,New C,30,0.114965864675073,0.0533379905226257,0.0248713154337951,4,Alive
all,New C with dCor,30,0.114965864675073,0.0406599081020438,0.0201020910821529,4,Alive
odd,Codex F,30,0.114965864675073,0.0372231103864316,0.0178013036669883,4,Alive
odd,F no distance,30,0.114965864675073,0.052626786297669,0.0263729104266757,4,Alive
odd,F+,30,0.114965864675073,0.0374384600274208,0.0179724759030877,4,Alive
odd,F guarded,30,0.114965864675073,0.0459216748276036,0.0201730167700268,4,Alive
odd,New C,30,0.114965864675073,0.0540351711410144,0.0244412844278673,4,Alive
odd,New C with dCor,30,0.114965864675073,0.0408400894510738,0.0194689289244279,4,Alive
even,Codex F,30,0.114965864675073,0.0368420719420325,0.0188993014950147,4,Alive
even,F no distance,30,0.114965864675073,0.0521069937535225,0.0281187035121524,4,Alive
even,F+,30,0.114965864675073,0.03707301954569,0.0190826005954767,4,Alive
even,F guarded,30,0.114965864675073,0.0454256695175112,0.0211892095381624,4,Alive
even,New C,30,0.114965864675073,0.0529253602449825,0.0254643572802101,4,Alive
even,New C with dCor,30,0.114965864675073,0.0404728218574963,0.0207949175177152,4,Alive
all,Codex F,50,0.164420954037171,0.0332853439086349,0.0157714701866117,4,Alive
all,F no distance,50,0.164420954037171,0.0512791181112131,0.0269142778954674,4,Alive
all,F+,50,0.164420954037171,0.0335360126330835,0.0159658314993324,4,Alive
all,F guarded,50,0.164420954037171,0.0399475201100262,0.0164880091307368,4,Alive
all,New C,50,0.164420954037171,0.0458085511498841,0.0204698041237898,4,Alive
all,New C with dCor,50,0.164420954037171,0.0368638506731028,0.0178913750656079,4,Alive
odd,Codex F,50,0.164420954037171,0.0334263342964502,0.0153266401157995,4,Alive
odd,F no distance,50,0.164420954037171,0.0514568582409991,0.0261011435509364,4,Alive
odd,F+,50,0.164420954037171,0.0337187982013911,0.0155090302343816,4,Alive
odd,F guarded,50,0.164420954037171,0.0400450065271923,0.0160897668576588,4,Alive
odd,New C,50,0.164420954037171,0.0461808980734269,0.0200385616901013,4,Alive
odd,New C with dCor,50,0.164420954037171,0.0370949088163305,0.0173146988025128,4,Alive
even,Codex F,50,0.164420954037171,0.0331198307999312,0.0162787388013964,4,Alive
even,F no distance,50,0.164420954037171,0.0510442528506528,0.0278190870572352,4,Alive
even,F+,50,0.164420954037171,0.0333707121525104,0.0164820173553329,4,Alive
even,F guarded,50,0.164420954037171,0.0397547928069471,0.0169633504285999,4,Alive
even,New C,50,0.164420954037171,0.0454624151900628,0.0209918234582273,4,Alive
even,New C with dCor,50,0.164420954037171,0.0366211107102193,0.0184904125314381,4,Alive
all,Codex F,75,0.212721321815864,0.0302447626206782,0.0137852769021446,4,Alive
all,F no distance,75,0.212721321815864,0.0501522833380078,0.0266304143402711,4,Alive
all,F+,75,0.212721321815864,0.0304614162218863,0.0139691182414742,4,Alive
all,F guarded,75,0.212721321815864,0.0361145414368156,0.0140559505600992,4,Alive
all,New C,75,0.212721321815864,0.041115526805458,0.0177207787043735,4,Alive
all,New C with dCor,75,0.212721321815864,0.0337226593355266,0.0162624348935967,4,Alive
odd,Codex F,75,0.212721321815864,0.0304765866612499,0.013436130915134,4,Alive
odd,F no distance,75,0.212721321815864,0.0503071223185901,0.0258195900039784,4,Alive
odd,F+,75,0.212721321815864,0.0306562651226321,0.0136212323250229,4,Alive
odd,F guarded,75,0.212721321815864,0.0360943432996495,0.0136607389692249,4,Alive
odd,New C,75,0.212721321815864,0.0412833037424463,0.0173212526446828,4,Alive
odd,New C with dCor,75,0.212721321815864,0.033800840649977,0.015712318231365,4,Alive
even,Codex F,75,0.212721321815864,0.030098370322618,0.0142527321914133,4,Alive
even,F no distance,75,0.212721321815864,0.0499342172672381,0.0275179517955231,4,Alive
even,F+,75,0.212721321815864,0.0303040651561335,0.0144223122180732,4,Alive
even,F guarded,75,0.212721321815864,0.0358980276738169,0.0146140669685506,4,Alive
even,New C,75,0.212721321815864,0.0409543933923746,0.0182393392491535,4,Alive
even,New C with dCor,75,0.212721321815864,0.0335121209431251,0.0168155465438776,4,Alive
all,Codex F,100,0.25127459019198,0.0281805619594411,0.0124275968585275,4,Alive
all,F no distance,100,0.25127459019198,0.0492043580394803,0.0263726527011807,4,Alive
all,F+,100,0.25127459019198,0.0283577616277438,0.0125981202464553,4,Alive
all,F guarded,100,0.25127459019198,0.0332883605895043,0.0127511005921802,4,Alive
all,New C,100,0.25127459019198,0.0380563555164229,0.0163054519347923,4,Alive
all,New C with dCor,100,0.25127459019198,0.0313810958109054,0.015200698396678,4,Alive
odd,Codex F,100,0.25127459019198,0.0283066285035291,0.0120418940168418,4,Alive
odd,F no distance,100,0.25127459019198,0.0494027643172698,0.0255680367923225,4,Alive
odd,F+,100,0.25127459019198,0.0285018943106687,0.0122421808993493,4,Alive
odd,F guarded,100,0.25127459019198,0.0333822453785608,0.0122785595659046,4,Alive
odd,New C,100,0.25127459019198,0.0381382785619254,0.0157686713188024,4,Alive
odd,New C with dCor,100,0.25127459019198,0.0315765976661756,0.0146456168860998,4,Alive
even,Codex F,100,0.25127459019198,0.0280603106711141,0.0129049802663431,4,Alive
even,F no distance,100,0.25127459019198,0.0489530403530969,0.0272728255624114,4,Alive
even,F+,100,0.25127459019198,0.0282514119339814,0.0131117194119354,4,Alive
even,F guarded,100,0.25127459019198,0.0330145012433149,0.0132096009490524,4,Alive
even,New C,100,0.25127459019198,0.0379234050526196,0.0169162270394313,4,Alive
even,New C with dCor,100,0.25127459019198,0.0311508967255165,0.0157601378244345,4,Alive
all,Codex F,150,0.310016638206782,0.0252183408219622,0.0106674743778305,4,Alive
all,F no distance,150,0.310016638206782,0.0476928716601049,0.025911343175955,4,Alive
all,F+,150,0.310016638206782,0.0253827135699262,0.0108356775773739,4,Alive
all,F guarded,150,0.310016638206782,0.0297320360029123,0.0111454287382514,4,Alive
all,New C,150,0.310016638206782,0.0338813649425597,0.0148587322211899,4,Alive
all,New C with dCor,150,0.310016638206782,0.0282567108478507,0.0138745634896667,4,Alive
odd,Codex F,150,0.310016638206782,0.0253608710262529,0.0102901632220137,4,Alive
odd,F no distance,150,0.310016638206782,0.0478711906748588,0.0251368434289401,4,Alive
odd,F+,150,0.310016638206782,0.0255430514558471,0.0104637170223205,4,Alive
odd,F guarded,150,0.310016638206782,0.0299099555771086,0.0107182705450737,4,Alive
odd,New C,150,0.310016638206782,0.0339657011415222,0.0143199020142675,4,Alive
odd,New C with dCor,150,0.310016638206782,0.0284148901772203,0.0134086494047247,4,Alive
even,Codex F,150,0.310016638206782,0.0250764761561908,0.0110834946326047,4,Alive
even,F no distance,150,0.310016638206782,0.0475250177974583,0.0267962616126281,4,Alive
even,F+,150,0.310016638206782,0.0252507652055899,0.0112550451140361,4,Alive
even,F guarded,150,0.310016638206782,0.0295551317787108,0.0116490298196894,4,Alive
even,New C,150,0.310016638206782,0.0337470714693199,0.0154814986322958,4,Alive
even,New C with dCor,150,0.310016638206782,0.0279530298315028,0.0143507219960481,4,Alive
all,Codex F,200,0.353433366065062,0.0233346602696727,0.0094744641429921,4,Alive
all,F no distance,200,0.353433366065062,0.0465099109465511,0.0255321689733478,4,Alive
all,F+,200,0.353433366065062,0.0234746206019093,0.00964012299534462,4,Alive
all,F guarded,200,0.353433366065062,0.0273545268275715,0.0101126236471839,4,Alive
all,New C,200,0.353433366065062,0.0310955748692086,0.0140195924186961,4,Alive
all,New C with dCor,200,0.353433366065062,0.026146131116984,0.013022780565603,4,Alive
odd,Codex F,200,0.353433366065062,0.0234187543157466,0.00910288321887718,4,Alive
odd,F no distance,200,0.353433366065062,0.046513825787843,0.0247278896382451,4,Alive
odd,F+,200,0.353433366065062,0.0235542740598181,0.00926134954462633,4,Alive
odd,F guarded,200,0.353433366065062,0.0275152493606865,0.00973792515643809,4,Alive
odd,New C,200,0.353433366065062,0.0313009189803483,0.013513432658115,4,Alive
odd,New C with dCor,200,0.353433366065062,0.0262706783699791,0.0125479972968583,4,Alive
even,Codex F,200,0.353433366065062,0.0231893889194319,0.00982234756201154,4,Alive
even,F no distance,200,0.353433366065062,0.0464668936373571,0.0264485698355873,4,Alive
even,F+,200,0.353433366065062,0.0233047852665479,0.00996070635375949,4,Alive
even,F guarded,200,0.353433366065062,0.0271149494462017,0.0104857985511437,4,Alive
even,New C,200,0.353433366065062,0.0308073173914546,0.0145670101697442,4,Alive
even,New C with dCor,200,0.353433366065062,0.0259494787704872,0.0134756717192866,4,Alive
all,Codex F,300,0.414758560482122,0.0209106239469285,0.00775110294126281,4,Alive
all,F no distance,300,0.414758560482122,0.0446362871959442,0.0249155110417153,4,Alive
all,F+,300,0.414758560482122,0.0210647025910146,0.00791567013622521,4,Alive
all,F guarded,300,0.414758560482122,0.024276547696996,0.00860570061496297,4,Alive
all,New C,300,0.414758560482122,0.0277029937705625,0.0129836487402793,4,Alive
all,New C with dCor,300,0.414758560482122,0.0234243927452673,0.0118904556180221,4,Alive
odd,Codex F,300,0.414758560482122,0.020971260291474,0.00747882259229683,4,Alive
odd,F no distance,300,0.414758560482122,0.0446487217325949,0.0241223944617085,4,Alive
odd,F+,300,0.414758560482122,0.0211053601960086,0.0076448966002059,4,Alive
odd,F guarded,300,0.414758560482122,0.0244287005727923,0.00831217144675955,4,Alive
odd,New C,300,0.414758560482122,0.0278550405443559,0.0124881025892555,4,Alive
odd,New C with dCor,300,0.414758560482122,0.0234764008459858,0.0114529098757052,4,Alive
even,Codex F,300,0.414758560482122,0.020873436218299,0.00811050380756509,4,Alive
even,F no distance,300,0.414758560482122,0.0446319009385245,0.0258049390003901,4,Alive
even,F+,300,0.414758560482122,0.0210153094531026,0.00822719779220603,4,Alive
even,F guarded,300,0.414758560482122,0.0240493252492956,0.00898868132393027,4,Alive
even,New C,300,0.414758560482122,0.0275425131738457,0.0135308312218823,4,Alive
even,New C with dCor,300,0.414758560482122,0.0233743766990627,0.0123180186433034,4,Alive
all,Codex F,500,0.488869557189743,0.0182945736049836,0.0059462523246621,4,Alive
all,F no distance,500,0.488869557189743,0.0422406194816893,0.0240363387623492,4,Alive
all,F+,500,0.488869557189743,0.0184340290982148,0.00608076061640117,4,Alive
all,F guarded,500,0.488869557189743,0.0210255742877948,0.0068003440016316,4,Alive
all,New C,500,0.488869557189743,0.0240428042543553,0.0117719177920403,4,Alive
all,New C with dCor,500,0.488869557189743,0.0206321024793701,0.0105244420216233,4,Alive
odd,Codex F,500,0.488869557189743,0.0183359733438276,0.00571085607491211,4,Alive
odd,F no distance,500,0.488869557189743,0.0421719984999743,0.0232636969986505,4,Alive
odd,F+,500,0.488869557189743,0.0184527449550601,0.00588399786234259,4,Alive
odd,F guarded,500,0.488869557189743,0.0211295174610266,0.00653957485513834,4,Alive
odd,New C,500,0.488869557189743,0.02411065532118,0.0113266907712629,4,Alive
odd,New C with dCor,500,0.488869557189743,0.02069630140456,0.0102226610019724,4,Alive
even,Codex F,500,0.488869557189743,0.0182870015205016,0.00620263782142993,4,Alive
even,F no distance,500,0.488869557189743,0.042194016210248,0.0248686971705967,4,Alive
even,F+,500,0.488869557189743,0.0184058129024097,0.00637030676584057,4,Alive
even,F guarded,500,0.488869557189743,0.0209903404163553,0.00710967122978795,4,Alive
even,New C,500,0.488869557189743,0.0240044511783313,0.0122231784534855,4,Alive
even,New C with dCor,500,0.488869557189743,0.0206582117718098,0.0109217638144804,4,Alive
all,Codex F,1000,0.58017729615729,0.0155330794158892,0.00391117359782905,4,Alive
all,F no distance,1000,0.58017729615729,0.038716892268486,0.0226034110619566,4,Alive
all,F+,1000,0.58017729615729,0.0156237619222265,0.00399494698032415,4,Alive
all,F guarded,1000,0.58017729615729,0.017623355305539,0.00482657622703041,4,Alive
all,New C,1000,0.58017729615729,0.0202284132026321,0.0100908975408617,4,Alive
all,New C with dCor,1000,0.58017729615729,0.0176425892039264,0.00877737717619239,4,Alive
odd,Codex F,1000,0.58017729615729,0.0154352500208196,0.003679657335466,4,Alive
odd,F no distance,1000,0.58017729615729,0.0388093256994868,0.0218940404855837,4,Alive
odd,F+,1000,0.58017729615729,0.0155380897852028,0.00378198671787746,4,Alive
odd,F guarded,1000,0.58017729615729,0.0176071446199157,0.00458273593177023,4,Alive
odd,New C,1000,0.58017729615729,0.0202466853602802,0.00975422374508373,4,Alive
odd,New C with dCor,1000,0.58017729615729,0.0175505022830447,0.00847260798688757,4,Alive
even,Codex F,1000,0.58017729615729,0.0156451243717293,0.00411324328999192,4,Alive
even,F no distance,1000,0.58017729615729,0.0386622938351833,0.0233957437661744,4,Alive
even,F+,1000,0.58017729615729,0.0157444560400253,0.00422994900219415,4,Alive
even,F guarded,1000,0.58017729615729,0.0176247357007305,0.00504445082072497,4,Alive
even,New C,1000,0.58017729615729,0.0201720214928979,0.0104200890008108,4,Alive
even,New C with dCor,1000,0.58017729615729,0.0177755974800161,0.00913386553136512,4,Alive
all,Codex F,3000,0.702838216795711,0.0123438608807508,0.00173566315123558,4,Alive
all,F no distance,3000,0.702838216795711,0.0332047835575211,0.0197869283797234,4,Alive
all,F+,3000,0.702838216795711,0.0123881561539292,0.00179627998847852,4,Alive
all,F guarded,3000,0.702838216795711,0.0134893431859123,0.0022580251798763,4,Alive
all,New C,3000,0.702838216795711,0.0157317072175179,0.00730129100572138,4,Alive
all,New C with dCor,3000,0.702838216795711,0.0142710548185104,0.00625722347947164,4,Alive
odd,Codex F,3000,0.702838216795711,0.0122283852912202,0.00161872750194007,4,Alive
odd,F no distance,3000,0.702838216795711,0.0332723970537752,0.019139595221379,4,Alive
odd,F+,3000,0.702838216795711,0.0122824542710608,0.00166680663445538,4,Alive
odd,F guarded,3000,0.702838216795711,0.0133764934514802,0.00208741750018811,4,Alive
odd,New C,3000,0.702838216795711,0.0156007533164068,0.00700629001238265,4,Alive
odd,New C with dCor,3000,0.702838216795711,0.0141487970608846,0.00597502749513936,4,Alive
even,Codex F,3000,0.702838216795711,0.0124634784599459,0.0018755103172268,4,Alive
even,F no distance,3000,0.702838216795711,0.0332257264477544,0.0205607953724535,4,Alive
even,F+,3000,0.702838216795711,0.0125205599332911,0.00193013561422665,4,Alive
even,F guarded,3000,0.702838216795711,0.0136186919949393,0.00243845453580309,4,Alive
even,New C,3000,0.702838216795711,0.015896753992754,0.00766711623303193,4,Alive
even,New C with dCor,3000,0.702838216795711,0.0143950704387831,0.00658677677115221,4,Alive
all,Codex F,10000,0.812142298522553,0.0101863700355969,0.000719885293033128,4,Alive
all,F no distance,10000,0.812142298522553,0.0268247288274634,0.0156796030312638,4,Alive
all,F+,10000,0.812142298522553,0.0102128939830647,0.00073426568031834,4,Alive
all,F guarded,10000,0.812142298522553,0.0106780361431423,0.000878867137779311,4,Alive
all,New C,10000,0.812142298522553,0.0124703818790788,0.00471598497722881,4,Alive
all,New C with dCor,10000,0.812142298522553,0.0117680495550402,0.00406885190557485,4,Alive
odd,Codex F,10000,0.812142298522553,0.0100730173564211,0.000580329473434714,4,Alive
odd,F no distance,10000,0.812142298522553,0.0268345571157263,0.0151424852595461,4,Alive
odd,F+,10000,0.812142298522553,0.0101010058609658,0.000591357898355963,4,Alive
odd,F guarded,10000,0.812142298522553,0.01054990003453,0.000743747276833092,4,Alive
odd,New C,10000,0.812142298522553,0.0123150515310009,0.00447247222659767,4,Alive
odd,New C with dCor,10000,0.812142298522553,0.011601174250749,0.00382468168653165,4,Alive
even,Codex F,10000,0.812142298522553,0.0103135514210132,0.000876887187589684,4,Alive
even,F no distance,10000,0.812142298522553,0.0268360509160965,0.0162884005615552,4,Alive
even,F+,10000,0.812142298522553,0.0103390370820633,0.000895052985358084,4,Alive
even,F guarded,10000,0.812142298522553,0.0108144419483581,0.00104561109345683,4,Alive
even,New C,10000,0.812142298522553,0.0126281922893783,0.00494538406987153,4,Alive
even,New C with dCor,10000,0.812142298522553,0.0119411830214503,0.00434907142006002,4,Alive
all,Codex F,1e+05,0.95172669709556,0.00894564534599003,0.000319207267069538,4,Alive
all,F no distance,1e+05,0.95172669709556,0.0135958806466749,0.00417156549674085,4,Alive
all,F+,1e+05,0.95172669709556,0.0089495084741924,0.000322014421043797,4,Alive
all,F guarded,1e+05,0.95172669709556,0.00896095354835237,0.000362745701764384,4,Alive
all,New C,1e+05,0.95172669709556,0.010394791523111,0.00257959429624315,4,Alive
all,New C with dCor,1e+05,0.95172669709556,0.0103489402130414,0.00245506998084938,4,Alive
odd,Codex F,1e+05,0.95172669709556,0.0088317027146702,0.000244985012654698,4,Alive
odd,F no distance,1e+05,0.95172669709556,0.0134472346793277,0.00388969923448483,4,Alive
odd,F+,1e+05,0.95172669709556,0.00883735361092775,0.000249119344965736,4,Alive
odd,F guarded,1e+05,0.95172669709556,0.00885282791144064,0.00029311466448019,4,Alive
odd,New C,1e+05,0.95172669709556,0.0102885028192759,0.00241727083149112,4,Alive
odd,New C with dCor,1e+05,0.95172669709556,0.0102446484100949,0.00230228000445984,4,Alive
even,Codex F,1e+05,0.95172669709556,0.00908150925872672,0.000420640655890565,4,Alive
even,F no distance,1e+05,0.95172669709556,0.0137548865455173,0.00448147292779713,4,Alive
even,F+,1e+05,0.95172669709556,0.00908409636206791,0.000423989918724559,4,Alive
even,F guarded,1e+05,0.95172669709556,0.00908449291621133,0.000447459734181355,4,Alive
even,New C,1e+05,0.95172669709556,0.0105129940721145,0.00277223895696807,4,Alive
even,New C with dCor,1e+05,0.95172669709556,0.0104804294208982,0.00264133575587175,4,Alive
all,Codex F,Inf,1,0.00890045168922933,0.000260820668500673,4,Alive
all,F no distance,Inf,1,0.00890045168922933,0.000260820668500673,4,Alive
all,F+,Inf,1,0.00890045168922933,0.000260820668500673,4,Alive
all,F guarded,Inf,1,0.00890045168922933,0.000260820668500673,4,Alive
all,New C,Inf,1,0.010324798775147,0.00203155775971981,4,Alive
all,New C with dCor,Inf,1,0.010324798775147,0.00203155775971981,4,Alive
odd,Codex F,Inf,1,0.00877969192200275,0.000191574394790113,4,Alive
odd,F no distance,Inf,1,0.00877969192200275,0.000191574394790113,4,Alive
odd,F+,Inf,1,0.00877969192200275,0.000191574394790113,4,Alive
odd,F guarded,Inf,1,0.00877969192200275,0.000191574394790113,4,Alive
odd,New C,Inf,1,0.0101899443883613,0.0018880318006731,4,Alive
odd,New C with dCor,Inf,1,0.0101899443883613,0.0018880318006731,4,Alive
even,Codex F,Inf,1,0.00904437462303748,0.000350499053573548,4,Alive
even,F no distance,Inf,1,0.00904437462303748,0.000350499053573548,4,Alive
even,F+,Inf,1,0.00904437462303748,0.000350499053573548,4,Alive
even,F guarded,Inf,1,0.00904437462303748,0.000350499053573548,4,Alive
even,New C,Inf,1,0.010476633939847,0.00219462753170134,4,Alive
even,New C with dCor,Inf,1,0.010476633939847,0.00219462753170134,4,Alive
all,Codex F,0,0,0.0526802990658538,0.0211451621434659,5,Alive
all,F no distance,0,0,0.0526802990658538,0.0211451621434659,5,Alive
all,F+,0,0,0.0531315883938296,0.0212516858687456,5,Alive
all,F guarded,0,0,0.0987798387648992,0.0277218018347085,5,Alive
all,New C,0,0,0.11310036300631,0.0283808545802529,5,Alive
all,New C with dCor,0,0,0.0578853265406395,0.0218949264175869,5,Alive
odd,Codex F,0,0,0.0528210026923275,0.0208256472635011,5,Alive
odd,F no distance,0,0,0.0528210026923275,0.0208256472635011,5,Alive
odd,F+,0,0,0.0531604812948766,0.0209492477332631,5,Alive
odd,F guarded,0,0,0.0994081888467977,0.0273344836702837,5,Alive
odd,New C,0,0,0.114185429407403,0.0280465451266582,5,Alive
odd,New C with dCor,0,0,0.0581216009932466,0.0215712481321268,5,Alive
even,Codex F,0,0,0.0525372106182069,0.0215271167028339,5,Alive
even,F no distance,0,0,0.0525372106182069,0.0215271167028339,5,Alive
even,F+,0,0,0.0529367009799299,0.0216123065457625,5,Alive
even,F guarded,0,0,0.0979538913773075,0.0281209201917776,5,Alive
even,New C,0,0,0.112078539767669,0.0287389397933408,5,Alive
even,New C with dCor,0,0,0.0577853343239978,0.0222695499409822,5,Alive
all,Codex F,3,0.0127721010556141,0.0503250887805401,0.0205667293044312,5,Alive
all,F no distance,3,0.0127721010556141,0.052413497535192,0.0211037847783536,5,Alive
all,F+,3,0.0127721010556141,0.0507086080308503,0.0206886816284475,5,Alive
all,F guarded,3,0.0127721010556141,0.0853819171285258,0.0260041633502004,5,Alive
all,New C,3,0.0127721010556141,0.102414462785178,0.0273333308073683,5,Alive
all,New C with dCor,3,0.0127721010556141,0.0554486025694404,0.0213813447847312,5,Alive
odd,Codex F,3,0.0127721010556141,0.0504992537490481,0.0202815887028684,5,Alive
odd,F no distance,3,0.0127721010556141,0.0525697352531359,0.0207892801880739,5,Alive
odd,F+,3,0.0127721010556141,0.0508208655146501,0.0203630053539222,5,Alive
odd,F guarded,3,0.0127721010556141,0.0862957875569992,0.0257583173398181,5,Alive
odd,New C,3,0.0127721010556141,0.103285100028436,0.0270716511931805,5,Alive
odd,New C with dCor,3,0.0127721010556141,0.0555436145960497,0.02108996045096,5,Alive
even,Codex F,3,0.0127721010556141,0.0500674504847892,0.020892699653451,5,Alive
even,F no distance,3,0.0127721010556141,0.0522848878923457,0.0214931500538126,5,Alive
even,F+,3,0.0127721010556141,0.0505021920029904,0.0209997899954387,5,Alive
even,F guarded,3,0.0127721010556141,0.0844267628408762,0.02631121757603,5,Alive
even,New C,3,0.0127721010556141,0.101480944146299,0.0276419226146562,5,Alive
even,New C with dCor,3,0.0127721010556141,0.055359826438553,0.0217634552718423,5,Alive
all,Codex F,5,0.0237713551275196,0.0474376959532924,0.0196601731781577,5,Alive
all,F no distance,5,0.0237713551275196,0.0521696267515234,0.0210713963271655,5,Alive
all,F+,5,0.0237713551275196,0.0477564181716194,0.0197592686834248,5,Alive
all,F guarded,5,0.0237713551275196,0.076742374537511,0.0245833314890019,5,Alive
all,New C,5,0.0237713551275196,0.0909264893802924,0.0260586584289291,5,Alive
all,New C with dCor,5,0.0237713551275196,0.0522307302518739,0.0205024029133108,5,Alive
odd,Codex F,5,0.0237713551275196,0.0477248748946327,0.0194193542663202,5,Alive
odd,F no distance,5,0.0237713551275196,0.05233097925862,0.0207616374719388,5,Alive
odd,F+,5,0.0237713551275196,0.0480908886071194,0.0195251234059744,5,Alive
odd,F guarded,5,0.0237713551275196,0.0780933387102009,0.0244717201251872,5,Alive
odd,New C,5,0.0237713551275196,0.0918656610054327,0.0258371086029361,5,Alive
odd,New C with dCor,5,0.0237713551275196,0.0523879943726199,0.0202303590566768,5,Alive
even,Codex F,5,0.0237713551275196,0.0471130448478923,0.0199175860486437,5,Alive
even,F no distance,5,0.0237713551275196,0.052073912844902,0.0214533199727203,5,Alive
even,F+,5,0.0237713551275196,0.0474562614342399,0.0200277482426077,5,Alive
even,F guarded,5,0.0237713551275196,0.0753028632652828,0.024752968200887,5,Alive
even,New C,5,0.0237713551275196,0.0903742964011733,0.0264041053163403,5,Alive
even,New C with dCor,5,0.0237713551275196,0.0521681157697395,0.0208639798921595,5,Alive
all,Codex F,10,0.04732037755993,0.0432056864279163,0.0180794651077563,5,Alive
all,F no distance,10,0.04732037755993,0.0518209366797905,0.0210235664962538,5,Alive
all,F+,10,0.04732037755993,0.0434230385701956,0.0181832158591398,5,Alive
all,F guarded,10,0.04732037755993,0.0635656691149343,0.0217604162241296,5,Alive
all,New C,10,0.04732037755993,0.0758614683220963,0.0238177111977941,5,Alive
all,New C with dCor,10,0.04732037755993,0.0476945701812197,0.0190525501933751,5,Alive
odd,Codex F,10,0.04732037755993,0.0435177294449806,0.0178935007207124,5,Alive
odd,F no distance,10,0.04732037755993,0.0518835404011579,0.0206974955028201,5,Alive
odd,F+,10,0.04732037755993,0.0437628042827402,0.0179829457836306,5,Alive
odd,F guarded,10,0.04732037755993,0.0636144035444066,0.0214943636720285,5,Alive
odd,New C,10,0.04732037755993,0.0760672034936267,0.0235900697784088,5,Alive
odd,New C with dCor,10,0.04732037755993,0.0478981599319555,0.0187959775312618,5,Alive
even,Codex F,10,0.04732037755993,0.0426644042210593,0.0182666603893523,5,Alive
even,F no distance,10,0.04732037755993,0.0516026799160389,0.0213801354832157,5,Alive
even,F+,10,0.04732037755993,0.0429578149140262,0.0183965734598886,5,Alive
even,F guarded,10,0.04732037755993,0.0623667070757374,0.0218200055688756,5,Alive
even,New C,10,0.04732037755993,0.0748278979366267,0.0239528420396934,5,Alive
even,New C with dCor,10,0.04732037755993,0.0473012473632757,0.0193065077262087,5,Alive
all,Codex F,20,0.0845340102772149,0.0383188610495659,0.0158553492342946,5,Alive
all,F no distance,20,0.0845340102772149,0.050982946221347,0.0209154035620987,5,Alive
all,F+,20,0.0845340102772149,0.0385979201445446,0.0159807121477967,5,Alive
all,F guarded,20,0.0845340102772149,0.0504211997022811,0.0177014975681649,5,Alive
all,New C,20,0.0845340102772149,0.0600935174634589,0.0204248587877582,5,Alive
all,New C with dCor,20,0.0845340102772149,0.0423571737328082,0.0169481188686451,5,Alive
odd,Codex F,20,0.0845340102772149,0.0385622387081706,0.0157000890530896,5,Alive
odd,F no distance,20,0.0845340102772149,0.0511339080190932,0.0205954356457571,5,Alive
odd,F+,20,0.0845340102772149,0.0388077576631293,0.0158071843162458,5,Alive
odd,F guarded,20,0.0845340102772149,0.0507623798344592,0.0175513726777548,5,Alive
odd,New C,20,0.0845340102772149,0.0610213705052557,0.0203585858748083,5,Alive
odd,New C with dCor,20,0.0845340102772149,0.0427832271375618,0.0168090692055235,5,Alive
even,Codex F,20,0.0845340102772149,0.0380528525539135,0.0160428687162577,5,Alive
even,F no distance,20,0.0845340102772149,0.0508676809902813,0.0212503337343134,5,Alive
even,F+,20,0.0845340102772149,0.0383410384058889,0.0161585532162564,5,Alive
even,F guarded,20,0.0845340102772149,0.04988698135833,0.0178279997528589,5,Alive
even,New C,20,0.0845340102772149,0.0593263745712806,0.0204917769702715,5,Alive
even,New C with dCor,20,0.0845340102772149,0.0420216428696302,0.0171662225806843,5,Alive
all,Codex F,30,0.114965864675073,0.0354956508899195,0.0143286649465521,5,Alive
all,F no distance,30,0.114965864675073,0.0502808739566364,0.0208189803746388,5,Alive
all,F+,30,0.114965864675073,0.0357351569861387,0.0144597796364768,5,Alive
all,F guarded,30,0.114965864675073,0.0441243024588748,0.0151614080247332,5,Alive
all,New C,30,0.114965864675073,0.052436740389407,0.0180418639914758,5,Alive
all,New C with dCor,30,0.114965864675073,0.0392969418785394,0.0155420859168645,5,Alive
odd,Codex F,30,0.114965864675073,0.0355581308343068,0.0141316662562915,5,Alive
odd,F no distance,30,0.114965864675073,0.050303048709694,0.0204862263826202,5,Alive
odd,F+,30,0.114965864675073,0.0358147179586657,0.0142366234928875,5,Alive
odd,F guarded,30,0.114965864675073,0.0444431243964863,0.015063611117303,5,Alive
odd,New C,30,0.114965864675073,0.0526862427146704,0.0178790959311132,5,Alive
odd,New C with dCor,30,0.114965864675073,0.0396309862692329,0.0153762458165067,5,Alive
even,Codex F,30,0.114965864675073,0.0351587883259533,0.0145346506362623,5,Alive
even,F no distance,30,0.114965864675073,0.0502465309137961,0.0211515379268082,5,Alive
even,F+,30,0.114965864675073,0.035445022708609,0.014661321059588,5,Alive
even,F guarded,30,0.114965864675073,0.0441030972706883,0.0153842809760707,5,Alive
even,New C,30,0.114965864675073,0.0519344335648973,0.0181493607543125,5,Alive
even,New C with dCor,30,0.114965864675073,0.039059092036345,0.0157430655388391,5,Alive
all,Codex F,50,0.164420954037171,0.0315632129076101,0.0124122707197387,5,Alive
all,F no distance,50,0.164420954037171,0.0491974888711501,0.0206375532852921,5,Alive
all,F+,50,0.164420954037171,0.0317773195733779,0.0125413622825845,5,Alive
all,F guarded,50,0.164420954037171,0.0381896227441886,0.0124206330542189,5,Alive
all,New C,50,0.164420954037171,0.0445147198872766,0.0151530553067892,5,Alive
all,New C with dCor,50,0.164420954037171,0.0353730261172534,0.0137961659010792,5,Alive
odd,Codex F,50,0.164420954037171,0.0316450794241609,0.0122056708904348,5,Alive
odd,F no distance,50,0.164420954037171,0.0491913133489059,0.0203262105839135,5,Alive
odd,F+,50,0.164420954037171,0.0318696940943482,0.0123088189030769,5,Alive
odd,F guarded,50,0.164420954037171,0.0381809254384808,0.0122767540354902,5,Alive
odd,New C,50,0.164420954037171,0.0448025707754026,0.0150600400154744,5,Alive
odd,New C with dCor,50,0.164420954037171,0.0355394388523842,0.0135861293643189,5,Alive
even,Codex F,50,0.164420954037171,0.0313942046604175,0.0125881705159525,5,Alive
even,F no distance,50,0.164420954037171,0.0491811652676979,0.0209961913133603,5,Alive
even,F+,50,0.164420954037171,0.0316637849974122,0.0127608125810451,5,Alive
even,F guarded,50,0.164420954037171,0.0380491171177183,0.0126130245973982,5,Alive
even,New C,50,0.164420954037171,0.0442925015239519,0.0152511711192786,5,Alive
even,New C with dCor,50,0.164420954037171,0.0351158476312613,0.014046942685951,5,Alive
all,Codex F,75,0.212721321815864,0.0284401144663178,0.0110118049231293,5,Alive
all,F no distance,75,0.212721321815864,0.0479667263437784,0.0204312266596731,5,Alive
all,F+,75,0.212721321815864,0.0286986106962947,0.0111590647889519,5,Alive
all,F guarded,75,0.212721321815864,0.0341123280826277,0.0108214273180347,5,Alive
all,New C,75,0.212721321815864,0.0396845116067094,0.0133602502403881,5,Alive
all,New C with dCor,75,0.212721321815864,0.0320243058993581,0.0126508563495562,5,Alive
odd,Codex F,75,0.212721321815864,0.0287041992078403,0.0108791905283,5,Alive
odd,F no distance,75,0.212721321815864,0.0479765660112732,0.020148830682451,5,Alive
odd,F+,75,0.212721321815864,0.0289133754857055,0.0110296400404614,5,Alive
odd,F guarded,75,0.212721321815864,0.0340303070228001,0.0106265285925186,5,Alive
odd,New C,75,0.212721321815864,0.0397505757324939,0.0132071708922391,5,Alive
odd,New C with dCor,75,0.212721321815864,0.0322752062580613,0.0124373992273424,5,Alive
even,Codex F,75,0.212721321815864,0.0283129410362873,0.0111732426191944,5,Alive
even,F no distance,75,0.212721321815864,0.048077875857151,0.0207922170405199,5,Alive
even,F+,75,0.212721321815864,0.0285479325102076,0.0113128080374335,5,Alive
even,F guarded,75,0.212721321815864,0.0339096309759044,0.0110853734373852,5,Alive
even,New C,75,0.212721321815864,0.0394894501178907,0.0135538769399543,5,Alive
even,New C with dCor,75,0.212721321815864,0.0318422019943643,0.0129021065007778,5,Alive
all,Codex F,100,0.25127459019198,0.0263118328952052,0.0100675156847441,5,Alive
all,F no distance,100,0.25127459019198,0.0470530035025078,0.0202612468994745,5,Alive
all,F+,100,0.25127459019198,0.0265092440796073,0.010186072591691,5,Alive
all,F guarded,100,0.25127459019198,0.0312035231449221,0.00986899050990111,5,Alive
all,New C,100,0.25127459019198,0.0363626856658217,0.012403511470279,5,Alive
all,New C with dCor,100,0.25127459019198,0.0297607372180572,0.0119636378747537,5,Alive
odd,Codex F,100,0.25127459019198,0.0263746102899507,0.0098295290039699,5,Alive
odd,F no distance,100,0.25127459019198,0.0469973856182402,0.0199642060816616,5,Alive
odd,F+,100,0.25127459019198,0.02653494083583,0.00996400012884078,5,Alive
odd,F guarded,100,0.25127459019198,0.031300812794394,0.00967895547651102,5,Alive
odd,New C,100,0.25127459019198,0.0364994619976643,0.0121848551492171,5,Alive
odd,New C with dCor,100,0.25127459019198,0.029920270071599,0.0117206380974876,5,Alive
even,Codex F,100,0.25127459019198,0.0261045619518086,0.0101988053854351,5,Alive
even,F no distance,100,0.25127459019198,0.0471172538627868,0.0206197863442341,5,Alive
even,F+,100,0.25127459019198,0.0263091781172005,0.0103261591101463,5,Alive
even,F guarded,100,0.25127459019198,0.0310468784587958,0.0101617799128137,5,Alive
even,New C,100,0.25127459019198,0.0361675052607972,0.0126419223904609,5,Alive
even,New C with dCor,100,0.25127459019198,0.0295144194168727,0.0122081549743942,5,Alive
all,Codex F,150,0.310016638206782,0.0233030845143197,0.00881985925343002,5,Alive
all,F no distance,150,0.310016638206782,0.0454577597330239,0.0199678276673527,5,Alive
all,F+,150,0.310016638206782,0.0234723134501915,0.00891427826726907,5,Alive
all,F guarded,150,0.310016638206782,0.0275965390976754,0.00880166780892601,5,Alive
all,New C,150,0.310016638206782,0.0319938540046385,0.0114356852172391,5,Alive
all,New C with dCor,150,0.310016638206782,0.026543015269403,0.011040257946192,5,Alive
odd,Codex F,150,0.310016638206782,0.0234838504463514,0.00865155827261884,5,Alive
odd,F no distance,150,0.310016638206782,0.045464106241812,0.0196938504477293,5,Alive
odd,F+,150,0.310016638206782,0.0236461194597064,0.00876148780772984,5,Alive
odd,F guarded,150,0.310016638206782,0.0276628749972072,0.00858126910505897,5,Alive
odd,New C,150,0.310016638206782,0.032045267732697,0.0112176756274228,5,Alive
odd,New C with dCor,150,0.310016638206782,0.0267232515431879,0.0108118033681084,5,Alive
even,Codex F,150,0.310016638206782,0.0230933798631318,0.00897200296287953,5,Alive
even,F no distance,150,0.310016638206782,0.0455088896854333,0.020298874249582,5,Alive
even,F+,150,0.310016638206782,0.0232608364471792,0.00909440251012829,5,Alive
even,F guarded,150,0.310016638206782,0.0274308867674967,0.00899750018242269,5,Alive
even,New C,150,0.310016638206782,0.0317780312967968,0.0117649770976603,5,Alive
even,New C with dCor,150,0.310016638206782,0.0263219621197309,0.011231696827082,5,Alive
all,Codex F,200,0.353433366065062,0.0214423797394963,0.00800696759958747,5,Alive
all,F no distance,200,0.353433366065062,0.0442968777191088,0.0197413086688353,5,Alive
all,F+,200,0.353433366065062,0.0215981302319185,0.00811413253064103,5,Alive
all,F guarded,200,0.353433366065062,0.025192728122,0.00805519168201373,5,Alive
all,New C,200,0.353433366065062,0.0292583377638748,0.0109115312082537,5,Alive
all,New C with dCor,200,0.353433366065062,0.0243808278436979,0.0104436928636178,5,Alive
odd,Codex F,200,0.353433366065062,0.021549552846189,0.00783516449241963,5,Alive
odd,F no distance,200,0.353433366065062,0.0442020838419746,0.0194626354002488,5,Alive
odd,F+,200,0.353433366065062,0.0217252094338089,0.00796271445335741,5,Alive
odd,F guarded,200,0.353433366065062,0.0253881814736201,0.00791123050085995,5,Alive
odd,New C,200,0.353433366065062,0.0293685284872797,0.0106397767320149,5,Alive
odd,New C with dCor,200,0.353433366065062,0.0245631134250749,0.0102626270471554,5,Alive
even,Codex F,200,0.353433366065062,0.0212700178584162,0.00814051817578081,5,Alive
even,F no distance,200,0.353433366065062,0.0443006562459025,0.0200444484457074,5,Alive
even,F+,200,0.353433366065062,0.0214230956443729,0.00826752093749763,5,Alive
even,F guarded,200,0.353433366065062,0.0249103735533958,0.00820646730185603,5,Alive
even,New C,200,0.353433366065062,0.028995775902007,0.0111259731870778,5,Alive
even,New C with dCor,200,0.353433366065062,0.024251075992869,0.0106616593346333,5,Alive
all,Codex F,300,0.414758560482122,0.0189760860417454,0.0068259753471377,5,Alive
all,F no distance,300,0.414758560482122,0.042366123184294,0.0193476937682428,5,Alive
all,F+,300,0.414758560482122,0.0191270491181706,0.00693545331046053,5,Alive
all,F guarded,300,0.414758560482122,0.0221248155487839,0.0070914555915129,5,Alive
all,New C,300,0.414758560482122,0.0258029179936358,0.0101743086805954,5,Alive
all,New C with dCor,300,0.414758560482122,0.0216654730640204,0.00966847334193416,5,Alive
odd,Codex F,300,0.414758560482122,0.019107675059158,0.00671621935196123,5,Alive
odd,F no distance,300,0.414758560482122,0.0423012196871988,0.0190786710275824,5,Alive
odd,F+,300,0.414758560482122,0.0192362599065657,0.00683658931729072,5,Alive
odd,F guarded,300,0.414758560482122,0.0223515458416696,0.00701830949724389,5,Alive
odd,New C,300,0.414758560482122,0.0259568859462753,0.0100110257105703,5,Alive
odd,New C with dCor,300,0.414758560482122,0.0218138970415883,0.00946813696413197,5,Alive
even,Codex F,300,0.414758560482122,0.0188506964897348,0.00690684606839723,5,Alive
even,F no distance,300,0.414758560482122,0.0425242795180861,0.0196511480088797,5,Alive
even,F+,300,0.414758560482122,0.0189960984702972,0.00702090546732543,5,Alive
even,F guarded,300,0.414758560482122,0.0219096364885847,0.00723094079734752,5,Alive
even,New C,300,0.414758560482122,0.0257525204255563,0.0104762696419692,5,Alive
even,New C with dCor,300,0.414758560482122,0.0216473402737363,0.00987508448641788,5,Alive
all,Codex F,500,0.488869557189743,0.0164646294148105,0.00550788596838203,5,Alive
all,F no distance,500,0.488869557189743,0.0398199484256511,0.0187297105503115,5,Alive
all,F+,500,0.488869557189743,0.0165767996273125,0.00560052461619536,5,Alive
all,F guarded,500,0.488869557189743,0.018928318817216,0.00582537951009147,5,Alive
all,New C,500,0.488869557189743,0.0221629664716037,0.00939229889154846,5,Alive
all,New C with dCor,500,0.488869557189743,0.0189346459446633,0.00878182149498497,5,Alive
odd,Codex F,500,0.488869557189743,0.0164689148804143,0.00538880245675588,5,Alive
odd,F no distance,500,0.488869557189743,0.0397699585507543,0.0184830393500024,5,Alive
odd,F+,500,0.488869557189743,0.0165809311359366,0.00548733236684612,5,Alive
odd,F guarded,500,0.488869557189743,0.0190073721210582,0.00573194674440873,5,Alive
odd,New C,500,0.488869557189743,0.0222487586462194,0.00919444742762184,5,Alive
odd,New C with dCor,500,0.488869557189743,0.0190565298095769,0.00861418196717834,5,Alive
even,Codex F,500,0.488869557189743,0.0164590734303295,0.00564653184274978,5,Alive
even,F no distance,500,0.488869557189743,0.0400157628316752,0.0190560981889049,5,Alive
even,F+,500,0.488869557189743,0.0165658543562022,0.0057252416160172,5,Alive
even,F guarded,500,0.488869557189743,0.018863785616194,0.00594160384814177,5,Alive
even,New C,500,0.488869557189743,0.0220832501466444,0.00953736056969397,5,Alive
even,New C with dCor,500,0.488869557189743,0.0188679435033641,0.00896000785628385,5,Alive
all,Codex F,1000,0.58017729615729,0.013873958504935,0.00402065327825031,5,Alive
all,F no distance,1000,0.58017729615729,0.0364858751162288,0.017852824705564,5,Alive
all,F+,1000,0.58017729615729,0.0139537249700663,0.00409674326674405,5,Alive
all,F guarded,1000,0.58017729615729,0.0157493732279812,0.00439543998967406,5,Alive
all,New C,1000,0.58017729615729,0.0184610531815977,0.00833550077115217,5,Alive
all,New C with dCor,1000,0.58017729615729,0.015986130892077,0.00758386293117314,5,Alive
odd,Codex F,1000,0.58017729615729,0.0138047557649926,0.00390377665395709,5,Alive
odd,F no distance,1000,0.58017729615729,0.0364882519280965,0.0175860097227397,5,Alive
odd,F+,1000,0.58017729615729,0.0138714775290713,0.00397367974913914,5,Alive
odd,F guarded,1000,0.58017729615729,0.0156977215833037,0.00428525827221959,5,Alive
odd,New C,1000,0.58017729615729,0.0184687971543187,0.00817689953884174,5,Alive
odd,New C with dCor,1000,0.58017729615729,0.0159405333966383,0.00743509090006803,5,Alive
even,Codex F,1000,0.58017729615729,0.0139487376732417,0.00412954184674289,5,Alive
even,F no distance,1000,0.58017729615729,0.0364892748162631,0.0181574848267734,5,Alive
even,F+,1000,0.58017729615729,0.0140495996066479,0.0042097698674096,5,Alive
even,F guarded,1000,0.58017729615729,0.0157944269607223,0.00455155839085174,5,Alive
even,New C,1000,0.58017729615729,0.018425368136178,0.00846743902586851,5,Alive
even,New C with dCor,1000,0.58017729615729,0.0160725614031859,0.00777249188834543,5,Alive
all,Codex F,3000,0.702838216795711,0.0110225708068604,0.00242542238850491,5,Alive
all,F no distance,3000,0.702838216795711,0.0308878688878702,0.0159734960074879,5,Alive
all,F+,3000,0.702838216795711,0.0110668842624454,0.00246380901158272,5,Alive
all,F guarded,3000,0.702838216795711,0.0120412629890513,0.00264031218038329,5,Alive
all,New C,3000,0.702838216795711,0.0141654126702983,0.00640731023314953,5,Alive
all,New C with dCor,3000,0.702838216795711,0.0127990100442263,0.00577217864060081,5,Alive
odd,Codex F,3000,0.702838216795711,0.0109030098014523,0.00234700170869136,5,Alive
odd,F no distance,3000,0.702838216795711,0.0308541162738029,0.0157418433641181,5,Alive
odd,F+,3000,0.702838216795711,0.0109477802782715,0.00239150889027272,5,Alive
odd,F guarded,3000,0.702838216795711,0.011891406733357,0.00254722542420035,5,Alive
odd,New C,3000,0.702838216795711,0.0140114318234906,0.00623282796819707,5,Alive
odd,New C with dCor,3000,0.702838216795711,0.0126470297100492,0.00556490037799039,5,Alive
even,Codex F,3000,0.702838216795711,0.0111588069457703,0.00248775318802549,5,Alive
even,F no distance,3000,0.702838216795711,0.0310202349749842,0.0162366007424332,5,Alive
even,F+,3000,0.702838216795711,0.0112006963804704,0.00252096621219947,5,Alive
even,F guarded,3000,0.702838216795711,0.0121856346345391,0.00277161046890562,5,Alive
even,New C,3000,0.702838216795711,0.0143122498453045,0.00661122355115502,5,Alive
even,New C with dCor,3000,0.702838216795711,0.0129661245166485,0.0060101188170288,5,Alive
all,Codex F,10000,0.812142298522553,0.00916529136238599,0.00156728620410419,5,Alive
all,F no distance,10000,0.812142298522553,0.0246184864856265,0.0131531651453634,5,Alive
all,F+,10000,0.812142298522553,0.00919352826978042,0.00159382032566735,5,Alive
all,F guarded,10000,0.812142298522553,0.00959665910522619,0.00163868826612386,5,Alive
all,New C,10000,0.812142298522553,0.0111548806493716,0.00451096831178152,5,Alive
all,New C with dCor,10000,0.812142298522553,0.0105311731821369,0.00411317044642281,5,Alive
odd,Codex F,10000,0.812142298522553,0.00906298355659371,0.0014997498006917,5,Alive
odd,F no distance,10000,0.812142298522553,0.0245752200507793,0.0130285885943566,5,Alive
odd,F+,10000,0.812142298522553,0.00909707721626973,0.00152911027775853,5,Alive
odd,F guarded,10000,0.812142298522553,0.00946771910831261,0.00156280375542186,5,Alive
odd,New C,10000,0.812142298522553,0.0109821378378104,0.00433835535953869,5,Alive
odd,New C with dCor,10000,0.812142298522553,0.0103934523983141,0.00398224772877107,5,Alive
even,Codex F,10000,0.812142298522553,0.00928097636896883,0.00164367228223973,5,Alive
even,F no distance,10000,0.812142298522553,0.0246868571154177,0.0133113311101162,5,Alive
even,F+,10000,0.812142298522553,0.00930008919661849,0.00166335829318356,5,Alive
even,F guarded,10000,0.812142298522553,0.00974347755132549,0.00173562495002608,5,Alive
even,New C,10000,0.812142298522553,0.0113364134705848,0.0046819355952038,5,Alive
even,New C with dCor,10000,0.812142298522553,0.0106619791419863,0.00424165283290861,5,Alive
all,Codex F,1e+05,0.95172669709556,0.00811844817755241,0.00118882353289451,5,Alive
all,F no distance,1e+05,0.95172669709556,0.0120482166393398,0.00473830347892274,5,Alive
all,F+,1e+05,0.95172669709556,0.00812096703090444,0.00119178150836596,5,Alive
all,F guarded,1e+05,0.95172669709556,0.0081623863211261,0.00119356850624631,5,Alive
all,New C,1e+05,0.95172669709556,0.00928992808316699,0.00290821935515963,5,Alive
all,New C with dCor,1e+05,0.95172669709556,0.00923955069413725,0.0028730295233757,5,Alive
odd,Codex F,1e+05,0.95172669709556,0.00802733317625552,0.00113663431805605,5,Alive
odd,F no distance,1e+05,0.95172669709556,0.0119675233118367,0.00458048990723813,5,Alive
odd,F+,1e+05,0.95172669709556,0.0080321573807952,0.00113885959578464,5,Alive
odd,F guarded,1e+05,0.95172669709556,0.00807184283146294,0.00114086980422321,5,Alive
odd,New C,1e+05,0.95172669709556,0.00919104857766718,0.00283060291884503,5,Alive
odd,New C with dCor,1e+05,0.95172669709556,0.0091406748854923,0.00280011178831755,5,Alive
even,Codex F,1e+05,0.95172669709556,0.00822997531657943,0.00124952201967233,5,Alive
even,F no distance,1e+05,0.95172669709556,0.0121370255402841,0.00492395326401579,5,Alive
even,F+,1e+05,0.95172669709556,0.00823402489734888,0.00125011282868809,5,Alive
even,F guarded,1e+05,0.95172669709556,0.00826834246707687,0.00125545394051697,5,Alive
even,New C,1e+05,0.95172669709556,0.0093956573822531,0.00299182702975807,5,Alive
even,New C with dCor,1e+05,0.95172669709556,0.00934634837540969,0.00296020545284348,5,Alive
all,Codex F,Inf,1,0.00812363456232131,0.00114867150364366,5,Alive
all,F no distance,Inf,1,0.00812363456232131,0.00114867150364366,5,Alive
all,F+,Inf,1,0.00812363456232131,0.00114867150364366,5,Alive
all,F guarded,Inf,1,0.00812363456232131,0.00114867150364366,5,Alive
all,New C,Inf,1,0.00930718552397383,0.00261372784235143,5,Alive
all,New C with dCor,Inf,1,0.00930718552397383,0.00261372784235143,5,Alive
odd,Codex F,Inf,1,0.00802185492916266,0.00111548657995422,5,Alive
odd,F no distance,Inf,1,0.00802185492916266,0.00111548657995422,5,Alive
odd,F+,Inf,1,0.00802185492916266,0.00111548657995422,5,Alive
odd,F guarded,Inf,1,0.00802185492916266,0.00111548657995422,5,Alive
odd,New C,Inf,1,0.00919959997562586,0.00254964153702355,5,Alive
odd,New C with dCor,Inf,1,0.00919959997562586,0.00254964153702355,5,Alive
even,Codex F,Inf,1,0.00824291524872044,0.00118387346996584,5,Alive
even,F no distance,Inf,1,0.00824291524872044,0.00118387346996584,5,Alive
even,F+,Inf,1,0.00824291524872044,0.00118387346996584,5,Alive
even,F guarded,Inf,1,0.00824291524872044,0.00118387346996584,5,Alive
even,New C,Inf,1,0.0094255047075737,0.00268810548316343,5,Alive
even,New C with dCor,Inf,1,0.0094255047075737,0.00268810548316343,5,Alive
all,Codex F,0,0,0.0544553534814732,0.0283891322271179,6,Alive
all,F no distance,0,0,0.0544553534814732,0.0283891322271179,6,Alive
all,F+,0,0,0.0547691519189901,0.0286087467272469,6,Alive
all,F guarded,0,0,0.10063618570034,0.0397625821275441,6,Alive
all,New C,0,0,0.114284108360391,0.0413720631260903,6,Alive
all,New C with dCor,0,0,0.05933131423386,0.0295149714339225,6,Alive
odd,Codex F,0,0,0.0543973773198599,0.0276380353250302,6,Alive
odd,F no distance,0,0,0.0543973773198599,0.0276380353250302,6,Alive
odd,F+,0,0,0.0548076367033973,0.0278257191802785,6,Alive
odd,F guarded,0,0,0.10153208698827,0.03890599852186,6,Alive
odd,New C,0,0,0.115442243001066,0.0405389633936405,6,Alive
odd,New C with dCor,0,0,0.0595703235992486,0.0287329210955167,6,Alive
even,Codex F,0,0,0.0543854859727414,0.0292426314765941,6,Alive
even,F no distance,0,0,0.0543854859727414,0.0292426314765941,6,Alive
even,F+,0,0,0.0548365503145667,0.0295084499991561,6,Alive
even,F guarded,0,0,0.0997650998286269,0.0407283574087453,6,Alive
even,New C,0,0,0.113031501783886,0.0423248828957499,6,Alive
even,New C with dCor,0,0,0.0591800522479729,0.0303847021939827,6,Alive
all,Codex F,3,0.0127721010556141,0.0517515025608112,0.0274417191265138,6,Alive
all,F no distance,3,0.0127721010556141,0.0542285547300575,0.0283344012212952,6,Alive
all,F+,3,0.0127721010556141,0.0521508559759452,0.0276889333304311,6,Alive
all,F guarded,3,0.0127721010556141,0.0870422894466318,0.0371842396789204,6,Alive
all,New C,3,0.0127721010556141,0.103342919560434,0.0398850108327694,6,Alive
all,New C with dCor,3,0.0127721010556141,0.056507869994067,0.0287027550101488,6,Alive
odd,Codex F,3,0.0127721010556141,0.0518212639811101,0.0267171585033327,6,Alive
odd,F no distance,3,0.0127721010556141,0.0542136330421978,0.0276081242748351,6,Alive
odd,F+,3,0.0127721010556141,0.052159873113289,0.026928464740097,6,Alive
odd,F guarded,3,0.0127721010556141,0.088023064732646,0.0363991059654574,6,Alive
odd,New C,3,0.0127721010556141,0.104700854974864,0.0390601378285124,6,Alive
odd,New C with dCor,3,0.0127721010556141,0.0566556114761593,0.0279333522381505,6,Alive
even,Codex F,3,0.0127721010556141,0.0516874759687159,0.0282812412312931,6,Alive
even,F no distance,3,0.0127721010556141,0.0541768447478291,0.0292118767532865,6,Alive
even,F+,3,0.0127721010556141,0.0521346693024326,0.0285140416177531,6,Alive
even,F guarded,3,0.0127721010556141,0.0857496965161882,0.0380565830815816,6,Alive
even,New C,3,0.0127721010556141,0.101996610675714,0.0407793943792739,6,Alive
even,New C with dCor,3,0.0127721010556141,0.0565774386428202,0.0296051194622233,6,Alive
all,Codex F,5,0.0237713551275196,0.0488155801359149,0.0261313115429691,6,Alive
all,F no distance,5,0.0237713551275196,0.0540174912863382,0.028292060206142,6,Alive
all,F+,5,0.0237713551275196,0.0491658203451809,0.0263412101013901,6,Alive
all,F guarded,5,0.0237713551275196,0.0782838591370476,0.0350721154947017,6,Alive
all,New C,5,0.0237713551275196,0.0913287833061866,0.0376924779895181,6,Alive
all,New C with dCor,5,0.0237713551275196,0.0533673870244323,0.0274624999398193,6,Alive
odd,Codex F,5,0.0237713551275196,0.0490492871741226,0.0255037779919889,6,Alive
odd,F no distance,5,0.0237713551275196,0.0540039694277155,0.0275417332421281,6,Alive
odd,F+,5,0.0237713551275196,0.0492489589752702,0.0256902213319197,6,Alive
odd,F guarded,5,0.0237713551275196,0.0797493554247704,0.0343768351202518,6,Alive
odd,New C,5,0.0237713551275196,0.0928060093596709,0.0370542887987546,6,Alive
odd,New C with dCor,5,0.0237713551275196,0.0535636051571625,0.0267850355024706,6,Alive
even,Codex F,5,0.0237713551275196,0.0486692333969751,0.0268570194263817,6,Alive
even,F no distance,5,0.0237713551275196,0.0540141253045028,0.0291730552121907,6,Alive
even,F+,5,0.0237713551275196,0.0489695428627294,0.0270217589240205,6,Alive
even,F guarded,5,0.0237713551275196,0.0769051423957675,0.0357787092897689,6,Alive
even,New C,5,0.0237713551275196,0.0898266311185228,0.0384189180370465,6,Alive
even,New C with dCor,5,0.0237713551275196,0.0531891912703434,0.0283011696541513,6,Alive
all,Codex F,10,0.04732037755993,0.0446104190820343,0.0239585244153483,6,Alive
all,F no distance,10,0.04732037755993,0.0535621111978856,0.028187808620577,6,Alive
all,F+,10,0.04732037755993,0.0448817359435843,0.0241470959421693,6,Alive
all,F guarded,10,0.04732037755993,0.0638467692540856,0.0305056069180417,6,Alive
all,New C,10,0.04732037755993,0.0755581250115963,0.0339580384203472,6,Alive
all,New C with dCor,10,0.04732037755993,0.0489501155245132,0.0254168428612943,6,Alive
odd,Codex F,10,0.04732037755993,0.0447074210907425,0.0234746639258821,6,Alive
odd,F no distance,10,0.04732037755993,0.0535859443162546,0.0274441261599245,6,Alive
odd,F+,10,0.04732037755993,0.0449939011120699,0.0236782234519282,6,Alive
odd,F guarded,10,0.04732037755993,0.0645900874168486,0.0299303615414777,6,Alive
odd,New C,10,0.04732037755993,0.0764972616655664,0.0333550098664715,6,Alive
odd,New C with dCor,10,0.04732037755993,0.0492058830599702,0.0249113963134139,6,Alive
even,Codex F,10,0.04732037755993,0.0444081340318593,0.0245422848085508,6,Alive
even,F no distance,10,0.04732037755993,0.0535255956179193,0.0290548051838954,6,Alive
even,F+,10,0.04732037755993,0.0446112453459084,0.0247313274425805,6,Alive
even,F guarded,10,0.04732037755993,0.0639973935936514,0.0313209808936456,6,Alive
even,New C,10,0.04732037755993,0.0749568585991144,0.0347641430892348,6,Alive
even,New C with dCor,10,0.04732037755993,0.0485929983483814,0.0259746304568829,6,Alive
all,Codex F,20,0.0845340102772149,0.0400386544760261,0.0209386537660116,6,Alive
all,F no distance,20,0.0845340102772149,0.0527697095809287,0.0279954528596041,6,Alive
all,F+,20,0.0845340102772149,0.040271309379753,0.0211327255483109,6,Alive
all,F guarded,20,0.0845340102772149,0.0516814841810041,0.0246292550430285,6,Alive
all,New C,20,0.0845340102772149,0.0610597839318269,0.0290377900017844,6,Alive
all,New C with dCor,20,0.0845340102772149,0.0437574614805025,0.0224601223359707,6,Alive
odd,Codex F,20,0.0845340102772149,0.040145129274361,0.0204526816884504,6,Alive
odd,F no distance,20,0.0845340102772149,0.0528697072198243,0.0272321471272391,6,Alive
odd,F+,20,0.0845340102772149,0.0403761100675363,0.0206579291645755,6,Alive
odd,F guarded,20,0.0845340102772149,0.0525533023297615,0.0243871024765929,6,Alive
odd,New C,20,0.0845340102772149,0.0614549425927993,0.0285036196256965,6,Alive
odd,New C with dCor,20,0.0845340102772149,0.0440451373147815,0.0220134954176691,6,Alive
even,Codex F,20,0.0845340102772149,0.0398940776214849,0.0215299470529988,6,Alive
even,F no distance,20,0.0845340102772149,0.0526445573270458,0.0288468785642058,6,Alive
even,F+,20,0.0845340102772149,0.040108473441831,0.0217079774809389,6,Alive
even,F guarded,20,0.0845340102772149,0.0516352218977517,0.0251530096411908,6,Alive
even,New C,20,0.0845340102772149,0.0599924070136296,0.0294029321820607,6,Alive
even,New C with dCor,20,0.0845340102772149,0.0434297216757721,0.0229936570134522,6,Alive
all,Codex F,30,0.114965864675073,0.0372994402799202,0.0190001770420794,6,Alive
all,F no distance,30,0.114965864675073,0.0521055486953238,0.0278260020934517,6,Alive
all,F+,30,0.114965864675073,0.0375356487368535,0.0191780346363653,6,Alive
all,F guarded,30,0.114965864675073,0.0460009538277331,0.0210459224348272,6,Alive
all,New C,30,0.114965864675073,0.0534038652316486,0.0254155695344717,6,Alive
all,New C with dCor,30,0.114965864675073,0.0408659419820937,0.0206128482334832,6,Alive
odd,Codex F,30,0.114965864675073,0.0373495525008883,0.018566964639638,6,Alive
odd,F no distance,30,0.114965864675073,0.0521802761102931,0.0270404573986269,6,Alive
odd,F+,30,0.114965864675073,0.0375323891281162,0.0186940519875211,6,Alive
odd,F guarded,30,0.114965864675073,0.046107165332859,0.0207670182942986,6,Alive
odd,New C,30,0.114965864675073,0.0541289130005583,0.0251005684906503,6,Alive
odd,New C with dCor,30,0.114965864675073,0.0409952866104702,0.0200894610176033,6,Alive
even,Codex F,30,0.114965864675073,0.0371193914946229,0.0194181199432085,6,Alive
even,F no distance,30,0.114965864675073,0.0520308767289665,0.0286890664333182,6,Alive
even,F+,30,0.114965864675073,0.0373735324365977,0.0196164161397893,6,Alive
even,F guarded,30,0.114965864675073,0.045577118444994,0.0214368998942513,6,Alive
even,New C,30,0.114965864675073,0.0531177551774112,0.025829656759579,6,Alive
even,New C with dCor,30,0.114965864675073,0.0407872123227327,0.021085000459797,6,Alive
all,Codex F,50,0.164420954037171,0.0335320812626073,0.0164732430606258,6,Alive
all,F no distance,50,0.164420954037171,0.0508934374586052,0.0275570073190432,6,Alive
all,F+,50,0.164420954037171,0.0337596394714418,0.0166280947945525,6,Alive
all,F guarded,50,0.164420954037171,0.0402473446761232,0.0172499922759421,6,Alive
all,New C,50,0.164420954037171,0.0460793314713338,0.0211841510063424,6,Alive
all,New C with dCor,50,0.164420954037171,0.0370590755730543,0.0184387732131922,6,Alive
odd,Codex F,50,0.164420954037171,0.033568054180673,0.0160534921631963,6,Alive
odd,F no distance,50,0.164420954037171,0.0509865935682731,0.0267632244399747,6,Alive
odd,F+,50,0.164420954037171,0.0338286688153147,0.0162392157151768,6,Alive
odd,F guarded,50,0.164420954037171,0.0401989746986235,0.0168537249069293,6,Alive
odd,New C,50,0.164420954037171,0.0463068056923775,0.020813170708167,6,Alive
odd,New C with dCor,50,0.164420954037171,0.0371773881226829,0.0179314620956355,6,Alive
even,Codex F,50,0.164420954037171,0.0334816193145091,0.0169644343815776,6,Alive
even,F no distance,50,0.164420954037171,0.0509662451526828,0.0284163823146665,6,Alive
even,F+,50,0.164420954037171,0.0337399174018056,0.0171524516386942,6,Alive
even,F guarded,50,0.164420954037171,0.0401274763379148,0.0176201451155264,6,Alive
even,New C,50,0.164420954037171,0.0460159457519122,0.0215440137081024,6,Alive
even,New C with dCor,50,0.164420954037171,0.0370469612456149,0.0189583781750892,6,Alive
all,Codex F,75,0.212721321815864,0.030492920843536,0.0145368469857805,6,Alive
all,F no distance,75,0.212721321815864,0.0498820592778167,0.0272613103427195,6,Alive
all,F+,75,0.212721321815864,0.0306835414627044,0.0147091329631317,6,Alive
all,F guarded,75,0.212721321815864,0.036348959457958,0.0150109361219128,6,Alive
all,New C,75,0.212721321815864,0.0414745804363303,0.0186498405407958,6,Alive
all,New C with dCor,75,0.212721321815864,0.0339235759872716,0.0168906846867668,6,Alive
odd,Codex F,75,0.212721321815864,0.0305750854618389,0.0142618013751233,6,Alive
odd,F no distance,75,0.212721321815864,0.0498653325283095,0.0265244404040899,6,Alive
odd,F+,75,0.212721321815864,0.0307724062326711,0.0144098708174693,6,Alive
odd,F guarded,75,0.212721321815864,0.0363554990057378,0.0146281292705232,6,Alive
odd,New C,75,0.212721321815864,0.0416420184410699,0.0182283828127405,6,Alive
odd,New C with dCor,75,0.212721321815864,0.0340506030863755,0.0164388810292384,6,Alive
even,Codex F,75,0.212721321815864,0.0304847166933119,0.0149939397431276,6,Alive
even,F no distance,75,0.212721321815864,0.0498865137190179,0.028106816029713,6,Alive
even,F+,75,0.212721321815864,0.0306555951337052,0.0151724791041775,6,Alive
even,F guarded,75,0.212721321815864,0.0361763047351774,0.0154561758809902,6,Alive
even,New C,75,0.212721321815864,0.0412551911139227,0.0189767530100619,6,Alive
even,New C with dCor,75,0.212721321815864,0.033900090650411,0.0173581412543106,6,Alive
all,Codex F,100,0.25127459019198,0.0283499421940563,0.0132248105457828,6,Alive
all,F no distance,100,0.25127459019198,0.0488492364931772,0.026986009581338,6,Alive
all,F+,100,0.25127459019198,0.028527648600399,0.0134212753830648,6,Alive
all,F guarded,100,0.25127459019198,0.0335032403538106,0.0136930502973502,6,Alive
all,New C,100,0.25127459019198,0.0383509735046652,0.0172521168715192,6,Alive
all,New C with dCor,100,0.25127459019198,0.0316661408100965,0.0158928215496669,6,Alive
odd,Codex F,100,0.25127459019198,0.0283538308261816,0.0128242412497859,6,Alive
odd,F no distance,100,0.25127459019198,0.0488417046503833,0.0262137389558771,6,Alive
odd,F+,100,0.25127459019198,0.0285220555639057,0.0130438058273316,6,Alive
odd,F guarded,100,0.25127459019198,0.0335332494713855,0.0132335938787359,6,Alive
odd,New C,100,0.25127459019198,0.0384035461839229,0.0167871605748857,6,Alive
odd,New C with dCor,100,0.25127459019198,0.0316703320784031,0.0154227912136226,6,Alive
even,Codex F,100,0.25127459019198,0.0283062209419749,0.0137099285998322,6,Alive
even,F no distance,100,0.25127459019198,0.0489629153188798,0.0278239836554312,6,Alive
even,F+,100,0.25127459019198,0.0284633478129853,0.0138693278155463,6,Alive
even,F guarded,100,0.25127459019198,0.033302081161654,0.0140291977570321,6,Alive
even,New C,100,0.25127459019198,0.0382485844706424,0.0176901734670344,6,Alive
even,New C with dCor,100,0.25127459019198,0.0314911439013169,0.0163151171800681,6,Alive
all,Codex F,150,0.310016638206782,0.0253875283129279,0.0115216755145571,6,Alive
all,F no distance,150,0.310016638206782,0.0473045502723694,0.0265186195310829,6,Alive
all,F+,150,0.310016638206782,0.0255638737392803,0.0117002501769911,6,Alive
all,F guarded,150,0.310016638206782,0.0298930554020818,0.0120305609705567,6,Alive
all,New C,150,0.310016638206782,0.0340458199697967,0.0157714353788749,6,Alive
all,New C with dCor,150,0.310016638206782,0.0284017857688364,0.0146401815609709,6,Alive
odd,Codex F,150,0.310016638206782,0.0255097556746051,0.0111873113817179,6,Alive
odd,F no distance,150,0.310016638206782,0.0471723871152186,0.0257733539857533,6,Alive
odd,F+,150,0.310016638206782,0.0256434217833747,0.0113499251141611,6,Alive
odd,F guarded,150,0.310016638206782,0.0299665432001217,0.0116386941071687,6,Alive
odd,New C,150,0.310016638206782,0.0340778661270499,0.0153400357234742,6,Alive
odd,New C with dCor,150,0.310016638206782,0.0285047779281976,0.0141770895670614,6,Alive
even,Codex F,150,0.310016638206782,0.025310319040773,0.0119023838480014,6,Alive
even,F no distance,150,0.310016638206782,0.0474398027132094,0.0273198682614194,6,Alive
even,F+,150,0.310016638206782,0.0254131302754616,0.0120609157140838,6,Alive
even,F guarded,150,0.310016638206782,0.0297041261337628,0.0124454719198051,6,Alive
even,New C,150,0.310016638206782,0.0338987547783082,0.01626002391952,6,Alive
even,New C with dCor,150,0.310016638206782,0.0282512024613262,0.0150913121616781,6,Alive
all,Codex F,200,0.353433366065062,0.0234975419664526,0.0103322652992031,6,Alive
all,F no distance,200,0.353433366065062,0.0460252482358017,0.0261303112141448,6,Alive
all,F+,200,0.353433366065062,0.0236366807254192,0.0104905628242104,6,Alive
all,F guarded,200,0.353433366065062,0.0274337319098213,0.0109568686543164,6,Alive
all,New C,200,0.353433366065062,0.0312599685302842,0.0149250730722224,6,Alive
all,New C with dCor,200,0.353433366065062,0.0262569254835228,0.0137660497952687,6,Alive
odd,Codex F,200,0.353433366065062,0.0235341844513278,0.00997574789294631,6,Alive
odd,F no distance,200,0.353433366065062,0.0459486922845681,0.0254146810709743,6,Alive
odd,F+,200,0.353433366065062,0.0236346941430965,0.0100765293306127,6,Alive
odd,F guarded,200,0.353433366065062,0.0276163401320265,0.0106212452847649,6,Alive
odd,New C,200,0.353433366065062,0.0314915429259125,0.0145339152558403,6,Alive
odd,New C with dCor,200,0.353433366065062,0.0263482623277306,0.0133322109943195,6,Alive
even,Codex F,200,0.353433366065062,0.0234776146471908,0.0106606143110462,6,Alive
even,F no distance,200,0.353433366065062,0.0461361416286157,0.0269382661878331,6,Alive
even,F+,200,0.353433366065062,0.0235637709552016,0.0108349738786563,6,Alive
even,F guarded,200,0.353433366065062,0.0272104778595665,0.0113614238393456,6,Alive
even,New C,200,0.353433366065062,0.0310411532382541,0.0153611247444762,6,Alive
even,New C with dCor,200,0.353433366065062,0.0261868551348555,0.0141860188687082,6,Alive
all,Codex F,300,0.414758560482122,0.0210105825564963,0.00867189137483381,6,Alive
all,F no distance,300,0.414758560482122,0.0441440764726822,0.0255378490769159,6,Alive
all,F+,300,0.414758560482122,0.0211471688209912,0.00882477517961938,6,Alive
all,F guarded,300,0.414758560482122,0.0243349692006902,0.00948306526455459,6,Alive
all,New C,300,0.414758560482122,0.02776580604606,0.0137911089125008,6,Alive
all,New C with dCor,300,0.414758560482122,0.0234622529734102,0.0125396502612579,6,Alive
odd,Codex F,300,0.414758560482122,0.0209876210338698,0.00835673123143505,6,Alive
odd,F no distance,300,0.414758560482122,0.0440131137470166,0.0248310544015732,6,Alive
odd,F+,300,0.414758560482122,0.0211043305367389,0.00851723961455862,6,Alive
odd,F guarded,300,0.414758560482122,0.0245027990433149,0.00917704036670502,6,Alive
odd,New C,300,0.414758560482122,0.0279353109531305,0.0134101894167847,6,Alive
odd,New C with dCor,300,0.414758560482122,0.0234745557365561,0.0121590489059627,6,Alive
even,Codex F,300,0.414758560482122,0.0210427151624591,0.00903040947201387,6,Alive
even,F no distance,300,0.414758560482122,0.0443522744056586,0.0263452391229589,6,Alive
even,F+,300,0.414758560482122,0.0211521690022428,0.00916770340940721,6,Alive
even,F guarded,300,0.414758560482122,0.024175232709184,0.00990167369680649,6,Alive
even,New C,300,0.414758560482122,0.027590566172868,0.0141826812320037,6,Alive
even,New C with dCor,300,0.414758560482122,0.0234415049353039,0.0129796108517576,6,Alive
all,Codex F,500,0.488869557189743,0.0183544586888517,0.00675806072839469,6,Alive
all,F no distance,500,0.488869557189743,0.0417133284909122,0.0246634317036538,6,Alive
all,F+,500,0.488869557189743,0.0184747066911169,0.00691657177703973,6,Alive
all,F guarded,500,0.488869557189743,0.0210615840121891,0.00768735773100966,6,Alive
all,New C,500,0.488869557189743,0.02400065571652,0.0125375519551718,6,Alive
all,New C with dCor,500,0.488869557189743,0.0205857867822662,0.0111367240940276,6,Alive
odd,Codex F,500,0.488869557189743,0.0182990329081399,0.00647590796245048,6,Alive
odd,F no distance,500,0.488869557189743,0.0415395745503477,0.0239503501275956,6,Alive
odd,F+,500,0.488869557189743,0.0184096357974914,0.00662352770023609,6,Alive
odd,F guarded,500,0.488869557189743,0.0210724344944905,0.00731275851668158,6,Alive
odd,New C,500,0.488869557189743,0.024110913807952,0.0121737479227307,6,Alive
odd,New C with dCor,500,0.488869557189743,0.0205525045579647,0.0108444715335112,6,Alive
even,Codex F,500,0.488869557189743,0.0184240584910001,0.0070901482560727,6,Alive
even,F no distance,500,0.488869557189743,0.0419648981678072,0.025453570639535,6,Alive
even,F+,500,0.488869557189743,0.0185412335971017,0.0072310415889968,6,Alive
even,F guarded,500,0.488869557189743,0.0210278383690839,0.00807855515350085,6,Alive
even,New C,500,0.488869557189743,0.0239197689562367,0.0129223764669159,6,Alive
even,New C with dCor,500,0.488869557189743,0.0206989665834724,0.0115975267201944,6,Alive
all,Codex F,1000,0.58017729615729,0.0155805559980583,0.0046627479530333,6,Alive
all,F no distance,1000,0.58017729615729,0.0383641314686373,0.0232759444768083,6,Alive
all,F+,1000,0.58017729615729,0.0156536203592039,0.00476012231499229,6,Alive
all,F guarded,1000,0.58017729615729,0.0176586091262607,0.00552107668802852,6,Alive
all,New C,1000,0.58017729615729,0.0200972927344802,0.010817782823469,6,Alive
all,New C with dCor,1000,0.58017729615729,0.0175351577897631,0.00937822768027313,6,Alive
odd,Codex F,1000,0.58017729615729,0.0154788879358148,0.00439609033875082,6,Alive
odd,F no distance,1000,0.58017729615729,0.0381716072726348,0.022592988543003,6,Alive
odd,F+,1000,0.58017729615729,0.0155427409333266,0.00448061099798525,6,Alive
odd,F guarded,1000,0.58017729615729,0.0176008995043924,0.0052561671008367,6,Alive
odd,New C,1000,0.58017729615729,0.020092107972376,0.0104650273951637,6,Alive
odd,New C with dCor,1000,0.58017729615729,0.0173869684954044,0.00897889029199927,6,Alive
even,Codex F,1000,0.58017729615729,0.0156987738903904,0.00493763227837713,6,Alive
even,F no distance,1000,0.58017729615729,0.0385772698775088,0.0240628569657073,6,Alive
even,F+,1000,0.58017729615729,0.0157768480924722,0.00502560850958393,6,Alive
even,F guarded,1000,0.58017729615729,0.0177205121168555,0.00583664771111861,6,Alive
even,New C,1000,0.58017729615729,0.0200241143205475,0.011159759740723,6,Alive
even,New C with dCor,1000,0.58017729615729,0.017696428581287,0.00979639724973412,6,Alive
all,Codex F,3000,0.702838216795711,0.0124822938110134,0.00249721653756543,6,Alive
all,F no distance,3000,0.702838216795711,0.0328310485691173,0.0204992082283848,6,Alive
all,F+,3000,0.702838216795711,0.0125180446378296,0.00255019612174873,6,Alive
all,F guarded,3000,0.702838216795711,0.0135686341184402,0.00297716393099189,6,Alive
all,New C,3000,0.702838216795711,0.0155470719648346,0.00789160391268559,6,Alive
all,New C with dCor,3000,0.702838216795711,0.0141428858459629,0.00679156827886179,6,Alive
odd,Codex F,3000,0.702838216795711,0.0123354959406896,0.00226714309322605,6,Alive
odd,F no distance,3000,0.702838216795711,0.032624380877469,0.019824855972236,6,Alive
odd,F+,3000,0.702838216795711,0.0123726736749099,0.0023311450411188,6,Alive
odd,F guarded,3000,0.702838216795711,0.0134107601594476,0.00278900556417349,6,Alive
odd,New C,3000,0.702838216795711,0.0154084991133905,0.00748780608505846,6,Alive
odd,New C with dCor,3000,0.702838216795711,0.0139490887696136,0.00638200716417239,6,Alive
even,Codex F,3000,0.702838216795711,0.0126364044959457,0.00274745740629535,6,Alive
even,F no distance,3000,0.702838216795711,0.0330198929691184,0.0212284787741155,6,Alive
even,F+,3000,0.702838216795711,0.0126755851952383,0.00279593702308167,6,Alive
even,F guarded,3000,0.702838216795711,0.0137395305319454,0.00318116508470902,6,Alive
even,New C,3000,0.702838216795711,0.0157051414031859,0.00827444942931633,6,Alive
even,New C with dCor,3000,0.702838216795711,0.0143543593973201,0.00726857605515513,6,Alive
all,Codex F,10000,0.812142298522553,0.0103505623499271,0.00138241878225001,6,Alive
all,F no distance,10000,0.812142298522553,0.0265133204055877,0.016364248113038,6,Alive
all,F+,10000,0.812142298522553,0.0103700089914244,0.00139979887263808,6,Alive
all,F guarded,10000,0.812142298522553,0.0108303464354673,0.00157029345891358,6,Alive
all,New C,10000,0.812142298522553,0.0123277872827786,0.00520467475816373,6,Alive
all,New C with dCor,10000,0.812142298522553,0.0116943726222965,0.00458778475206148,6,Alive
odd,Codex F,10000,0.812142298522553,0.0102428713563196,0.00119721771912896,6,Alive
odd,F no distance,10000,0.812142298522553,0.0263654924389375,0.0157442533152457,6,Alive
odd,F+,10000,0.812142298522553,0.0102605614634642,0.001211733902833,6,Alive
odd,F guarded,10000,0.812142298522553,0.0106771831452801,0.00135553871422113,6,Alive
odd,New C,10000,0.812142298522553,0.012155459868989,0.0048237917648535,6,Alive
odd,New C with dCor,10000,0.812142298522553,0.0115575018331387,0.00431446101473597,6,Alive
even,Codex F,10000,0.812142298522553,0.0104682999516936,0.00158969414698158,6,Alive
even,F no distance,10000,0.812142298522553,0.0266445460118465,0.0170475285726124,6,Alive
even,F+,10000,0.812142298522553,0.0104860141043188,0.00161167337310581,6,Alive
even,F guarded,10000,0.812142298522553,0.010997336950946,0.00181545435490135,6,Alive
even,New C,10000,0.812142298522553,0.0125217757030306,0.00559700036638633,6,Alive
even,New C with dCor,10000,0.812142298522553,0.0118548423716142,0.00490800309997893,6,Alive
all,Codex F,1e+05,0.95172669709556,0.00921244012728542,0.000845743544286471,6,Alive
all,F no distance,1e+05,0.95172669709556,0.0135653607286553,0.00484417849463157,6,Alive
all,F+,1e+05,0.95172669709556,0.00921605848929394,0.00084936939715732,6,Alive
all,F guarded,1e+05,0.95172669709556,0.00925107450946544,0.000879801751128648,6,Alive
all,New C,1e+05,0.95172669709556,0.010425494397821,0.00302380574825464,6,Alive
all,New C with dCor,1e+05,0.95172669709556,0.010388598417561,0.00291173366473485,6,Alive
odd,Codex F,1e+05,0.95172669709556,0.00912350476108266,0.000739159088588662,6,Alive
odd,F no distance,1e+05,0.95172669709556,0.0133990006124003,0.00448463043335352,6,Alive
odd,F+,1e+05,0.95172669709556,0.0091255503458082,0.000743843368297363,6,Alive
odd,F guarded,1e+05,0.95172669709556,0.00916502204844366,0.000775837502813405,6,Alive
odd,New C,1e+05,0.95172669709556,0.0103124185162241,0.00275761380794324,6,Alive
odd,New C with dCor,1e+05,0.95172669709556,0.0102697702909664,0.00265904486009491,6,Alive
even,Codex F,1e+05,0.95172669709556,0.00931716419690606,0.000956935756970753,6,Alive
even,F no distance,1e+05,0.95172669709556,0.013752840807407,0.00525122933499699,6,Alive
even,F+,1e+05,0.95172669709556,0.00932016957041805,0.000966692403869762,6,Alive
even,F guarded,1e+05,0.95172669709556,0.0093487054574731,0.000998339182333933,6,Alive
even,New C,1e+05,0.95172669709556,0.0105558454850768,0.00332917790334777,6,Alive
even,New C with dCor,1e+05,0.95172669709556,0.0105215997481166,0.00320314664972522,6,Alive
all,Codex F,Inf,1,0.00916232299174797,0.000783456522343346,6,Alive
all,F no distance,Inf,1,0.00916232299174797,0.000783456522343346,6,Alive
all,F+,Inf,1,0.00916232299174797,0.000783456522343346,6,Alive
all,F guarded,Inf,1,0.00916232299174797,0.000783456522343346,6,Alive
all,New C,Inf,1,0.0102887713154629,0.00254582893227476,6,Alive
all,New C with dCor,Inf,1,0.0102887713154629,0.00254582893227476,6,Alive
odd,Codex F,Inf,1,0.00906077939572442,0.000688214229917324,6,Alive
odd,F no distance,Inf,1,0.00906077939572442,0.000688214229917324,6,Alive
odd,F+,Inf,1,0.00906077939572442,0.000688214229917324,6,Alive
odd,F guarded,Inf,1,0.00906077939572442,0.000688214229917324,6,Alive
odd,New C,Inf,1,0.0101855127009598,0.00234264429030144,6,Alive
odd,New C with dCor,Inf,1,0.0101855127009598,0.00234264429030144,6,Alive
even,Codex F,Inf,1,0.00926491212490655,0.00089245524748199,6,Alive
even,F no distance,Inf,1,0.00926491212490655,0.00089245524748199,6,Alive
even,F+,Inf,1,0.00926491212490655,0.00089245524748199,6,Alive
even,F guarded,Inf,1,0.00926491212490655,0.00089245524748199,6,Alive
even,New C,Inf,1,0.0104058731140376,0.0027747669514484,6,Alive
even,New C with dCor,Inf,1,0.0104058731140376,0.0027747669514484,6,Alive
all,Codex F,0,0,0.0533072374111426,0.028065304856798,7,Alive
all,F no distance,0,0,0.0533072374111426,0.028065304856798,7,Alive
all,F+,0,0,0.053596553062402,0.0281987659113614,7,Alive
all,F guarded,0,0,0.100842660321989,0.0380355030879601,7,Alive
all,New C,0,0,0.115907612616904,0.0390907872066618,7,Alive
all,New C with dCor,0,0,0.0585948087136611,0.0293196151089464,7,Alive
odd,Codex F,0,0,0.0535485591895598,0.02733305241069,7,Alive
odd,F no distance,0,0,0.0535485591895598,0.02733305241069,7,Alive
odd,F+,0,0,0.053793401768141,0.0274476216994859,7,Alive
odd,F guarded,0,0,0.101962947696135,0.0370719953432328,7,Alive
odd,New C,0,0,0.11726669768344,0.0380779830336146,7,Alive
odd,New C with dCor,0,0,0.0590837004336567,0.0285324252557185,7,Alive
even,Codex F,0,0,0.0529174898499051,0.0288671764269015,7,Alive
even,F no distance,0,0,0.0529174898499051,0.0288671764269015,7,Alive
even,F+,0,0,0.0532644803691989,0.0290162854003859,7,Alive
even,F guarded,0,0,0.099501784194606,0.0390856175575163,7,Alive
even,New C,0,0,0.114475397863017,0.0402618994955106,7,Alive
even,New C with dCor,0,0,0.0580750668445568,0.0301890331028909,7,Alive
all,Codex F,3,0.0127721010556141,0.0506634240413134,0.0271389609997917,7,Alive
all,F no distance,3,0.0127721010556141,0.0530398578911598,0.028012725379716,7,Alive
all,F+,3,0.0127721010556141,0.0510310187719106,0.0272828295020984,7,Alive
all,F guarded,3,0.0127721010556141,0.0870619111337029,0.0357472860442022,7,Alive
all,New C,3,0.0127721010556141,0.104921151455692,0.0378393391296891,7,Alive
all,New C with dCor,3,0.0127721010556141,0.0557467950633726,0.028470731522051,7,Alive
odd,Codex F,3,0.0127721010556141,0.0511307983344338,0.0264640659788817,7,Alive
odd,F no distance,3,0.0127721010556141,0.0532976012897985,0.0272797260158618,7,Alive
odd,F+,3,0.0127721010556141,0.0514002435230795,0.0265956270415468,7,Alive
odd,F guarded,3,0.0127721010556141,0.0883720838308026,0.0349176895224602,7,Alive
odd,New C,3,0.0127721010556141,0.106080964219773,0.0368496842103299,7,Alive
odd,New C with dCor,3,0.0127721010556141,0.0559604105925965,0.0276855016329388,7,Alive
even,Codex F,3,0.0127721010556141,0.0502399337420208,0.0279265301971144,7,Alive
even,F no distance,3,0.0127721010556141,0.0526915638794641,0.0288293146033034,7,Alive
even,F+,3,0.0127721010556141,0.0504890879176491,0.0280473724721406,7,Alive
even,F guarded,3,0.0127721010556141,0.0858725350520443,0.0366968290452675,7,Alive
even,New C,3,0.0127721010556141,0.103699588874576,0.0389187421413607,7,Alive
even,New C with dCor,3,0.0127721010556141,0.0555938490355972,0.0293478647705159,7,Alive
all,Codex F,5,0.0237713551275196,0.047734466132355,0.0258361636230358,7,Alive
all,F no distance,5,0.0237713551275196,0.0528365169634861,0.0279779999368626,7,Alive
all,F+,5,0.0237713551275196,0.0479721251885009,0.0259536243928424,7,Alive
all,F guarded,5,0.0237713551275196,0.0783593308424564,0.0338416674429221,7,Alive
all,New C,5,0.0237713551275196,0.0928888456140439,0.0361234585498482,7,Alive
all,New C with dCor,5,0.0237713551275196,0.0524347517151176,0.0271734772153762,7,Alive
odd,Codex F,5,0.0237713551275196,0.0481721951800133,0.0252283054308293,7,Alive
odd,F no distance,5,0.0237713551275196,0.0530976694663079,0.0272487923620757,7,Alive
odd,F+,5,0.0237713551275196,0.0483673670715484,0.0253369049445803,7,Alive
odd,F guarded,5,0.0237713551275196,0.0798957411303508,0.0331647861681255,7,Alive
odd,New C,5,0.0237713551275196,0.0944110751617326,0.0353082561087816,7,Alive
odd,New C with dCor,5,0.0237713551275196,0.0527221930909462,0.0264867289394384,7,Alive
even,Codex F,5,0.0237713551275196,0.0472796877554777,0.0264699952113411,7,Alive
even,F no distance,5,0.0237713551275196,0.0524018091103572,0.0287584894120843,7,Alive
even,F+,5,0.0237713551275196,0.0475202497348899,0.0266104282546,7,Alive
even,F guarded,5,0.0237713551275196,0.0766893916130887,0.0346044062926918,7,Alive
even,New C,5,0.0237713551275196,0.0917508039358211,0.0370875356411887,7,Alive
even,New C with dCor,5,0.0237713551275196,0.0521364729794699,0.0279023628601105,7,Alive
all,Codex F,10,0.04732037755993,0.0435329143848765,0.0235350903995392,7,Alive
all,F no distance,10,0.04732037755993,0.0523399277687285,0.0278577298562911,7,Alive
all,F+,10,0.04732037755993,0.043744491971846,0.0236683383818557,7,Alive
all,F guarded,10,0.04732037755993,0.0641898733509512,0.0297814015266337,7,Alive
all,New C,10,0.04732037755993,0.0771055827884139,0.0328964715572339,7,Alive
all,New C with dCor,10,0.04732037755993,0.048031620453589,0.0250209489609824,7,Alive
odd,Codex F,10,0.04732037755993,0.0439726454252781,0.0230029820316322,7,Alive
odd,F no distance,10,0.04732037755993,0.0526720713735847,0.0271401271767409,7,Alive
odd,F+,10,0.04732037755993,0.0442074140760677,0.0231356190543849,7,Alive
odd,F guarded,10,0.04732037755993,0.0648070725963544,0.0291020283882326,7,Alive
odd,New C,10,0.04732037755993,0.0779113090417915,0.0321362103620871,7,Alive
odd,New C with dCor,10,0.04732037755993,0.0485510057045653,0.0244827404878225,7,Alive
even,Codex F,10,0.04732037755993,0.0429401768002762,0.0240800370817117,7,Alive
even,F no distance,10,0.04732037755993,0.0519377758893554,0.0286300151610552,7,Alive
even,F+,10,0.04732037755993,0.0431796776099835,0.0242264002019515,7,Alive
even,F guarded,10,0.04732037755993,0.0633873578204608,0.0303900184745852,7,Alive
even,New C,10,0.04732037755993,0.0761496825613894,0.0337449380126596,7,Alive
even,New C with dCor,10,0.04732037755993,0.0473748256058429,0.0255592037304674,7,Alive
all,Codex F,20,0.0845340102772149,0.0389357108969311,0.0204170645274863,7,Alive
all,F no distance,20,0.0845340102772149,0.0514873686543333,0.0276671101394663,7,Alive
all,F+,20,0.0845340102772149,0.0391086792783561,0.0205345117816662,7,Alive
all,F guarded,20,0.0845340102772149,0.0510208491429802,0.0239424424311581,7,Alive
all,New C,20,0.0845340102772149,0.0614639888770827,0.028165324118104,7,Alive
all,New C with dCor,20,0.0845340102772149,0.0428194386155007,0.0219367646520195,7,Alive
odd,Codex F,20,0.0845340102772149,0.039171038143503,0.0199667485598302,7,Alive
odd,F no distance,20,0.0845340102772149,0.0518726044828113,0.026975008638476,7,Alive
odd,F+,20,0.0845340102772149,0.0394031186289547,0.0201352289024028,7,Alive
odd,F guarded,20,0.0845340102772149,0.051990543917128,0.0236367781738184,7,Alive
odd,New C,20,0.0845340102772149,0.0621326031554362,0.0276502990802125,7,Alive
odd,New C with dCor,20,0.0845340102772149,0.0432648423013255,0.0214616432677986,7,Alive
even,Codex F,20,0.0845340102772149,0.0385843180286389,0.020920467234825,7,Alive
even,F no distance,20,0.0845340102772149,0.0511212681982863,0.0284571442294927,7,Alive
even,F+,20,0.0845340102772149,0.0387774059750417,0.0210617820902623,7,Alive
even,F guarded,20,0.0845340102772149,0.0505836787221807,0.0244289558058095,7,Alive
even,New C,20,0.0845340102772149,0.0601186073805278,0.0285442861186559,7,Alive
even,New C with dCor,20,0.0845340102772149,0.042484396716315,0.0224950293625669,7,Alive
all,Codex F,30,0.114965864675073,0.0360873100258887,0.0182980149629741,7,Alive
all,F no distance,30,0.114965864675073,0.0508309229496788,0.0274951901889128,7,Alive
all,F+,30,0.114965864675073,0.0362954619276199,0.018463713566678,7,Alive
all,F guarded,30,0.114965864675073,0.0450415533833124,0.0201950885706817,7,Alive
all,New C,30,0.114965864675073,0.0533940693457741,0.0246044976177692,7,Alive
all,New C with dCor,30,0.114965864675073,0.0398217160568469,0.0199732652306718,7,Alive
odd,Codex F,30,0.114965864675073,0.0363935787792619,0.0179229816904895,7,Alive
odd,F no distance,30,0.114965864675073,0.0511029267567158,0.0267861557576197,7,Alive
odd,F+,30,0.114965864675073,0.0366190039770479,0.0180663947055209,7,Alive
odd,F guarded,30,0.114965864675073,0.0454912195460316,0.0199323309796798,7,Alive
odd,New C,30,0.114965864675073,0.0540657676189512,0.0242253989913698,7,Alive
odd,New C with dCor,30,0.114965864675073,0.0401686406926321,0.0195269691098727,7,Alive
even,Codex F,30,0.114965864675073,0.0356630426476509,0.0186745375185977,7,Alive
even,F no distance,30,0.114965864675073,0.0504549373109437,0.0282704246048311,7,Alive
even,F+,30,0.114965864675073,0.0358610835574215,0.0188348792181911,7,Alive
even,F guarded,30,0.114965864675073,0.0446653878394389,0.0206293254369324,7,Alive
even,New C,30,0.114965864675073,0.0528500504548854,0.025054907812053,7,Alive
even,New C with dCor,30,0.114965864675073,0.0395864966415551,0.0205089174240448,7,Alive
all,Codex F,50,0.164420954037171,0.032154891196268,0.0155633039593991,7,Alive
all,F no distance,50,0.164420954037171,0.0497077087557301,0.0272188098766001,7,Alive
all,F+,50,0.164420954037171,0.032376468648401,0.0157165326753444,7,Alive
all,F guarded,50,0.164420954037171,0.0391661547694297,0.0161052103193782,7,Alive
all,New C,50,0.164420954037171,0.0455430801272852,0.0202234653267631,7,Alive
all,New C with dCor,50,0.164420954037171,0.0359680916439243,0.0175418980663306,7,Alive
odd,Codex F,50,0.164420954037171,0.0324089528004878,0.0151684890453615,7,Alive
odd,F no distance,50,0.164420954037171,0.049983142665922,0.0264954406350573,7,Alive
odd,F+,50,0.164420954037171,0.0326131562047431,0.0153214097023362,7,Alive
odd,F guarded,50,0.164420954037171,0.0393340696227086,0.0157393782887482,7,Alive
odd,New C,50,0.164420954037171,0.0461205660650993,0.0199067258419113,7,Alive
odd,New C with dCor,50,0.164420954037171,0.0363131848524858,0.0170761329936525,7,Alive
even,Codex F,50,0.164420954037171,0.0317950712381391,0.0158756522027273,7,Alive
even,F no distance,50,0.164420954037171,0.0493904206486859,0.0280230282989201,7,Alive
even,F+,50,0.164420954037171,0.0319768612755191,0.0160380487804612,7,Alive
even,F guarded,50,0.164420954037171,0.038855723833458,0.0165025461113368,7,Alive
even,New C,50,0.164420954037171,0.0450932949266779,0.0205291279241536,7,Alive
even,New C with dCor,50,0.164420954037171,0.0356862797665191,0.0180669554222792,7,Alive
all,Codex F,75,0.212721321815864,0.0290871781689232,0.0135176368560327,7,Alive
all,F no distance,75,0.212721321815864,0.0486202415409088,0.026938464398892,7,Alive
all,F+,75,0.212721321815864,0.0292729533736047,0.0136819996339734,7,Alive
all,F guarded,75,0.212721321815864,0.0350360044706327,0.0136783895054786,7,Alive
all,New C,75,0.212721321815864,0.0406289319912624,0.0174291082680204,7,Alive
all,New C with dCor,75,0.212721321815864,0.0326959047041692,0.0158421360395133,7,Alive
odd,Codex F,75,0.212721321815864,0.0293885783984157,0.0132047072903278,7,Alive
odd,F no distance,75,0.212721321815864,0.0487694366211346,0.0262023881968219,7,Alive
odd,F+,75,0.212721321815864,0.0296065865942214,0.0133462793116031,7,Alive
odd,F guarded,75,0.212721321815864,0.0351507912994466,0.0133282728909636,7,Alive
odd,New C,75,0.212721321815864,0.0408278246321029,0.0170507882333201,7,Alive
odd,New C with dCor,75,0.212721321815864,0.0329650758096788,0.015428225428455,7,Alive
even,Codex F,75,0.212721321815864,0.0288227970222554,0.0139046226625732,7,Alive
even,F no distance,75,0.212721321815864,0.0483688322157686,0.0277344272263526,7,Alive
even,F+,75,0.212721321815864,0.028984476732417,0.0140256479586317,7,Alive
even,F guarded,75,0.212721321815864,0.0346994866823854,0.0141514333927061,7,Alive
even,New C,75,0.212721321815864,0.0403476578273623,0.0178112974702208,7,Alive
even,New C with dCor,75,0.212721321815864,0.0324144454931278,0.016246125858702,7,Alive
all,Codex F,100,0.25127459019198,0.0269137451119143,0.0121587394729972,7,Alive
all,F no distance,100,0.25127459019198,0.0475218282519816,0.026663352385364,7,Alive
all,F+,100,0.25127459019198,0.0270859359133813,0.0122994927099489,7,Alive
all,F guarded,100,0.25127459019198,0.0320990775583842,0.012311249369064,7,Alive
all,New C,100,0.25127459019198,0.0373507640364596,0.0159595830941412,7,Alive
all,New C with dCor,100,0.25127459019198,0.0303608106202473,0.0147689856468949,7,Alive
odd,Codex F,100,0.25127459019198,0.0271079942974662,0.0117722876682413,7,Alive
odd,F no distance,100,0.25127459019198,0.0477871577443763,0.0259719528739819,7,Alive
odd,F+,100,0.25127459019198,0.0272598680312802,0.0119476898665565,7,Alive
odd,F guarded,100,0.25127459019198,0.0323443065647694,0.011910192712776,7,Alive
odd,New C,100,0.25127459019198,0.0375356444929671,0.0154719675388258,7,Alive
odd,New C with dCor,100,0.25127459019198,0.0306249910384402,0.0143740254319208,7,Alive
even,Codex F,100,0.25127459019198,0.0266292577618034,0.0125868120070516,7,Alive
even,F no distance,100,0.25127459019198,0.0473527717706596,0.0274420209479416,7,Alive
even,F+,100,0.25127459019198,0.0267917265098625,0.0126960410352718,7,Alive
even,F guarded,100,0.25127459019198,0.0317081510299616,0.0127468854743689,7,Alive
even,New C,100,0.25127459019198,0.0370202194582784,0.0164473621828986,7,Alive
even,New C with dCor,100,0.25127459019198,0.0300259232054747,0.0152454272671379,7,Alive
all,Codex F,150,0.310016638206782,0.0238290923709618,0.0104347076980896,7,Alive
all,F no distance,150,0.310016638206782,0.0460164012324034,0.0262061193606008,7,Alive
all,F+,150,0.310016638206782,0.0239704464505692,0.0105557693943135,7,Alive
all,F guarded,150,0.310016638206782,0.0284153390712476,0.0107415199339909,7,Alive
all,New C,150,0.310016638206782,0.032875964922604,0.0144577871041637,7,Alive
all,New C with dCor,150,0.310016638206782,0.0271089933239848,0.0134853674325367,7,Alive
odd,Codex F,150,0.310016638206782,0.0241541544965217,0.0101130145084542,7,Alive
odd,F no distance,150,0.310016638206782,0.0462303801574165,0.0255416128143109,7,Alive
odd,F+,150,0.310016638206782,0.024255109775047,0.0102160386781891,7,Alive
odd,F guarded,150,0.310016638206782,0.0287456321515259,0.0103537358357988,7,Alive
odd,New C,150,0.310016638206782,0.0330675963205202,0.013943882964619,7,Alive
odd,New C with dCor,150,0.310016638206782,0.0274117641689941,0.0130578378554796,7,Alive
even,Codex F,150,0.310016638206782,0.0234968351601587,0.0107768968393748,7,Alive
even,F no distance,150,0.310016638206782,0.0456282008695153,0.0269058560368545,7,Alive
even,F+,150,0.310016638206782,0.0236109882293404,0.0109177123545494,7,Alive
even,F guarded,150,0.310016638206782,0.0280730409074703,0.0111890565385102,7,Alive
even,New C,150,0.310016638206782,0.0324994735971017,0.0149962834975533,7,Alive
even,New C with dCor,150,0.310016638206782,0.0267530976824429,0.0138819509728483,7,Alive
all,Codex F,200,0.353433366065062,0.02182840123564,0.00927549974418254,7,Alive
all,F no distance,200,0.353433366065062,0.0447342075756427,0.0258252512274178,7,Alive
all,F+,200,0.353433366065062,0.0219554403446417,0.009391028483302,7,Alive
all,F guarded,200,0.353433366065062,0.0259341785049352,0.00970374440571686,7,Alive
all,New C,200,0.353433366065062,0.0300029447483955,0.0135912209763828,7,Alive
all,New C with dCor,200,0.353433366065062,0.0249116011196809,0.0126070228161867,7,Alive
odd,Codex F,200,0.353433366065062,0.0220619503742448,0.00897432212762524,7,Alive
odd,F no distance,200,0.353433366065062,0.0448287631330931,0.0251213791041402,7,Alive
odd,F+,200,0.353433366065062,0.0221727296338802,0.00908154382461549,7,Alive
odd,F guarded,200,0.353433366065062,0.026228350412837,0.00931345231619584,7,Alive
odd,New C,200,0.353433366065062,0.0303823258355762,0.013170533563231,7,Alive
odd,New C with dCor,200,0.353433366065062,0.0252004286132129,0.0121781304744152,7,Alive
even,Codex F,200,0.353433366065062,0.0216499566105008,0.00960699593447477,7,Alive
even,F no distance,200,0.353433366065062,0.0445100583759849,0.0265516367710188,7,Alive
even,F+,200,0.353433366065062,0.021722683599977,0.00969781175098557,7,Alive
even,F guarded,200,0.353433366065062,0.0255103524250963,0.0101079282316013,7,Alive
even,New C,200,0.353433366065062,0.0295768985968141,0.0140032635288389,7,Alive
even,New C with dCor,200,0.353433366065062,0.0246339097406406,0.0130606564191133,7,Alive
all,Codex F,300,0.414758560482122,0.0193230270686588,0.00771356878692372,7,Alive
all,F no distance,300,0.414758560482122,0.0428445075319559,0.0251839405454698,7,Alive
all,F+,300,0.414758560482122,0.0194520956793054,0.00783744831967266,7,Alive
all,F guarded,300,0.414758560482122,0.0227270425834638,0.00833619436519265,7,Alive
all,New C,300,0.414758560482122,0.0264658705603798,0.0124884057595973,7,Alive
all,New C with dCor,300,0.414758560482122,0.0221252037204035,0.0114864635708905,7,Alive
odd,Codex F,300,0.414758560482122,0.019473953766313,0.0075177650818589,7,Alive
odd,F no distance,300,0.414758560482122,0.0430241123536284,0.0245470366477836,7,Alive
odd,F+,300,0.414758560482122,0.0195843424709288,0.00762771932827106,7,Alive
odd,F guarded,300,0.414758560482122,0.0230854086843041,0.00807950347715355,7,Alive
odd,New C,300,0.414758560482122,0.026823730912507,0.0120939278150825,7,Alive
odd,New C with dCor,300,0.414758560482122,0.022313018207485,0.0110952406602526,7,Alive
even,Codex F,300,0.414758560482122,0.0191985993904191,0.00797116348907879,7,Alive
even,F no distance,300,0.414758560482122,0.042548695260222,0.0258426187263656,7,Alive
even,F+,300,0.414758560482122,0.0192939465869227,0.00807634631438258,7,Alive
even,F guarded,300,0.414758560482122,0.0224349336120536,0.00867351023539788,7,Alive
even,New C,300,0.414758560482122,0.0261826348139629,0.012921018788439,7,Alive
even,New C with dCor,300,0.414758560482122,0.0219154443464259,0.0119139039307146,7,Alive
all,Codex F,500,0.488869557189743,0.0166778376489943,0.00596308495155148,7,Alive
all,F no distance,500,0.488869557189743,0.0403492995733776,0.0243281548617055,7,Alive
all,F+,500,0.488869557189743,0.0167660414740306,0.00605171774994833,7,Alive
all,F guarded,500,0.488869557189743,0.019424900915269,0.00660590139609018,7,Alive
all,New C,500,0.488869557189743,0.02266967522248,0.0113005984378489,7,Alive
all,New C with dCor,500,0.488869557189743,0.0192261684903728,0.0102245505997721,7,Alive
odd,Codex F,500,0.488869557189743,0.0167191470045194,0.00575868606478861,7,Alive
odd,F no distance,500,0.488869557189743,0.0405360756949172,0.0237207488289401,7,Alive
odd,F+,500,0.488869557189743,0.0168086651256792,0.00585641375658009,7,Alive
odd,F guarded,500,0.488869557189743,0.0195167232062154,0.00634417186516897,7,Alive
odd,New C,500,0.488869557189743,0.0229295298227797,0.0109615204854416,7,Alive
odd,New C with dCor,500,0.488869557189743,0.0193808522307419,0.00995436969326959,7,Alive
even,Codex F,500,0.488869557189743,0.016604595268273,0.00616761595475338,7,Alive
even,F no distance,500,0.488869557189743,0.040089593004773,0.024950342114529,7,Alive
even,F+,500,0.488869557189743,0.0166955708574386,0.00626110226826608,7,Alive
even,F guarded,500,0.488869557189743,0.0192909121582609,0.00687117947176221,7,Alive
even,New C,500,0.488869557189743,0.0224155340928173,0.0116285563382907,7,Alive
even,New C with dCor,500,0.488869557189743,0.0190569840899418,0.0105357630811707,7,Alive
all,Codex F,1000,0.58017729615729,0.0139814643411898,0.00405229990481671,7,Alive
all,F no distance,1000,0.58017729615729,0.0368339103219889,0.0228668866045067,7,Alive
all,F+,1000,0.58017729615729,0.0140528463502508,0.00413266337077346,7,Alive
all,F guarded,1000,0.58017729615729,0.016001431641767,0.00471607360917128,7,Alive
all,New C,1000,0.58017729615729,0.0187627941831618,0.00971666815401443,7,Alive
all,New C with dCor,1000,0.58017729615729,0.0161572539107925,0.00848546814768189,7,Alive
odd,Codex F,1000,0.58017729615729,0.0139289673711471,0.00390469334845658,7,Alive
odd,F no distance,1000,0.58017729615729,0.0370246100848019,0.022290972035558,7,Alive
odd,F+,1000,0.58017729615729,0.0139877999502361,0.00400180795517797,7,Alive
odd,F guarded,1000,0.58017729615729,0.0160159009434824,0.00452572644931986,7,Alive
odd,New C,1000,0.58017729615729,0.0189153422210938,0.00942813746502994,7,Alive
odd,New C with dCor,1000,0.58017729615729,0.0161145335540547,0.00817549397250032,7,Alive
even,Codex F,1000,0.58017729615729,0.0140385801035137,0.00418427060550332,7,Alive
even,F no distance,1000,0.58017729615729,0.0367088549266777,0.0235954801501813,7,Alive
even,F+,1000,0.58017729615729,0.0141068324918051,0.00427948125684243,7,Alive
even,F guarded,1000,0.58017729615729,0.0159553597642187,0.00488820868724778,7,Alive
even,New C,1000,0.58017729615729,0.0185734486364942,0.00995678274293941,7,Alive
even,New C with dCor,1000,0.58017729615729,0.0161897917223532,0.0088363180623161,7,Alive
all,Codex F,3000,0.702838216795711,0.0109312966107545,0.00206201937522815,7,Alive
all,F no distance,3000,0.702838216795711,0.0312061715128635,0.0200701332114594,7,Alive
all,F+,3000,0.702838216795711,0.0109686476959171,0.00211263406100725,7,Alive
all,F guarded,3000,0.702838216795711,0.0120107070481635,0.00243578620823263,7,Alive
all,New C,3000,0.702838216795711,0.0141869139965483,0.00705292895122529,7,Alive
all,New C with dCor,3000,0.702838216795711,0.012742779303166,0.00610675748204078,7,Alive
odd,Codex F,3000,0.702838216795711,0.0108848472594323,0.00197981127237783,7,Alive
odd,F no distance,3000,0.702838216795711,0.0312340485502465,0.0194868233352632,7,Alive
odd,F+,3000,0.702838216795711,0.0109186766942568,0.0020063467578762,7,Alive
odd,F guarded,3000,0.702838216795711,0.0119242559315493,0.00232430022614363,7,Alive
odd,New C,3000,0.702838216795711,0.0141555219225106,0.0067708856497431,7,Alive
odd,New C with dCor,3000,0.702838216795711,0.0126855731904738,0.00582329804685206,7,Alive
even,Codex F,3000,0.702838216795711,0.0109983180205878,0.00216777117119258,7,Alive
even,F no distance,3000,0.702838216795711,0.0312009681384783,0.0207556924103676,7,Alive
even,F+,3000,0.702838216795711,0.0110326627051585,0.00221599801129686,7,Alive
even,F guarded,3000,0.702838216795711,0.0120967126102709,0.00255958164694125,7,Alive
even,New C,3000,0.702838216795711,0.0142133559250101,0.00736361091690339,7,Alive
even,New C with dCor,3000,0.702838216795711,0.0128105391339353,0.00642961690673955,7,Alive
all,Codex F,10000,0.812142298522553,0.00891575982417343,0.00116752528737771,7,Alive
all,F no distance,10000,0.812142298522553,0.0247589725327653,0.0160357111342796,7,Alive
all,F+,10000,0.812142298522553,0.00893742623105548,0.00118239694219324,7,Alive
all,F guarded,10000,0.812142298522553,0.00937092912895741,0.00124498056878001,7,Alive
all,New C,10000,0.812142298522553,0.0109926101008576,0.00460305014362356,7,Alive
all,New C with dCor,10000,0.812142298522553,0.0103469125451701,0.00409502093941437,7,Alive
odd,Codex F,10000,0.812142298522553,0.00885173425481129,0.00108403811043632,7,Alive
odd,F no distance,10000,0.812142298522553,0.0248332011790992,0.0155719555570877,7,Alive
odd,F+,10000,0.812142298522553,0.00887560010155887,0.00109149087277059,7,Alive
odd,F guarded,10000,0.812142298522553,0.00929813166607418,0.00114273484695263,7,Alive
odd,New C,10000,0.812142298522553,0.0109058755425785,0.00438145238671318,7,Alive
odd,New C with dCor,10000,0.812142298522553,0.0103058918427867,0.003942682920776,7,Alive
even,Codex F,10000,0.812142298522553,0.00898716247972859,0.00126222270882143,7,Alive
even,F no distance,10000,0.812142298522553,0.0246902580918971,0.0165283948996419,7,Alive
even,F+,10000,0.812142298522553,0.00900767349703839,0.00127702509364215,7,Alive
even,F guarded,10000,0.812142298522553,0.00945324636494339,0.001358460249263,7,Alive
even,New C,10000,0.812142298522553,0.0110588592731037,0.00483403042540144,7,Alive
even,New C with dCor,10000,0.812142298522553,0.0103963067766979,0.00426933856118953,7,Alive
all,Codex F,1e+05,0.95172669709556,0.0077763238654873,0.000790748478175634,7,Alive
all,F no distance,1e+05,0.95172669709556,0.0119590981522032,0.00470632372287423,7,Alive
all,F+,1e+05,0.95172669709556,0.0077798493096381,0.000792492171887436,7,Alive
all,F guarded,1e+05,0.95172669709556,0.00780198397713177,0.000791048679606789,7,Alive
all,New C,1e+05,0.95172669709556,0.00896083871527964,0.00268792660871601,7,Alive
all,New C with dCor,1e+05,0.95172669709556,0.00891549202362331,0.00261688129103912,7,Alive
odd,Codex F,1e+05,0.95172669709556,0.00772932558472549,0.000741561588201074,7,Alive
odd,F no distance,1e+05,0.95172669709556,0.0118567483562687,0.00448553366973451,7,Alive
odd,F+,1e+05,0.95172669709556,0.00773288618290759,0.000744121399208276,7,Alive
odd,F guarded,1e+05,0.95172669709556,0.00775373781242061,0.000738039791185867,7,Alive
odd,New C,1e+05,0.95172669709556,0.00889600544660537,0.00255743436254985,7,Alive
odd,New C with dCor,1e+05,0.95172669709556,0.00885912149697861,0.00250378673608758,7,Alive
even,Codex F,1e+05,0.95172669709556,0.00783479270688367,0.000849139935676225,7,Alive
even,F no distance,1e+05,0.95172669709556,0.0120657926493761,0.00494671756609663,7,Alive
even,F+,1e+05,0.95172669709556,0.00784173967795734,0.000851869278617526,7,Alive
even,F guarded,1e+05,0.95172669709556,0.00785571131289896,0.000859791890784293,7,Alive
even,New C,1e+05,0.95172669709556,0.00902844947610559,0.0028454813445591,7,Alive
even,New C with dCor,1e+05,0.95172669709556,0.00896956226695037,0.00274721891886395,7,Alive
all,Codex F,Inf,1,0.0076951692535462,0.000722574495328064,7,Alive
all,F no distance,Inf,1,0.0076951692535462,0.000722574495328064,7,Alive
all,F+,Inf,1,0.0076951692535462,0.000722574495328064,7,Alive
all,F guarded,Inf,1,0.0076951692535462,0.000722574495328064,7,Alive
all,New C,Inf,1,0.00877981379699044,0.00219966770076624,7,Alive
all,New C with dCor,Inf,1,0.00877981379699044,0.00219966770076624,7,Alive
odd,Codex F,Inf,1,0.00763678542020005,0.000686081319467811,7,Alive
odd,F no distance,Inf,1,0.00763678542020005,0.000686081319467811,7,Alive
odd,F+,Inf,1,0.00763678542020005,0.000686081319467811,7,Alive
odd,F guarded,Inf,1,0.00763678542020005,0.000686081319467811,7,Alive
odd,New C,Inf,1,0.00873313103742446,0.00209196651024295,7,Alive
odd,New C with dCor,Inf,1,0.00873313103742446,0.00209196651024295,7,Alive
even,Codex F,Inf,1,0.007754779637702,0.000764973034968008,7,Alive
even,F no distance,Inf,1,0.007754779637702,0.000764973034968008,7,Alive
even,F+,Inf,1,0.007754779637702,0.000764973034968008,7,Alive
even,F guarded,Inf,1,0.007754779637702,0.000764973034968008,7,Alive
even,New C,Inf,1,0.00883068271781011,0.00232657403120164,7,Alive
even,New C with dCor,Inf,1,0.00883068271781011,0.00232657403120164,7,Alive
all,Codex F,0,0,0.053654405372418,0.018485658505735,8,Alive
all,F no distance,0,0,0.053654405372418,0.018485658505735,8,Alive
all,F+,0,0,0.054010280655844,0.0185867708225372,8,Alive
all,F guarded,0,0,0.100685643807778,0.0237618179788536,8,Alive
all,New C,0,0,0.11568048529637,0.0239562971427223,8,Alive
all,New C with dCor,0,0,0.059010929416429,0.0191107052515379,8,Alive
odd,Codex F,0,0,0.0538412399177374,0.0181566700499508,8,Alive
odd,F no distance,0,0,0.0538412399177374,0.0181566700499508,8,Alive
odd,F+,0,0,0.0542123293261566,0.0182513761347071,8,Alive
odd,F guarded,0,0,0.101317758037882,0.0232998599299779,8,Alive
odd,New C,0,0,0.116929952490733,0.0234629213541634,8,Alive
odd,New C with dCor,0,0,0.0592543365398875,0.0187174014032436,8,Alive
even,Codex F,0,0,0.0535439481143252,0.0188430083001984,8,Alive
even,F no distance,0,0,0.0535439481143252,0.0188430083001984,8,Alive
even,F+,0,0,0.0539148998113751,0.0189476140247744,8,Alive
even,F guarded,0,0,0.0998915067778474,0.0242501186935615,8,Alive
even,New C,0,0,0.114631519913738,0.0244916287114298,8,Alive
even,New C with dCor,0,0,0.0587627058554259,0.0195086851601388,8,Alive
all,Codex F,3,0.0127721010556141,0.0510209554549377,0.0179241226695593,8,Alive
all,F no distance,3,0.0127721010556141,0.0534152070476243,0.0184553489625636,8,Alive
all,F+,3,0.0127721010556141,0.0513734580060408,0.018024506601984,8,Alive
all,F guarded,3,0.0127721010556141,0.0871121553983068,0.0223128228893579,8,Alive
all,New C,3,0.0127721010556141,0.104658857208888,0.0232296393195765,8,Alive
all,New C with dCor,3,0.0127721010556141,0.0562553301159596,0.0186364162230689,8,Alive
odd,Codex F,3,0.0127721010556141,0.0511700021723455,0.017626201490032,8,Alive
odd,F no distance,3,0.0127721010556141,0.0535716494033413,0.0181236581191661,8,Alive
odd,F+,3,0.0127721010556141,0.0514750923323008,0.0177130294392186,8,Alive
odd,F guarded,3,0.0127721010556141,0.0879141049550603,0.0219585275220793,8,Alive
odd,New C,3,0.0127721010556141,0.105583398734576,0.0227855213698619,8,Alive
odd,New C with dCor,3,0.0127721010556141,0.0564694789894887,0.0183000997365218,8,Alive
even,Codex F,3,0.0127721010556141,0.0508436174593135,0.0182435115559638,8,Alive
even,F no distance,3,0.0127721010556141,0.0532553472149061,0.018792725343861,8,Alive
even,F+,3,0.0127721010556141,0.0512543712714936,0.0183539689139629,8,Alive
even,F guarded,3,0.0127721010556141,0.0859578845039964,0.0227159557834436,8,Alive
even,New C,3,0.0127721010556141,0.103712722866179,0.0237067644859293,8,Alive
even,New C with dCor,3,0.0127721010556141,0.0560160862660302,0.0190052074565286,8,Alive
all,Codex F,5,0.0237713551275196,0.048063119544253,0.0171117914345985,8,Alive
all,F no distance,5,0.0237713551275196,0.0532348449247615,0.0184358602122027,8,Alive
all,F+,5,0.0237713551275196,0.0483743901170377,0.0172087768484172,8,Alive
all,F guarded,5,0.0237713551275196,0.0784828675794191,0.0211390700973203,8,Alive
all,New C,5,0.0237713551275196,0.0933197096985063,0.0221916536009463,8,Alive
all,New C with dCor,5,0.0237713551275196,0.0528981785399925,0.0178447437687682,8,Alive
odd,Codex F,5,0.0237713551275196,0.0483725442177424,0.0168739700940741,8,Alive
odd,F no distance,5,0.0237713551275196,0.0532795974356371,0.0180978107373221,8,Alive
odd,F+,5,0.0237713551275196,0.0486263716995888,0.0169687619721146,8,Alive
odd,F guarded,5,0.0237713551275196,0.0796994177037525,0.0208903922583046,8,Alive
odd,New C,5,0.0237713551275196,0.0940995020220386,0.0217894714701962,8,Alive
odd,New C with dCor,5,0.0237713551275196,0.0531148979322601,0.0175353835058213,8,Alive
even,Codex F,5,0.0237713551275196,0.0477641237414459,0.0173785185205947,8,Alive
even,F no distance,5,0.0237713551275196,0.0529202064903101,0.0187421659467578,8,Alive
even,F+,5,0.0237713551275196,0.048039729606073,0.0174721890641819,8,Alive
even,F guarded,5,0.0237713551275196,0.077052809874058,0.0214168488341674,8,Alive
even,New C,5,0.0237713551275196,0.0929731567956753,0.0226998611728446,8,Alive
even,New C with dCor,5,0.0237713551275196,0.0526161262717811,0.0181871338350376,8,Alive
all,Codex F,10,0.04732037755993,0.0437748350941157,0.0157587708591974,8,Alive
all,F no distance,10,0.04732037755993,0.05268006966237,0.0183647206842624,8,Alive
all,F+,10,0.04732037755993,0.0440275989261636,0.0158432405639117,8,Alive
all,F guarded,10,0.04732037755993,0.0653645225872392,0.0188899337851519,8,Alive
all,New C,10,0.04732037755993,0.0780228216050919,0.0204412058414146,8,Alive
all,New C with dCor,10,0.04732037755993,0.0483974273415672,0.0166002393833616,8,Alive
odd,Codex F,10,0.04732037755993,0.0440692743076222,0.0155234051193065,8,Alive
odd,F no distance,10,0.04732037755993,0.0528052091159295,0.0180476694569478,8,Alive
odd,F+,10,0.04732037755993,0.0443308681785407,0.0156178802758965,8,Alive
odd,F guarded,10,0.04732037755993,0.0651589090895245,0.0185244172816213,8,Alive
odd,New C,10,0.04732037755993,0.0780342509622709,0.0200451605471574,8,Alive
odd,New C with dCor,10,0.04732037755993,0.0489036841689942,0.0163571075829722,8,Alive
even,Codex F,10,0.04732037755993,0.0434471088791767,0.0160503856487404,8,Alive
even,F no distance,10,0.04732037755993,0.0523866874863421,0.0186701791149983,8,Alive
even,F+,10,0.04732037755993,0.0436828047455289,0.0161247687157765,8,Alive
even,F guarded,10,0.04732037755993,0.0640161048904481,0.0189782618657212,8,Alive
even,New C,10,0.04732037755993,0.0766750946839956,0.0206979068744858,8,Alive
even,New C with dCor,10,0.04732037755993,0.0479311176065331,0.0168784344430164,8,Alive
all,Codex F,20,0.0845340102772149,0.0389427029766462,0.0139287338009998,8,Alive
all,F no distance,20,0.0845340102772149,0.0518466567995255,0.0182445534356155,8,Alive
all,F+,20,0.0845340102772149,0.0391789896494255,0.0140274468500865,8,Alive
all,F guarded,20,0.0845340102772149,0.0515329059948222,0.0155471436310792,8,Alive
all,New C,20,0.0845340102772149,0.061666729293997,0.0177301040975653,8,Alive
all,New C with dCor,20,0.0845340102772149,0.043005046674397,0.0148353307519162,8,Alive
odd,Codex F,20,0.0845340102772149,0.0391699795764993,0.0137376041151331,8,Alive
odd,F no distance,20,0.0845340102772149,0.0518905193388514,0.0179477926479667,8,Alive
odd,F+,20,0.0845340102772149,0.0394354664266491,0.0138486282443916,8,Alive
odd,F guarded,20,0.0845340102772149,0.0518657482638502,0.0153847279629006,8,Alive
odd,New C,20,0.0845340102772149,0.0625721519280966,0.0176328687405705,8,Alive
odd,New C with dCor,20,0.0845340102772149,0.043434077843904,0.0146417308136251,8,Alive
even,Codex F,20,0.0845340102772149,0.0385887813652308,0.014111086952829,8,Alive
even,F no distance,20,0.0845340102772149,0.0517668993110589,0.0185805332044628,8,Alive
even,F+,20,0.0845340102772149,0.0388732712093852,0.0142203255342206,8,Alive
even,F guarded,20,0.0845340102772149,0.050864205575939,0.0156750157909026,8,Alive
even,New C,20,0.0845340102772149,0.0607929934740356,0.0178783025507719,8,Alive
even,New C with dCor,20,0.0845340102772149,0.0426140431514177,0.0150177253180414,8,Alive
all,Codex F,30,0.114965864675073,0.0360508697276306,0.0126514334201311,8,Alive
all,F no distance,30,0.114965864675073,0.0511214238131709,0.0181464520076452,8,Alive
all,F+,30,0.114965864675073,0.0362840976522302,0.0127576714668313,8,Alive
all,F guarded,30,0.114965864675073,0.0451783183744133,0.013466371692385,8,Alive
all,New C,30,0.114965864675073,0.0538434996817862,0.0159361444877061,8,Alive
all,New C with dCor,30,0.114965864675073,0.0398241912739333,0.0136543050418666,8,Alive
odd,Codex F,30,0.114965864675073,0.0362381576042249,0.0124519877440333,8,Alive
odd,F no distance,30,0.114965864675073,0.051209858879805,0.0178457870339331,8,Alive
odd,F+,30,0.114965864675073,0.0363118381170974,0.0125304992408522,8,Alive
odd,F guarded,30,0.114965864675073,0.0455638328807192,0.013365586970362,8,Alive
odd,New C,30,0.114965864675073,0.0541468219915707,0.0156928691785863,8,Alive
odd,New C with dCor,30,0.114965864675073,0.0400674062590769,0.013486715468583,8,Alive
even,Codex F,30,0.114965864675073,0.0356904555178561,0.0128487312208295,8,Alive
even,F no distance,30,0.114965864675073,0.0510779339501986,0.0184801645734251,8,Alive
even,F+,30,0.114965864675073,0.0358720967370177,0.0129568796516797,8,Alive
even,F guarded,30,0.114965864675073,0.0451231829581921,0.0136613076938789,8,Alive
even,New C,30,0.114965864675073,0.0532461398044743,0.0160671035018439,8,Alive
even,New C with dCor,30,0.114965864675073,0.0396329143941572,0.0139121155539434,8,Alive
all,Codex F,50,0.164420954037171,0.0320426121212448,0.011032784734867,8,Alive
all,F no distance,50,0.164420954037171,0.0500421368982256,0.0179952010500997,8,Alive
all,F+,50,0.164420954037171,0.0322366778981716,0.0111404478068368,8,Alive
all,F guarded,50,0.164420954037171,0.0391138085103284,0.011158658911468,8,Alive
all,New C,50,0.164420954037171,0.0456501554285096,0.0135416914147604,8,Alive
all,New C with dCor,50,0.164420954037171,0.0359932041545761,0.0122437340715951,8,Alive
odd,Codex F,50,0.164420954037171,0.0320811562372415,0.0108395186270018,8,Alive
odd,F no distance,50,0.164420954037171,0.049937048546184,0.0176774926917847,8,Alive
odd,F+,50,0.164420954037171,0.0323065957172598,0.010956964223344,8,Alive
odd,F guarded,50,0.164420954037171,0.0390919498735592,0.011025693874696,8,Alive
odd,New C,50,0.164420954037171,0.0459747472970092,0.0134420672014961,8,Alive
odd,New C with dCor,50,0.164420954037171,0.0360155641405575,0.0120175634859508,8,Alive
even,Codex F,50,0.164420954037171,0.0319232400483063,0.0112203334844314,8,Alive
even,F no distance,50,0.164420954037171,0.0500915420944277,0.0183753859174657,8,Alive
even,F+,50,0.164420954037171,0.0321572996779573,0.0113232923590047,8,Alive
even,F guarded,50,0.164420954037171,0.0390151193524643,0.0113514029749824,8,Alive
even,New C,50,0.164420954037171,0.0454905211329003,0.0136500429012598,8,Alive
even,New C with dCor,50,0.164420954037171,0.0357393944344125,0.0125092522259002,8,Alive
all,Codex F,75,0.212721321815864,0.0288804403500351,0.00985107569340823,8,Alive
all,F no distance,75,0.212721321815864,0.0489082005695486,0.0178517573495536,8,Alive
all,F+,75,0.212721321815864,0.0290726044253276,0.00996830894151338,8,Alive
all,F guarded,75,0.212721321815864,0.0348856883884363,0.00977859805092003,8,Alive
all,New C,75,0.212721321815864,0.0406750597438108,0.0120018535121631,8,Alive
all,New C with dCor,75,0.212721321815864,0.0326131045272638,0.011242712126959,8,Alive
odd,Codex F,75,0.212721321815864,0.0290226991276088,0.00970285486295565,8,Alive
odd,F no distance,75,0.212721321815864,0.0488770868511655,0.0175397541601988,8,Alive
odd,F+,75,0.212721321815864,0.0292253300086325,0.00979473007071827,8,Alive
odd,F guarded,75,0.212721321815864,0.0348301176793785,0.00962210438904025,8,Alive
odd,New C,75,0.212721321815864,0.0407628648291271,0.0118610789966462,8,Alive
odd,New C with dCor,75,0.212721321815864,0.0327186957903823,0.0110079835900551,8,Alive
even,Codex F,75,0.212721321815864,0.0287398280556673,0.0100016784177472,8,Alive
even,F no distance,75,0.212721321815864,0.0489004355535111,0.0181900540717549,8,Alive
even,F+,75,0.212721321815864,0.0289188075599516,0.0101205560373893,8,Alive
even,F guarded,75,0.212721321815864,0.0346921951049515,0.00997324775080821,8,Alive
even,New C,75,0.212721321815864,0.0405246654758757,0.0121200989793813,8,Alive
even,New C with dCor,75,0.212721321815864,0.0325380520581977,0.0114806048194915,8,Alive
all,Codex F,100,0.25127459019198,0.0266784067574565,0.00899062393941733,8,Alive
all,F no distance,100,0.25127459019198,0.0479511774095249,0.0176930009946539,8,Alive
all,F+,100,0.25127459019198,0.0268333051383421,0.00910415454959718,8,Alive
all,F guarded,100,0.25127459019198,0.031965485135106,0.00894554184965421,8,Alive
all,New C,100,0.25127459019198,0.0373401856836198,0.0111652524177277,8,Alive
all,New C with dCor,100,0.25127459019198,0.030287160850008,0.010629243232809,8,Alive
odd,Codex F,100,0.25127459019198,0.0267120254293405,0.00883520776243256,8,Alive
odd,F no distance,100,0.25127459019198,0.0478576858193268,0.0173863930758313,8,Alive
odd,F+,100,0.25127459019198,0.0269016058426853,0.00896046693410061,8,Alive
odd,F guarded,100,0.25127459019198,0.0321252574234498,0.00877946273575111,8,Alive
odd,New C,100,0.25127459019198,0.0373819959599857,0.0109623627259773,8,Alive
odd,New C with dCor,100,0.25127459019198,0.0303853939541969,0.0103858099844549,8,Alive
even,Codex F,100,0.25127459019198,0.0264296629133359,0.00908429842201845,8,Alive
even,F no distance,100,0.25127459019198,0.0479374994881824,0.0180428139245455,8,Alive
even,F+,100,0.25127459019198,0.0265972491195582,0.00920361735639306,8,Alive
even,F guarded,100,0.25127459019198,0.0317494017022255,0.00916041090045991,8,Alive
even,New C,100,0.25127459019198,0.0371113262878833,0.0113388891449289,8,Alive
even,New C with dCor,100,0.25127459019198,0.0300430258991316,0.0108460822940551,8,Alive
all,Codex F,150,0.310016638206782,0.0236369765751579,0.00788862700414751,8,Alive
all,F no distance,150,0.310016638206782,0.0463066470535569,0.017436703616393,8,Alive
all,F+,150,0.310016638206782,0.0237856256194382,0.00797795434598769,8,Alive
all,F guarded,150,0.310016638206782,0.0282007896726175,0.00798226021866241,8,Alive
all,New C,150,0.310016638206782,0.0328365773307805,0.0102559330889278,8,Alive
all,New C with dCor,150,0.310016638206782,0.0270354385372958,0.0097890034906067,8,Alive
odd,Codex F,150,0.310016638206782,0.0238455926603361,0.00772303479645603,8,Alive
odd,F no distance,150,0.310016638206782,0.0463284673112275,0.0171408656425463,8,Alive
odd,F+,150,0.310016638206782,0.0239968255938658,0.00781860614049212,8,Alive
odd,F guarded,150,0.310016638206782,0.0284390098105926,0.00784736812234646,8,Alive
odd,New C,150,0.310016638206782,0.0328922519585638,0.0100255401832242,8,Alive
odd,New C with dCor,150,0.310016638206782,0.0272061481054182,0.00959389383074918,8,Alive
even,Codex F,150,0.310016638206782,0.0234194300592327,0.00803034907317564,8,Alive
even,F no distance,150,0.310016638206782,0.0463565699085631,0.0177505747376943,8,Alive
even,F+,150,0.310016638206782,0.0235731684800735,0.00812634013341918,8,Alive
even,F guarded,150,0.310016638206782,0.0279258286226924,0.00814923136990916,8,Alive
even,New C,150,0.310016638206782,0.032590321086894,0.0104913301769553,8,Alive
even,New C with dCor,150,0.310016638206782,0.0267808757674391,0.0100075357111308,8,Alive
all,Codex F,200,0.353433366065062,0.0216759461156358,0.00710994113073224,8,Alive
all,F no distance,200,0.353433366065062,0.0450535859015156,0.0172282884435765,8,Alive
all,F+,200,0.353433366065062,0.0218241581349444,0.00720699576681849,8,Alive
all,F guarded,200,0.353433366065062,0.0256966143433473,0.00731049562675369,8,Alive
all,New C,200,0.353433366065062,0.0299590354856805,0.00973473506942699,8,Alive
all,New C with dCor,200,0.353433366065062,0.024811859673157,0.00925628283405304,8,Alive
odd,Codex F,200,0.353433366065062,0.0218261087706291,0.00697365201358636,8,Alive
odd,F no distance,200,0.353433366065062,0.0450175798415682,0.0169433420012117,8,Alive
odd,F+,200,0.353433366065062,0.0219486336749098,0.00705480868228471,8,Alive
odd,F guarded,200,0.353433366065062,0.0259150495241964,0.00719833826633788,8,Alive
odd,New C,200,0.353433366065062,0.0301686800192961,0.00952596023617771,8,Alive
odd,New C with dCor,200,0.353433366065062,0.0250129603595186,0.00905698399236082,8,Alive
even,Codex F,200,0.353433366065062,0.0215291568209786,0.0072233979912141,8,Alive
even,F no distance,200,0.353433366065062,0.0450512360101215,0.0175105969059613,8,Alive
even,F+,200,0.353433366065062,0.0216612997101615,0.00732364894864523,8,Alive
even,F guarded,200,0.353433366065062,0.0253566853942146,0.0074271590921565,8,Alive
even,New C,200,0.353433366065062,0.02969280777388,0.00996158518320369,8,Alive
even,New C with dCor,200,0.353433366065062,0.0246599052481452,0.00945093806963378,8,Alive
all,Codex F,300,0.414758560482122,0.01919410534599,0.00605910584782387,8,Alive
all,F no distance,300,0.414758560482122,0.0430984854236557,0.0168949124940673,8,Alive
all,F+,300,0.414758560482122,0.0193109026670622,0.00614100809793033,8,Alive
all,F guarded,300,0.414758560482122,0.0225274451124537,0.00639067286125023,8,Alive
all,New C,300,0.414758560482122,0.0264470020705463,0.00909491904426966,8,Alive
all,New C with dCor,300,0.414758560482122,0.0220388947883071,0.00850697510633874,8,Alive
odd,Codex F,300,0.414758560482122,0.0192687270989691,0.00596855015080627,8,Alive
odd,F no distance,300,0.414758560482122,0.0429278424922562,0.016604706308276,8,Alive
odd,F+,300,0.414758560482122,0.0193993132209414,0.00606565452797221,8,Alive
odd,F guarded,300,0.414758560482122,0.0228079424120245,0.00633940488829079,8,Alive
odd,New C,300,0.414758560482122,0.0266589869984258,0.00891901625461158,8,Alive
odd,New C with dCor,300,0.414758560482122,0.022153741626974,0.00834258415485299,8,Alive
even,Codex F,300,0.414758560482122,0.0191266629742941,0.006162570513371,8,Alive
even,F no distance,300,0.414758560482122,0.0431925563298638,0.0172054022467838,8,Alive
even,F+,300,0.414758560482122,0.0192378968945885,0.00625181590594108,8,Alive
even,F guarded,300,0.414758560482122,0.0223141665466673,0.00649721054458768,8,Alive
even,New C,300,0.414758560482122,0.0262390726907815,0.00926192176122396,8,Alive
even,New C with dCor,300,0.414758560482122,0.0219083818206911,0.00871636310467596,8,Alive
all,Codex F,500,0.488869557189743,0.0166406269009222,0.0049031987054238,8,Alive
all,F no distance,500,0.488869557189743,0.0405085471819211,0.0163821527112344,8,Alive
all,F+,500,0.488869557189743,0.0167385773857936,0.004986000345892,8,Alive
all,F guarded,500,0.488869557189743,0.0192434080664474,0.00522560684419761,8,Alive
all,New C,500,0.488869557189743,0.0226550360083061,0.00832605978627526,8,Alive
all,New C with dCor,500,0.488869557189743,0.0191852049889435,0.00767224883463886,8,Alive
odd,Codex F,500,0.488869557189743,0.0166626064946936,0.00478389341421548,8,Alive
odd,F no distance,500,0.488869557189743,0.0403768264591479,0.0160877391584348,8,Alive
odd,F+,500,0.488869557189743,0.0167529356908546,0.00486617082563393,8,Alive
odd,F guarded,500,0.488869557189743,0.0193055702351089,0.00513817147337297,8,Alive
odd,New C,500,0.488869557189743,0.022809266461179,0.00819119747189242,8,Alive
odd,New C with dCor,500,0.488869557189743,0.0192614437779921,0.00753360628814204,8,Alive
even,Codex F,500,0.488869557189743,0.0166040653171545,0.00504957801829763,8,Alive
even,F no distance,500,0.488869557189743,0.0406374480763701,0.0166961338433397,8,Alive
even,F+,500,0.488869557189743,0.016716838491,0.00513045125895865,8,Alive
even,F guarded,500,0.488869557189743,0.0191689943124964,0.00536221957229698,8,Alive
even,New C,500,0.488869557189743,0.0225467670400827,0.00845131161813893,8,Alive
even,New C with dCor,500,0.488869557189743,0.0191349699718212,0.00782787046391797,8,Alive
all,Codex F,1000,0.58017729615729,0.0139570221994498,0.00354529576511797,8,Alive
all,F no distance,1000,0.58017729615729,0.0370138478539453,0.0155702481850963,8,Alive
all,F+,1000,0.58017729615729,0.014024587645758,0.00360666177893407,8,Alive
all,F guarded,1000,0.58017729615729,0.0159197565692249,0.00393288469240392,8,Alive
all,New C,1000,0.58017729615729,0.0188048582811068,0.00728137285629503,8,Alive
all,New C with dCor,1000,0.58017729615729,0.0161834266285529,0.00655162081931544,8,Alive
odd,Codex F,1000,0.58017729615729,0.0138842997877419,0.00345503441365713,8,Alive
odd,F no distance,1000,0.58017729615729,0.0370279427928705,0.015308589547393,8,Alive
odd,F+,1000,0.58017729615729,0.013943422893414,0.00350276138570507,8,Alive
odd,F guarded,1000,0.58017729615729,0.0159053943421521,0.00382157685434512,8,Alive
odd,New C,1000,0.58017729615729,0.018885049730361,0.00713927045955207,8,Alive
odd,New C with dCor,1000,0.58017729615729,0.0160991318468491,0.00643237980404363,8,Alive
even,Codex F,1000,0.58017729615729,0.0140126091759158,0.00365249438401494,8,Alive
even,F no distance,1000,0.58017729615729,0.037030616067629,0.0158598288372456,8,Alive
even,F+,1000,0.58017729615729,0.0140881662234746,0.00372868785619994,8,Alive
even,F guarded,1000,0.58017729615729,0.0159142712944965,0.00405575128283529,8,Alive
even,New C,1000,0.58017729615729,0.0187250896658807,0.00742466492590132,8,Alive
even,New C with dCor,1000,0.58017729615729,0.0162866720443958,0.0067153450408602,8,Alive
all,Codex F,3000,0.702838216795711,0.0109785887632814,0.0020945709693694,8,Alive
all,F no distance,3000,0.702838216795711,0.0312370155363787,0.0138871073115053,8,Alive
all,F+,3000,0.702838216795711,0.0110100106892832,0.00212824222369536,8,Alive
all,F guarded,3000,0.702838216795711,0.0119851845574672,0.00231927376890909,8,Alive
all,New C,3000,0.702838216795711,0.0143204788555094,0.0054982487008013,8,Alive
all,New C with dCor,3000,0.702838216795711,0.0128825148287578,0.00494908044884887,8,Alive
odd,Codex F,3000,0.702838216795711,0.0108752851683339,0.0020342080779333,8,Alive
odd,F no distance,3000,0.702838216795711,0.0310614442827399,0.0136439269776202,8,Alive
odd,F+,3000,0.702838216795711,0.0109161397257909,0.00207416995577388,8,Alive
odd,F guarded,3000,0.702838216795711,0.0118797004336566,0.00224898121873449,8,Alive
odd,New C,3000,0.702838216795711,0.0141981150723608,0.00535681435232348,8,Alive
odd,New C with dCor,3000,0.702838216795711,0.0127691777098462,0.00481688337625031,8,Alive
even,Codex F,3000,0.702838216795711,0.0111003307067687,0.00215874818491578,8,Alive
even,F no distance,3000,0.702838216795711,0.031358743328541,0.0141514105896782,8,Alive
even,F+,3000,0.702838216795711,0.0111266514394158,0.00219138810431932,8,Alive
even,F guarded,3000,0.702838216795711,0.0121079940065559,0.00237961828450691,8,Alive
even,New C,3000,0.702838216795711,0.0144253013560296,0.00565009331712076,8,Alive
even,New C with dCor,3000,0.702838216795711,0.0129945601713727,0.00506676775531402,8,Alive
all,Codex F,10000,0.812142298522553,0.00898291486813007,0.00129943499724726,8,Alive
all,F no distance,10000,0.812142298522553,0.0246924501849955,0.0113734414293476,8,Alive
all,F+,10000,0.812142298522553,0.00900680430019953,0.00131321647986595,8,Alive
all,F guarded,10000,0.812142298522553,0.00943370522895201,0.00134641078498199,8,Alive
all,New C,10000,0.812142298522553,0.0111554621034464,0.00385973831324197,8,Alive
all,New C with dCor,10000,0.812142298522553,0.0104905531481582,0.00352386689423177,8,Alive
odd,Codex F,10000,0.812142298522553,0.00886286201289796,0.00124480641288345,8,Alive
odd,F no distance,10000,0.812142298522553,0.0246326983913065,0.0111860427456788,8,Alive
odd,F+,10000,0.812142298522553,0.00888477995531405,0.00126160234936458,8,Alive
odd,F guarded,10000,0.812142298522553,0.00931684990504238,0.00126566091436184,8,Alive
odd,New C,10000,0.812142298522553,0.0110036827258417,0.00375519212373447,8,Alive
odd,New C with dCor,10000,0.812142298522553,0.0103501731975829,0.00343925449728359,8,Alive
even,Codex F,10000,0.812142298522553,0.00911756983725346,0.00136212894056918,8,Alive
even,F no distance,10000,0.812142298522553,0.0247998453827131,0.0116209405432133,8,Alive
even,F+,10000,0.812142298522553,0.00914677944332625,0.00137622727362124,8,Alive
even,F guarded,10000,0.812142298522553,0.00957307291276097,0.00144210955792327,8,Alive
even,New C,10000,0.812142298522553,0.011322282724711,0.00398792184905746,8,Alive
even,New C with dCor,10000,0.812142298522553,0.0106370177825062,0.00361236333597829,8,Alive
all,Codex F,1e+05,0.95172669709556,0.00787151928267081,0.000900005475363254,8,Alive
all,F no distance,1e+05,0.95172669709556,0.0120575453217194,0.00399967719569814,8,Alive
all,F+,1e+05,0.95172669709556,0.00787132865864838,0.000904792082794854,8,Alive
all,F guarded,1e+05,0.95172669709556,0.00789237427808638,0.000903057561334591,8,Alive
all,New C,1e+05,0.95172669709556,0.00912093770508601,0.00247400275604127,8,Alive
all,New C with dCor,1e+05,0.95172669709556,0.00906892051453535,0.00241136997279282,8,Alive
odd,Codex F,1e+05,0.95172669709556,0.00777179631544203,0.000871654926926754,8,Alive
odd,F no distance,1e+05,0.95172669709556,0.0118974306129082,0.00389623493558764,8,Alive
odd,F+,1e+05,0.95172669709556,0.00777430055755852,0.00087590378365114,8,Alive
odd,F guarded,1e+05,0.95172669709556,0.00779159205199817,0.000876151689632531,8,Alive
odd,New C,1e+05,0.95172669709556,0.00899724974457924,0.00240873932269256,8,Alive
odd,New C with dCor,1e+05,0.95172669709556,0.00894640261514239,0.00235806181356656,8,Alive
even,Codex F,1e+05,0.95172669709556,0.00798293823451608,0.000932321320727224,8,Alive
even,F no distance,1e+05,0.95172669709556,0.012230690656162,0.00411421656421308,8,Alive
even,F+,1e+05,0.95172669709556,0.00799071585830124,0.000935411505448961,8,Alive
even,F guarded,1e+05,0.95172669709556,0.00800793411121976,0.000936456170474702,8,Alive
even,New C,1e+05,0.95172669709556,0.00926159560756804,0.00253916451044906,8,Alive
even,New C with dCor,1e+05,0.95172669709556,0.0092116971982288,0.00248061398664399,8,Alive
all,Codex F,Inf,1,0.00778555546734264,0.000821731085857072,8,Alive
all,F no distance,Inf,1,0.00778555546734264,0.000821731085857072,8,Alive
all,F+,Inf,1,0.00778555546734264,0.000821731085857072,8,Alive
all,F guarded,Inf,1,0.00778555546734264,0.000821731085857072,8,Alive
all,New C,Inf,1,0.00891739304406447,0.00204234901969315,8,Alive
all,New C with dCor,Inf,1,0.00891739304406447,0.00204234901969315,8,Alive
odd,Codex F,Inf,1,0.00768771824099933,0.000793224757119171,8,Alive
odd,F no distance,Inf,1,0.00768771824099933,0.000793224757119171,8,Alive
odd,F+,Inf,1,0.00768771824099933,0.000793224757119171,8,Alive
odd,F guarded,Inf,1,0.00768771824099933,0.000793224757119171,8,Alive
odd,New C,Inf,1,0.00881168821916415,0.00201867604474833,8,Alive
odd,New C with dCor,Inf,1,0.00881168821916415,0.00201867604474833,8,Alive
even,Codex F,Inf,1,0.00790636986140664,0.000839367318333916,8,Alive
even,F no distance,Inf,1,0.00790636986140664,0.000839367318333916,8,Alive
even,F+,Inf,1,0.00790636986140664,0.000839367318333916,8,Alive
even,F guarded,Inf,1,0.00790636986140664,0.000839367318333916,8,Alive
even,New C,Inf,1,0.00903824953361324,0.00207014121206389,8,Alive
even,New C with dCor,Inf,1,0.00903824953361324,0.00207014121206389,8,Alive
all,Codex F,0,0,0.0560864950196861,0.0291658057004506,9,Alive
all,F no distance,0,0,0.0560864950196861,0.0291658057004506,9,Alive
all,F+,0,0,0.0563845012712368,0.0293164063909723,9,Alive
all,F guarded,0,0,0.104454934812578,0.0390967243789004,9,Alive
all,New C,0,0,0.119586257172752,0.0401948755970181,9,Alive
all,New C with dCor,0,0,0.0613118228806432,0.0302417613106827,9,Alive
odd,Codex F,0,0,0.0563274140364594,0.0285553164655148,9,Alive
odd,F no distance,0,0,0.0563274140364594,0.0285553164655148,9,Alive
odd,F+,0,0,0.0565634402660841,0.0286975207583386,9,Alive
odd,F guarded,0,0,0.104908364836237,0.0382993528767445,9,Alive
odd,New C,0,0,0.120781135959986,0.0393106465522054,9,Alive
odd,New C with dCor,0,0,0.0617175565449646,0.0295452476061669,9,Alive
even,Codex F,0,0,0.0557721330438784,0.0297928984383938,9,Alive
even,F no distance,0,0,0.0557721330438784,0.0297928984383938,9,Alive
even,F+,0,0,0.0560556661418138,0.0299699203701059,9,Alive
even,F guarded,0,0,0.10391835132095,0.0399816285389854,9,Alive
even,New C,0,0,0.118442281689574,0.0411478700164911,9,Alive
even,New C with dCor,0,0,0.0609647182874232,0.0310320574595694,9,Alive
all,Codex F,3,0.0127721010556141,0.0531965323499272,0.028232675286677,9,Alive
all,F no distance,3,0.0127721010556141,0.0557593301596462,0.0290935654598192,9,Alive
all,F+,3,0.0127721010556141,0.053482836902001,0.0283794317053425,9,Alive
all,F guarded,3,0.0127721010556141,0.0903347224982476,0.0368039622019283,9,Alive
all,New C,3,0.0127721010556141,0.108105283571005,0.0389360627302355,9,Alive
all,New C with dCor,3,0.0127721010556141,0.0585979200285853,0.0295011753569562,9,Alive
odd,Codex F,3,0.0127721010556141,0.0534925374539173,0.0276630213176178,9,Alive
odd,F no distance,3,0.0127721010556141,0.0561132251338036,0.028511089142439,9,Alive
odd,F+,3,0.0127721010556141,0.0538589779281975,0.0278561684576309,9,Alive
odd,F guarded,3,0.0127721010556141,0.0913283928329862,0.0361961431966386,9,Alive
odd,New C,3,0.0127721010556141,0.109366872948764,0.0381447870248966,9,Alive
odd,New C with dCor,3,0.0127721010556141,0.0587546799370331,0.0288379707067573,9,Alive
even,Codex F,3,0.0127721010556141,0.0529876055207314,0.0289140432837704,9,Alive
even,F no distance,3,0.0127721010556141,0.0554997192040946,0.0297078397250165,9,Alive
even,F+,3,0.0127721010556141,0.0531898254068663,0.0290512066951562,9,Alive
even,F guarded,3,0.0127721010556141,0.0890901223716146,0.0374782240436576,9,Alive
even,New C,3,0.0127721010556141,0.107046125776065,0.0398284695787974,9,Alive
even,New C with dCor,3,0.0127721010556141,0.0582808421565358,0.0301878695444354,9,Alive
all,Codex F,5,0.0237713551275196,0.0499736308138719,0.0269597876215073,9,Alive
all,F no distance,5,0.0237713551275196,0.0555180337829675,0.0290307500647587,9,Alive
all,F+,5,0.0237713551275196,0.0501633305193894,0.0270770492991564,9,Alive
all,F guarded,5,0.0237713551275196,0.0811007615317407,0.0348297741556869,9,Alive
all,New C,5,0.0237713551275196,0.0960243640051777,0.037157318610846,9,Alive
all,New C with dCor,5,0.0237713551275196,0.0552103304212286,0.0282774465616408,9,Alive
odd,Codex F,5,0.0237713551275196,0.0503860474463005,0.0264035801469151,9,Alive
odd,F no distance,5,0.0237713551275196,0.0557281303397143,0.0284419708929702,9,Alive
odd,F+,5,0.0237713551275196,0.0506327808571572,0.0265262319472508,9,Alive
odd,F guarded,5,0.0237713551275196,0.0825910330503219,0.0343599991132708,9,Alive
odd,New C,5,0.0237713551275196,0.0970284839100187,0.0364950653242797,9,Alive
odd,New C with dCor,5,0.0237713551275196,0.0555489888254708,0.0277094445433883,9,Alive
even,Codex F,5,0.0237713551275196,0.0496695391419862,0.0275457426965052,9,Alive
even,F no distance,5,0.0237713551275196,0.0552759492391742,0.0296715967531718,9,Alive
even,F+,5,0.0237713551275196,0.0497840097383403,0.0276955997069815,9,Alive
even,F guarded,5,0.0237713551275196,0.0794271218149406,0.0353849362720987,9,Alive
even,New C,5,0.0237713551275196,0.0950433508459373,0.0379021503134451,9,Alive
even,New C with dCor,5,0.0237713551275196,0.0545895265823222,0.0288575729131152,9,Alive
all,Codex F,10,0.04732037755993,0.0454410306898226,0.0246974974299881,9,Alive
all,F no distance,10,0.04732037755993,0.0550525746734264,0.0289110864919316,9,Alive
all,F+,10,0.04732037755993,0.0455786298506014,0.0248177568772527,9,Alive
all,F guarded,10,0.04732037755993,0.0663134278809127,0.0306679275176563,9,Alive
all,New C,10,0.04732037755993,0.0797042139997843,0.03395908854981,9,Alive
all,New C with dCor,10,0.04732037755993,0.050100234396203,0.0261458870325146,9,Alive
odd,Codex F,10,0.04732037755993,0.0459731861605647,0.0242741694196493,9,Alive
odd,F no distance,10,0.04732037755993,0.0552316808439543,0.028311770128528,9,Alive
odd,F+,10,0.04732037755993,0.0461700040979028,0.024399974136988,9,Alive
odd,F guarded,10,0.04732037755993,0.066965239259635,0.0300346755282886,9,Alive
odd,New C,10,0.04732037755993,0.0806609627664649,0.0333110177542164,9,Alive
odd,New C with dCor,10,0.04732037755993,0.0505858403331133,0.0256426312601685,9,Alive
even,Codex F,10,0.04732037755993,0.0450000324446489,0.0251784859364419,9,Alive
even,F no distance,10,0.04732037755993,0.0548274452573466,0.0295804815485286,9,Alive
even,F+,10,0.04732037755993,0.0451776198907355,0.0253185864387827,9,Alive
even,F guarded,10,0.04732037755993,0.0653577149968374,0.0311969373532095,9,Alive
even,New C,10,0.04732037755993,0.0786954453447583,0.0346796594043133,9,Alive
even,New C with dCor,10,0.04732037755993,0.0494140559296106,0.0266664569662203,9,Alive
all,Codex F,20,0.0845340102772149,0.0403149386079498,0.0215576384096337,9,Alive
all,F no distance,20,0.0845340102772149,0.054232777694299,0.0287305607723971,9,Alive
all,F+,20,0.0845340102772149,0.0404869777476941,0.0217090547499791,9,Alive
all,F guarded,20,0.0845340102772149,0.0524874177827518,0.0250382825836317,9,Alive
all,New C,20,0.0845340102772149,0.0634894825537996,0.0291666751507538,9,Alive
all,New C with dCor,20,0.0845340102772149,0.0444801063658919,0.0231290269704407,9,Alive
odd,Codex F,20,0.0845340102772149,0.0406353840501702,0.0212266592148588,9,Alive
odd,F no distance,20,0.0845340102772149,0.0545225698969173,0.0281100744139097,9,Alive
odd,F+,20,0.0845340102772149,0.0408821598588331,0.021406388101853,9,Alive
odd,F guarded,20,0.0845340102772149,0.0533916694002944,0.0247619749006378,9,Alive
odd,New C,20,0.0845340102772149,0.0643842071182649,0.0287836471007839,9,Alive
odd,New C with dCor,20,0.0845340102772149,0.0449146467902301,0.0227285452796049,9,Alive
even,Codex F,20,0.0845340102772149,0.0399564688906781,0.0220161203560241,9,Alive
even,F no distance,20,0.0845340102772149,0.0539362511380758,0.0293695540838927,9,Alive
even,F+,20,0.0845340102772149,0.0401078066317788,0.0221425460690069,9,Alive
even,F guarded,20,0.0845340102772149,0.0518299866467307,0.0254016507749708,9,Alive
even,New C,20,0.0845340102772149,0.0621120297337398,0.0294659797916334,9,Alive
even,New C with dCor,20,0.0845340102772149,0.0439249000437058,0.0235712130514304,9,Alive
all,Codex F,30,0.114965864675073,0.0372446828542147,0.0195136900550453,9,Alive
all,F no distance,30,0.114965864675073,0.0534945526864785,0.0285670258125381,9,Alive
all,F+,30,0.114965864675073,0.0374259285000806,0.0196584867538126,9,Alive
all,F guarded,30,0.114965864675073,0.0462337673836363,0.0213427431462731,9,Alive
all,New C,30,0.114965864675073,0.0550619497287094,0.0258430724854467,9,Alive
all,New C with dCor,30,0.114965864675073,0.0411699726897144,0.0211201556226382,9,Alive
odd,Codex F,30,0.114965864675073,0.0374985039963439,0.0190630684358755,9,Alive
odd,F no distance,30,0.114965864675073,0.0537444330807897,0.0279782201179332,9,Alive
odd,F+,30,0.114965864675073,0.0376918131853958,0.0191965357854637,9,Alive
odd,F guarded,30,0.114965864675073,0.0465785487249276,0.0210291672770166,9,Alive
odd,New C,30,0.114965864675073,0.0557779292824861,0.0255292602945955,9,Alive
odd,New C with dCor,30,0.114965864675073,0.0414424469354594,0.0206289100893003,9,Alive
even,Codex F,30,0.114965864675073,0.0367866690390476,0.0198214164228859,9,Alive
even,F no distance,30,0.114965864675073,0.0532068773304963,0.0292186775692925,9,Alive
even,F+,30,0.114965864675073,0.0369760083202024,0.0199941866400323,9,Alive
even,F guarded,30,0.114965864675073,0.0458278232238772,0.0218139676750213,9,Alive
even,New C,30,0.114965864675073,0.0544713302501583,0.026188158084129,9,Alive
even,New C with dCor,30,0.114965864675073,0.0408633569394445,0.0217038859638257,9,Alive
all,Codex F,50,0.164420954037171,0.0331758282180032,0.0168245394172707,9,Alive
all,F no distance,50,0.164420954037171,0.0522779867979073,0.0282974151397244,9,Alive
all,F+,50,0.164420954037171,0.0333482674952806,0.0169824010907425,9,Alive
all,F guarded,50,0.164420954037171,0.0398709764128146,0.0173988330955251,9,Alive
all,New C,50,0.164420954037171,0.0468422273054313,0.0216145004436158,9,Alive
all,New C with dCor,50,0.164420954037171,0.037132569631627,0.0188306346249014,9,Alive
odd,Codex F,50,0.164420954037171,0.0333451678027726,0.0163868829450135,9,Alive
odd,F no distance,50,0.164420954037171,0.052470800419438,0.0276967498812836,9,Alive
odd,F+,50,0.164420954037171,0.033480015126187,0.0165212463143573,9,Alive
odd,F guarded,50,0.164420954037171,0.04018029180521,0.0169857980670299,9,Alive
odd,New C,50,0.164420954037171,0.0474595263596201,0.0212656203437664,9,Alive
odd,New C with dCor,50,0.164420954037171,0.037488107512314,0.018308987436044,9,Alive
even,Codex F,50,0.164420954037171,0.032886927419633,0.0172020021077389,9,Alive
even,F no distance,50,0.164420954037171,0.0520150391868422,0.028939373824155,9,Alive
even,F+,50,0.164420954037171,0.0330757798090746,0.0173513321881307,9,Alive
even,F guarded,50,0.164420954037171,0.0394519864143999,0.017830003119275,9,Alive
even,New C,50,0.164420954037171,0.0464794089780897,0.0220163367713699,9,Alive
even,New C with dCor,50,0.164420954037171,0.0368110561009833,0.0193100009205583,9,Alive
all,Codex F,75,0.212721321815864,0.0298598739485465,0.0148153886365538,9,Alive
all,F no distance,75,0.212721321815864,0.0510920459333369,0.0279867856194754,9,Alive
all,F+,75,0.212721321815864,0.0300283899724935,0.0149506152131638,9,Alive
all,F guarded,75,0.212721321815864,0.0357071525877783,0.0150366554812406,9,Alive
all,New C,75,0.212721321815864,0.0417682640769104,0.0188604407229288,9,Alive
all,New C with dCor,75,0.212721321815864,0.0338378875146971,0.0171027577180504,9,Alive
odd,Codex F,75,0.212721321815864,0.0300930913664757,0.0144826701474068,9,Alive
odd,F no distance,75,0.212721321815864,0.0512833162545064,0.0273648350821013,9,Alive
odd,F+,75,0.212721321815864,0.0302593914182707,0.0146605765198249,9,Alive
odd,F guarded,75,0.212721321815864,0.0359463504575231,0.0146920886154654,9,Alive
odd,New C,75,0.212721321815864,0.0421907648301427,0.0184470271204919,9,Alive
odd,New C with dCor,75,0.212721321815864,0.0339918865566446,0.0166535788953988,9,Alive
even,Codex F,75,0.212721321815864,0.0297251828719303,0.0151532043766228,9,Alive
even,F no distance,75,0.212721321815864,0.0509260491621138,0.0286120587722424,9,Alive
even,F+,75,0.212721321815864,0.0298345570326067,0.0153057015666609,9,Alive
even,F guarded,75,0.212721321815864,0.0352320351015008,0.0154529175602333,9,Alive
even,New C,75,0.212721321815864,0.0413321441969062,0.0193186308321202,9,Alive
even,New C with dCor,75,0.212721321815864,0.0336096688101672,0.0175806072451852,9,Alive
all,Codex F,100,0.25127459019198,0.0276569374936626,0.0134709601189772,9,Alive
all,F no distance,100,0.25127459019198,0.0501362211811661,0.0276978682238428,9,Alive
all,F+,100,0.25127459019198,0.0278101985189579,0.01362730785895,9,Alive
all,F guarded,100,0.25127459019198,0.032645128933175,0.0136059022326577,9,Alive
all,New C,100,0.25127459019198,0.0383704313623859,0.0174399443548998,9,Alive
all,New C with dCor,100,0.25127459019198,0.0314998294789924,0.0160698033199352,9,Alive
odd,Codex F,100,0.25127459019198,0.0277808780074138,0.0130773098023862,9,Alive
odd,F no distance,100,0.25127459019198,0.050258219217996,0.0270977948481079,9,Alive
odd,F+,100,0.25127459019198,0.0279040664571168,0.0132132738344899,9,Alive
odd,F guarded,100,0.25127459019198,0.0330483871731072,0.0132567144451157,9,Alive
odd,New C,100,0.25127459019198,0.0387060871863099,0.0169798480185187,9,Alive
odd,New C with dCor,100,0.25127459019198,0.0316618183872444,0.0155914698176523,9,Alive
even,Codex F,100,0.25127459019198,0.027442742302605,0.0138465040975308,9,Alive
even,F no distance,100,0.25127459019198,0.0499700568543331,0.0283631143137718,9,Alive
even,F+,100,0.25127459019198,0.027576473170395,0.0140227591848227,9,Alive
even,F guarded,100,0.25127459019198,0.0323020567761228,0.0141121653601408,9,Alive
even,New C,100,0.25127459019198,0.0379458068836621,0.0178960944280991,9,Alive
even,New C with dCor,100,0.25127459019198,0.0311454048191384,0.0165548727008139,9,Alive
all,Codex F,150,0.310016638206782,0.0245246966603743,0.0116835743893248,9,Alive
all,F no distance,150,0.310016638206782,0.0485959665891806,0.0272826673051036,9,Alive
all,F+,150,0.310016638206782,0.0246398659807993,0.0118105784494238,9,Alive
all,F guarded,150,0.310016638206782,0.0289320957370152,0.0119762329369072,9,Alive
all,New C,150,0.310016638206782,0.0338643895075777,0.0158334288333869,9,Alive
all,New C with dCor,150,0.310016638206782,0.0281372995960304,0.0147155229815824,9,Alive
odd,Codex F,150,0.310016638206782,0.0247183118955975,0.0113003282177485,9,Alive
odd,F no distance,150,0.310016638206782,0.0487222960087338,0.0267122565975766,9,Alive
odd,F+,150,0.310016638206782,0.024848322621236,0.0114080249891581,9,Alive
odd,F guarded,150,0.310016638206782,0.0292909890986647,0.0116070809073859,9,Alive
odd,New C,150,0.310016638206782,0.03417984110293,0.0153054083152885,9,Alive
odd,New C with dCor,150,0.310016638206782,0.0283639560676384,0.0142872545760846,9,Alive
even,Codex F,150,0.310016638206782,0.0243276828822818,0.0119872897127763,9,Alive
even,F no distance,150,0.310016638206782,0.0485135607648513,0.0279454797146412,9,Alive
even,F+,150,0.310016638206782,0.0244268721065041,0.0121538941301556,9,Alive
even,F guarded,150,0.310016638206782,0.0285619443636781,0.0124484989115415,9,Alive
even,New C,150,0.310016638206782,0.0334610487848639,0.0163693299494469,9,Alive
even,New C with dCor,150,0.310016638206782,0.0279500393858186,0.0152618209908109,9,Alive
all,Codex F,200,0.353433366065062,0.0225387089374899,0.0104389142973566,9,Alive
all,F no distance,200,0.353433366065062,0.0473413883997626,0.0269415153916603,9,Alive
all,F+,200,0.353433366065062,0.0226192600156411,0.0105647836732457,9,Alive
all,F guarded,200,0.353433366065062,0.0264217320851087,0.0109037925760087,9,Alive
all,New C,200,0.353433366065062,0.0310449316174962,0.0149849409645624,9,Alive
all,New C with dCor,200,0.353433366065062,0.0259140221018283,0.013831515423456,9,Alive
odd,Codex F,200,0.353433366065062,0.0227087761600569,0.0101566956555962,9,Alive
odd,F no distance,200,0.353433366065062,0.0473922327608792,0.0263172057468114,9,Alive
odd,F+,200,0.353433366065062,0.0227991232580105,0.0102537426922932,9,Alive
odd,F guarded,200,0.353433366065062,0.0267545091880364,0.010533395994041,9,Alive
odd,New C,200,0.353433366065062,0.0314341567917535,0.0145160137501673,9,Alive
odd,New C with dCor,200,0.353433366065062,0.02611828531661,0.0134102333763745,9,Alive
even,Codex F,200,0.353433366065062,0.0223684869952268,0.0107280471974204,9,Alive
even,F no distance,200,0.353433366065062,0.047337632468802,0.0276216990917592,9,Alive
even,F+,200,0.353433366065062,0.0224699416401173,0.0108500061641687,9,Alive
even,F guarded,200,0.353433366065062,0.0259626140146069,0.0112658948009162,9,Alive
even,New C,200,0.353433366065062,0.0305852566783597,0.0154234639585886,9,Alive
even,New C with dCor,200,0.353433366065062,0.0258104788107424,0.014369027495362,9,Alive
all,Codex F,300,0.414758560482122,0.0199368951081388,0.00878599129065999,9,Alive
all,F no distance,300,0.414758560482122,0.0454979417345342,0.0263747910110137,9,Alive
all,F+,300,0.414758560482122,0.0200238932856913,0.00888757062892891,9,Alive
all,F guarded,300,0.414758560482122,0.0232457302971793,0.00946079850859213,9,Alive
all,New C,300,0.414758560482122,0.0274971380319292,0.0137998040272852,9,Alive
all,New C with dCor,300,0.414758560482122,0.0230418653983065,0.0126376668760723,9,Alive
odd,Codex F,300,0.414758560482122,0.0199756556228102,0.0085601122099857,9,Alive
odd,F no distance,300,0.414758560482122,0.0455111020707863,0.0257652755701203,9,Alive
odd,F+,300,0.414758560482122,0.0200746595368913,0.00871187484952569,9,Alive
odd,F guarded,300,0.414758560482122,0.0236017143208247,0.00918884110563223,9,Alive
odd,New C,300,0.414758560482122,0.0278926713989744,0.0134368788956387,9,Alive
odd,New C with dCor,300,0.414758560482122,0.0232232548997106,0.0123033931012634,9,Alive
even,Codex F,300,0.414758560482122,0.0198956007648513,0.00903620706568843,9,Alive
even,F no distance,300,0.414758560482122,0.045412402324458,0.0269918184787533,9,Alive
even,F+,300,0.414758560482122,0.0199913700362298,0.00917289375326784,9,Alive
even,F guarded,300,0.414758560482122,0.0229285361090344,0.00978944486919211,9,Alive
even,New C,300,0.414758560482122,0.0271532578515153,0.0142267596435344,9,Alive
even,New C with dCor,300,0.414758560482122,0.0229199285306803,0.0130708653468812,9,Alive
all,Codex F,500,0.488869557189743,0.0171761242122863,0.0069131047603019,9,Alive
all,F no distance,500,0.488869557189743,0.0429160319524296,0.0254857641686993,9,Alive
all,F+,500,0.488869557189743,0.0172506176883663,0.00703687386242308,9,Alive
all,F guarded,500,0.488869557189743,0.0198330785302843,0.00764065473531445,9,Alive
all,New C,500,0.488869557189743,0.0236842357165201,0.0125590657893073,9,Alive
all,New C with dCor,500,0.488869557189743,0.0200975215042339,0.011293121369338,9,Alive
odd,Codex F,500,0.488869557189743,0.0171815421682832,0.00671102310701346,9,Alive
odd,F no distance,500,0.488869557189743,0.0430393115878736,0.0249681725660397,9,Alive
odd,F+,500,0.488869557189743,0.0172383946671407,0.00680787397787375,9,Alive
odd,F guarded,500,0.488869557189743,0.0198760400020313,0.0073864477693815,9,Alive
odd,New C,500,0.488869557189743,0.0238850609505917,0.0121296935973524,9,Alive
odd,New C with dCor,500,0.488869557189743,0.0201379502584676,0.0109576911942617,9,Alive
even,Codex F,500,0.488869557189743,0.0171435949542814,0.00718516203274161,9,Alive
even,F no distance,500,0.488869557189743,0.0428251168324803,0.0261204497857777,9,Alive
even,F+,500,0.488869557189743,0.0172611617539824,0.00731547826551642,9,Alive
even,F guarded,500,0.488869557189743,0.0197836148921732,0.00797710678744283,9,Alive
even,New C,500,0.488869557189743,0.0234457581125999,0.0128600762900724,9,Alive
even,New C with dCor,500,0.488869557189743,0.0201072177295991,0.0116827092249211,9,Alive
all,Codex F,1000,0.58017729615729,0.0143915606375061,0.00488298150534669,9,Alive
all,F no distance,1000,0.58017729615729,0.0392834991381261,0.0240566698376615,9,Alive
all,F+,1000,0.58017729615729,0.0144538197837226,0.00498427810323975,9,Alive
all,F guarded,1000,0.58017729615729,0.0163797980373227,0.00555285676758842,9,Alive
all,New C,1000,0.58017729615729,0.019644948748719,0.0108136288102689,9,Alive
all,New C with dCor,1000,0.58017729615729,0.0170214091650935,0.00944756418755943,9,Alive
odd,Codex F,1000,0.58017729615729,0.0143408166536333,0.00474955398055682,9,Alive
odd,F no distance,1000,0.58017729615729,0.0394283726847102,0.0235268956930029,9,Alive
odd,F+,1000,0.58017729615729,0.0143986247570203,0.00482419829090967,9,Alive
odd,F guarded,1000,0.58017729615729,0.0163909542050475,0.00539439901370703,9,Alive
odd,New C,1000,0.58017729615729,0.019680607801757,0.0104601696467688,9,Alive
odd,New C with dCor,1000,0.58017729615729,0.0168548486782106,0.00913576974369876,9,Alive
even,Codex F,1000,0.58017729615729,0.0144332712289378,0.00501968872095441,9,Alive
even,F no distance,1000,0.58017729615729,0.0391590972108805,0.0246793198362367,9,Alive
even,F+,1000,0.58017729615729,0.0144847840554373,0.00509840394154393,9,Alive
even,F guarded,1000,0.58017729615729,0.0163372347300017,0.00573755996962666,9,Alive
even,New C,1000,0.58017729615729,0.0195291994697797,0.0111055685774439,9,Alive
even,New C with dCor,1000,0.58017729615729,0.0172074848536431,0.00982024670222151,9,Alive
all,Codex F,3000,0.702838216795711,0.0113316034949571,0.00276040882838767,9,Alive
all,F no distance,3000,0.702838216795711,0.0334154618364702,0.0214166700101179,9,Alive
all,F+,3000,0.702838216795711,0.0113460927360983,0.00281289905490952,9,Alive
all,F guarded,3000,0.702838216795711,0.0123679982902756,0.00312862726706307,9,Alive
all,New C,3000,0.702838216795711,0.0150006593231217,0.00789051609616104,9,Alive
all,New C with dCor,3000,0.702838216795711,0.0134700250563616,0.00696520181380746,9,Alive
odd,Codex F,3000,0.702838216795711,0.0112192725658864,0.00267409919535979,9,Alive
odd,F no distance,3000,0.702838216795711,0.0332915414025287,0.0209247357014531,9,Alive
odd,F+,3000,0.702838216795711,0.0112367113035089,0.00271490449314196,9,Alive
odd,F guarded,3000,0.702838216795711,0.0122878321058244,0.0030637494687562,9,Alive
odd,New C,3000,0.702838216795711,0.0148736483999391,0.00761061190180191,9,Alive
odd,New C with dCor,3000,0.702838216795711,0.0133422051084142,0.00672518949157796,9,Alive
even,Codex F,3000,0.702838216795711,0.0114704087676117,0.00285885010897647,9,Alive
even,F no distance,3000,0.702838216795711,0.0335479785416069,0.0220184094733527,9,Alive
even,F+,3000,0.702838216795711,0.0114844961745931,0.00290436820096249,9,Alive
even,F guarded,3000,0.702838216795711,0.0124710252412444,0.00322256769503135,9,Alive
even,New C,3000,0.702838216795711,0.0150870546529414,0.00818976872046672,9,Alive
even,New C with dCor,3000,0.702838216795711,0.0136176852550463,0.00719978953176926,9,Alive
all,Codex F,10000,0.812142298522553,0.00928866206191682,0.00173542819953477,9,Alive
all,F no distance,10000,0.812142298522553,0.0264563508192653,0.0171501467363465,9,Alive
all,F+,10000,0.812142298522553,0.00930497324524027,0.00176050001845431,9,Alive
all,F guarded,10000,0.812142298522553,0.0097236449592794,0.00182413237144885,9,Alive
all,New C,10000,0.812142298522553,0.0115986583636266,0.00536180008035882,9,Alive
all,New C with dCor,10000,0.812142298522553,0.010966637597217,0.00484423722717099,9,Alive
odd,Codex F,10000,0.812142298522553,0.00918359421621898,0.00167090842334856,9,Alive
odd,F no distance,10000,0.812142298522553,0.0264167565500431,0.0167810889651123,9,Alive
odd,F+,10000,0.812142298522553,0.00919109934697611,0.00169770750413573,9,Alive
odd,F guarded,10000,0.812142298522553,0.00962323612146452,0.00174519683752602,9,Alive
odd,New C,10000,0.812142298522553,0.0114242931112578,0.00514710521279005,9,Alive
odd,New C with dCor,10000,0.812142298522553,0.0108354271375616,0.00469121329600301,9,Alive
even,Codex F,10000,0.812142298522553,0.00940852902409571,0.00180721637054199,9,Alive
even,F no distance,10000,0.812142298522553,0.0264785172856403,0.0175808770367207,9,Alive
even,F+,10000,0.812142298522553,0.00943607321755134,0.00183413076273303,9,Alive
even,F guarded,10000,0.812142298522553,0.0098351198987866,0.00191874386960495,9,Alive
even,New C,10000,0.812142298522553,0.011779658423141,0.00557733816552648,9,Alive
even,New C with dCor,10000,0.812142298522553,0.0111101322813273,0.0050145206176377,9,Alive
all,Codex F,1e+05,0.95172669709556,0.00813510944393506,0.00128647278527662,9,Alive
all,F no distance,1e+05,0.95172669709556,0.0127027048956367,0.00553351739560953,9,Alive
all,F+,1e+05,0.95172669709556,0.00813597159376516,0.00129339039064744,9,Alive
all,F guarded,1e+05,0.95172669709556,0.00816471495550399,0.00128781210428093,9,Alive
all,New C,1e+05,0.95172669709556,0.00947712333045679,0.00333173218694541,9,Alive
all,New C with dCor,1e+05,0.95172669709556,0.00943700948061052,0.00325121713623226,9,Alive
odd,Codex F,1e+05,0.95172669709556,0.00803911891230385,0.0012539712162843,9,Alive
odd,F no distance,1e+05,0.95172669709556,0.0125289817163459,0.00534495604318409,9,Alive
odd,F+,1e+05,0.95172669709556,0.00804266790839382,0.00126118040688219,9,Alive
odd,F guarded,1e+05,0.95172669709556,0.00806436096277863,0.00125474873053635,9,Alive
odd,New C,1e+05,0.95172669709556,0.00934461602295234,0.00317935758922424,9,Alive
odd,New C with dCor,1e+05,0.95172669709556,0.00930242224343677,0.00311708016402786,9,Alive
even,Codex F,1e+05,0.95172669709556,0.00824600486859509,0.00132708544201133,9,Alive
even,F no distance,1e+05,0.95172669709556,0.012901297328196,0.00574639304946022,9,Alive
even,F+,1e+05,0.95172669709556,0.0082484723652884,0.00133283291805142,9,Alive
even,F guarded,1e+05,0.95172669709556,0.00826332945540284,0.00133037632258797,9,Alive
even,New C,1e+05,0.95172669709556,0.00963117218126399,0.0035019298492751,9,Alive
even,New C with dCor,1e+05,0.95172669709556,0.0095925180596929,0.00339964252503452,9,Alive
all,Codex F,Inf,1,0.00804238360228682,0.00120482339581294,9,Alive
all,F no distance,Inf,1,0.00804238360228682,0.00120482339581294,9,Alive
all,F+,Inf,1,0.00804238360228682,0.00120482339581294,9,Alive
all,F guarded,Inf,1,0.00804238360228682,0.00120482339581294,9,Alive
all,New C,Inf,1,0.00932584653632487,0.00284990845879756,9,Alive
all,New C with dCor,Inf,1,0.00932584653632487,0.00284990845879756,9,Alive
odd,Codex F,Inf,1,0.00793846418118111,0.00119755865631014,9,Alive
odd,F no distance,Inf,1,0.00793846418118111,0.00119755865631014,9,Alive
odd,F+,Inf,1,0.00793846418118111,0.00119755865631014,9,Alive
odd,F guarded,Inf,1,0.00793846418118111,0.00119755865631014,9,Alive
odd,New C,Inf,1,0.00920379205301376,0.0027643808840441,9,Alive
odd,New C with dCor,Inf,1,0.00920379205301376,0.0027643808840441,9,Alive
even,Codex F,Inf,1,0.00816903846339641,0.00121589891229964,9,Alive
even,F no distance,Inf,1,0.00816903846339641,0.00121589891229964,9,Alive
even,F+,Inf,1,0.00816903846339641,0.00121589891229964,9,Alive
even,F guarded,Inf,1,0.00816903846339641,0.00121589891229964,9,Alive
even,New C,Inf,1,0.00946257470814881,0.00294592778134086,9,Alive
even,New C with dCor,Inf,1,0.00946257470814881,0.00294592778134086,9,Alive
all,Codex F,0,0,0.0556846582201606,0.028459348303456,10,Alive
all,F no distance,0,0,0.0556846582201606,0.028459348303456,10,Alive
all,F+,0,0,0.0559921961010732,0.0286595386884445,10,Alive
all,F guarded,0,0,0.104925508304299,0.0387540881889206,10,Alive
all,New C,0,0,0.12033314138342,0.0397455913913956,10,Alive
all,New C with dCor,0,0,0.0609152494698238,0.0295330904581133,10,Alive
odd,Codex F,0,0,0.05602488749708,0.0280447609279483,10,Alive
odd,F no distance,0,0,0.05602488749708,0.0280447609279483,10,Alive
odd,F+,0,0,0.056351928741177,0.0282411246658859,10,Alive
odd,F guarded,0,0,0.105772030664703,0.0382182409778756,10,Alive
odd,New C,0,0,0.121667278369979,0.0391787834692308,10,Alive
odd,New C with dCor,0,0,0.06134065301173,0.0290819638563752,10,Alive
even,Codex F,0,0,0.0551843372097302,0.0289492010860087,10,Alive
even,F no distance,0,0,0.0551843372097302,0.0289492010860087,10,Alive
even,F+,0,0,0.0555627547092989,0.029143171656175,10,Alive
even,F guarded,0,0,0.104090501757433,0.0393551647653828,10,Alive
even,New C,0,0,0.118956538699178,0.0403786962976498,10,Alive
even,New C with dCor,0,0,0.0603811855126804,0.0300664625561806,10,Alive
all,Codex F,3,0.0127721010556141,0.0528339578237419,0.0275433839686411,10,Alive
all,F no distance,3,0.0127721010556141,0.0553866765088182,0.0284114679989439,10,Alive
all,F+,3,0.0127721010556141,0.0532222851911979,0.0277621067734001,10,Alive
all,F guarded,3,0.0127721010556141,0.0905822207955348,0.0362830112657867,10,Alive
all,New C,3,0.0127721010556141,0.108754596720242,0.0383713338655474,10,Alive
all,New C with dCor,3,0.0127721010556141,0.0581713440650451,0.0287587671275596,10,Alive
odd,Codex F,3,0.0127721010556141,0.0533049495495862,0.0271328112628738,10,Alive
odd,F no distance,3,0.0127721010556141,0.0557792649662315,0.0279897145955825,10,Alive
odd,F+,3,0.0127721010556141,0.0536613751789976,0.0273361000602685,10,Alive
odd,F guarded,3,0.0127721010556141,0.091959669235769,0.0358502487499818,10,Alive
odd,New C,3,0.0127721010556141,0.109844956868938,0.0379102455342841,10,Alive
odd,New C with dCor,3,0.0127721010556141,0.0585657376021936,0.028290446193714,10,Alive
even,Codex F,3,0.0127721010556141,0.0524266385255047,0.028039439806537,10,Alive
even,F no distance,3,0.0127721010556141,0.0549221933762723,0.0288895054645183,10,Alive
even,F+,3,0.0127721010556141,0.0528622726643281,0.0282601442800221,10,Alive
even,F guarded,3,0.0127721010556141,0.0892471174926677,0.0367455425211927,10,Alive
even,New C,3,0.0127721010556141,0.107400167839439,0.0388202158475576,10,Alive
even,New C with dCor,3,0.0127721010556141,0.0577995080016104,0.0292638688751029,10,Alive
all,Codex F,5,0.0237713551275196,0.0498518380793915,0.026282771189332,10,Alive
all,F no distance,5,0.0237713551275196,0.0551533101661181,0.0283613098414494,10,Alive
all,F+,5,0.0237713551275196,0.0501635311272314,0.0264892674700659,10,Alive
all,F guarded,5,0.0237713551275196,0.081591765002967,0.0342380597195658,10,Alive
all,New C,5,0.0237713551275196,0.0961659268113917,0.0364496150296072,10,Alive
all,New C with dCor,5,0.0237713551275196,0.0547182289272422,0.0275310383190847,10,Alive
odd,Codex F,5,0.0237713551275196,0.0503803893058447,0.0259201663164182,10,Alive
odd,F no distance,5,0.0237713551275196,0.0555906237261969,0.0279458220501905,10,Alive
odd,F+,5,0.0237713551275196,0.0506607864743818,0.0261264218913668,10,Alive
odd,F guarded,5,0.0237713551275196,0.0832241572243941,0.0340261685670049,10,Alive
odd,New C,5,0.0237713551275196,0.0972697133438276,0.0360962025414956,10,Alive
odd,New C with dCor,5,0.0237713551275196,0.0553323438186157,0.0271614394905699,10,Alive
even,Codex F,5,0.0237713551275196,0.0491886522502732,0.0266598253547553,10,Alive
even,F no distance,5,0.0237713551275196,0.0546759919765368,0.0288427504765984,10,Alive
even,F+,5,0.0237713551275196,0.0495252003024901,0.0268515285899115,10,Alive
even,F guarded,5,0.0237713551275196,0.0798189928495027,0.03455314114533,10,Alive
even,New C,5,0.0237713551275196,0.0950165281913853,0.0368877017375871,10,Alive
even,New C with dCor,5,0.0237713551275196,0.0542017437644489,0.0279529411938874,10,Alive
all,Codex F,10,0.04732037755993,0.045312302251227,0.0241369265199283,10,Alive
all,F no distance,10,0.04732037755993,0.0546710359139203,0.0282609675190352,10,Alive
all,F+,10,0.04732037755993,0.0455889656393937,0.024326548009964,10,Alive
all,F guarded,10,0.04732037755993,0.0671199861183332,0.0300538897368719,10,Alive
all,New C,10,0.04732037755993,0.0799257202265254,0.0330489941388038,10,Alive
all,New C with dCor,10,0.04732037755993,0.0501104103813168,0.02557031714376,10,Alive
odd,Codex F,10,0.04732037755993,0.0458120650312293,0.0238884516411611,10,Alive
odd,F no distance,10,0.04732037755993,0.0550256054709795,0.0278490028602051,10,Alive
odd,F+,10,0.04732037755993,0.0461053624049154,0.0240607839203351,10,Alive
odd,F guarded,10,0.04732037755993,0.0675926749494739,0.0296736994551662,10,Alive
odd,New C,10,0.04732037755993,0.0808116713654595,0.0327505839732125,10,Alive
odd,New C with dCor,10,0.04732037755993,0.0506564514873305,0.0252665905124031,10,Alive
even,Codex F,10,0.04732037755993,0.0449380985772614,0.0244755919391584,10,Alive
even,F no distance,10,0.04732037755993,0.0541619932451549,0.0287417896790767,10,Alive
even,F+,10,0.04732037755993,0.0451052245799068,0.0246431468119756,10,Alive
even,F guarded,10,0.04732037755993,0.0663906603876016,0.0303568309140432,10,Alive
even,New C,10,0.04732037755993,0.0795651137374205,0.0334841899333173,10,Alive
even,New C with dCor,10,0.04732037755993,0.0493344902881132,0.0258543304300669,10,Alive
all,Codex F,20,0.0845340102772149,0.0405111375449004,0.0211919582134008,10,Alive
all,F no distance,20,0.0845340102772149,0.0538551618143572,0.0280944874708254,10,Alive
all,F+,20,0.0845340102772149,0.0407316002443233,0.021381538470931,10,Alive
all,F guarded,20,0.0845340102772149,0.0533495107583195,0.0245028883065795,10,Alive
all,New C,20,0.0845340102772149,0.0641313345596251,0.0284546497873464,10,Alive
all,New C with dCor,20,0.0845340102772149,0.0446944370778274,0.022738505312121,10,Alive
odd,Codex F,20,0.0845340102772149,0.0408248052313004,0.0209300860101806,10,Alive
odd,F no distance,20,0.0845340102772149,0.0542168379942112,0.027668967375528,10,Alive
odd,F+,20,0.0845340102772149,0.0410923184847407,0.0211100036546973,10,Alive
odd,F guarded,20,0.0845340102772149,0.0544311429147411,0.0244328820443166,10,Alive
odd,New C,20,0.0845340102772149,0.0648442588848825,0.028159814450412,10,Alive
odd,New C with dCor,20,0.0845340102772149,0.0451636470685015,0.0225042507360678,10,Alive
even,Codex F,20,0.0845340102772149,0.0401680537684742,0.021418965024058,10,Alive
even,F no distance,20,0.0845340102772149,0.0534170289424348,0.0285969671071729,10,Alive
even,F+,20,0.0845340102772149,0.040374414529875,0.0215876099730285,10,Alive
even,F guarded,20,0.0845340102772149,0.0527293343320488,0.0247158391260535,10,Alive
even,New C,20,0.0845340102772149,0.0625253910702168,0.0285805381349295,10,Alive
even,New C with dCor,20,0.0845340102772149,0.0441155243774799,0.0230105611419548,10,Alive
all,Codex F,30,0.114965864675073,0.0376141521897414,0.0192248726530754,10,Alive
all,F no distance,30,0.114965864675073,0.053165926364813,0.0279549660896516,10,Alive
all,F+,30,0.114965864675073,0.0378497879014074,0.0194167798578186,10,Alive
all,F guarded,30,0.114965864675073,0.0469665779165095,0.020996134501553,10,Alive
all,New C,30,0.114965864675073,0.0555497901057117,0.0251233341523198,10,Alive
all,New C with dCor,30,0.114965864675073,0.0414810606304944,0.0208785389335161,10,Alive
odd,Codex F,30,0.114965864675073,0.0379074319077845,0.0190084234554694,10,Alive
odd,F no distance,30,0.114965864675073,0.053578512368862,0.0275343420556701,10,Alive
odd,F+,30,0.114965864675073,0.0382226433301172,0.0192109497494327,10,Alive
odd,F guarded,30,0.114965864675073,0.0473713035129232,0.0208951780623031,10,Alive
odd,New C,30,0.114965864675073,0.056383820674351,0.0249515537886179,10,Alive
odd,New C with dCor,30,0.114965864675073,0.0417830133032041,0.0206168110209448,10,Alive
even,Codex F,30,0.114965864675073,0.0371526594858819,0.0193570714249741,10,Alive
even,F no distance,30,0.114965864675073,0.0528352158755534,0.0284634239787617,10,Alive
even,F+,30,0.114965864675073,0.0373525464673069,0.019550480285767,10,Alive
even,F guarded,30,0.114965864675073,0.0466092438691124,0.0212262986567056,10,Alive
even,New C,30,0.114965864675073,0.0550333228201735,0.0253260056414446,10,Alive
even,New C with dCor,30,0.114965864675073,0.041163746325838,0.0211466550213859,10,Alive
all,Codex F,50,0.164420954037171,0.033674674550995,0.0166619886471926,10,Alive
all,F no distance,50,0.164420954037171,0.0519233005361091,0.027663415457543,10,Alive
all,F+,50,0.164420954037171,0.0338996553761931,0.0168341406387766,10,Alive
all,F guarded,50,0.164420954037171,0.0407321100291248,0.0173126232569192,10,Alive
all,New C,50,0.164420954037171,0.0474766122469123,0.0210856094028216,10,Alive
all,New C with dCor,50,0.164420954037171,0.0375615531190334,0.0186454696533735,10,Alive
odd,Codex F,50,0.164420954037171,0.0338590524338596,0.0165372514424833,10,Alive
odd,F no distance,50,0.164420954037171,0.0522236553648503,0.0272472176988986,10,Alive
odd,F+,50,0.164420954037171,0.034104263328086,0.016700041232033,10,Alive
odd,F guarded,50,0.164420954037171,0.0410165668999134,0.0171431614568771,10,Alive
odd,New C,50,0.164420954037171,0.0479482956603867,0.0209901936582445,10,Alive
odd,New C with dCor,50,0.164420954037171,0.0379100101396435,0.0184612208771577,10,Alive
even,Codex F,50,0.164420954037171,0.0333934540893669,0.0168082475024852,10,Alive
even,F no distance,50,0.164420954037171,0.0516447700672838,0.0281644810566155,10,Alive
even,F+,50,0.164420954037171,0.0336230848352407,0.0169797064457518,10,Alive
even,F guarded,50,0.164420954037171,0.0403808103398699,0.0175071330966435,10,Alive
even,New C,50,0.164420954037171,0.0470466230203,0.0212525743614586,10,Alive
even,New C with dCor,50,0.164420954037171,0.0371574386612226,0.0188006574194969,10,Alive
all,Codex F,75,0.212721321815864,0.0305239543201553,0.0146543860223515,10,Alive
all,F no distance,75,0.212721321815864,0.050844218901893,0.0273928021881114,10,Alive
all,F+,75,0.212721321815864,0.0306956927317835,0.014818408110568,10,Alive
all,F guarded,75,0.212721321815864,0.0365947622312712,0.0149740730879744,10,Alive
all,New C,75,0.212721321815864,0.0423225786203549,0.0185388867630943,10,Alive
all,New C with dCor,75,0.212721321815864,0.0342573550207646,0.0169726608757923,10,Alive
odd,Codex F,75,0.212721321815864,0.0307674287767227,0.0146012092763567,10,Alive
odd,F no distance,75,0.212721321815864,0.051198923810491,0.0270031224218113,10,Alive
odd,F+,75,0.212721321815864,0.0309910744518356,0.0147825414381148,10,Alive
odd,F guarded,75,0.212721321815864,0.0367540800172648,0.01487841450281,10,Alive
odd,New C,75,0.212721321815864,0.0426336713217893,0.0183694981523904,10,Alive
odd,New C with dCor,75,0.212721321815864,0.0344729162839587,0.0167959222924473,10,Alive
even,Codex F,75,0.212721321815864,0.0303630552383692,0.0147713280315109,10,Alive
even,F no distance,75,0.212721321815864,0.0504544624095692,0.0278552568077341,10,Alive
even,F+,75,0.212721321815864,0.0305534734291795,0.0149351467704641,10,Alive
even,F guarded,75,0.212721321815864,0.0361859426614525,0.0151428965996147,10,Alive
even,New C,75,0.212721321815864,0.0418741275461497,0.018664014439261,10,Alive
even,New C with dCor,75,0.212721321815864,0.0340347753487837,0.0172042448728823,10,Alive
all,Codex F,100,0.25127459019198,0.0283520888657569,0.013301424313571,10,Alive
all,F no distance,100,0.25127459019198,0.0498371744215521,0.0271424805524782,10,Alive
all,F+,100,0.25127459019198,0.0285215320398037,0.0134989364670052,10,Alive
all,F guarded,100,0.25127459019198,0.0336873271808423,0.013612871997848,10,Alive
all,New C,100,0.25127459019198,0.0390241585286663,0.017193084661732,10,Alive
all,New C with dCor,100,0.25127459019198,0.0319368392627149,0.0160294175559197,10,Alive
odd,Codex F,100,0.25127459019198,0.0285035610907429,0.0132039926956604,10,Alive
odd,F no distance,100,0.25127459019198,0.0501311158167877,0.026753093115339,10,Alive
odd,F+,100,0.25127459019198,0.0287092967694105,0.0133976332696706,10,Alive
odd,F guarded,100,0.25127459019198,0.0339588878413649,0.0134588072233993,10,Alive
odd,New C,100,0.25127459019198,0.0392659370161984,0.0169551819126232,10,Alive
odd,New C with dCor,100,0.25127459019198,0.0321480624353831,0.0158126923815327,10,Alive
even,Codex F,100,0.25127459019198,0.0281518361584911,0.0134670662456831,10,Alive
even,F no distance,100,0.25127459019198,0.0495021886525964,0.0275809190712851,10,Alive
even,F+,100,0.25127459019198,0.0283502582977745,0.0136365552891713,10,Alive
even,F guarded,100,0.25127459019198,0.0332885479648052,0.0137478769110746,10,Alive
even,New C,100,0.25127459019198,0.0386952290586001,0.0174211094616053,10,Alive
even,New C with dCor,100,0.25127459019198,0.0316491615515557,0.0161893692414354,10,Alive
all,Codex F,150,0.310016638206782,0.0253297363087211,0.0114911602199119,10,Alive
all,F no distance,150,0.310016638206782,0.0482584438007658,0.0267151436849899,10,Alive
all,F+,150,0.310016638206782,0.0255005522905991,0.0116576684578626,10,Alive
all,F guarded,150,0.310016638206782,0.0300110575697102,0.0119760108156785,10,Alive
all,New C,150,0.310016638206782,0.0346254829604658,0.0156970742520626,10,Alive
all,New C with dCor,150,0.310016638206782,0.028686425317944,0.0146880049758607,10,Alive
odd,Codex F,150,0.310016638206782,0.0255615818443102,0.0114074768536866,10,Alive
odd,F no distance,150,0.310016638206782,0.0485092771949424,0.0263025055947709,10,Alive
odd,F+,150,0.310016638206782,0.0257522533438278,0.0115708336549878,10,Alive
odd,F guarded,150,0.310016638206782,0.0303178298481694,0.0118398003752091,10,Alive
odd,New C,150,0.310016638206782,0.0348050621703142,0.015456390980319,10,Alive
odd,New C with dCor,150,0.310016638206782,0.0289544725801047,0.0145799697109733,10,Alive
even,Codex F,150,0.310016638206782,0.0251498152268676,0.0116226228543603,10,Alive
even,F no distance,150,0.310016638206782,0.0479483728426015,0.027164757420021,10,Alive
even,F+,150,0.310016638206782,0.0252901767393181,0.0117928805723952,10,Alive
even,F guarded,150,0.310016638206782,0.0296954678095349,0.0121693720513175,10,Alive
even,New C,150,0.310016638206782,0.0342351661280119,0.0158645292323362,10,Alive
even,New C with dCor,150,0.310016638206782,0.0284356548162632,0.0148216744861894,10,Alive
all,Codex F,200,0.353433366065062,0.0234708178954747,0.0102921401115374,10,Alive
all,F no distance,200,0.353433366065062,0.0469106406062239,0.0263502110169515,10,Alive
all,F+,200,0.353433366065062,0.0236096543945848,0.0104460725897077,10,Alive
all,F guarded,200,0.353433366065062,0.0275168285960841,0.0108609393946188,10,Alive
all,New C,200,0.353433366065062,0.0317993844598455,0.0148329278677823,10,Alive
all,New C with dCor,200,0.353433366065062,0.0265464638919151,0.0137966668044829,10,Alive
odd,Codex F,200,0.353433366065062,0.0236211953780531,0.0102146170061295,10,Alive
odd,F no distance,200,0.353433366065062,0.0472047094043569,0.0259861729759689,10,Alive
odd,F+,200,0.353433366065062,0.0237600731762555,0.0103791578544253,10,Alive
odd,F guarded,200,0.353433366065062,0.0278616235677653,0.0107104957689022,10,Alive
odd,New C,200,0.353433366065062,0.032119014388869,0.0146620248687293,10,Alive
odd,New C with dCor,200,0.353433366065062,0.0267389244838267,0.0136468253414428,10,Alive
even,Codex F,200,0.353433366065062,0.0232807620438208,0.0103751358074737,10,Alive
even,F no distance,200,0.353433366065062,0.0466912264615561,0.0268047493660423,10,Alive
even,F+,200,0.353433366065062,0.0234224702720111,0.0105357848636115,10,Alive
even,F guarded,200,0.353433366065062,0.0270874567830239,0.0110095297708922,10,Alive
even,New C,200,0.353433366065062,0.0313388381540056,0.0149436964830254,10,Alive
even,New C with dCor,200,0.353433366065062,0.0263907330714821,0.0139232120816717,10,Alive
all,Codex F,300,0.414758560482122,0.0209427533822338,0.00862242399921182,10,Alive
all,F no distance,300,0.414758560482122,0.0450303189687718,0.0257818110902262,10,Alive
all,F+,300,0.414758560482122,0.0210589210096541,0.00878028503336704,10,Alive
all,F guarded,300,0.414758560482122,0.0244045647521707,0.00940096082855696,10,Alive
all,New C,300,0.414758560482122,0.0282286117658161,0.0136961954594154,10,Alive
all,New C with dCor,300,0.414758560482122,0.0237480334814733,0.0125746993536753,10,Alive
odd,Codex F,300,0.414758560482122,0.0210272278698016,0.00855617433123346,10,Alive
odd,F no distance,300,0.414758560482122,0.0452189038704108,0.0253949303314181,10,Alive
odd,F+,300,0.414758560482122,0.0211581860326005,0.008729095411925,10,Alive
odd,F guarded,300,0.414758560482122,0.0247095882242422,0.00936004381538732,10,Alive
odd,New C,300,0.414758560482122,0.0285249842918804,0.0135571198983651,10,Alive
odd,New C with dCor,300,0.414758560482122,0.0238788318377089,0.012486075812441,10,Alive
even,Codex F,300,0.414758560482122,0.0208295295968716,0.00872587741190764,10,Alive
even,F no distance,300,0.414758560482122,0.0448415597343147,0.0262142434656014,10,Alive
even,F+,300,0.414758560482122,0.0209611292414745,0.00893021076095724,10,Alive
even,F guarded,300,0.414758560482122,0.0240804570096038,0.00952204431903318,10,Alive
even,New C,300,0.414758560482122,0.0280001422358964,0.0138787577701225,10,Alive
even,New C with dCor,300,0.414758560482122,0.0235809718580712,0.0127321351954071,10,Alive
all,Codex F,500,0.488869557189743,0.0182210971625046,0.00672359652957733,10,Alive
all,F no distance,500,0.488869557189743,0.0424497919416427,0.0248745057503323,10,Alive
all,F+,500,0.488869557189743,0.0183356591839705,0.00686197421261452,10,Alive
all,F guarded,500,0.488869557189743,0.0209985812604496,0.00754354352165515,10,Alive
all,New C,500,0.488869557189743,0.0244739626924112,0.0124834375938506,10,Alive
all,New C with dCor,500,0.488869557189743,0.0209210393274364,0.0112166410609151,10,Alive
odd,Codex F,500,0.488869557189743,0.0182772732554716,0.00657854653169383,10,Alive
odd,F no distance,500,0.488869557189743,0.0425720980866297,0.0245239876229534,10,Alive
odd,F+,500,0.488869557189743,0.0183906367765197,0.00672035436450325,10,Alive
odd,F guarded,500,0.488869557189743,0.0211205193936933,0.00739424826132243,10,Alive
odd,New C,500,0.488869557189743,0.0246706215741634,0.0123323240747654,10,Alive
odd,New C with dCor,500,0.488869557189743,0.0209900009973088,0.0110884681338817,10,Alive
even,Codex F,500,0.488869557189743,0.0181703059531888,0.0069261123888063,10,Alive
even,F no distance,500,0.488869557189743,0.0422278409730288,0.0252792558800713,10,Alive
even,F+,500,0.488869557189743,0.0182639462522284,0.00704304069657849,10,Alive
even,F guarded,500,0.488869557189743,0.0208553194226235,0.00760986311807018,10,Alive
even,New C,500,0.488869557189743,0.0242842277623786,0.0126484772839589,10,Alive
even,New C with dCor,500,0.488869557189743,0.02084979615044,0.0113308299204009,10,Alive
all,Codex F,1000,0.58017729615729,0.0154166890135376,0.00464713994416908,10,Alive
all,F no distance,1000,0.58017729615729,0.0389802845655572,0.0235053703843446,10,Alive
all,F+,1000,0.58017729615729,0.0154803954867591,0.00475672098078728,10,Alive
all,F guarded,1000,0.58017729615729,0.0174812718833935,0.00542445929929829,10,Alive
all,New C,1000,0.58017729615729,0.0205361892130951,0.0107869347186714,10,Alive
all,New C with dCor,1000,0.58017729615729,0.0178586268097728,0.0094106921882883,10,Alive
odd,Codex F,1000,0.58017729615729,0.0153654401767126,0.00457156070183917,10,Alive
odd,F no distance,1000,0.58017729615729,0.0390754785517696,0.0230926161565837,10,Alive
odd,F+,1000,0.58017729615729,0.015424054943381,0.00466754491507286,10,Alive
odd,F guarded,1000,0.58017729615729,0.0175242807850506,0.00531917183922977,10,Alive
odd,New C,1000,0.58017729615729,0.0206588957832733,0.0106872229290844,10,Alive
odd,New C with dCor,1000,0.58017729615729,0.0177403940689586,0.00927036323222555,10,Alive
even,Codex F,1000,0.58017729615729,0.0154230350738972,0.00464928668079654,10,Alive
even,F no distance,1000,0.58017729615729,0.0388611265639197,0.0239596740364763,10,Alive
even,F+,1000,0.58017729615729,0.0155012724308471,0.00477984825558695,10,Alive
even,F guarded,1000,0.58017729615729,0.0174361190649262,0.00554318703756228,10,Alive
even,New C,1000,0.58017729615729,0.020386549147162,0.0109058847462212,10,Alive
even,New C with dCor,1000,0.58017729615729,0.0179901772959918,0.00956385819647198,10,Alive
all,Codex F,3000,0.702838216795711,0.0121871890367294,0.00245133332414449,10,Alive
all,F no distance,3000,0.702838216795711,0.03335134190281,0.0208880563053524,10,Alive
all,F+,3000,0.702838216795711,0.0122207043277062,0.00251554998979887,10,Alive
all,F guarded,3000,0.702838216795711,0.0133187005134567,0.00290184227514137,10,Alive
all,New C,3000,0.702838216795711,0.0158719879742193,0.00793344497990555,10,Alive
all,New C with dCor,3000,0.702838216795711,0.0143156308036244,0.00689128038665202,10,Alive
odd,Codex F,3000,0.702838216795711,0.0120777056314427,0.00244375036958004,10,Alive
odd,F no distance,3000,0.702838216795711,0.0334061617386889,0.020514865374736,10,Alive
odd,F+,3000,0.702838216795711,0.0121056733895293,0.00249420084713766,10,Alive
odd,F guarded,3000,0.702838216795711,0.0132205988310567,0.00284926317338887,10,Alive
odd,New C,3000,0.702838216795711,0.0157755085167319,0.0077707745881082,10,Alive
odd,New C with dCor,3000,0.702838216795711,0.0142570974752451,0.00671434844181867,10,Alive
even,Codex F,3000,0.702838216795711,0.0123016649180517,0.00246038764057453,10,Alive
even,F no distance,3000,0.702838216795711,0.033268173327966,0.0213032690589922,10,Alive
even,F+,3000,0.702838216795711,0.0123541057013054,0.00254190892095793,10,Alive
even,F guarded,3000,0.702838216795711,0.0134247007406981,0.00294129867691624,10,Alive
even,New C,3000,0.702838216795711,0.0159269822634999,0.00813839561784584,10,Alive
even,New C with dCor,3000,0.702838216795711,0.0143679094381505,0.00709872536818192,10,Alive
all,Codex F,10000,0.812142298522553,0.00996381253923742,0.00132043079107898,10,Alive
all,F no distance,10000,0.812142298522553,0.0268976332770615,0.0167617384459657,10,Alive
all,F+,10000,0.812142298522553,0.00998154709940139,0.00134417487465409,10,Alive
all,F guarded,10000,0.812142298522553,0.0104488273539723,0.00147420170044236,10,Alive
all,New C,10000,0.812142298522553,0.0124100365196053,0.00527521476742142,10,Alive
all,New C with dCor,10000,0.812142298522553,0.0117193472930263,0.00470689531015968,10,Alive
odd,Codex F,10000,0.812142298522553,0.00985988492459249,0.00123752809924293,10,Alive
odd,F no distance,10000,0.812142298522553,0.0268589733580459,0.0164815289441147,10,Alive
odd,F+,10000,0.812142298522553,0.00988367982734982,0.00126731712306354,10,Alive
odd,F guarded,10000,0.812142298522553,0.0103247002183517,0.00139861441681451,10,Alive
odd,New C,10000,0.812142298522553,0.0123063721667598,0.00511728110112641,10,Alive
odd,New C with dCor,10000,0.812142298522553,0.0116421505032245,0.00462320488406794,10,Alive
even,Codex F,10000,0.812142298522553,0.0100843386083156,0.00141337176649763,10,Alive
even,F no distance,10000,0.812142298522553,0.026888398823394,0.0170458205426019,10,Alive
even,F+,10000,0.812142298522553,0.0100929324250963,0.00143568358399158,10,Alive
even,F guarded,10000,0.812142298522553,0.0105810839323711,0.00156652884685219,10,Alive
even,New C,10000,0.812142298522553,0.0124958506044051,0.00543368473882936,10,Alive
even,New C with dCor,10000,0.812142298522553,0.011797681667721,0.00480117776407507,10,Alive
all,Codex F,1e+05,0.95172669709556,0.00869982868345831,0.000862450731317125,10,Alive
all,F no distance,1e+05,0.95172669709556,0.0134591576840515,0.00518413479174922,10,Alive
all,F+,1e+05,0.95172669709556,0.00870145326789281,0.000865271549586149,10,Alive
all,F guarded,1e+05,0.95172669709556,0.00872826716789821,0.000870981141739923,10,Alive
all,New C,1e+05,0.95172669709556,0.0101445839097136,0.00314467487613247,10,Alive
all,New C with dCor,1e+05,0.95172669709556,0.0100911895496467,0.00306557326109537,10,Alive
odd,Codex F,1e+05,0.95172669709556,0.00860662666835928,0.000821766038673435,10,Alive
odd,F no distance,1e+05,0.95172669709556,0.0133153723038644,0.00504572061822921,10,Alive
odd,F+,1e+05,0.95172669709556,0.00861435162545063,0.000827446134026941,10,Alive
odd,F guarded,1e+05,0.95172669709556,0.00864638954653934,0.000821182096412161,10,Alive
odd,New C,1e+05,0.95172669709556,0.0100760644564058,0.00305451562057149,10,Alive
odd,New C with dCor,1e+05,0.95172669709556,0.0100039565855888,0.00296847628400705,10,Alive
even,Codex F,1e+05,0.95172669709556,0.00880730164931852,0.000905071128408624,10,Alive
even,F no distance,1e+05,0.95172669709556,0.0136144289688884,0.00534120749267095,10,Alive
even,F+,1e+05,0.95172669709556,0.00881147265627694,0.000905881307038315,10,Alive
even,F guarded,1e+05,0.95172669709556,0.00882950879406519,0.000919273878811656,10,Alive
even,New C,1e+05,0.95172669709556,0.0102318686307436,0.00326293153138993,10,Alive
even,New C with dCor,1e+05,0.95172669709556,0.0101923547875094,0.00317459014217149,10,Alive
all,Codex F,Inf,1,0.00856188961868293,0.000802067528280077,10,Alive
all,F no distance,Inf,1,0.00856188961868293,0.000802067528280077,10,Alive
all,F+,Inf,1,0.00856188961868293,0.000802067528280077,10,Alive
all,F guarded,Inf,1,0.00856188961868293,0.000802067528280077,10,Alive
all,New C,Inf,1,0.00987604206569223,0.00264853559996514,10,Alive
all,New C with dCor,Inf,1,0.00987604206569223,0.00264853559996514,10,Alive
odd,Codex F,Inf,1,0.00847307327070529,0.000781552918599905,10,Alive
odd,F no distance,Inf,1,0.00847307327070529,0.000781552918599905,10,Alive
odd,F+,Inf,1,0.00847307327070529,0.000781552918599905,10,Alive
odd,F guarded,Inf,1,0.00847307327070529,0.000781552918599905,10,Alive
odd,New C,Inf,1,0.00977941272228711,0.0025978279411947,10,Alive
odd,New C with dCor,Inf,1,0.00977941272228711,0.0025978279411947,10,Alive
even,Codex F,Inf,1,0.00865892853183046,0.000839031734861139,10,Alive
even,F no distance,Inf,1,0.00865892853183046,0.000839031734861139,10,Alive
even,F+,Inf,1,0.00865892853183046,0.000839031734861139,10,Alive
even,F guarded,Inf,1,0.00865892853183046,0.000839031734861139,10,Alive
even,New C,Inf,1,0.00998316335959519,0.00269856386477888,10,Alive
even,New C with dCor,Inf,1,0.00998316335959519,0.00269856386477888,10,Alive
all,Codex F,0,0,0.0313804144975996,0.0163434943323094,1,Dead
all,F no distance,0,0,0.0313804144975996,0.0163434943323094,1,Dead
all,F+,0,0,0.0314085304655894,0.0165332366614303,1,Dead
all,F guarded,0,0,0.0964898396540097,0.0256383692842341,1,Dead
all,New C,0,0,0.114100402499865,0.0262526292301488,1,Dead
all,New C with dCor,0,0,0.0345684896074912,0.0172450418751938,1,Dead
odd,Codex F,0,0,0.0316538234359926,0.0161019700482371,1,Dead
odd,F no distance,0,0,0.0316538234359926,0.0161019700482371,1,Dead
odd,F+,0,0,0.0316778891928606,0.0163086213541389,1,Dead
odd,F guarded,0,0,0.0980699396727258,0.0253202890973226,1,Dead
odd,New C,0,0,0.115309240095465,0.0258649089907638,1,Dead
odd,New C with dCor,0,0,0.0346864335068299,0.0169741176263998,1,Dead
even,Codex F,0,0,0.0310523904062913,0.0165891344227312,1,Dead
even,F no distance,0,0,0.0310523904062913,0.0165891344227312,1,Dead
even,F+,0,0,0.0311127228837195,0.0167899395893326,1,Dead
even,F guarded,0,0,0.0949755433478063,0.0259693271535332,1,Dead
even,New C,0,0,0.112811581636379,0.0266981042144387,1,Dead
even,New C with dCor,0,0,0.0344415114353902,0.0175646008602686,1,Dead
all,Codex F,3,0.0127721010556141,0.0305607426473758,0.0160575506346838,1,Dead
all,F no distance,3,0.0127721010556141,0.0312458295035325,0.016326432588066,1,Dead
all,F+,3,0.0127721010556141,0.0306122580996167,0.0162664688773387,1,Dead
all,F guarded,3,0.0127721010556141,0.0803557139036455,0.0234210726169551,1,Dead
all,New C,3,0.0127721010556141,0.0976758549646725,0.0247558301736206,1,Dead
all,New C with dCor,3,0.0127721010556141,0.0335185630251872,0.0170024382209928,1,Dead
odd,Codex F,3,0.0127721010556141,0.0307584136558678,0.0158631474607204,1,Dead
odd,F no distance,3,0.0127721010556141,0.0315213458145028,0.0160886895632311,1,Dead
odd,F+,3,0.0127721010556141,0.0308487211521862,0.0160773721047076,1,Dead
odd,F guarded,3,0.0127721010556141,0.0820014760257447,0.0232446740803846,1,Dead
odd,New C,3,0.0127721010556141,0.0989931172700953,0.0244998006889478,1,Dead
odd,New C with dCor,3,0.0127721010556141,0.0337120208906719,0.0167510327477508,1,Dead
even,Codex F,3,0.0127721010556141,0.0303972440666514,0.0163202963231837,1,Dead
even,F no distance,3,0.0127721010556141,0.0309542780220254,0.0165414108279959,1,Dead
even,F+,3,0.0127721010556141,0.0304047168799241,0.016473135015286,1,Dead
even,F guarded,3,0.0127721010556141,0.0787483790255332,0.0236501867365396,1,Dead
even,New C,3,0.0127721010556141,0.0960666915679449,0.0250457250264062,1,Dead
even,New C with dCor,3,0.0127721010556141,0.0332807882382541,0.0172834000933216,1,Dead
all,Codex F,5,0.0237713551275196,0.0297330875950594,0.0156972593569353,1,Dead
all,F no distance,5,0.0237713551275196,0.0311529383878968,0.0163021032411383,1,Dead
all,F+,5,0.0237713551275196,0.0300112297718567,0.0159769938194532,1,Dead
all,F guarded,5,0.0237713551275196,0.0686000588479582,0.0216539140793472,1,Dead
all,New C,5,0.0237713551275196,0.086729622692276,0.023554791040299,1,Dead
all,New C with dCor,5,0.0237713551275196,0.0324848509640794,0.016636462870632,1,Dead
odd,Codex F,5,0.0237713551275196,0.0298885333189459,0.0154598173137484,1,Dead
odd,F no distance,5,0.0237713551275196,0.0313579595401921,0.0160645073417973,1,Dead
odd,F+,5,0.0237713551275196,0.0301946006994873,0.0157555109207397,1,Dead
odd,F guarded,5,0.0237713551275196,0.0701787782587719,0.0215275719691638,1,Dead
odd,New C,5,0.0237713551275196,0.088712952857614,0.0234274574272909,1,Dead
odd,New C with dCor,5,0.0237713551275196,0.0327515865916825,0.016409309494411,1,Dead
even,Codex F,5,0.0237713551275196,0.0295572710952326,0.015960513998876,1,Dead
even,F no distance,5,0.0237713551275196,0.0308832808859048,0.0165268329456646,1,Dead
even,F+,5,0.0237713551275196,0.0297958223000172,0.0162417836691215,1,Dead
even,F guarded,5,0.0237713551275196,0.0674166874949678,0.0218150259347192,1,Dead
even,New C,5,0.0237713551275196,0.0847908665866349,0.0237344422596503,1,Dead
even,New C with dCor,5,0.0237713551275196,0.0322569372663753,0.0168865224092792,1,Dead
all,Codex F,10,0.04732037755993,0.0277749816481042,0.0145744258855285,1,Dead
all,F no distance,10,0.04732037755993,0.0309356969203384,0.0162582883311226,1,Dead
all,F+,10,0.04732037755993,0.0280682923210721,0.014862241493484,1,Dead
all,F guarded,10,0.04732037755993,0.0542127881364271,0.0185329892973491,1,Dead
all,New C,10,0.04732037755993,0.0691791120887492,0.0208194853616369,1,Dead
all,New C with dCor,10,0.04732037755993,0.0303802268809663,0.0155202203145339,1,Dead
odd,Codex F,10,0.04732037755993,0.0280134644074039,0.0144379603394902,1,Dead
odd,F no distance,10,0.04732037755993,0.0311197635124157,0.0160279244256303,1,Dead
odd,F+,10,0.04732037755993,0.0282715057304628,0.0147119602892069,1,Dead
odd,F guarded,10,0.04732037755993,0.0551917569745597,0.0185044608802454,1,Dead
odd,New C,10,0.04732037755993,0.0704813308739145,0.0207003684090635,1,Dead
odd,New C with dCor,10,0.04732037755993,0.0305612043454529,0.0153352271947986,1,Dead
even,Codex F,10,0.04732037755993,0.0274905702728736,0.0147260825100531,1,Dead
even,F no distance,10,0.04732037755993,0.0307011333774225,0.016490735201008,1,Dead
even,F+,10,0.04732037755993,0.0278601630312266,0.0150683823630844,1,Dead
even,F guarded,10,0.04732037755993,0.053832168333429,0.0186010438882936,1,Dead
even,New C,10,0.04732037755993,0.067937541018747,0.0209696266935604,1,Dead
even,New C with dCor,10,0.04732037755993,0.030015810275174,0.0157231361329657,1,Dead
all,Codex F,20,0.0845340102772149,0.026063576425894,0.0132227562086332,1,Dead
all,F no distance,20,0.0845340102772149,0.0306145476518253,0.0161838585390312,1,Dead
all,F+,20,0.0845340102772149,0.0264589003128203,0.0135355614465214,1,Dead
all,F guarded,20,0.0845340102772149,0.0438265282724773,0.0143780206393345,1,Dead
all,New C,20,0.0845340102772149,0.0527590153511133,0.0168221786784728,1,Dead
all,New C with dCor,20,0.0845340102772149,0.0283946349219296,0.0141802710492575,1,Dead
odd,Codex F,20,0.0845340102772149,0.026083530702534,0.0129810770626438,1,Dead
odd,F no distance,20,0.0845340102772149,0.0307767088470524,0.0159355803072773,1,Dead
odd,F+,20,0.0845340102772149,0.0264911202838573,0.0133667448885829,1,Dead
odd,F guarded,20,0.0845340102772149,0.044498148400447,0.0145649520363019,1,Dead
odd,New C,20,0.0845340102772149,0.0535790001586861,0.0168149533478202,1,Dead
odd,New C with dCor,20,0.0845340102772149,0.0285290287335603,0.0140522048205938,1,Dead
even,Codex F,20,0.0845340102772149,0.025889399144574,0.0134050139323368,1,Dead
even,F no distance,20,0.0845340102772149,0.0304351935577089,0.0164560972475116,1,Dead
even,F+,20,0.0845340102772149,0.026348677140721,0.0137747224020107,1,Dead
even,F guarded,20,0.0845340102772149,0.0434893957688769,0.0143112569491016,1,Dead
even,New C,20,0.0845340102772149,0.0517198196934844,0.0166647450554419,1,Dead
even,New C with dCor,20,0.0845340102772149,0.0282940399692333,0.0143806516902946,1,Dead
all,Codex F,30,0.114965864675073,0.0249598307851519,0.0124145901087921,1,Dead
all,F no distance,30,0.114965864675073,0.0303250088944768,0.0161285553476414,1,Dead
all,F+,30,0.114965864675073,0.0253060295015102,0.0127486732271006,1,Dead
all,F guarded,30,0.114965864675073,0.0402049373631413,0.0121290686243788,1,Dead
all,New C,30,0.114965864675073,0.0462631974273232,0.0142389703631791,1,Dead
all,New C with dCor,30,0.114965864675073,0.0272317396850224,0.0134430113051358,1,Dead
odd,Codex F,30,0.114965864675073,0.0249639547085259,0.0122462555044429,1,Dead
odd,F no distance,30,0.114965864675073,0.0304561100137106,0.0158851765485914,1,Dead
odd,F+,30,0.114965864675073,0.0254030510942975,0.0125861702638307,1,Dead
odd,F guarded,30,0.114965864675073,0.0404326580155385,0.0122525136157934,1,Dead
odd,New C,30,0.114965864675073,0.0467165392372926,0.0143475240517867,1,Dead
odd,New C with dCor,30,0.114965864675073,0.0271636160475805,0.0132648305147209,1,Dead
even,Codex F,30,0.114965864675073,0.0249804142316981,0.0126274083136906,1,Dead
even,F no distance,30,0.114965864675073,0.0302692667347173,0.0164101863658016,1,Dead
even,F+,30,0.114965864675073,0.0253047627422508,0.0129437417099928,1,Dead
even,F guarded,30,0.114965864675073,0.0399100530479039,0.0120450706227474,1,Dead
even,New C,30,0.114965864675073,0.045535172264075,0.0141006629015421,1,Dead
even,New C with dCor,30,0.114965864675073,0.0272344348783713,0.0136375216625291,1,Dead
all,Codex F,50,0.164420954037171,0.0233956214173993,0.0114869179855171,1,Dead
all,F no distance,50,0.164420954037171,0.0298506416030686,0.0160322845167271,1,Dead
all,F+,50,0.164420954037171,0.02386784229006,0.0118552037490294,1,Dead
all,F guarded,50,0.164420954037171,0.0363086370503211,0.0103165978694308,1,Dead
all,New C,50,0.164420954037171,0.0410410408210184,0.01187684498666,1,Dead
all,New C with dCor,50,0.164420954037171,0.025731765518985,0.0126353895996897,1,Dead
odd,Codex F,50,0.164420954037171,0.023476853944295,0.0113645813501421,1,Dead
odd,F no distance,50,0.164420954037171,0.0299688162316561,0.0157989211068316,1,Dead
odd,F+,50,0.164420954037171,0.0238864208602042,0.0117172521193503,1,Dead
odd,F guarded,50,0.164420954037171,0.03619568642411,0.0102893541100058,1,Dead
odd,New C,50,0.164420954037171,0.0413868916810542,0.0119007502452051,1,Dead
odd,New C with dCor,50,0.164420954037171,0.0257429428045499,0.0124753773581101,1,Dead
even,Codex F,50,0.164420954037171,0.0233301650382424,0.0116834065378117,1,Dead
even,F no distance,50,0.164420954037171,0.0297127469592845,0.0163073190306688,1,Dead
even,F+,50,0.164420954037171,0.0236988636508711,0.0120144306030395,1,Dead
even,F guarded,50,0.164420954037171,0.036506533555696,0.010319657530973,1,Dead
even,New C,50,0.164420954037171,0.0409184299585946,0.0118375758436915,1,Dead
even,New C with dCor,50,0.164420954037171,0.0256519849876358,0.01277630601934,1,Dead
all,Codex F,75,0.212721321815864,0.0219721973470956,0.010852210289269,1,Dead
all,F no distance,75,0.212721321815864,0.0293573019322041,0.0159465390836508,1,Dead
all,F+,75,0.212721321815864,0.0223608790417184,0.011165814739273,1,Dead
all,F guarded,75,0.212721321815864,0.0329484602381213,0.00956345758488137,1,Dead
all,New C,75,0.212721321815864,0.0375160096758539,0.0109499261926389,1,Dead
all,New C with dCor,75,0.212721321815864,0.024321853483496,0.0121258589712825,1,Dead
odd,Codex F,75,0.212721321815864,0.0220126427385366,0.0106769108797578,1,Dead
odd,F no distance,75,0.212721321815864,0.0294949385390749,0.0156990919805155,1,Dead
odd,F+,75,0.212721321815864,0.0223854911859545,0.0109933047182547,1,Dead
odd,F guarded,75,0.212721321815864,0.0328141800449397,0.00949757822199184,1,Dead
odd,New C,75,0.212721321815864,0.0375113425722337,0.0109026132102122,1,Dead
odd,New C with dCor,75,0.212721321815864,0.0243342037170568,0.0119651188166493,1,Dead
even,Codex F,75,0.212721321815864,0.0219329842342859,0.0109827345355875,1,Dead
even,F no distance,75,0.212721321815864,0.0291537825248719,0.0161945286186213,1,Dead
even,F+,75,0.212721321815864,0.0222550343377997,0.0113036934374543,1,Dead
even,F guarded,75,0.212721321815864,0.0329776408821668,0.00962745300163089,1,Dead
even,New C,75,0.212721321815864,0.0376477317427682,0.0110653600815753,1,Dead
even,New C with dCor,75,0.212721321815864,0.0243114057263211,0.012313144592547,1,Dead
all,Codex F,100,0.25127459019198,0.0208571873948277,0.0103353285149285,1,Dead
all,F no distance,100,0.25127459019198,0.028884078220565,0.0158334835169595,1,Dead
all,F+,100,0.25127459019198,0.0212348740136724,0.0106621584785387,1,Dead
all,F guarded,100,0.25127459019198,0.0304953654670731,0.00916783579466665,1,Dead
all,New C,100,0.25127459019198,0.0347632176042287,0.0106261594095399,1,Dead
all,New C with dCor,100,0.25127459019198,0.023180343608759,0.0118071330677819,1,Dead
odd,Codex F,100,0.25127459019198,0.0209336589486112,0.0102282987663242,1,Dead
odd,F no distance,100,0.25127459019198,0.0290562148072921,0.0156121692512459,1,Dead
odd,F+,100,0.25127459019198,0.0213021016185955,0.0105197277012598,1,Dead
odd,F guarded,100,0.25127459019198,0.0305044732303355,0.00914479285275139,1,Dead
odd,New C,100,0.25127459019198,0.0347240720611384,0.0105254204154718,1,Dead
odd,New C with dCor,100,0.25127459019198,0.0232092698141471,0.0116575581670456,1,Dead
even,Codex F,100,0.25127459019198,0.0207148004169302,0.0103991374599604,1,Dead
even,F no distance,100,0.25127459019198,0.0287187656981424,0.0160816791897744,1,Dead
even,F+,100,0.25127459019198,0.0210933297429409,0.0107192788692609,1,Dead
even,F guarded,100,0.25127459019198,0.0303753461455518,0.00923666327701813,1,Dead
even,New C,100,0.25127459019198,0.0348286814351025,0.0107289309943437,1,Dead
even,New C with dCor,100,0.25127459019198,0.0231030436094656,0.0119687387600999,1,Dead
all,Codex F,150,0.310016638206782,0.0192701380420419,0.00968386682968378,1,Dead
all,F no distance,150,0.310016638206782,0.028240082706569,0.0156520696408807,1,Dead
all,F+,150,0.310016638206782,0.0195719931624507,0.00997978016694757,1,Dead
all,F guarded,150,0.310016638206782,0.0271564571685725,0.00860054032974735,1,Dead
all,New C,150,0.310016638206782,0.0310200496527966,0.0102836088134441,1,Dead
all,New C with dCor,150,0.310016638206782,0.021510296676285,0.0114014373540022,1,Dead
odd,Codex F,150,0.310016638206782,0.0192834389313462,0.00960805323009161,1,Dead
odd,F no distance,150,0.310016638206782,0.028378400257706,0.0154489698415613,1,Dead
odd,F+,150,0.310016638206782,0.0196552409676028,0.00991778886874237,1,Dead
odd,F guarded,150,0.310016638206782,0.0272983583125984,0.00865363136319679,1,Dead
odd,New C,150,0.310016638206782,0.0311243485984867,0.0101209866531022,1,Dead
odd,New C with dCor,150,0.310016638206782,0.021520100145991,0.0112514533669498,1,Dead
even,Codex F,150,0.310016638206782,0.0192522400123642,0.00973008880070412,1,Dead
even,F no distance,150,0.310016638206782,0.0281098979254125,0.0158960123599874,1,Dead
even,F+,150,0.310016638206782,0.0195664433794353,0.0100279210842892,1,Dead
even,F guarded,150,0.310016638206782,0.0270662453188796,0.00871712775744825,1,Dead
even,New C,150,0.310016638206782,0.0310181195353384,0.0104416224015443,1,Dead
even,New C with dCor,150,0.310016638206782,0.0213939506153315,0.0115518675902011,1,Dead
all,Codex F,200,0.353433366065062,0.0181037912700232,0.00921693912827199,1,Dead
all,F no distance,200,0.353433366065062,0.0277704634795857,0.0155421719206745,1,Dead
all,F+,200,0.353433366065062,0.0184224194096866,0.00951368185198595,1,Dead
all,F guarded,200,0.353433366065062,0.0248393952483686,0.008248022177671,1,Dead
all,New C,200,0.353433366065062,0.028526832572407,0.0100887286319872,1,Dead
all,New C with dCor,200,0.353433366065062,0.0203285866903079,0.0111829045294699,1,Dead
odd,Codex F,200,0.353433366065062,0.0180824791601078,0.00915327800987926,1,Dead
odd,F no distance,200,0.353433366065062,0.0279347694345709,0.0153376449881554,1,Dead
odd,F+,200,0.353433366065062,0.0184284226679532,0.00944117098639032,1,Dead
odd,F guarded,200,0.353433366065062,0.0249782664627025,0.00816066370514269,1,Dead
odd,New C,200,0.353433366065062,0.0286840580091911,0.00998872638454148,1,Dead
odd,New C with dCor,200,0.353433366065062,0.0203847096379424,0.0109978174688402,1,Dead
even,Codex F,200,0.353433366065062,0.0180598484846742,0.00925318933534726,1,Dead
even,F no distance,200,0.353433366065062,0.0276133201463568,0.0157964651459319,1,Dead
even,F+,200,0.353433366065062,0.0184067354620737,0.00955128887235016,1,Dead
even,F guarded,200,0.353433366065062,0.0247213867042381,0.00838484496687659,1,Dead
even,New C,200,0.353433366065062,0.0284711011242739,0.0102414633301305,1,Dead
even,New C with dCor,200,0.353433366065062,0.0202880784993386,0.011320149641619,1,Dead
all,Codex F,300,0.414758560482122,0.0166134826964565,0.00859144614450254,1,Dead
all,F no distance,300,0.414758560482122,0.0269993959461464,0.0153518647212692,1,Dead
all,F+,300,0.414758560482122,0.0168826802687287,0.0088597181835132,1,Dead
all,F guarded,300,0.414758560482122,0.0220669658216925,0.00771005355723943,1,Dead
all,New C,300,0.414758560482122,0.0255009340697644,0.00984811050080495,1,Dead
all,New C with dCor,300,0.414758560482122,0.0187622085398575,0.0107897442508692,1,Dead
odd,Codex F,300,0.414758560482122,0.016568083348144,0.00853417188832561,1,Dead
odd,F no distance,300,0.414758560482122,0.0271422677613875,0.0151191792875718,1,Dead
odd,F+,300,0.414758560482122,0.016853686718631,0.00878773047951196,1,Dead
odd,F guarded,300,0.414758560482122,0.0221982894239069,0.00766461575243913,1,Dead
odd,New C,300,0.414758560482122,0.0256384106027523,0.009785656842877,1,Dead
odd,New C with dCor,300,0.414758560482122,0.0187018857957143,0.0105859581535733,1,Dead
even,Codex F,300,0.414758560482122,0.0166215303798378,0.0086281559177626,1,Dead
even,F no distance,300,0.414758560482122,0.026789746785324,0.0156052228058151,1,Dead
even,F+,300,0.414758560482122,0.0168810774685145,0.00889002461330195,1,Dead
even,F guarded,300,0.414758560482122,0.0219146185476449,0.00778661569053955,1,Dead
even,New C,300,0.414758560482122,0.0253534305926159,0.00991637431797618,1,Dead
even,New C with dCor,300,0.414758560482122,0.018805439162689,0.0109827442507359,1,Dead
all,Codex F,500,0.488869557189743,0.0149774791880158,0.00787226423040828,1,Dead
all,F no distance,500,0.488869557189743,0.0260061383629524,0.0150694175936729,1,Dead
all,F+,500,0.488869557189743,0.015216660865784,0.00810336752368959,1,Dead
all,F guarded,500,0.488869557189743,0.0190350311566258,0.00705268230717816,1,Dead
all,New C,500,0.488869557189743,0.0222089332715334,0.00957426402354666,1,Dead
all,New C with dCor,500,0.488869557189743,0.0170647951189256,0.0102843383999015,1,Dead
odd,Codex F,500,0.488869557189743,0.014958860680191,0.00786708994466894,1,Dead
odd,F no distance,500,0.488869557189743,0.026125623882852,0.014827462913418,1,Dead
odd,F+,500,0.488869557189743,0.015177501051135,0.00807044099165849,1,Dead
odd,F guarded,500,0.488869557189743,0.019049726332961,0.00699958657686821,1,Dead
odd,New C,500,0.488869557189743,0.0222822925544609,0.00946416468778874,1,Dead
odd,New C with dCor,500,0.488869557189743,0.0170228306784138,0.0101188084586852,1,Dead
even,Codex F,500,0.488869557189743,0.0149934469779746,0.00787604439262543,1,Dead
even,F no distance,500,0.488869557189743,0.0258699937000402,0.0153535884135703,1,Dead
even,F+,500,0.488869557189743,0.0152396297530048,0.00810308270170047,1,Dead
even,F guarded,500,0.488869557189743,0.0190589544323997,0.00714402721077415,1,Dead
even,New C,500,0.488869557189743,0.0221521646975098,0.00966139440422906,1,Dead
even,New C with dCor,500,0.488869557189743,0.017127932724711,0.0104551529665223,1,Dead
all,Codex F,1000,0.58017729615729,0.0132495666381263,0.00698136479920246,1,Dead
all,F no distance,1000,0.58017729615729,0.0246782433512216,0.0146439136348449,1,Dead
all,F+,1000,0.58017729615729,0.0134218570499164,0.00714395956012023,1,Dead
all,F guarded,1000,0.58017729615729,0.0159867428563724,0.00618273458978709,1,Dead
all,New C,1000,0.58017729615729,0.0188871781396633,0.00914658947039258,1,Dead
all,New C with dCor,1000,0.58017729615729,0.015270818742247,0.00958045624901321,1,Dead
odd,Codex F,1000,0.58017729615729,0.0131721807660082,0.00697680146143371,1,Dead
odd,F no distance,1000,0.58017729615729,0.0247741033146297,0.0144189206045973,1,Dead
odd,F+,1000,0.58017729615729,0.0133369810529122,0.0071551275830101,1,Dead
odd,F guarded,1000,0.58017729615729,0.0159060183059971,0.00619718142697638,1,Dead
odd,New C,1000,0.58017729615729,0.0188280384806785,0.00901305637256059,1,Dead
odd,New C with dCor,1000,0.58017729615729,0.0152074154344184,0.0094690445907027,1,Dead
even,Codex F,1000,0.58017729615729,0.0133373265095751,0.00699203626937825,1,Dead
even,F no distance,1000,0.58017729615729,0.0245619720786128,0.014898208074781,1,Dead
even,F+,1000,0.58017729615729,0.0134973449077003,0.00715039287397479,1,Dead
even,F guarded,1000,0.58017729615729,0.0160958707731899,0.0061715641714199,1,Dead
even,New C,1000,0.58017729615729,0.0189664783081258,0.00924645072772463,1,Dead
even,New C with dCor,1000,0.58017729615729,0.0153515919173041,0.0097162293026127,1,Dead
all,Codex F,3000,0.702838216795711,0.0112581720720296,0.00564869106197377,1,Dead
all,F no distance,3000,0.702838216795711,0.0226017067613667,0.0138092460246305,1,Dead
all,F+,3000,0.702838216795711,0.0113758218623591,0.00575325874631336,1,Dead
all,F guarded,3000,0.702838216795711,0.0126981351882315,0.00505719718004084,1,Dead
all,New C,3000,0.702838216795711,0.0151003877285476,0.00811698504667948,1,Dead
all,New C with dCor,3000,0.702838216795711,0.0131036468232566,0.0083168957137982,1,Dead
odd,Codex F,3000,0.702838216795711,0.0111086942504951,0.00561554033976181,1,Dead
odd,F no distance,3000,0.702838216795711,0.0226687529160109,0.0135714585599004,1,Dead
odd,F+,3000,0.702838216795711,0.0112316591821967,0.00571612299346986,1,Dead
odd,F guarded,3000,0.702838216795711,0.0124962223721627,0.00510191389588305,1,Dead
odd,New C,3000,0.702838216795711,0.0149935891382726,0.00806293933832479,1,Dead
odd,New C with dCor,3000,0.702838216795711,0.0129945034491952,0.00826552715831728,1,Dead
even,Codex F,3000,0.702838216795711,0.0114157145436771,0.00567636244862764,1,Dead
even,F no distance,3000,0.702838216795711,0.0225339871542354,0.0140859717798458,1,Dead
even,F+,3000,0.702838216795711,0.0115349939818277,0.00579426996180855,1,Dead
even,F guarded,3000,0.702838216795711,0.0129095725602393,0.00505529920292461,1,Dead
even,New C,3000,0.702838216795711,0.0153064452225546,0.00819993390467054,1,Dead
even,New C with dCor,3000,0.702838216795711,0.0132216091839669,0.00836145058256505,1,Dead
all,Codex F,10000,0.812142298522553,0.00984900423048923,0.00446345232037808,1,Dead
all,F no distance,10000,0.812142298522553,0.0201699417122863,0.0126925587655831,1,Dead
all,F+,10000,0.812142298522553,0.00991655359136514,0.00451802098282552,1,Dead
all,F guarded,10000,0.812142298522553,0.0104636704755677,0.00406825015832283,1,Dead
all,New C,10000,0.812142298522553,0.012374095551076,0.0068274155618403,1,Dead
all,New C with dCor,10000,0.812142298522553,0.0114558703703953,0.00695621473859587,1,Dead
odd,Codex F,10000,0.812142298522553,0.00970365637663124,0.00445720377133632,1,Dead
odd,F no distance,10000,0.812142298522553,0.0201703058142489,0.0124778794088646,1,Dead
odd,F+,10000,0.812142298522553,0.00976189764764124,0.00451158691099759,1,Dead
odd,F guarded,10000,0.812142298522553,0.0102803918384705,0.00403248841567322,1,Dead
odd,New C,10000,0.812142298522553,0.0122752167381811,0.00682032220514381,1,Dead
odd,New C with dCor,10000,0.812142298522553,0.0113164522507998,0.00689438379932341,1,Dead
even,Codex F,10000,0.812142298522553,0.0100160481223763,0.00446677617038609,1,Dead
even,F no distance,10000,0.812142298522553,0.0201999261947209,0.0129349212022417,1,Dead
even,F+,10000,0.812142298522553,0.0100710331071368,0.00451788221623244,1,Dead
even,F guarded,10000,0.812142298522553,0.010674863647996,0.00408743029145608,1,Dead
even,New C,10000,0.812142298522553,0.0124598744321124,0.00681860074600436,1,Dead
even,New C with dCor,10000,0.812142298522553,0.0116092345060096,0.00702463153830897,1,Dead
all,Codex F,1e+05,0.95172669709556,0.00916783872229115,0.00342742298211882,1,Dead
all,F no distance,1e+05,0.95172669709556,0.0133777573310502,0.00859740071037791,1,Dead
all,F+,1e+05,0.95172669709556,0.00917209981257755,0.0034315379254759,1,Dead
all,F guarded,1e+05,0.95172669709556,0.00920683370368373,0.00336745264915612,1,Dead
all,New C,1e+05,0.95172669709556,0.0106714879301278,0.00558489218753206,1,Dead
all,New C with dCor,1e+05,0.95172669709556,0.0106155754227118,0.0056049069190863,1,Dead
odd,Codex F,1e+05,0.95172669709556,0.00902660267226931,0.00344710564291147,1,Dead
odd,F no distance,1e+05,0.95172669709556,0.0132417325991469,0.00846671295373869,1,Dead
odd,F+,1e+05,0.95172669709556,0.00903255110445334,0.00345366297121362,1,Dead
odd,F guarded,1e+05,0.95172669709556,0.00907790649342402,0.00337055505625353,1,Dead
odd,New C,1e+05,0.95172669709556,0.0105574864621947,0.00555791333526784,1,Dead
odd,New C with dCor,1e+05,0.95172669709556,0.0104911425125679,0.0055858838551026,1,Dead
even,Codex F,1e+05,0.95172669709556,0.00932780154120427,0.00339885809181735,1,Dead
even,F no distance,1e+05,0.95172669709556,0.0135419975314855,0.00873953719441134,1,Dead
even,F+,1e+05,0.95172669709556,0.00932649482000121,0.00340511210486014,1,Dead
even,F guarded,1e+05,0.95172669709556,0.00935509261602169,0.00335001974575067,1,Dead
even,New C,1e+05,0.95172669709556,0.0108072884409685,0.00561478466104433,1,Dead
even,New C with dCor,1e+05,0.95172669709556,0.0107477326096958,0.0056527719465819,1,Dead
all,Codex F,Inf,1,0.00926195097756322,0.00304984936172563,1,Dead
all,F no distance,Inf,1,0.00926195097756322,0.00304984936172563,1,Dead
all,F+,Inf,1,0.00926195097756322,0.00304984936172563,1,Dead
all,F guarded,Inf,1,0.00926195097756322,0.00304984936172563,1,Dead
all,New C,Inf,1,0.010818755878863,0.00488789885535292,1,Dead
all,New C with dCor,Inf,1,0.010818755878863,0.00488789885535292,1,Dead
odd,Codex F,Inf,1,0.0091342282727365,0.00306475658288258,1,Dead
odd,F no distance,Inf,1,0.0091342282727365,0.00306475658288258,1,Dead
odd,F+,Inf,1,0.0091342282727365,0.00306475658288258,1,Dead
odd,F guarded,Inf,1,0.0091342282727365,0.00306475658288258,1,Dead
odd,New C,Inf,1,0.0106878062738029,0.00485394677465333,1,Dead
odd,New C with dCor,Inf,1,0.0106878062738029,0.00485394677465333,1,Dead
even,Codex F,Inf,1,0.00940317249266784,0.00303707801787085,1,Dead
even,F no distance,Inf,1,0.00940317249266784,0.00303707801787085,1,Dead
even,F+,Inf,1,0.00940317249266784,0.00303707801787085,1,Dead
even,F guarded,Inf,1,0.00940317249266784,0.00303707801787085,1,Dead
even,New C,Inf,1,0.0109373041462994,0.00491499213621891,1,Dead
even,New C with dCor,Inf,1,0.0109373041462994,0.00491499213621891,1,Dead
all,Codex F,0,0,0.0422519588857125,0.0207350266488058,2,Dead
all,F no distance,0,0,0.0422519588857125,0.0207350266488058,2,Dead
all,F+,0,0,0.0422058232902753,0.0207546819514717,2,Dead
all,F guarded,0,0,0.0980667027654929,0.0253112385259099,2,Dead
all,New C,0,0,0.118195318415269,0.0224074015101132,2,Dead
all,New C with dCor,0,0,0.0450703062119086,0.0213414348195708,2,Dead
odd,Codex F,0,0,0.0427888393058449,0.0205016835432371,2,Dead
odd,F no distance,0,0,0.0427888393058449,0.0205016835432371,2,Dead
odd,F+,0,0,0.0426848090082772,0.0205127848196111,2,Dead
odd,F guarded,0,0,0.0990956978355245,0.0249406336744805,2,Dead
odd,New C,0,0,0.11904200677525,0.0220301945020308,2,Dead
odd,New C with dCor,0,0,0.0456093971842788,0.0211393292852976,2,Dead
even,Codex F,0,0,0.041677393330554,0.0210131217076602,2,Dead
even,F no distance,0,0,0.041677393330554,0.0210131217076602,2,Dead
even,F+,0,0,0.041593604896774,0.0210260736292312,2,Dead
even,F guarded,0,0,0.0969551869572722,0.0256830446662233,2,Dead
even,New C,0,0,0.117140053523779,0.0228712825018276,2,Dead
even,New C with dCor,0,0,0.0445080075133707,0.0215559550217436,2,Dead
all,Codex F,3,0.0127721010556141,0.041386279271614,0.0203820397691225,2,Dead
all,F no distance,3,0.0127721010556141,0.0421005064660749,0.0207088643101363,2,Dead
all,F+,3,0.0127721010556141,0.0413394378249552,0.0204161047573762,2,Dead
all,F guarded,3,0.0127721010556141,0.0842673138652176,0.0225714480765554,2,Dead
all,New C,3,0.0127721010556141,0.102348600563616,0.0207973112327583,2,Dead
all,New C with dCor,3,0.0127721010556141,0.0438763113815325,0.0210119522107901,2,Dead
odd,Codex F,3,0.0127721010556141,0.0418244668676688,0.0201656393613058,2,Dead
odd,F no distance,3,0.0127721010556141,0.0426767890989186,0.0204846393727129,2,Dead
odd,F+,3,0.0127721010556141,0.0418209239285534,0.02020705894145,2,Dead
odd,F guarded,3,0.0127721010556141,0.0859710525783265,0.0223769711464276,2,Dead
odd,New C,3,0.0127721010556141,0.103776539007514,0.0205589710452872,2,Dead
odd,New C with dCor,3,0.0127721010556141,0.0445241298011985,0.0208102709084009,2,Dead
even,Codex F,3,0.0127721010556141,0.0408716923169822,0.0205924968856506,2,Dead
even,F no distance,3,0.0127721010556141,0.0415418864842719,0.0209893927166497,2,Dead
even,F+,3,0.0127721010556141,0.0408571079504286,0.0206545774535199,2,Dead
even,F guarded,3,0.0127721010556141,0.0820884834033008,0.0227984399470277,2,Dead
even,New C,3,0.0127721010556141,0.100600107046121,0.0210528843426154,2,Dead
even,New C with dCor,3,0.0127721010556141,0.0432150224624765,0.0212325801235982,2,Dead
all,Codex F,5,0.0237713551275196,0.0402043517555684,0.0198000648612183,2,Dead
all,F no distance,5,0.0237713551275196,0.0420036516180355,0.0206917334774233,2,Dead
all,F+,5,0.0237713551275196,0.0403253772342373,0.0199103379245928,2,Dead
all,F guarded,5,0.0237713551275196,0.0738555465960574,0.0208274349552612,2,Dead
all,New C,5,0.0237713551275196,0.0919336936896612,0.0196093295318581,2,Dead
all,New C with dCor,5,0.0237713551275196,0.0426244490426619,0.0204501181533791,2,Dead
odd,Codex F,5,0.0237713551275196,0.0406439199245926,0.0195758555612584,2,Dead
odd,F no distance,5,0.0237713551275196,0.0425537471500027,0.0204561764544336,2,Dead
odd,F+,5,0.0237713551275196,0.0408189928210532,0.0196880690110904,2,Dead
odd,F guarded,5,0.0237713551275196,0.0758085353602797,0.0206859438599423,2,Dead
odd,New C,5,0.0237713551275196,0.0937993042019997,0.0194976947756066,2,Dead
odd,New C with dCor,5,0.0237713551275196,0.0431305081729549,0.0202245108863216,2,Dead
even,Codex F,5,0.0237713551275196,0.0397079266835358,0.0199766956377852,2,Dead
even,F no distance,5,0.0237713551275196,0.0414422423716144,0.0209645152917701,2,Dead
even,F+,5,0.0237713551275196,0.0398188144229113,0.0200892496227048,2,Dead
even,F guarded,5,0.0237713551275196,0.0718416422537233,0.0210146151217297,2,Dead
even,New C,5,0.0237713551275196,0.0900431500071885,0.0197255205515029,2,Dead
even,New C with dCor,5,0.0237713551275196,0.0420547785568465,0.0206820009825803,2,Dead
all,Codex F,10,0.04732037755993,0.0381045918457741,0.0182183567387538,2,Dead
all,F no distance,10,0.04732037755993,0.041800701787255,0.0206476327695471,2,Dead
all,F+,10,0.04732037755993,0.0381799477967745,0.0183353018148861,2,Dead
all,F guarded,10,0.04732037755993,0.0615699831023135,0.0176079653849313,2,Dead
all,New C,10,0.04732037755993,0.0747619011541988,0.0170031674392786,2,Dead
all,New C with dCor,10,0.04732037755993,0.0404045756458656,0.0189587037347725,2,Dead
odd,Codex F,10,0.04732037755993,0.0385100497054791,0.0180410920693828,2,Dead
odd,F no distance,10,0.04732037755993,0.042281976345656,0.0204124170860744,2,Dead
odd,F+,10,0.04732037755993,0.0385984141471588,0.0181729486045532,2,Dead
odd,F guarded,10,0.04732037755993,0.063183832662621,0.0176570585672109,2,Dead
odd,New C,10,0.04732037755993,0.0762164728469502,0.0169736749477747,2,Dead
odd,New C with dCor,10,0.04732037755993,0.0408468716637892,0.0187878588774017,2,Dead
even,Codex F,10,0.04732037755993,0.0377339387586982,0.0184473526986572,2,Dead
even,F no distance,10,0.04732037755993,0.0412389273276211,0.0209182411268377,2,Dead
even,F+,10,0.04732037755993,0.0378415878759563,0.0185674252746456,2,Dead
even,F guarded,10,0.04732037755993,0.0602786766864112,0.0175585311211479,2,Dead
even,New C,10,0.04732037755993,0.0737978093694287,0.0171024648536336,2,Dead
even,New C with dCor,10,0.04732037755993,0.039869862598482,0.0191390056624338,2,Dead
all,Codex F,20,0.0845340102772149,0.0361800997451592,0.0165240273915148,2,Dead
all,F no distance,20,0.0845340102772149,0.0414587149722235,0.0205816784363894,2,Dead
all,F+,20,0.0845340102772149,0.0363405755939538,0.0167048398683336,2,Dead
all,F guarded,20,0.0845340102772149,0.0523714526138015,0.0136237258641928,2,Dead
all,New C,20,0.0845340102772149,0.0607951252002315,0.0140522092384,2,Dead
all,New C with dCor,20,0.0845340102772149,0.0382504755137261,0.0172018149642498,2,Dead
odd,Codex F,20,0.0845340102772149,0.0365211167318338,0.0163925645013361,2,Dead
odd,F no distance,20,0.0845340102772149,0.0419732445615194,0.0203412632675229,2,Dead
odd,F+,20,0.0845340102772149,0.0366317891179609,0.0165594222849776,2,Dead
odd,F guarded,20,0.0845340102772149,0.0527968715495354,0.0137179966697401,2,Dead
odd,New C,20,0.0845340102772149,0.0615385626618592,0.0140004042967928,2,Dead
odd,New C with dCor,20,0.0845340102772149,0.0385738251891535,0.0170801221771802,2,Dead
even,Codex F,20,0.0845340102772149,0.035854289609811,0.0166600280867214,2,Dead
even,F no distance,20,0.0845340102772149,0.0408803090502619,0.0208588985096685,2,Dead
even,F+,20,0.0845340102772149,0.035919266198459,0.0168305144980771,2,Dead
even,F guarded,20,0.0845340102772149,0.0519062874101447,0.013576908202017,2,Dead
even,New C,20,0.0845340102772149,0.0595348050807986,0.0140699487614575,2,Dead
even,New C with dCor,20,0.0845340102772149,0.0378113564092245,0.0173753723275752,2,Dead
all,Codex F,30,0.114965864675073,0.0350177236246696,0.0155229305006486,2,Dead
all,F no distance,30,0.114965864675073,0.0411291324557735,0.0205248922144838,2,Dead
all,F+,30,0.114965864675073,0.0351212704775902,0.0156745622468779,2,Dead
all,F guarded,30,0.114965864675073,0.0490386158250632,0.0116940904499317,2,Dead
all,New C,30,0.114965864675073,0.0546368767002855,0.0125042780830554,2,Dead
all,New C with dCor,30,0.114965864675073,0.0369775465495387,0.0162069745764331,2,Dead
odd,Codex F,30,0.114965864675073,0.0352692024640737,0.0154511577370234,2,Dead
odd,F no distance,30,0.114965864675073,0.0416151644949984,0.0202809813593661,2,Dead
odd,F+,30,0.114965864675073,0.0353845993259027,0.0155996571721986,2,Dead
odd,F guarded,30,0.114965864675073,0.0495531302632915,0.0117671298649587,2,Dead
odd,New C,30,0.114965864675073,0.0553500269765906,0.012510781299187,2,Dead
odd,New C with dCor,30,0.114965864675073,0.0373109759406897,0.0160841868865454,2,Dead
even,Codex F,30,0.114965864675073,0.034693443780551,0.0156305542846852,2,Dead
even,F no distance,30,0.114965864675073,0.0405833172264078,0.0208154249199011,2,Dead
even,F+,30,0.114965864675073,0.0347893158260971,0.0157821743615548,2,Dead
even,F guarded,30,0.114965864675073,0.0485370914989364,0.0116671548493369,2,Dead
even,New C,30,0.114965864675073,0.0540645975300481,0.0124977033005717,2,Dead
even,New C with dCor,30,0.114965864675073,0.0366343345678305,0.0163442140420645,2,Dead
all,Codex F,50,0.164420954037171,0.0332904057008791,0.0143140945366132,2,Dead
all,F no distance,50,0.164420954037171,0.0406430382220482,0.0204568661863028,2,Dead
all,F+,50,0.164420954037171,0.0333740305721104,0.0144607908081818,2,Dead
all,F guarded,50,0.164420954037171,0.0451908147483954,0.0103816748163438,2,Dead
all,New C,50,0.164420954037171,0.0495891627440536,0.011120374779368,2,Dead
all,New C with dCor,50,0.164420954037171,0.0352368633683457,0.0151283330810137,2,Dead
odd,Codex F,50,0.164420954037171,0.0335337573122431,0.014236174768417,2,Dead
odd,F no distance,50,0.164420954037171,0.0411260296323568,0.0201875896458248,2,Dead
odd,F+,50,0.164420954037171,0.0337073789582595,0.0144007588203102,2,Dead
odd,F guarded,50,0.164420954037171,0.0453670711750368,0.0103568020041549,2,Dead
odd,New C,50,0.164420954037171,0.0500604130668257,0.0110793033732657,2,Dead
odd,New C with dCor,50,0.164420954037171,0.0355817838521304,0.0150882083304985,2,Dead
even,Codex F,50,0.164420954037171,0.0330090023060557,0.0143738704876216,2,Dead
even,F no distance,50,0.164420954037171,0.0400986666096385,0.0207319437517352,2,Dead
even,F+,50,0.164420954037171,0.0330866977399507,0.0145410259573363,2,Dead
even,F guarded,50,0.164420954037171,0.0449237323983556,0.0104130105541119,2,Dead
even,New C,50,0.164420954037171,0.0491982723086437,0.01117945015551,2,Dead
even,New C with dCor,50,0.164420954037171,0.034892245425269,0.0151644931154361,2,Dead
all,Codex F,75,0.212721321815864,0.0315463456899573,0.0134482462852863,2,Dead
all,F no distance,75,0.212721321815864,0.0400635111516367,0.0203658077823461,2,Dead
all,F+,75,0.212721321815864,0.031694519292379,0.0136089363723109,2,Dead
all,F guarded,75,0.212721321815864,0.0419030226538481,0.00985978545122315,2,Dead
all,New C,75,0.212721321815864,0.0460531364246803,0.010575321497014,2,Dead
all,New C with dCor,75,0.212721321815864,0.0334479975230569,0.0143745959776523,2,Dead
odd,Codex F,75,0.212721321815864,0.0318108259940082,0.0133322088281026,2,Dead
odd,F no distance,75,0.212721321815864,0.0405396083316408,0.0201067409951277,2,Dead
odd,F+,75,0.212721321815864,0.0319584805222671,0.0134988293220256,2,Dead
odd,F guarded,75,0.212721321815864,0.0420946036751638,0.00976298880348119,2,Dead
odd,New C,75,0.212721321815864,0.046382794925862,0.0105118565055339,2,Dead
odd,New C with dCor,75,0.212721321815864,0.0336754570710406,0.0143008015159185,2,Dead
even,Codex F,75,0.212721321815864,0.0312259144617287,0.0135586827523145,2,Dead
even,F no distance,75,0.212721321815864,0.0395938427195356,0.0206216746301691,2,Dead
even,F+,75,0.212721321815864,0.0312876417677843,0.0136991532868989,2,Dead
even,F guarded,75,0.212721321815864,0.0415804458709533,0.00989672991423347,2,Dead
even,New C,75,0.212721321815864,0.0457550435145785,0.010677136613982,2,Dead
even,New C with dCor,75,0.212721321815864,0.0331201353858763,0.0144317347261636,2,Dead
all,Codex F,100,0.25127459019198,0.0301960430950325,0.0129265275679953,2,Dead
all,F no distance,100,0.25127459019198,0.039638424476835,0.0202905210511995,2,Dead
all,F+,100,0.25127459019198,0.0303213403396525,0.0130877043213122,2,Dead
all,F guarded,100,0.25127459019198,0.0394791398859283,0.00961239742029626,2,Dead
all,New C,100,0.25127459019198,0.0433858722547326,0.0103466848003068,2,Dead
all,New C with dCor,100,0.25127459019198,0.0320265667217247,0.0139571650541357,2,Dead
odd,Codex F,100,0.25127459019198,0.0304607832834004,0.012845058787474,2,Dead
odd,F no distance,100,0.25127459019198,0.0400852374752452,0.020051986692385,2,Dead
odd,F+,100,0.25127459019198,0.0305475267214241,0.013017165787346,2,Dead
odd,F guarded,100,0.25127459019198,0.0398005786104199,0.00954599683306078,2,Dead
odd,New C,100,0.25127459019198,0.0437772404141065,0.010240467115173,2,Dead
odd,New C with dCor,100,0.25127459019198,0.0322307166823238,0.0138514866377357,2,Dead
even,Codex F,100,0.25127459019198,0.0298897547702571,0.0129940294223671,2,Dead
even,F no distance,100,0.25127459019198,0.0391688107481744,0.0205502883736337,2,Dead
even,F+,100,0.25127459019198,0.0300145251768359,0.0131407812743481,2,Dead
even,F guarded,100,0.25127459019198,0.0391358057637015,0.00963390117902744,2,Dead
even,New C,100,0.25127459019198,0.0430121844154354,0.0104595047086654,2,Dead
even,New C with dCor,100,0.25127459019198,0.0317759633532694,0.0140317800129903,2,Dead
all,Codex F,150,0.310016638206782,0.0281730127143897,0.0122615107100232,2,Dead
all,F no distance,150,0.310016638206782,0.0388088627029285,0.0201079077595825,2,Dead
all,F+,150,0.310016638206782,0.0282440619202038,0.0124086526544682,2,Dead
all,F guarded,150,0.310016638206782,0.0360684193813708,0.00925196817352782,2,Dead
all,New C,150,0.310016638206782,0.0394883346043901,0.0101845784364664,2,Dead
all,New C with dCor,150,0.310016638206782,0.0297054494903186,0.0134505752567982,2,Dead
odd,Codex F,150,0.310016638206782,0.028423727310466,0.0121909185605497,2,Dead
odd,F no distance,150,0.310016638206782,0.0392154005255676,0.0198791248208347,2,Dead
odd,F+,150,0.310016638206782,0.0285164919958872,0.0123368989163912,2,Dead
odd,F guarded,150,0.310016638206782,0.0365300574430002,0.00922339667070211,2,Dead
odd,New C,150,0.310016638206782,0.039878221011273,0.0100403074683911,2,Dead
odd,New C with dCor,150,0.310016638206782,0.0299073245658358,0.0133494463173447,2,Dead
even,Codex F,150,0.310016638206782,0.0279280753651735,0.0123396108300632,2,Dead
even,F no distance,150,0.310016638206782,0.0384398977873946,0.0204061628470617,2,Dead
even,F+,150,0.310016638206782,0.0279594091307724,0.0124604272624586,2,Dead
even,F guarded,150,0.310016638206782,0.035621569965208,0.00932089185843664,2,Dead
even,New C,150,0.310016638206782,0.0390697957990687,0.0102464445466823,2,Dead
even,New C with dCor,150,0.310016638206782,0.0294965501567083,0.0135847960036144,2,Dead
all,Codex F,200,0.353433366065062,0.0266637964834691,0.0117746960277637,2,Dead
all,F no distance,200,0.353433366065062,0.0382368227839652,0.0200112687517294,2,Dead
all,F+,200,0.353433366065062,0.0267388785832749,0.0119222546211964,2,Dead
all,F guarded,200,0.353433366065062,0.033677159113586,0.00901635115071523,2,Dead
all,New C,200,0.353433366065062,0.0367052465893154,0.010055526160237,2,Dead
all,New C with dCor,200,0.353433366065062,0.0280557912632813,0.0131590498304996,2,Dead
odd,Codex F,200,0.353433366065062,0.0269147440067538,0.0117254362043836,2,Dead
odd,F no distance,200,0.353433366065062,0.0386067905931042,0.0197734569498138,2,Dead
odd,F+,200,0.353433366065062,0.0269789289633374,0.0118432034350367,2,Dead
odd,F guarded,200,0.353433366065062,0.0341478068615752,0.0089420162941687,2,Dead
odd,New C,200,0.353433366065062,0.0371821041880364,0.00997115087608011,2,Dead
odd,New C with dCor,200,0.353433366065062,0.0283319683085362,0.0130403500924446,2,Dead
even,Codex F,200,0.353433366065062,0.0263936426260855,0.0118160245842141,2,Dead
even,F no distance,200,0.353433366065062,0.0378682187273566,0.020230351920747,2,Dead
even,F+,200,0.353433366065062,0.0264674596857209,0.0119599026714578,2,Dead
even,F guarded,200,0.353433366065062,0.0330721611737306,0.00909674284258525,2,Dead
even,New C,200,0.353433366065062,0.0362270773980679,0.0101590597206126,2,Dead
even,New C with dCor,200,0.353433366065062,0.0277512319037898,0.0132892466006851,2,Dead
all,Codex F,300,0.414758560482122,0.0245096217308936,0.0112089933757862,2,Dead
all,F no distance,300,0.414758560482122,0.0374074932002048,0.0198049411484876,2,Dead
all,F+,300,0.414758560482122,0.0245885662376624,0.0113349588514835,2,Dead
all,F guarded,300,0.414758560482122,0.0304965909295614,0.00866170375377623,2,Dead
all,New C,300,0.414758560482122,0.0332227180161533,0.00994203301674187,2,Dead
all,New C with dCor,300,0.414758560482122,0.0257559473518148,0.0127663803336811,2,Dead
odd,Codex F,300,0.414758560482122,0.024731066234195,0.0111589415393705,2,Dead
odd,F no distance,300,0.414758560482122,0.0377533371058245,0.0195873401762785,2,Dead
odd,F+,300,0.414758560482122,0.0247900759444982,0.0112681148217061,2,Dead
odd,F guarded,300,0.414758560482122,0.0309599129500332,0.00862279749229105,2,Dead
odd,New C,300,0.414758560482122,0.033664643884883,0.00986765396093884,2,Dead
odd,New C with dCor,300,0.414758560482122,0.026008194834459,0.0126692840414397,2,Dead
even,Codex F,300,0.414758560482122,0.0242850401503825,0.0112618528057523,2,Dead
even,F no distance,300,0.414758560482122,0.0370590178877453,0.0200602051437475,2,Dead
even,F+,300,0.414758560482122,0.0243436623914545,0.011396282344445,2,Dead
even,F guarded,300,0.414758560482122,0.0299875901805739,0.00869552669802324,2,Dead
even,New C,300,0.414758560482122,0.0327304253910518,0.00999692624876597,2,Dead
even,New C with dCor,300,0.414758560482122,0.0255127321898902,0.0128750800190743,2,Dead
all,Codex F,500,0.488869557189743,0.0220214314074214,0.0104635616115819,2,Dead
all,F no distance,500,0.488869557189743,0.0362984300374844,0.0195413293980292,2,Dead
all,F+,500,0.488869557189743,0.0220797881330565,0.0105949496210754,2,Dead
all,F guarded,500,0.488869557189743,0.0268592400497546,0.0082185073585103,2,Dead
all,New C,500,0.488869557189743,0.0291337355017258,0.00982850265026449,2,Dead
all,New C with dCor,500,0.488869557189743,0.0231534376173076,0.0122479560693209,2,Dead
odd,Codex F,500,0.488869557189743,0.0221965772190627,0.0104070374779851,2,Dead
odd,F no distance,500,0.488869557189743,0.0365579042997513,0.0193196761410718,2,Dead
odd,F+,500,0.488869557189743,0.0222930833621084,0.0105581624892707,2,Dead
odd,F guarded,500,0.488869557189743,0.0272446591428428,0.00820232938235529,2,Dead
odd,New C,500,0.488869557189743,0.0294952441057737,0.0097439179174006,2,Dead
odd,New C with dCor,500,0.488869557189743,0.0233471098131317,0.0121702944780038,2,Dead
even,Codex F,500,0.488869557189743,0.0218452717651964,0.0104986899949831,2,Dead
even,F no distance,500,0.488869557189743,0.036016149406234,0.019813998712536,2,Dead
even,F+,500,0.488869557189743,0.0218973007332222,0.0106335438932472,2,Dead
even,F guarded,500,0.488869557189743,0.0265224588446719,0.00829746951674006,2,Dead
even,New C,500,0.488869557189743,0.0286120177152223,0.00990480023892162,2,Dead
even,New C with dCor,500,0.488869557189743,0.0229580687460463,0.012386857351775,2,Dead
all,Codex F,1000,0.58017729615729,0.0191753929521062,0.00952359125711664,2,Dead
all,F no distance,1000,0.58017729615729,0.0347496324908311,0.0191438696416641,2,Dead
all,F+,1000,0.58017729615729,0.0192146030971901,0.00962497990316132,2,Dead
all,F guarded,1000,0.58017729615729,0.0227052115285044,0.00766833226944856,2,Dead
all,New C,1000,0.58017729615729,0.0245283751570843,0.00969058003554182,2,Dead
all,New C with dCor,1000,0.58017729615729,0.020357673102179,0.0115983582282276,2,Dead
odd,Codex F,1000,0.58017729615729,0.0192660043467222,0.00945914799215385,2,Dead
odd,F no distance,1000,0.58017729615729,0.0349383009825828,0.0189205385139108,2,Dead
odd,F+,1000,0.58017729615729,0.0193247033438278,0.00957908169300171,2,Dead
odd,F guarded,1000,0.58017729615729,0.0229328688201393,0.00768655292115991,2,Dead
odd,New C,1000,0.58017729615729,0.0247697425049512,0.00964696841388654,2,Dead
odd,New C with dCor,1000,0.58017729615729,0.0204349365574062,0.0115157418004893,2,Dead
even,Codex F,1000,0.58017729615729,0.0190761489619875,0.00956152466561671,2,Dead
even,F no distance,1000,0.58017729615729,0.0345144440925299,0.0193789130873259,2,Dead
even,F+,1000,0.58017729615729,0.0191046968198286,0.00966551102475051,2,Dead
even,F guarded,1000,0.58017729615729,0.0224264573753522,0.00771031897172703,2,Dead
even,New C,1000,0.58017729615729,0.0242747970383576,0.00975448367291523,2,Dead
even,New C with dCor,1000,0.58017729615729,0.0202461911179482,0.0117267714218938,2,Dead
all,Codex F,3000,0.702838216795711,0.0156354179783992,0.00805047621360177,2,Dead
all,F no distance,3000,0.702838216795711,0.0321651184483038,0.0183640988213797,2,Dead
all,F+,3000,0.702838216795711,0.0156983724704709,0.0081227223495897,2,Dead
all,F guarded,3000,0.702838216795711,0.0174628751671971,0.00672139247082508,2,Dead
all,New C,3000,0.702838216795711,0.0189435308053773,0.00916035008505871,2,Dead
all,New C with dCor,3000,0.702838216795711,0.0168676796053341,0.010370518622569,2,Dead
odd,Codex F,3000,0.702838216795711,0.0156506027979485,0.00802009856048998,2,Dead
odd,F no distance,3000,0.702838216795711,0.0322827102917281,0.0181628392143141,2,Dead
odd,F+,3000,0.702838216795711,0.015696306968212,0.0080785056943303,2,Dead
odd,F guarded,3000,0.702838216795711,0.0175036281318235,0.0067186127941126,2,Dead
odd,New C,3000,0.702838216795711,0.0189609950033007,0.00911408039814115,2,Dead
odd,New C with dCor,3000,0.702838216795711,0.0168031704717413,0.0103020782517174,2,Dead
even,Codex F,3000,0.702838216795711,0.0156305453404451,0.00808492396363381,2,Dead
even,F no distance,3000,0.702838216795711,0.0320728775806545,0.0186065746738911,2,Dead
even,F+,3000,0.702838216795711,0.0156920159569268,0.0081789427322788,2,Dead
even,F guarded,3000,0.702838216795711,0.0174103029228248,0.00677162026164041,2,Dead
even,New C,3000,0.702838216795711,0.0189220597964231,0.00922677110028052,2,Dead
even,New C with dCor,3000,0.702838216795711,0.0169204935045144,0.0104424830952347,2,Dead
all,Codex F,10000,0.812142298522553,0.0128811838540263,0.00652319440677818,2,Dead
all,F no distance,10000,0.812142298522553,0.0290146812233699,0.0171841433717123,2,Dead
all,F+,10000,0.812142298522553,0.0129299238680492,0.00657593919556613,2,Dead
all,F guarded,10000,0.812142298522553,0.0135882498786473,0.00573277875365414,2,Dead
all,New C,10000,0.812142298522553,0.0150146301925463,0.00819317288547304,2,Dead
all,New C with dCor,10000,0.812142298522553,0.0142306639791544,0.00884767825676354,2,Dead
odd,Codex F,10000,0.812142298522553,0.0128290141522369,0.00648221314371225,2,Dead
odd,F no distance,10000,0.812142298522553,0.029057347448332,0.016984104881741,2,Dead
odd,F+,10000,0.812142298522553,0.0128722381772712,0.00653532006520587,2,Dead
odd,F guarded,10000,0.812142298522553,0.0135659162278475,0.00567562334350191,2,Dead
odd,New C,10000,0.812142298522553,0.0149997721639669,0.00814585637915556,2,Dead
odd,New C with dCor,10000,0.812142298522553,0.0141330009673488,0.00875015364613307,2,Dead
even,Codex F,10000,0.812142298522553,0.0129410477715797,0.00658971803415515,2,Dead
even,F no distance,10000,0.812142298522553,0.0289875940422107,0.0173564408902741,2,Dead
even,F+,10000,0.812142298522553,0.0129872017956754,0.00662460096927911,2,Dead
even,F guarded,10000,0.812142298522553,0.0136241988268445,0.00578242052391655,2,Dead
even,New C,10000,0.812142298522553,0.0150409423529243,0.00824808748456792,2,Dead
even,New C with dCor,10000,0.812142298522553,0.0143589247757203,0.00895938043827788,2,Dead
all,Codex F,1e+05,0.95172669709556,0.0112037183202092,0.00508558436287865,2,Dead
all,F no distance,1e+05,0.95172669709556,0.0189338979161049,0.0121082249868445,2,Dead
all,F+,1e+05,0.95172669709556,0.0112045186067364,0.00508989692407402,2,Dead
all,F guarded,1e+05,0.95172669709556,0.0112349255602448,0.00492895683690486,2,Dead
all,New C,1e+05,0.95172669709556,0.0126499433141417,0.00724860044247554,2,Dead
all,New C with dCor,1e+05,0.95172669709556,0.0126209399068282,0.00736090746950519,2,Dead
odd,Codex F,1e+05,0.95172669709556,0.0111435205859951,0.00506164504299829,2,Dead
odd,F no distance,1e+05,0.95172669709556,0.0188322817828671,0.0119597967803477,2,Dead
odd,F+,1e+05,0.95172669709556,0.0111435381379171,0.00506399495712443,2,Dead
odd,F guarded,1e+05,0.95172669709556,0.0111865324734678,0.00489249937093904,2,Dead
odd,New C,1e+05,0.95172669709556,0.0125809215368405,0.00715157620567048,2,Dead
odd,New C with dCor,1e+05,0.95172669709556,0.0125586098575637,0.00727534213242411,2,Dead
even,Codex F,1e+05,0.95172669709556,0.0112725683334292,0.00511475603397275,2,Dead
even,F no distance,1e+05,0.95172669709556,0.0190348905975041,0.0122633094639688,2,Dead
even,F+,1e+05,0.95172669709556,0.0112734341451492,0.00512069370602778,2,Dead
even,F guarded,1e+05,0.95172669709556,0.0112926494996837,0.00497075573754996,2,Dead
even,New C,1e+05,0.95172669709556,0.0127097808212088,0.00734010152517997,2,Dead
even,New C with dCor,1e+05,0.95172669709556,0.0126727300534821,0.00744297945083058,2,Dead
all,Codex F,Inf,1,0.0108194059220106,0.00450381753817337,2,Dead
all,F no distance,Inf,1,0.0108194059220106,0.00450381753817337,2,Dead
all,F+,Inf,1,0.0108194059220106,0.00450381753817337,2,Dead
all,F guarded,Inf,1,0.0108194059220106,0.00450381753817337,2,Dead
all,New C,Inf,1,0.0120820899755947,0.00650944615397398,2,Dead
all,New C with dCor,Inf,1,0.0120820899755947,0.00650944615397398,2,Dead
odd,Codex F,Inf,1,0.0107771311240035,0.00449850270286499,2,Dead
odd,F no distance,Inf,1,0.0107771311240035,0.00449850270286499,2,Dead
odd,F+,Inf,1,0.0107771311240035,0.00449850270286499,2,Dead
odd,F guarded,Inf,1,0.0107771311240035,0.00449850270286499,2,Dead
odd,New C,Inf,1,0.0120389781559438,0.00645842322379278,2,Dead
odd,New C with dCor,Inf,1,0.0120389781559438,0.00645842322379278,2,Dead
even,Codex F,Inf,1,0.0108579532923112,0.00451028048844013,2,Dead
even,F no distance,Inf,1,0.0108579532923112,0.00451028048844013,2,Dead
even,F+,Inf,1,0.0108579532923112,0.00451028048844013,2,Dead
even,F guarded,Inf,1,0.0108579532923112,0.00451028048844013,2,Dead
even,New C,Inf,1,0.0121346176950946,0.00655105407726261,2,Dead
even,New C with dCor,Inf,1,0.0121346176950946,0.00655105407726261,2,Dead
all,Codex F,0,0,0.0317647975253044,0.0147977994290915,3,Dead
all,F no distance,0,0,0.0317647975253044,0.0147977994290915,3,Dead
all,F+,0,0,0.0316795593989897,0.014892787401944,3,Dead
all,F guarded,0,0,0.0926629998148247,0.0235670643732389,3,Dead
all,New C,0,0,0.109808163314636,0.0242342963056155,3,Dead
all,New C with dCor,0,0,0.0347231814869747,0.0156137545069833,3,Dead
odd,Codex F,0,0,0.0320399821628666,0.0147005687365797,3,Dead
odd,F no distance,0,0,0.0320399821628666,0.0147005687365797,3,Dead
odd,F+,0,0,0.0319741483217386,0.0148186189170713,3,Dead
odd,F guarded,0,0,0.0940341265339627,0.023439392824939,3,Dead
odd,New C,0,0,0.110726897476261,0.024117126182312,3,Dead
odd,New C with dCor,0,0,0.0349717624942872,0.0155253765519468,3,Dead
even,Codex F,0,0,0.031461453593268,0.0148914874658278,3,Dead
even,F no distance,0,0,0.031461453593268,0.0148914874658278,3,Dead
even,F+,0,0,0.0313570039181861,0.0149743060362228,3,Dead
even,F guarded,0,0,0.0913436536756954,0.0236661295188315,3,Dead
even,New C,0,0,0.108841133381257,0.0243635781207652,3,Dead
even,New C with dCor,0,0,0.0344875444054672,0.0157411459846149,3,Dead
all,Codex F,3,0.0127721010556141,0.0309193723756359,0.0145979641992363,3,Dead
all,F no distance,3,0.0127721010556141,0.0316651434451577,0.01477702907738,3,Dead
all,F+,3,0.0127721010556141,0.0308836580398396,0.0147178956016087,3,Dead
all,F guarded,3,0.0127721010556141,0.0774360116372721,0.0214910627410972,3,Dead
all,New C,3,0.0127721010556141,0.0941682150027868,0.022828554821971,3,Dead
all,New C with dCor,3,0.0127721010556141,0.0336559513897127,0.0154159942370968,3,Dead
odd,Codex F,3,0.0127721010556141,0.0312372671795391,0.0145049575762958,3,Dead
odd,F no distance,3,0.0127721010556141,0.0319427440985798,0.0146879815668936,3,Dead
odd,F+,3,0.0127721010556141,0.0311953036510433,0.014640042102629,3,Dead
odd,F guarded,3,0.0127721010556141,0.0790050128912128,0.0214993654042581,3,Dead
odd,New C,3,0.0127721010556141,0.0953034682340594,0.0228364083388098,3,Dead
odd,New C with dCor,3,0.0127721010556141,0.033887818373703,0.0152911939042694,3,Dead
even,Codex F,3,0.0127721010556141,0.0305446193628159,0.0146637509632315,3,Dead
even,F no distance,3,0.0127721010556141,0.0313395440968431,0.0148634597670957,3,Dead
even,F+,3,0.0127721010556141,0.0305232271167599,0.0147758905883986,3,Dead
even,F guarded,3,0.0127721010556141,0.0761703990549583,0.0215371564131461,3,Dead
even,New C,3,0.0127721010556141,0.0927909339735852,0.0228212773611884,3,Dead
even,New C with dCor,3,0.0127721010556141,0.0333522160043708,0.0155406307613324,3,Dead
all,Codex F,5,0.0237713551275196,0.0299258724646278,0.0142667775913094,3,Dead
all,F no distance,5,0.0237713551275196,0.0315516946200314,0.0147547907401329,3,Dead
all,F+,5,0.0237713551275196,0.0300756272009779,0.0144323168680693,3,Dead
all,F guarded,5,0.0237713551275196,0.0663302307336893,0.019947972951961,3,Dead
all,New C,5,0.0237713551275196,0.0837336397003036,0.0218093834579742,3,Dead
all,New C with dCor,5,0.0237713551275196,0.032585033266814,0.0150913358872125,3,Dead
odd,Codex F,5,0.0237713551275196,0.0301996154657321,0.0141516495473634,3,Dead
odd,F no distance,5,0.0237713551275196,0.0318614654157991,0.0146787957402171,3,Dead
odd,F+,5,0.0237713551275196,0.030422535367897,0.0143653566423696,3,Dead
odd,F guarded,5,0.0237713551275196,0.0677712617766037,0.0199713018225923,3,Dead
odd,New C,5,0.0237713551275196,0.0852829196448822,0.0218995520319223,3,Dead
odd,New C with dCor,5,0.0237713551275196,0.0328527567731343,0.0149847674155334,3,Dead
even,Codex F,5,0.0237713551275196,0.0296079027661167,0.0143486780619557,3,Dead
even,F no distance,5,0.0237713551275196,0.0312725761630918,0.0148466934470116,3,Dead
even,F+,5,0.0237713551275196,0.0297896206874079,0.0145312902381539,3,Dead
even,F guarded,5,0.0237713551275196,0.0654070123066305,0.0199962563089233,3,Dead
even,New C,5,0.0237713551275196,0.0819624724615181,0.0217706989315885,3,Dead
even,New C with dCor,5,0.0237713551275196,0.0322023893630075,0.0151920129430323,3,Dead
all,Codex F,10,0.04732037755993,0.0278703739388383,0.0130934343317386,3,Dead
all,F no distance,10,0.04732037755993,0.0313634155205581,0.0147216509515061,3,Dead
all,F+,10,0.04732037755993,0.0280634331220898,0.0133241929875576,3,Dead
all,F guarded,10,0.04732037755993,0.0530473424455708,0.0171886695244556,3,Dead
all,New C,10,0.04732037755993,0.067397619340021,0.0194156012222592,3,Dead
all,New C with dCor,10,0.04732037755993,0.0303793942200169,0.014032505994214,3,Dead
odd,Codex F,10,0.04732037755993,0.0280760494964368,0.0130313092004358,3,Dead
odd,F no distance,10,0.04732037755993,0.0316493263867024,0.0146514424364567,3,Dead
odd,F+,10,0.04732037755993,0.0282535423856191,0.0132555963635451,3,Dead
odd,F guarded,10,0.04732037755993,0.0537092512110903,0.0172537337339103,3,Dead
odd,New C,10,0.04732037755993,0.0683232081551818,0.0194680013370794,3,Dead
odd,New C with dCor,10,0.04732037755993,0.0305544560249833,0.0139660305090775,3,Dead
even,Codex F,10,0.04732037755993,0.0275914063220045,0.0131411618364462,3,Dead
even,F no distance,10,0.04732037755993,0.0310137860984916,0.0148024453809796,3,Dead
even,F+,10,0.04732037755993,0.0277929018076563,0.0133541579668968,3,Dead
even,F guarded,10,0.04732037755993,0.0529282775739451,0.0171968063196147,3,Dead
even,New C,10,0.04732037755993,0.0657811513102153,0.0192384595293224,3,Dead
even,New C with dCor,10,0.04732037755993,0.0300890632679665,0.0141439126715097,3,Dead
all,Codex F,20,0.0845340102772149,0.0261543152041422,0.0119261558944156,3,Dead
all,F no distance,20,0.0845340102772149,0.0310056702083671,0.0146420241402839,3,Dead
all,F+,20,0.0845340102772149,0.0264949217571868,0.0121895886672452,3,Dead
all,F guarded,20,0.0845340102772149,0.0430371095697822,0.0133734609638699,3,Dead
all,New C,20,0.0845340102772149,0.0519163456627652,0.015717846146247,3,Dead
all,New C with dCor,20,0.0845340102772149,0.0284033735343292,0.0128300559742165,3,Dead
odd,Codex F,20,0.0845340102772149,0.0263261574501938,0.0119632399070045,3,Dead
odd,F no distance,20,0.0845340102772149,0.0312976335635334,0.0145844145000771,3,Dead
odd,F+,20,0.0845340102772149,0.0266683530746965,0.0121936523144718,3,Dead
odd,F guarded,20,0.0845340102772149,0.0436600940977336,0.013604182597152,3,Dead
odd,New C,20,0.0845340102772149,0.0525488277509774,0.0159258023690335,3,Dead
odd,New C with dCor,20,0.0845340102772149,0.0285550502344317,0.0127914758637799,3,Dead
even,Codex F,20,0.0845340102772149,0.0261151005290703,0.0119864493168753,3,Dead
even,F no distance,20,0.0845340102772149,0.0307041968447489,0.0147435209317094,3,Dead
even,F+,20,0.0845340102772149,0.0263676294822399,0.0121965166434948,3,Dead
even,F guarded,20,0.0845340102772149,0.0428249764410451,0.0132092086857947,3,Dead
even,New C,20,0.0845340102772149,0.0508553615005655,0.0154451152341304,3,Dead
even,New C with dCor,20,0.0845340102772149,0.0282211088810936,0.0128886285591668,3,Dead
all,Codex F,30,0.114965864675073,0.0250874462012116,0.0112142749544627,3,Dead
all,F no distance,30,0.114965864675073,0.0306969705112992,0.0145932064774567,3,Dead
all,F+,30,0.114965864675073,0.0254161128885532,0.0114868271811117,3,Dead
all,F guarded,30,0.114965864675073,0.0397053001438254,0.0112777070366004,3,Dead
all,New C,30,0.114965864675073,0.0454893272135627,0.0132380622609351,3,Dead
all,New C with dCor,30,0.114965864675073,0.0271558845756252,0.0121113799028432,3,Dead
odd,Codex F,30,0.114965864675073,0.0251478047055637,0.0111946010930538,3,Dead
odd,F no distance,30,0.114965864675073,0.0309709839790787,0.0145098878016779,3,Dead
odd,F+,30,0.114965864675073,0.0255163410788943,0.0114652891722777,3,Dead
odd,F guarded,30,0.114965864675073,0.0398591764671034,0.0113881388612926,3,Dead
odd,New C,30,0.114965864675073,0.0460282116928182,0.0134597415020533,3,Dead
odd,New C with dCor,30,0.114965864675073,0.0274168806242488,0.0121118063861228,3,Dead
even,Codex F,30,0.114965864675073,0.0250071333199151,0.0112917902446866,3,Dead
even,F no distance,30,0.114965864675073,0.0304062538079631,0.014710508547439,3,Dead
even,F+,30,0.114965864675073,0.0252206392221137,0.0115237880773236,3,Dead
even,F guarded,30,0.114965864675073,0.0394551528552534,0.0111612093336401,3,Dead
even,New C,30,0.114965864675073,0.0450271913700232,0.0130737335133906,3,Dead
even,New C with dCor,30,0.114965864675073,0.0270242390630094,0.0121979277763554,3,Dead
all,Codex F,50,0.164420954037171,0.0235038276189706,0.0103527957930923,3,Dead
all,F no distance,50,0.164420954037171,0.0301476537978893,0.0145011973161072,3,Dead
all,F+,50,0.164420954037171,0.0238333852129514,0.0106166979232853,3,Dead
all,F guarded,50,0.164420954037171,0.035952490191108,0.0094815130986516,3,Dead
all,New C,50,0.164420954037171,0.0404528964223433,0.0110616256738443,3,Dead
all,New C with dCor,50,0.164420954037171,0.0255521093081998,0.0113823038187797,3,Dead
odd,Codex F,50,0.164420954037171,0.0235027392592968,0.0102657896802863,3,Dead
odd,F no distance,50,0.164420954037171,0.0303911749995766,0.0144260303520463,3,Dead
odd,F+,50,0.164420954037171,0.023915979534183,0.0105659139871367,3,Dead
odd,F guarded,50,0.164420954037171,0.0358743361515936,0.00941877975811473,3,Dead
odd,New C,50,0.164420954037171,0.0408340839536892,0.0111223464090016,3,Dead
odd,New C with dCor,50,0.164420954037171,0.025668166130097,0.011349864971484,3,Dead
even,Codex F,50,0.164420954037171,0.0233674349186269,0.0104645071823799,3,Dead
even,F no distance,50,0.164420954037171,0.0299030685835875,0.0146110946285117,3,Dead
even,F+,50,0.164420954037171,0.0237183814537928,0.0107081277210219,3,Dead
even,F guarded,50,0.164420954037171,0.0360260321199226,0.00946898928644273,3,Dead
even,New C,50,0.164420954037171,0.0402796762551038,0.0110333093306962,3,Dead
even,New C with dCor,50,0.164420954037171,0.0255190918741735,0.0114596407992149,3,Dead
all,Codex F,75,0.212721321815864,0.0219904085144634,0.00971894614352372,3,Dead
all,F no distance,75,0.212721321815864,0.0296679998372975,0.014397665444307,3,Dead
all,F+,75,0.212721321815864,0.0223193569620479,0.00998068946889074,3,Dead
all,F guarded,75,0.212721321815864,0.0327072333441203,0.00875932748562362,3,Dead
all,New C,75,0.212721321815864,0.0368945249932582,0.0101296454702209,3,Dead
all,New C with dCor,75,0.212721321815864,0.0240501818609207,0.0109436737217805,3,Dead
odd,Codex F,75,0.212721321815864,0.0220458824184567,0.00964090911499958,3,Dead
odd,F no distance,75,0.212721321815864,0.0299013519423142,0.0143042438901377,3,Dead
odd,F+,75,0.212721321815864,0.0223688005721153,0.0098849582561152,3,Dead
odd,F guarded,75,0.212721321815864,0.0326312733780191,0.00871405773877915,3,Dead
odd,New C,75,0.212721321815864,0.0369987443186242,0.0100810885216657,3,Dead
odd,New C with dCor,75,0.212721321815864,0.0240909135784288,0.0108343734142072,3,Dead
even,Codex F,75,0.212721321815864,0.0219791493702918,0.00982244874872978,3,Dead
even,F no distance,75,0.212721321815864,0.0294589374297929,0.0145175987481841,3,Dead
even,F+,75,0.212721321815864,0.0221955868250045,0.0100490655004813,3,Dead
even,F guarded,75,0.212721321815864,0.0326454729196618,0.00882547230503393,3,Dead
even,New C,75,0.212721321815864,0.0369124434930129,0.0102207562228902,3,Dead
even,New C with dCor,75,0.212721321815864,0.024010950668047,0.0110041037470065,3,Dead
all,Codex F,100,0.25127459019198,0.0208639991289573,0.00926177947430243,3,Dead
all,F no distance,100,0.25127459019198,0.0292748362152347,0.0143072371329402,3,Dead
all,F+,100,0.25127459019198,0.0211317114314221,0.00950457465234731,3,Dead
all,F guarded,100,0.25127459019198,0.0302288215351565,0.00840015240628709,3,Dead
all,New C,100,0.25127459019198,0.0342492313692179,0.0097722864926548,3,Dead
all,New C with dCor,100,0.25127459019198,0.022822517499955,0.0106111058968162,3,Dead
odd,Codex F,100,0.25127459019198,0.0209602689178896,0.00920763805954818,3,Dead
odd,F no distance,100,0.25127459019198,0.0294642434604509,0.0142155050306074,3,Dead
odd,F+,100,0.25127459019198,0.0212375805683915,0.00943958440967606,3,Dead
odd,F guarded,100,0.25127459019198,0.0302538978469506,0.00829966965739163,3,Dead
odd,New C,100,0.25127459019198,0.034197206183246,0.00970186754056668,3,Dead
odd,New C with dCor,100,0.25127459019198,0.0228977268386398,0.010567805292911,3,Dead
even,Codex F,100,0.25127459019198,0.0207280736787626,0.00930975208033277,3,Dead
even,F no distance,100,0.25127459019198,0.0290676632468803,0.0144241420245718,3,Dead
even,F+,100,0.25127459019198,0.0210312780780955,0.00956075926931942,3,Dead
even,F guarded,100,0.25127459019198,0.0301335618858667,0.00847803588228712,3,Dead
even,New C,100,0.25127459019198,0.034156124714858,0.00986195811221864,3,Dead
even,New C with dCor,100,0.25127459019198,0.022769848277647,0.0106972865425914,3,Dead
all,Codex F,150,0.310016638206782,0.0191583556109882,0.00864860292468731,3,Dead
all,F no distance,150,0.310016638206782,0.028565355335922,0.0141838096657591,3,Dead
all,F+,150,0.310016638206782,0.0194226303354727,0.00889543542628131,3,Dead
all,F guarded,150,0.310016638206782,0.026887205968754,0.00789264199238064,3,Dead
all,New C,150,0.310016638206782,0.0303833539228378,0.00946389277934461,3,Dead
all,New C with dCor,150,0.310016638206782,0.0210424400841377,0.010232709234671,3,Dead
odd,Codex F,150,0.310016638206782,0.0192198999763029,0.00863981988619132,3,Dead
odd,F no distance,150,0.310016638206782,0.0287676937930565,0.0140853832402298,3,Dead
odd,F+,150,0.310016638206782,0.0195435022342965,0.00885002673149149,3,Dead
odd,F guarded,150,0.310016638206782,0.0270356648453764,0.00780285007204108,3,Dead
odd,New C,150,0.310016638206782,0.0305933164711656,0.00936359371153111,3,Dead
odd,New C with dCor,150,0.310016638206782,0.0209618809035359,0.0101676382076611,3,Dead
even,Codex F,150,0.310016638206782,0.0191303789502943,0.00869303810670341,3,Dead
even,F no distance,150,0.310016638206782,0.0283871510111758,0.0142936798807722,3,Dead
even,F+,150,0.310016638206782,0.0193458268713939,0.00889366349016386,3,Dead
even,F guarded,150,0.310016638206782,0.0266689231046448,0.00795222297846253,3,Dead
even,New C,150,0.310016638206782,0.0302558060133802,0.00961482596011258,3,Dead
even,New C with dCor,150,0.310016638206782,0.0210094716429928,0.0103322701334602,3,Dead
all,Codex F,200,0.353433366065062,0.0179574742777268,0.00821272684473166,3,Dead
all,F no distance,200,0.353433366065062,0.0279881200276864,0.0140276522864706,3,Dead
all,F+,200,0.353433366065062,0.0182456501312406,0.00845301434771011,3,Dead
all,F guarded,200,0.353433366065062,0.0245510350969923,0.00747566168861074,3,Dead
all,New C,200,0.353433366065062,0.0278005210003058,0.00926400536223071,3,Dead
all,New C with dCor,200,0.353433366065062,0.0198089736377038,0.0100033703960497,3,Dead
odd,Codex F,200,0.353433366065062,0.0180141589769631,0.00824219409774924,3,Dead
odd,F no distance,200,0.353433366065062,0.0281391852824182,0.0139508422957984,3,Dead
odd,F+,200,0.353433366065062,0.0182732425921225,0.0084612033128378,3,Dead
odd,F guarded,200,0.353433366065062,0.0247328175646167,0.00744561546559936,3,Dead
odd,New C,200,0.353433366065062,0.0280529097276527,0.00918896081421855,3,Dead
odd,New C with dCor,200,0.353433366065062,0.0197482403713672,0.00992288656939655,3,Dead
even,Codex F,200,0.353433366065062,0.0179199880614183,0.00824990299713229,3,Dead
even,F no distance,200,0.353433366065062,0.0278872664347194,0.0141540381827662,3,Dead
even,F+,200,0.353433366065062,0.018189987101041,0.00844801328092451,3,Dead
even,F guarded,200,0.353433366065062,0.0243378110069584,0.00756081073017739,3,Dead
even,New C,200,0.353433366065062,0.0275901124503998,0.00937799724047379,3,Dead
even,New C with dCor,200,0.353433366065062,0.0198346111928998,0.0100666383956111,3,Dead
all,Codex F,300,0.414758560482122,0.0163953624166261,0.00769596132958058,3,Dead
all,F no distance,300,0.414758560482122,0.0271886142926487,0.0138456427831037,3,Dead
all,F+,300,0.414758560482122,0.0166007828991603,0.0078808076440329,3,Dead
all,F guarded,300,0.414758560482122,0.0216984406180897,0.00698447925914987,3,Dead
all,New C,300,0.414758560482122,0.0246436000800029,0.00901294298980304,3,Dead
all,New C with dCor,300,0.414758560482122,0.0180720398683997,0.00965657604257262,3,Dead
odd,Codex F,300,0.414758560482122,0.0163689485840994,0.00765092562327661,3,Dead
odd,F no distance,300,0.414758560482122,0.0272962511027606,0.0137420395444511,3,Dead
odd,F+,300,0.414758560482122,0.0165391425261092,0.00783545979296663,3,Dead
odd,F guarded,300,0.414758560482122,0.02187904913421,0.00693421143071976,3,Dead
odd,New C,300,0.414758560482122,0.0249287203219417,0.00903936820035318,3,Dead
odd,New C with dCor,300,0.414758560482122,0.018057405856565,0.00958480239550065,3,Dead
even,Codex F,300,0.414758560482122,0.0163892456533825,0.00770840098341451,3,Dead
even,F no distance,300,0.414758560482122,0.0270417295915043,0.0139662627670601,3,Dead
even,F+,300,0.414758560482122,0.0166113169704986,0.00790849766692087,3,Dead
even,F guarded,300,0.414758560482122,0.0215503746678936,0.00707048544745461,3,Dead
even,New C,300,0.414758560482122,0.0243891571357372,0.00912986821424166,3,Dead
even,New C with dCor,300,0.414758560482122,0.0181164949719172,0.00974247487315249,3,Dead
all,Codex F,500,0.488869557189743,0.0146088523182856,0.00701727592069006,3,Dead
all,F no distance,500,0.488869557189743,0.026266144652392,0.0136115776924571,3,Dead
all,F+,500,0.488869557189743,0.0148074956618665,0.00717898147005856,3,Dead
all,F guarded,500,0.488869557189743,0.0186184720205671,0.00634603694338749,3,Dead
all,New C,500,0.488869557189743,0.0212825461967172,0.0087243623995955,3,Dead
all,New C with dCor,500,0.488869557189743,0.0162595776684104,0.0091616195660005,3,Dead
odd,Codex F,500,0.488869557189743,0.0146121634303222,0.00697811831365967,3,Dead
odd,F no distance,500,0.488869557189743,0.02632048513008,0.0134748188489333,3,Dead
odd,F+,500,0.488869557189743,0.0147753107703246,0.00714124597646551,3,Dead
odd,F guarded,500,0.488869557189743,0.0186900403375142,0.00631817958415983,3,Dead
odd,New C,500,0.488869557189743,0.0213239426733695,0.00869578322851196,3,Dead
odd,New C with dCor,500,0.488869557189743,0.0161715513735846,0.00911169252221339,3,Dead
even,Codex F,500,0.488869557189743,0.0145974246036767,0.00704732720131829,3,Dead
even,F no distance,500,0.488869557189743,0.0261598806180154,0.0137304928143281,3,Dead
even,F+,500,0.488869557189743,0.0147877470795714,0.00722259437942481,3,Dead
even,F guarded,500,0.488869557189743,0.0186345354764507,0.00647224619592418,3,Dead
even,New C,500,0.488869557189743,0.0211256855023292,0.00882189187821281,3,Dead
even,New C with dCor,500,0.488869557189743,0.0162783484808405,0.00924370136930297,3,Dead
all,Codex F,1000,0.58017729615729,0.0126996198011614,0.00615986635635466,3,Dead
all,F no distance,1000,0.58017729615729,0.0248915365334483,0.0131562303903448,3,Dead
all,F+,1000,0.58017729615729,0.01284514995056,0.00627348673945504,3,Dead
all,F guarded,1000,0.58017729615729,0.0154792025942505,0.00557708382142733,3,Dead
all,New C,1000,0.58017729615729,0.0178078813359581,0.00830322153558361,3,Dead
all,New C with dCor,1000,0.58017729615729,0.014303941432501,0.0085326572057713,3,Dead
odd,Codex F,1000,0.58017729615729,0.0126509198361516,0.00610965042475585,3,Dead
odd,F no distance,1000,0.58017729615729,0.0249978519524703,0.013091819731584,3,Dead
odd,F+,1000,0.58017729615729,0.0127839543407979,0.00623473511403496,3,Dead
odd,F guarded,1000,0.58017729615729,0.0154433426327461,0.00552001269534275,3,Dead
odd,New C,1000,0.58017729615729,0.0178031513448096,0.00825325087521742,3,Dead
odd,New C with dCor,1000,0.58017729615729,0.0142518179319218,0.00846800238080151,3,Dead
even,Codex F,1000,0.58017729615729,0.0127327150363257,0.00619011046983984,3,Dead
even,F no distance,1000,0.58017729615729,0.0247427321390919,0.0132322909376737,3,Dead
even,F+,1000,0.58017729615729,0.0128759174363103,0.00630444873704838,3,Dead
even,F guarded,1000,0.58017729615729,0.0155324596909924,0.00564317609119313,3,Dead
even,New C,1000,0.58017729615729,0.0178537459639236,0.00836087510140021,3,Dead
even,New C with dCor,1000,0.58017729615729,0.0143438818199245,0.00863496277695173,3,Dead
all,Codex F,3000,0.702838216795711,0.0105333049188286,0.00493249763785345,3,Dead
all,F no distance,3000,0.702838216795711,0.022631185039462,0.012374151068328,3,Dead
all,F+,3000,0.702838216795711,0.0106370067849631,0.00499764957475993,3,Dead
all,F guarded,3000,0.702838216795711,0.0119183062456179,0.00445942418910724,3,Dead
all,New C,3000,0.702838216795711,0.0139260292657714,0.0072905126077724,3,Dead
all,New C with dCor,3000,0.702838216795711,0.0120275515578089,0.00735331494909699,3,Dead
odd,Codex F,3000,0.702838216795711,0.010447346898221,0.00485042135804046,3,Dead
odd,F no distance,3000,0.702838216795711,0.0226898995819157,0.0123001659776789,3,Dead
odd,F+,3000,0.702838216795711,0.0105444116623504,0.00490547878512098,3,Dead
odd,F guarded,3000,0.702838216795711,0.011808375558151,0.00444627322512637,3,Dead
odd,New C,3000,0.702838216795711,0.0138107061087697,0.00726627009644066,3,Dead
odd,New C with dCor,3000,0.702838216795711,0.0118963669781141,0.0072913103142826,3,Dead
even,Codex F,3000,0.702838216795711,0.0106523453428413,0.00503447712100029,3,Dead
even,F no distance,3000,0.702838216795711,0.0226167625970443,0.0124811226933201,3,Dead
even,F+,3000,0.702838216795711,0.0107427855617536,0.00511400983275269,3,Dead
even,F guarded,3000,0.702838216795711,0.0120316059980448,0.00449085484486518,3,Dead
even,New C,3000,0.702838216795711,0.0140657289646711,0.00732510673971733,3,Dead
even,New C with dCor,3000,0.702838216795711,0.0121608524584507,0.00744604529196001,3,Dead
all,Codex F,10000,0.812142298522553,0.00898351185211161,0.00385941442287658,3,Dead
all,F no distance,10000,0.812142298522553,0.020036611600417,0.0113198122280727,3,Dead
all,F+,10000,0.812142298522553,0.00904153848318148,0.00390029856033814,3,Dead
all,F guarded,10000,0.812142298522553,0.00955795611707391,0.00353379043486658,3,Dead
all,New C,10000,0.812142298522553,0.0111621084326628,0.00604472830208503,3,Dead
all,New C with dCor,10000,0.812142298522553,0.0103109248089819,0.00604825142460516,3,Dead
odd,Codex F,10000,0.812142298522553,0.00887305826435791,0.00378802461477699,3,Dead
odd,F no distance,10000,0.812142298522553,0.0200014243809136,0.0112018048293431,3,Dead
odd,F+,10000,0.812142298522553,0.0089354563990589,0.00382696712955425,3,Dead
odd,F guarded,10000,0.812142298522553,0.00944595323042029,0.00345800065506574,3,Dead
odd,New C,10000,0.812142298522553,0.0110887256825607,0.00598935087109185,3,Dead
odd,New C with dCor,10000,0.812142298522553,0.0101959861304356,0.00598453931332888,3,Dead
even,Codex F,10000,0.812142298522553,0.00910401569574633,0.0039366325525615,3,Dead
even,F no distance,10000,0.812142298522553,0.0200768533977419,0.0114367332544557,3,Dead
even,F+,10000,0.812142298522553,0.00915846023539783,0.00397891530516684,3,Dead
even,F guarded,10000,0.812142298522553,0.00970254524124447,0.00362913976053324,3,Dead
even,New C,10000,0.812142298522553,0.0112404848141545,0.00608424910180559,3,Dead
even,New C with dCor,10000,0.812142298522553,0.0104214641094945,0.00611675954873684,3,Dead
all,Codex F,1e+05,0.95172669709556,0.00819163655142662,0.00293918599156162,3,Dead
all,F no distance,1e+05,0.95172669709556,0.0126881743172788,0.00738943034469465,3,Dead
all,F+,1e+05,0.95172669709556,0.00819486296046604,0.00294501011976076,3,Dead
all,F guarded,1e+05,0.95172669709556,0.00825457316577679,0.00286993041665087,3,Dead
all,New C,1e+05,0.95172669709556,0.00952379292918401,0.00484250778123159,3,Dead
all,New C with dCor,1e+05,0.95172669709556,0.00945759624795503,0.00483203375771189,3,Dead
odd,Codex F,1e+05,0.95172669709556,0.00808920652516124,0.00290359641374055,3,Dead
odd,F no distance,1e+05,0.95172669709556,0.0125715252983294,0.00729645954085448,3,Dead
odd,F+,1e+05,0.95172669709556,0.00809604875336415,0.00291035729435375,3,Dead
odd,F guarded,1e+05,0.95172669709556,0.00815886288359655,0.00282446963463124,3,Dead
odd,New C,1e+05,0.95172669709556,0.00945083050322452,0.00481112266548961,3,Dead
odd,New C with dCor,1e+05,0.95172669709556,0.00937659724436773,0.00481502534922164,3,Dead
even,Codex F,1e+05,0.95172669709556,0.00830642965476257,0.00297807080420552,3,Dead
even,F no distance,1e+05,0.95172669709556,0.0128102752218835,0.00749761679203347,3,Dead
even,F+,1e+05,0.95172669709556,0.00830691636091781,0.00298267307907548,3,Dead
even,F guarded,1e+05,0.95172669709556,0.00837061136158872,0.002920490726767,3,Dead
even,New C,1e+05,0.95172669709556,0.0095963015316196,0.0048722848363161,3,Dead
even,New C with dCor,1e+05,0.95172669709556,0.00953933291161077,0.00486512679069676,3,Dead
all,Codex F,Inf,1,0.00824265328461253,0.00252747798822044,3,Dead
all,F no distance,Inf,1,0.00824265328461253,0.00252747798822044,3,Dead
all,F+,Inf,1,0.00824265328461253,0.00252747798822044,3,Dead
all,F guarded,Inf,1,0.00824265328461253,0.00252747798822044,3,Dead
all,New C,Inf,1,0.00954619684662827,0.00411949690023004,3,Dead
all,New C with dCor,Inf,1,0.00954619684662827,0.00411949690023004,3,Dead
odd,Codex F,Inf,1,0.00818008552277458,0.00249278030554886,3,Dead
odd,F no distance,Inf,1,0.00818008552277458,0.00249278030554886,3,Dead
odd,F+,Inf,1,0.00818008552277458,0.00249278030554886,3,Dead
odd,F guarded,Inf,1,0.00818008552277458,0.00249278030554886,3,Dead
odd,New C,Inf,1,0.00950887156349973,0.00408851350211393,3,Dead
odd,New C with dCor,Inf,1,0.00950887156349973,0.00408851350211393,3,Dead
even,Codex F,Inf,1,0.00831363436655355,0.00256675618236328,3,Dead
even,F no distance,Inf,1,0.00831363436655355,0.00256675618236328,3,Dead
even,F+,Inf,1,0.00831363436655355,0.00256675618236328,3,Dead
even,F guarded,Inf,1,0.00831363436655355,0.00256675618236328,3,Dead
even,New C,Inf,1,0.00958664764889678,0.0041526331461723,3,Dead
even,New C with dCor,Inf,1,0.00958664764889678,0.0041526331461723,3,Dead
all,Codex F,0,0,0.0300752502750661,0.0179850900244683,4,Dead
all,F no distance,0,0,0.0300752502750661,0.0179850900244683,4,Dead
all,F+,0,0,0.0299935347320353,0.0181674396380156,4,Dead
all,F guarded,0,0,0.092203558069504,0.0266283706044472,4,Dead
all,New C,0,0,0.110697199102889,0.0263510597297992,4,Dead
all,New C with dCor,0,0,0.0331632790410441,0.0187486947412248,4,Dead
odd,Codex F,0,0,0.0303068766803771,0.0178455920670133,4,Dead
odd,F no distance,0,0,0.0303068766803771,0.0178455920670133,4,Dead
odd,F+,0,0,0.030220964452682,0.0180411044259633,4,Dead
odd,F guarded,0,0,0.0930536345520403,0.026576287596363,4,Dead
odd,New C,0,0,0.111435544051185,0.0262562199369896,4,Dead
odd,New C with dCor,0,0,0.0332981871274058,0.0186302527193629,4,Dead
even,Codex F,0,0,0.029801720583894,0.018098041370558,4,Dead
even,F no distance,0,0,0.029801720583894,0.018098041370558,4,Dead
even,F+,0,0,0.0297217213659976,0.0183018899832418,4,Dead
even,F guarded,0,0,0.0911559175398241,0.0266237621617686,4,Dead
even,New C,0,0,0.110005886301685,0.0264545819919178,4,Dead
even,New C with dCor,0,0,0.0329681816550692,0.018899441832728,4,Dead
all,Codex F,3,0.0127721010556141,0.0292554274526724,0.0176829119984967,4,Dead
all,F no distance,3,0.0127721010556141,0.0299433232313971,0.017975953416053,4,Dead
all,F+,3,0.0127721010556141,0.0292212022877227,0.0178713636819836,4,Dead
all,F guarded,3,0.0127721010556141,0.0766964897623288,0.0241402080975998,4,Dead
all,New C,3,0.0127721010556141,0.094439542956151,0.024547983464833,4,Dead
all,New C with dCor,3,0.0127721010556141,0.0322061590475164,0.0185028173568599,4,Dead
odd,Codex F,3,0.0127721010556141,0.029530498915012,0.0175634182499221,4,Dead
odd,F no distance,3,0.0127721010556141,0.0301633157924135,0.0178311601658214,4,Dead
odd,F+,3,0.0127721010556141,0.0295223206384671,0.0178077683505379,4,Dead
odd,F guarded,3,0.0127721010556141,0.0783319599722403,0.0242733819452245,4,Dead
odd,New C,3,0.0127721010556141,0.0955452731985985,0.0246202676433551,4,Dead
odd,New C with dCor,3,0.0127721010556141,0.0323522371384079,0.0183856318226219,4,Dead
even,Codex F,3,0.0127721010556141,0.0289743733509689,0.0177871388637904,4,Dead
even,F no distance,3,0.0127721010556141,0.0296232553127456,0.0180746843307574,4,Dead
even,F+,3,0.0127721010556141,0.0289364250119806,0.0180044350350893,4,Dead
even,F guarded,3,0.0127721010556141,0.0750941674430198,0.0240701323303007,4,Dead
even,New C,3,0.0127721010556141,0.0932024275825713,0.0244283794264759,4,Dead
even,New C with dCor,3,0.0127721010556141,0.0319751525332106,0.0186145982652541,4,Dead
all,Codex F,5,0.0237713551275196,0.0283467481806088,0.0172276238088738,4,Dead
all,F no distance,5,0.0237713551275196,0.0298073174523129,0.0179537335378414,4,Dead
all,F+,5,0.0237713551275196,0.0284897484170218,0.0175169913293412,4,Dead
all,F guarded,5,0.0237713551275196,0.0656020916653182,0.0222459012978757,4,Dead
all,New C,5,0.0237713551275196,0.0842052534194484,0.0231586624751601,4,Dead
all,New C with dCor,5,0.0237713551275196,0.0311083164635132,0.0180826310505401,4,Dead
odd,Codex F,5,0.0237713551275196,0.0286038374346214,0.0170813281481032,4,Dead
odd,F no distance,5,0.0237713551275196,0.0300212869141319,0.0178210193500059,4,Dead
odd,F+,5,0.0237713551275196,0.0287267017772812,0.0173906380376235,4,Dead
odd,F guarded,5,0.0237713551275196,0.0671728859408587,0.0223386249464983,4,Dead
odd,New C,5,0.0237713551275196,0.0856439018179048,0.0232359148515584,4,Dead
odd,New C with dCor,5,0.0237713551275196,0.0313321245163256,0.0179788524170156,4,Dead
even,Codex F,5,0.0237713551275196,0.0280530438323077,0.0173351229437803,4,Dead
even,F no distance,5,0.0237713551275196,0.0295261547760078,0.0180647355854597,4,Dead
even,F+,5,0.0237713551275196,0.0282210428297582,0.0176661871610792,4,Dead
even,F guarded,5,0.0237713551275196,0.0644127368278796,0.022189665172201,4,Dead
even,New C,5,0.0237713551275196,0.0830725765426419,0.0230601459644969,4,Dead
even,New C with dCor,5,0.0237713551275196,0.0307986739164604,0.0181568426849548,4,Dead
all,Codex F,10,0.04732037755993,0.0264867677804146,0.0158375297689811,4,Dead
all,F no distance,10,0.04732037755993,0.0295922016683745,0.0179162183868164,4,Dead
all,F+,10,0.04732037755993,0.0266863519371483,0.01614482588114,4,Dead
all,F guarded,10,0.04732037755993,0.0524222324604931,0.0190102615310715,4,Dead
all,New C,10,0.04732037755993,0.0676844070528379,0.0204551291267279,4,Dead
all,New C with dCor,10,0.04732037755993,0.0290190142557935,0.0167326509502748,4,Dead
odd,Codex F,10,0.04732037755993,0.0267988364291879,0.0157364842276357,4,Dead
odd,F no distance,10,0.04732037755993,0.029826603571489,0.0177889965306465,4,Dead
odd,F+,10,0.04732037755993,0.0269449151458216,0.0160690357269538,4,Dead
odd,F guarded,10,0.04732037755993,0.0530432561316206,0.01918315887518,4,Dead
odd,New C,10,0.04732037755993,0.0685140560419099,0.0206117101603902,4,Dead
odd,New C with dCor,10,0.04732037755993,0.0293388618341542,0.0166820929829376,4,Dead
even,Codex F,10,0.04732037755993,0.0261267116472098,0.0159214615595794,4,Dead
even,F no distance,10,0.04732037755993,0.0292842073552245,0.0180278530099148,4,Dead
even,F+,10,0.04732037755993,0.0263409960473095,0.0162359870017993,4,Dead
even,F guarded,10,0.04732037755993,0.0521573760653284,0.0188898725608058,4,Dead
even,New C,10,0.04732037755993,0.066054068551,0.020201423919557,4,Dead
even,New C with dCor,10,0.04732037755993,0.028674902244714,0.0168292104891805,4,Dead
all,Codex F,20,0.0845340102772149,0.0248965803453607,0.0143714990966159,4,Dead
all,F no distance,20,0.0845340102772149,0.0292347393847868,0.0178464333826005,4,Dead
all,F+,20,0.0845340102772149,0.0251877658675368,0.0147394454215819,4,Dead
all,F guarded,20,0.0845340102772149,0.0424483726983444,0.0148526993034188,4,Dead
all,New C,20,0.0845340102772149,0.0518891186757279,0.0165947808947249,4,Dead
all,New C with dCor,20,0.0845340102772149,0.0272450226785683,0.0153182488839439,4,Dead
odd,Codex F,20,0.0845340102772149,0.025059006096921,0.014312093391158,4,Dead
odd,F no distance,20,0.0845340102772149,0.029498992254439,0.0177314671070043,4,Dead
odd,F+,20,0.0845340102772149,0.0253437120025728,0.0146749138463839,4,Dead
odd,F guarded,20,0.0845340102772149,0.0429454407217457,0.0151509686579792,4,Dead
odd,New C,20,0.0845340102772149,0.0525468387125714,0.0167379537780825,4,Dead
odd,New C with dCor,20,0.0845340102772149,0.0275673491071277,0.0152258208099303,4,Dead
even,Codex F,20,0.0845340102772149,0.024759329401729,0.0145123266271898,4,Dead
even,F no distance,20,0.0845340102772149,0.028953603743746,0.0179677189720271,4,Dead
even,F+,20,0.0845340102772149,0.0249784459351696,0.0148429031595998,4,Dead
even,F guarded,20,0.0845340102772149,0.042242753313397,0.0146446558339778,4,Dead
even,New C,20,0.0845340102772149,0.0510917175743285,0.0164176531721167,4,Dead
even,New C with dCor,20,0.0845340102772149,0.0269225784480609,0.0153905465958247,4,Dead
all,Codex F,30,0.114965864675073,0.0238449763254409,0.013475359678212,4,Dead
all,F no distance,30,0.114965864675073,0.0289493536154108,0.0177880450631648,4,Dead
all,F+,30,0.114965864675073,0.0241457165417183,0.0138567422676635,4,Dead
all,F guarded,30,0.114965864675073,0.0391140208169284,0.0127930850782605,4,Dead
all,New C,30,0.114965864675073,0.0451281873469612,0.0144469602780042,4,Dead
all,New C with dCor,30,0.114965864675073,0.0261575908527048,0.0144442132310132,4,Dead
odd,Codex F,30,0.114965864675073,0.0239840336786336,0.0134122850737096,4,Dead
odd,F no distance,30,0.114965864675073,0.029190575268708,0.0176567255468891,4,Dead
odd,F+,30,0.114965864675073,0.0243340735371282,0.01376982405937,4,Dead
odd,F guarded,30,0.114965864675073,0.0391297202796256,0.0129142358035259,4,Dead
odd,New C,30,0.114965864675073,0.0456804483318946,0.0146896051944685,4,Dead
odd,New C with dCor,30,0.114965864675073,0.0264061010731394,0.0143667693460779,4,Dead
even,Codex F,30,0.114965864675073,0.0236637132325032,0.013646773983976,4,Dead
even,F no distance,30,0.114965864675073,0.0286620887553433,0.0179019885781042,4,Dead
even,F+,30,0.114965864675073,0.0238967725822838,0.0139636514768987,4,Dead
even,F guarded,30,0.114965864675073,0.0388587368892209,0.0126705645757031,4,Dead
even,New C,30,0.114965864675073,0.0446889396054975,0.0141946437996041,4,Dead
even,New C with dCor,30,0.114965864675073,0.0259925515574979,0.0145849313385655,4,Dead
all,Codex F,50,0.164420954037171,0.0223367866682848,0.0124893236299214,4,Dead
all,F no distance,50,0.164420954037171,0.0284710513852183,0.0176921105073703,4,Dead
all,F+,50,0.164420954037171,0.0226637792001511,0.0128722138122114,4,Dead
all,F guarded,50,0.164420954037171,0.0351723873910076,0.0110709700027122,4,Dead
all,New C,50,0.164420954037171,0.0398735701463425,0.0125517340717384,4,Dead
all,New C with dCor,50,0.164420954037171,0.0246668826888158,0.0135866359034967,4,Dead
odd,Codex F,50,0.164420954037171,0.0224240409197853,0.0123893289645674,4,Dead
odd,F no distance,50,0.164420954037171,0.0287409546911761,0.0175715618765342,4,Dead
odd,F+,50,0.164420954037171,0.0228178667360653,0.0127526436940902,4,Dead
odd,F guarded,50,0.164420954037171,0.0351237149867126,0.0110294860500557,4,Dead
odd,New C,50,0.164420954037171,0.0401907390003216,0.0126680454388841,4,Dead
odd,New C with dCor,50,0.164420954037171,0.0248303719392677,0.0133943447885971,4,Dead
even,Codex F,50,0.164420954037171,0.0221846388099756,0.0126183901912951,4,Dead
even,F no distance,50,0.164420954037171,0.0281285205474725,0.0177951085411322,4,Dead
even,F+,50,0.164420954037171,0.0224867086299767,0.012971726114504,4,Dead
even,F guarded,50,0.164420954037171,0.0353799931891807,0.0110818866741575,4,Dead
even,New C,50,0.164420954037171,0.0398659548354321,0.0125265094966755,4,Dead
even,New C with dCor,50,0.164420954037171,0.0244588304541184,0.013762537864373,4,Dead
all,Codex F,75,0.212721321815864,0.0208864869990831,0.011749638943961,4,Dead
all,F no distance,75,0.212721321815864,0.027956801851752,0.0175824205325092,4,Dead
all,F+,75,0.212721321815864,0.0212153744278446,0.0121076548010149,4,Dead
all,F guarded,75,0.212721321815864,0.0317968238615324,0.0102952021578745,4,Dead
all,New C,75,0.212721321815864,0.0362936435952756,0.0117216664705387,4,Dead
all,New C with dCor,75,0.212721321815864,0.0232000124382,0.0130647200978157,4,Dead
odd,Codex F,75,0.212721321815864,0.0209951090268961,0.0116688177692593,4,Dead
odd,F no distance,75,0.212721321815864,0.0282304392914571,0.0174669675857124,4,Dead
odd,F+,75,0.212721321815864,0.0212970387972037,0.011996517000498,4,Dead
odd,F guarded,75,0.212721321815864,0.0317405824235344,0.0102404682606196,4,Dead
odd,New C,75,0.212721321815864,0.0362892356014827,0.011643573739693,4,Dead
odd,New C with dCor,75,0.212721321815864,0.023391874444388,0.0128252750465915,4,Dead
even,Codex F,75,0.212721321815864,0.020783525587057,0.0118622906106141,4,Dead
even,F no distance,75,0.212721321815864,0.0276655233270074,0.0177049943932384,4,Dead
even,F+,75,0.212721321815864,0.0210039834320547,0.012177818350578,4,Dead
even,F guarded,75,0.212721321815864,0.0317710396227501,0.0103796615697717,4,Dead
even,New C,75,0.212721321815864,0.0363704775605264,0.0117970100926414,4,Dead
even,New C with dCor,75,0.212721321815864,0.023062833967834,0.0132038645327231,4,Dead
all,Codex F,100,0.25127459019198,0.0197286337153694,0.0112656595510238,4,Dead
all,F no distance,100,0.25127459019198,0.0275242572335185,0.0175026930125284,4,Dead
all,F+,100,0.25127459019198,0.0199803736691656,0.0115729754022669,4,Dead
all,F guarded,100,0.25127459019198,0.0293090466129119,0.00991974364310304,4,Dead
all,New C,100,0.25127459019198,0.0335357625352824,0.0113715134182462,4,Dead
all,New C with dCor,100,0.25127459019198,0.0219987808433562,0.0126679596915786,4,Dead
odd,Codex F,100,0.25127459019198,0.0197759358012152,0.0111848419797947,4,Dead
odd,F no distance,100,0.25127459019198,0.0278448377951555,0.01740475361478,4,Dead
odd,F+,100,0.25127459019198,0.020107333956228,0.0114861504123266,4,Dead
odd,F guarded,100,0.25127459019198,0.029344374650891,0.00981747331626443,4,Dead
odd,New C,100,0.25127459019198,0.0334949635234176,0.011300576459961,4,Dead
odd,New C with dCor,100,0.25127459019198,0.0220942768327154,0.01248628364162,4,Dead
even,Codex F,100,0.25127459019198,0.0196298096440278,0.0113331363421073,4,Dead
even,F no distance,100,0.25127459019198,0.0272067895527823,0.0176414196144824,4,Dead
even,F+,100,0.25127459019198,0.0199324539210612,0.0116654611989968,4,Dead
even,F guarded,100,0.25127459019198,0.0291274541894302,0.0100066412146198,4,Dead
even,New C,100,0.25127459019198,0.033537453873138,0.0114680914739079,4,Dead
even,New C with dCor,100,0.25127459019198,0.0218557547875093,0.0128353512041843,4,Dead
all,Codex F,150,0.310016638206782,0.0180474296424139,0.0105678221467193,4,Dead
all,F no distance,150,0.310016638206782,0.0268349510202614,0.0173269863732016,4,Dead
all,F+,150,0.310016638206782,0.0183189298203979,0.0108989597379966,4,Dead
all,F guarded,150,0.310016638206782,0.0259048410001257,0.00938466956725664,4,Dead
all,New C,150,0.310016638206782,0.0297272846088849,0.0110281617402592,4,Dead
all,New C with dCor,150,0.310016638206782,0.0201817039695809,0.0122414514585737,4,Dead
odd,Codex F,150,0.310016638206782,0.0180777500482405,0.0105204182090074,4,Dead
odd,F no distance,150,0.310016638206782,0.0271132255793089,0.0172218950169291,4,Dead
odd,F+,150,0.310016638206782,0.0183765072716193,0.0108437474060684,4,Dead
odd,F guarded,150,0.310016638206782,0.0260594868904348,0.00935455171413449,4,Dead
odd,New C,150,0.310016638206782,0.0298451275901757,0.0109148662487508,4,Dead
odd,New C with dCor,150,0.310016638206782,0.0201677827400599,0.0120752788744277,4,Dead
even,Codex F,150,0.310016638206782,0.0180268864857093,0.0106374037429807,4,Dead
even,F no distance,150,0.310016638206782,0.0265285803189755,0.0174647629484053,4,Dead
even,F+,150,0.310016638206782,0.0182671748174133,0.010914303831508,4,Dead
even,F guarded,150,0.310016638206782,0.0257419004063872,0.00944584301433193,4,Dead
even,New C,150,0.310016638206782,0.0295154475703032,0.011161580897925,4,Dead
even,New C with dCor,150,0.310016638206782,0.0201174718979431,0.0123762220329619,4,Dead
all,Codex F,200,0.353433366065062,0.0168428847491144,0.0100724148334785,4,Dead
all,F no distance,200,0.353433366065062,0.0262633453841037,0.0172153041759815,4,Dead
all,F+,200,0.353433366065062,0.0171244897164841,0.010394336237539,4,Dead
all,F guarded,200,0.353433366065062,0.0235505648355895,0.00898261454073423,4,Dead
all,New C,200,0.353433366065062,0.0270992870629056,0.0108081009887955,4,Dead
all,New C with dCor,200,0.353433366065062,0.0189216633218272,0.0119788237406887,4,Dead
odd,Codex F,200,0.353433366065062,0.0168979669933479,0.0100697004694433,4,Dead
odd,F no distance,200,0.353433366065062,0.0265934637756224,0.0171107429910735,4,Dead
odd,F+,200,0.353433366065062,0.0171601992400007,0.010359966755525,4,Dead
odd,F guarded,200,0.353433366065062,0.0237492685556626,0.00894711437437035,4,Dead
odd,New C,200,0.353433366065062,0.0273021612163374,0.0107424704340338,4,Dead
odd,New C with dCor,200,0.353433366065062,0.0189760600771847,0.0118788314751495,4,Dead
even,Codex F,200,0.353433366065062,0.0168603558418157,0.0101434569965797,4,Dead
even,F no distance,200,0.353433366065062,0.0259367078785438,0.0173247976021087,4,Dead
even,F+,200,0.353433366065062,0.0170614238637452,0.0103712743238713,4,Dead
even,F guarded,200,0.353433366065062,0.0233395745528783,0.00904629283854885,4,Dead
even,New C,200,0.353433366065062,0.0268941309870225,0.0109407373378025,4,Dead
even,New C with dCor,200,0.353433366065062,0.0189189728985757,0.0120878064710179,4,Dead
all,Codex F,300,0.414758560482122,0.0153276517780414,0.00950535375390109,4,Dead
all,F no distance,300,0.414758560482122,0.0255010081468098,0.0170223326573945,4,Dead
all,F+,300,0.414758560482122,0.015542004696798,0.00975693924404579,4,Dead
all,F guarded,300,0.414758560482122,0.0206818146549088,0.00841855852702706,4,Dead
all,New C,300,0.414758560482122,0.0239725838960501,0.0105467753356049,4,Dead
all,New C with dCor,300,0.414758560482122,0.0172525484341009,0.0115890807140409,4,Dead
odd,Codex F,300,0.414758560482122,0.0153201402799642,0.00946425986709143,4,Dead
odd,F no distance,300,0.414758560482122,0.0257363597352696,0.0169419291219471,4,Dead
odd,F+,300,0.414758560482122,0.0155277530374584,0.00972542497345866,4,Dead
odd,F guarded,300,0.414758560482122,0.0208087180250172,0.00840611197626606,4,Dead
odd,New C,300,0.414758560482122,0.0242166139998984,0.0105426555376622,4,Dead
odd,New C with dCor,300,0.414758560482122,0.0172886521234279,0.0115464769742486,4,Dead
even,Codex F,300,0.414758560482122,0.0153125657446278,0.00954340702446225,4,Dead
even,F no distance,300,0.414758560482122,0.0252676379281921,0.017114459047049,4,Dead
even,F+,300,0.414758560482122,0.015540975620603,0.00981396399265856,4,Dead
even,F guarded,300,0.414758560482122,0.020498899348247,0.0084392079699754,4,Dead
even,New C,300,0.414758560482122,0.0237160364464124,0.0105994897080758,4,Dead
even,New C with dCor,300,0.414758560482122,0.0172657477025706,0.0116723518726597,4,Dead
all,Codex F,500,0.488869557189743,0.0136371209796306,0.0087616047449374,4,Dead
all,F no distance,500,0.488869557189743,0.0245174212762706,0.0167526144277425,4,Dead
all,F+,500,0.488869557189743,0.0138143145614223,0.00899125368899807,4,Dead
all,F guarded,500,0.488869557189743,0.0176320741303057,0.00774803223036717,4,Dead
all,New C,500,0.488869557189743,0.0205532005770993,0.0102636261236395,4,Dead
all,New C with dCor,500,0.488869557189743,0.0154252578205058,0.011104088805956,4,Dead
odd,Codex F,500,0.488869557189743,0.0136004613009699,0.00870804911140013,4,Dead
odd,F no distance,500,0.488869557189743,0.0247174936999609,0.0166847865167723,4,Dead
odd,F+,500,0.488869557189743,0.0138133187816314,0.00894431255101314,4,Dead
odd,F guarded,500,0.488869557189743,0.0176546352561824,0.00781041624992587,4,Dead
odd,New C,500,0.488869557189743,0.020659761719054,0.0102828721821288,4,Dead
odd,New C with dCor,500,0.488869557189743,0.0154315362717718,0.0111208422872491,4,Dead
even,Codex F,500,0.488869557189743,0.0136299894952748,0.00882298800275775,4,Dead
even,F no distance,500,0.488869557189743,0.0243112592731036,0.0168037173067386,4,Dead
even,F+,500,0.488869557189743,0.0138248705350126,0.00902543465547213,4,Dead
even,F guarded,500,0.488869557189743,0.0176283882837809,0.00777502307009737,4,Dead
even,New C,500,0.488869557189743,0.0205064363122281,0.0102397677357473,4,Dead
even,New C with dCor,500,0.488869557189743,0.0154600225947438,0.0111099381514483,4,Dead
all,Codex F,1000,0.58017729615729,0.0117541207036657,0.00780653957985132,4,Dead
all,F no distance,1000,0.58017729615729,0.023149055800658,0.016312924987772,4,Dead
all,F+,1000,0.58017729615729,0.0118934943800226,0.00797050289839287,4,Dead
all,F guarded,1000,0.58017729615729,0.0145331606412815,0.00691924962860835,4,Dead
all,New C,1000,0.58017729615729,0.0170770617739064,0.00982856691571898,4,Dead
all,New C with dCor,1000,0.58017729615729,0.0135485710164859,0.0104417585876883,4,Dead
odd,Codex F,1000,0.58017729615729,0.0117105102794564,0.00777360724444191,4,Dead
odd,F no distance,1000,0.58017729615729,0.0232601515580831,0.0162390644054976,4,Dead
odd,F+,1000,0.58017729615729,0.0118635356996564,0.00792604327466574,4,Dead
odd,F guarded,1000,0.58017729615729,0.0144483340087002,0.00692313056528304,4,Dead
odd,New C,1000,0.58017729615729,0.0170317540191946,0.00992017208263108,4,Dead
odd,New C with dCor,1000,0.58017729615729,0.0135177693613637,0.0104565248403788,4,Dead
even,Codex F,1000,0.58017729615729,0.011815335685395,0.00784339359954082,4,Dead
even,F no distance,1000,0.58017729615729,0.0229932886115742,0.0163691134453196,4,Dead
even,F+,1000,0.58017729615729,0.0119402698660073,0.00800646096134827,4,Dead
even,F guarded,1000,0.58017729615729,0.0146093782717043,0.00694609835351697,4,Dead
even,New C,1000,0.58017729615729,0.0171616594628789,0.0097288858560133,4,Dead
even,New C with dCor,1000,0.58017729615729,0.0136034652941515,0.0104384472917453,4,Dead
all,Codex F,3000,0.702838216795711,0.00967507748683093,0.0063499922758862,4,Dead
all,F no distance,3000,0.702838216795711,0.020999260931629,0.0155064784585794,4,Dead
all,F+,3000,0.702838216795711,0.00977454893569202,0.00645478778932414,4,Dead
all,F guarded,3000,0.702838216795711,0.0110861849684483,0.00572602249794711,4,Dead
all,New C,3000,0.702838216795711,0.0132540445364327,0.00883187337749405,4,Dead
all,New C with dCor,3000,0.702838216795711,0.0112923609118529,0.00913131679682772,4,Dead
odd,Codex F,3000,0.702838216795711,0.00960430616462705,0.00626698104572644,4,Dead
odd,F no distance,3000,0.702838216795711,0.0210918939623216,0.0154643548173731,4,Dead
odd,F+,3000,0.702838216795711,0.00969462032532714,0.00635918808456112,4,Dead
odd,F guarded,3000,0.702838216795711,0.0109372158719681,0.00571800977128196,4,Dead
odd,New C,3000,0.702838216795711,0.0130623973882429,0.0089398710914335,4,Dead
odd,New C with dCor,3000,0.702838216795711,0.0111710226357928,0.00911293848651505,4,Dead
even,Codex F,3000,0.702838216795711,0.00975863784768145,0.00644391409923365,4,Dead
even,F no distance,3000,0.702838216795711,0.0208367564475625,0.0155498175870253,4,Dead
even,F+,3000,0.702838216795711,0.00985185612743685,0.00654753197048512,4,Dead
even,F guarded,3000,0.702838216795711,0.011237659652654,0.0057666499443883,4,Dead
even,New C,3000,0.702838216795711,0.0134513246228458,0.008727385042303,4,Dead
even,New C with dCor,3000,0.702838216795711,0.0114111848716621,0.00915798655765347,4,Dead
all,Codex F,10000,0.812142298522553,0.00819247094277547,0.00498881285414596,4,Dead
all,F no distance,10000,0.812142298522553,0.0184381402252665,0.0143746299053394,4,Dead
all,F+,10000,0.812142298522553,0.00824445093037052,0.00504254146584642,4,Dead
all,F guarded,10000,0.812142298522553,0.00881595272728907,0.00456048162524655,4,Dead
all,New C,10000,0.812142298522553,0.0105797827508404,0.00752302812837983,4,Dead
all,New C with dCor,10000,0.812142298522553,0.00968871789187922,0.00770272865245377,4,Dead
odd,Codex F,10000,0.812142298522553,0.00809054190152168,0.00490743516701448,4,Dead
odd,F no distance,10000,0.812142298522553,0.018462600751536,0.0143245359742402,4,Dead
odd,F+,10000,0.812142298522553,0.00813484638534842,0.00495493969656972,4,Dead
odd,F guarded,10000,0.812142298522553,0.00864709996783969,0.00450499908340041,4,Dead
odd,New C,10000,0.812142298522553,0.0104386865417492,0.00759520335123623,4,Dead
odd,New C with dCor,10000,0.812142298522553,0.00958390598182098,0.00770561998326195,4,Dead
even,Codex F,10000,0.812142298522553,0.00831057249027165,0.00506624460241512,4,Dead
even,F no distance,10000,0.812142298522553,0.0184449878831445,0.014420145656535,4,Dead
even,F+,10000,0.812142298522553,0.00836111977495353,0.0051346025506928,4,Dead
even,F guarded,10000,0.812142298522553,0.00897663004964825,0.00463674326964948,4,Dead
even,New C,10000,0.812142298522553,0.0107080043648283,0.00747215106294529,4,Dead
even,New C with dCor,10000,0.812142298522553,0.00980071992830713,0.00768270292457323,4,Dead
all,Codex F,1e+05,0.95172669709556,0.00748999540747532,0.00377998584530547,4,Dead
all,F no distance,1e+05,0.95172669709556,0.0114787915466624,0.00963582775098581,4,Dead
all,F+,1e+05,0.95172669709556,0.00749295315696743,0.00378637692499031,4,Dead
all,F guarded,1e+05,0.95172669709556,0.0075554366152491,0.00370339679726846,4,Dead
all,New C,1e+05,0.95172669709556,0.00895734909300107,0.00622692625295228,4,Dead
all,New C with dCor,1e+05,0.95172669709556,0.00889713733257821,0.00625109243796663,4,Dead
odd,Codex F,1e+05,0.95172669709556,0.00740165400396078,0.00372866433226177,4,Dead
odd,F no distance,1e+05,0.95172669709556,0.01143862448078,0.00953197763140848,4,Dead
odd,F+,1e+05,0.95172669709556,0.00740485619086306,0.0037320830464727,4,Dead
odd,F guarded,1e+05,0.95172669709556,0.00745589949220533,0.00365144745465187,4,Dead
odd,New C,1e+05,0.95172669709556,0.00882545580155386,0.00624873548890108,4,Dead
odd,New C with dCor,1e+05,0.95172669709556,0.00875283542883257,0.00626848769781227,4,Dead
even,Codex F,1e+05,0.95172669709556,0.00758944914409493,0.00383946860631173,4,Dead
even,F no distance,1e+05,0.95172669709556,0.0115293315390956,0.00975979295256683,4,Dead
even,F+,1e+05,0.95172669709556,0.00759254315563479,0.00384641563448946,4,Dead
even,F guarded,1e+05,0.95172669709556,0.00766699014702783,0.00376484309658113,4,Dead
even,New C,1e+05,0.95172669709556,0.00912706630053479,0.00619560017202897,4,Dead
even,New C with dCor,1e+05,0.95172669709556,0.00903904313646555,0.00621682165844541,4,Dead
all,Codex F,Inf,1,0.00766414699944264,0.00321697084558396,4,Dead
all,F no distance,Inf,1,0.00766414699944264,0.00321697084558396,4,Dead
all,F+,Inf,1,0.00766414699944264,0.00321697084558396,4,Dead
all,F guarded,Inf,1,0.00766414699944264,0.00321697084558396,4,Dead
all,New C,Inf,1,0.00911363643816402,0.00527026367339024,4,Dead
all,New C with dCor,Inf,1,0.00911363643816402,0.00527026367339024,4,Dead
odd,Codex F,Inf,1,0.00758218669408755,0.00317956737901592,4,Dead
odd,F no distance,Inf,1,0.00758218669408755,0.00317956737901592,4,Dead
odd,F+,Inf,1,0.00758218669408755,0.00317956737901592,4,Dead
odd,F guarded,Inf,1,0.00758218669408755,0.00317956737901592,4,Dead
odd,New C,Inf,1,0.00901279234753466,0.00528774750829478,4,Dead
odd,New C with dCor,Inf,1,0.00901279234753466,0.00528774750829478,4,Dead
even,Codex F,Inf,1,0.00775678904863228,0.00325926222762385,4,Dead
even,F no distance,Inf,1,0.00775678904863228,0.00325926222762385,4,Dead
even,F+,Inf,1,0.00775678904863228,0.00325926222762385,4,Dead
even,F guarded,Inf,1,0.00775678904863228,0.00325926222762385,4,Dead
even,New C,Inf,1,0.00926642664903095,0.0052539715904092,4,Dead
even,New C with dCor,Inf,1,0.00926642664903095,0.0052539715904092,4,Dead
all,Codex F,0,0,0.0329745898935692,0.0109880805601573,5,Dead
all,F no distance,0,0,0.0329745898935692,0.0109880805601573,5,Dead
all,F+,0,0,0.032867700885425,0.0110381542803974,5,Dead
all,F guarded,0,0,0.0945354052073788,0.0157824879283553,5,Dead
all,New C,0,0,0.111440563213958,0.0158541969171928,5,Dead
all,New C with dCor,0,0,0.0359207185921291,0.0114439779566419,5,Dead
odd,Codex F,0,0,0.0333380368218822,0.0109289370175555,5,Dead
odd,F no distance,0,0,0.0333380368218822,0.0109289370175555,5,Dead
odd,F+,0,0,0.0332141623470265,0.0109985915640992,5,Dead
odd,F guarded,0,0,0.0955481311142707,0.0156753241041196,5,Dead
odd,New C,0,0,0.112052411963642,0.0157318659160167,5,Dead
odd,New C with dCor,0,0,0.0361386645051537,0.0113813145366673,5,Dead
even,Codex F,0,0,0.0325794358713362,0.0110527521688308,5,Dead
even,F no distance,0,0,0.0325794358713362,0.0110527521688308,5,Dead
even,F+,0,0,0.0324579889834569,0.0110951807544547,5,Dead
even,F guarded,0,0,0.0934677813445276,0.0158918347832955,5,Dead
even,New C,0,0,0.110811884212241,0.0159779285024563,5,Dead
even,New C with dCor,0,0,0.0356820018939176,0.0115358352735,5,Dead
all,Codex F,3,0.0127721010556141,0.0321229299156823,0.0108489396944795,5,Dead
all,F no distance,3,0.0127721010556141,0.0328739108354457,0.0109750023216199,5,Dead
all,F+,3,0.0127721010556141,0.0320820494345863,0.0109176522352924,5,Dead
all,F guarded,3,0.0127721010556141,0.0796020313476442,0.0146094020107657,5,Dead
all,New C,3,0.0127721010556141,0.0957313847338334,0.0149864795275472,5,Dead
all,New C with dCor,3,0.0127721010556141,0.0349034594295525,0.0113410663545368,5,Dead
odd,Codex F,3,0.0127721010556141,0.0324387857935982,0.0107767757047222,5,Dead
odd,F no distance,3,0.0127721010556141,0.0332070712689785,0.010926000829043,5,Dead
odd,F+,3,0.0127721010556141,0.0324208946461515,0.0108825130126601,5,Dead
odd,F guarded,3,0.0127721010556141,0.0806669184109413,0.0145317444252307,5,Dead
odd,New C,3,0.0127721010556141,0.0969287015030723,0.0149372973865714,5,Dead
odd,New C with dCor,3,0.0127721010556141,0.0351923529392844,0.0112769353905981,5,Dead
even,Codex F,3,0.0127721010556141,0.0317292966990626,0.0108964782370385,5,Dead
even,F no distance,3,0.0127721010556141,0.0324572761899285,0.011044916666716,5,Dead
even,F+,3,0.0127721010556141,0.0317110506584623,0.0109582577243796,5,Dead
even,F guarded,3,0.0127721010556141,0.0789963470028942,0.0147629112961627,5,Dead
even,New C,3,0.0127721010556141,0.0943382567772725,0.0150682006571431,5,Dead
even,New C with dCor,3,0.0127721010556141,0.034556537763337,0.0114327772944892,5,Dead
all,Codex F,5,0.0237713551275196,0.0310997478947557,0.0106125025287648,5,Dead
all,F no distance,5,0.0237713551275196,0.0327601008216025,0.0109746550747041,5,Dead
all,F+,5,0.0237713551275196,0.0312571564334897,0.0107237581058923,5,Dead
all,F guarded,5,0.0237713551275196,0.0681095130872124,0.0136779873326132,5,Dead
all,New C,5,0.0237713551275196,0.0855744954569162,0.0143924729602801,5,Dead
all,New C with dCor,5,0.0237713551275196,0.0338480394791723,0.0111274562626509,5,Dead
odd,Codex F,5,0.0237713551275196,0.0314035407098967,0.0105132347783538,5,Dead
odd,F no distance,5,0.0237713551275196,0.033100285042062,0.0109155375535607,5,Dead
odd,F+,5,0.0237713551275196,0.0315809141945529,0.0106487082502458,5,Dead
odd,F guarded,5,0.0237713551275196,0.0693227156620797,0.0136334881465616,5,Dead
odd,New C,5,0.0237713551275196,0.0869898960984446,0.014340393144566,5,Dead
odd,New C with dCor,5,0.0237713551275196,0.0341876245687974,0.0110349144248659,5,Dead
even,Codex F,5,0.0237713551275196,0.0306640454942781,0.0106806077254115,5,Dead
even,F no distance,5,0.0237713551275196,0.0323715582322158,0.0110436478195954,5,Dead
even,F+,5,0.0237713551275196,0.0309048627446471,0.01083272252303,5,Dead
even,F guarded,5,0.0237713551275196,0.0673872727835605,0.0137427093135239,5,Dead
even,New C,5,0.0237713551275196,0.0842838036133951,0.0144446175971442,5,Dead
even,New C with dCor,5,0.0237713551275196,0.0334927924569172,0.0112387083589321,5,Dead
all,Codex F,10,0.04732037755993,0.028958079957931,0.00987977732778035,5,Dead
all,F no distance,10,0.04732037755993,0.0325390481824064,0.0109624967142273,5,Dead
all,F+,10,0.04732037755993,0.0291713269313053,0.0100281980835849,5,Dead
all,F guarded,10,0.04732037755993,0.0544140436887619,0.0120178752576773,5,Dead
all,New C,10,0.04732037755993,0.0694085928123257,0.0129842523389773,5,Dead
all,New C with dCor,10,0.04732037755993,0.0314227686604463,0.0104290248439145,5,Dead
odd,Codex F,10,0.04732037755993,0.0292289804871442,0.00979048336789907,5,Dead
odd,F no distance,10,0.04732037755993,0.0328974979908255,0.010902990246789,5,Dead
odd,F+,10,0.04732037755993,0.029399084271907,0.00992498012846714,5,Dead
odd,F guarded,10,0.04732037755993,0.0551727608541107,0.0120589744173965,5,Dead
odd,New C,10,0.04732037755993,0.0704940852536436,0.0130056484961646,5,Dead
odd,New C with dCor,10,0.04732037755993,0.0317378066927332,0.0102955459291826,5,Dead
even,Codex F,10,0.04732037755993,0.0286309589702304,0.00997861390108442,5,Dead
even,F no distance,10,0.04732037755993,0.0321636556309544,0.0110293893595397,5,Dead
even,F+,10,0.04732037755993,0.028846130494374,0.0101293291619754,5,Dead
even,F guarded,10,0.04732037755993,0.0540052516667625,0.0120065662219941,5,Dead
even,New C,10,0.04732037755993,0.0675019360189389,0.0128648535547907,5,Dead
even,New C with dCor,10,0.04732037755993,0.0311132299902239,0.0105819093238306,5,Dead
all,Codex F,20,0.0845340102772149,0.0270820078438775,0.00908068535966143,5,Dead
all,F no distance,20,0.0845340102772149,0.0322142982057782,0.0109272538716323,5,Dead
all,F+,20,0.0845340102772149,0.0274049373964007,0.00924961915638071,5,Dead
all,F guarded,20,0.0845340102772149,0.0441847197885768,0.0095307833682546,5,Dead
all,New C,20,0.0845340102772149,0.0531091193544036,0.0107904398600396,5,Dead
all,New C with dCor,20,0.0845340102772149,0.0294135630962012,0.00967787267496837,5,Dead
odd,Codex F,20,0.0845340102772149,0.0272816097682763,0.00901531071653872,5,Dead
odd,F no distance,20,0.0845340102772149,0.0325506990131855,0.0108821769944529,5,Dead
odd,F+,20,0.0845340102772149,0.0276534735980635,0.00918975528404646,5,Dead
odd,F guarded,20,0.0845340102772149,0.0446145515089963,0.00963760712774333,5,Dead
odd,New C,20,0.0845340102772149,0.0541075855363158,0.0108940927445506,5,Dead
odd,New C with dCor,20,0.0845340102772149,0.0296625689077336,0.00962913391142863,5,Dead
even,Codex F,20,0.0845340102772149,0.0269144557804744,0.00917595180044059,5,Dead
even,F no distance,20,0.0845340102772149,0.0318689404508598,0.0110045776312333,5,Dead
even,F+,20,0.0845340102772149,0.0272387208273431,0.00932441758989455,5,Dead
even,F guarded,20,0.0845340102772149,0.0436555799585945,0.0094513099289343,5,Dead
even,New C,20,0.0845340102772149,0.0522799843425921,0.0106788798000117,5,Dead
even,New C with dCor,20,0.0845340102772149,0.0290682713075317,0.0097407728321444,5,Dead
all,Codex F,30,0.114965864675073,0.0258837439449507,0.00858117023412757,5,Dead
all,F no distance,30,0.114965864675073,0.031898514467037,0.0108808968621126,5,Dead
all,F+,30,0.114965864675073,0.0261828145874907,0.00877862205943873,5,Dead
all,F guarded,30,0.114965864675073,0.0407145578241016,0.00813608545743738,5,Dead
all,New C,30,0.114965864675073,0.0466978938685435,0.00932617398174062,5,Dead
all,New C with dCor,30,0.114965864675073,0.0281417481302698,0.00923191711893734,5,Dead
odd,Codex F,30,0.114965864675073,0.0259901198259955,0.00847983554573805,5,Dead
odd,F no distance,30,0.114965864675073,0.03216489991706,0.0108189526149606,5,Dead
odd,F+,30,0.114965864675073,0.026403314565243,0.00869642193322479,5,Dead
odd,F guarded,30,0.114965864675073,0.0408221098698351,0.00816016648856733,5,Dead
odd,New C,30,0.114965864675073,0.047229187746915,0.00941231892149655,5,Dead
odd,New C with dCor,30,0.114965864675073,0.0283682529579037,0.00916365439742437,5,Dead
even,Codex F,30,0.114965864675073,0.0257904077443596,0.00870199824294904,5,Dead
even,F no distance,30,0.114965864675073,0.0315635463300554,0.0109581135332324,5,Dead
even,F+,30,0.114965864675073,0.0259333821668873,0.00886588920390122,5,Dead
even,F guarded,30,0.114965864675073,0.040282800847279,0.00814867421689204,5,Dead
even,New C,30,0.114965864675073,0.0461466320547473,0.0092592651668482,5,Dead
even,New C with dCor,30,0.114965864675073,0.0279624663810456,0.00936533095155763,5,Dead
all,Codex F,50,0.164420954037171,0.0242366083679413,0.00801479567122204,5,Dead
all,F no distance,50,0.164420954037171,0.0313666209922154,0.0108196912751034,5,Dead
all,F+,50,0.164420954037171,0.0245764866808694,0.00819733751838656,5,Dead
all,F guarded,50,0.164420954037171,0.0366800762697086,0.00699570364721517,5,Dead
all,New C,50,0.164420954037171,0.0413545101999173,0.00790451265115013,5,Dead
all,New C with dCor,50,0.164420954037171,0.0264211695530626,0.00869898591869196,5,Dead
odd,Codex F,50,0.164420954037171,0.0243830429272667,0.0078737853666679,5,Dead
odd,F no distance,50,0.164420954037171,0.0315610191235463,0.0107365894054074,5,Dead
odd,F+,50,0.164420954037171,0.0247354342304371,0.00809199302629566,5,Dead
odd,F guarded,50,0.164420954037171,0.0366038609387429,0.00696398010645477,5,Dead
odd,New C,50,0.164420954037171,0.0417453034225357,0.00791031812859631,5,Dead
odd,New C with dCor,50,0.164420954037171,0.0265665004214695,0.00862163563358493,5,Dead
even,Codex F,50,0.164420954037171,0.0241390099277323,0.00812196248931249,5,Dead
even,F no distance,50,0.164420954037171,0.0311104857668642,0.0109100046812978,5,Dead
even,F+,50,0.164420954037171,0.0244054457741485,0.0082735272042986,5,Dead
even,F guarded,50,0.164420954037171,0.0367373021718712,0.00702854594757116,5,Dead
even,New C,50,0.164420954037171,0.041254545546035,0.00798943676935947,5,Dead
even,New C with dCor,50,0.164420954037171,0.0261525039948628,0.00880927569551794,5,Dead
all,Codex F,75,0.212721321815864,0.0227105847877675,0.00753738232975776,5,Dead
all,F no distance,75,0.212721321815864,0.0307769903636983,0.0107455773733631,5,Dead
all,F+,75,0.212721321815864,0.0229571861199503,0.00772149981235995,5,Dead
all,F guarded,75,0.212721321815864,0.0333640600713733,0.00650687856746532,5,Dead
all,New C,75,0.212721321815864,0.0376876176959172,0.00733227364630986,5,Dead
all,New C with dCor,75,0.212721321815864,0.0247948504494544,0.00835866874756763,5,Dead
odd,Codex F,75,0.212721321815864,0.0227717126254675,0.00742323472561627,5,Dead
odd,F no distance,75,0.212721321815864,0.0310760783848743,0.0106677283011247,5,Dead
odd,F+,75,0.212721321815864,0.0231053509893532,0.0076349372111534,5,Dead
odd,F guarded,75,0.212721321815864,0.0333142767108446,0.00646167200774553,5,Dead
odd,New C,75,0.212721321815864,0.0378255220687552,0.00723593805686788,5,Dead
odd,New C with dCor,75,0.212721321815864,0.0249856729379304,0.00825372402869881,5,Dead
even,Codex F,75,0.212721321815864,0.0225836972453851,0.0076840800737434,5,Dead
even,F no distance,75,0.212721321815864,0.0305196699618533,0.0108561646623986,5,Dead
even,F+,75,0.212721321815864,0.0227709355588784,0.0078379050479883,5,Dead
even,F guarded,75,0.212721321815864,0.0332880033277744,0.00655971875568658,5,Dead
even,New C,75,0.212721321815864,0.0377877188893363,0.00744351478236481,5,Dead
even,New C with dCor,75,0.212721321815864,0.024677964464125,0.00846331141679287,5,Dead
all,Codex F,100,0.25127459019198,0.0215330295318482,0.00720580910196459,5,Dead
all,F no distance,100,0.25127459019198,0.0303060172383724,0.0106751615701208,5,Dead
all,F+,100,0.25127459019198,0.021760203751146,0.00738873946435773,5,Dead
all,F guarded,100,0.25127459019198,0.0308672821216043,0.00622078499742872,5,Dead
all,New C,100,0.25127459019198,0.0349825015308416,0.00711753947000214,5,Dead
all,New C with dCor,100,0.25127459019198,0.023565348403538,0.00810296292407968,5,Dead
odd,Codex F,100,0.25127459019198,0.0216280674469777,0.0071376697191161,5,Dead
odd,F no distance,100,0.25127459019198,0.0305760336701703,0.0106026596561354,5,Dead
odd,F+,100,0.25127459019198,0.021957911066538,0.00730684472410451,5,Dead
odd,F guarded,100,0.25127459019198,0.030968395969803,0.00616761864406302,5,Dead
odd,New C,100,0.25127459019198,0.0349190230183313,0.00702191594152484,5,Dead
odd,New C with dCor,100,0.25127459019198,0.0237480826977436,0.00804798926631885,5,Dead
even,Codex F,100,0.25127459019198,0.0213025787375161,0.00731770026063163,5,Dead
even,F no distance,100,0.25127459019198,0.0300688424502081,0.0107773301959971,5,Dead
even,F+,100,0.25127459019198,0.0216008600782105,0.00747937085074411,5,Dead
even,F guarded,100,0.25127459019198,0.0307520677343917,0.00633974534716411,5,Dead
even,New C,100,0.25127459019198,0.0348741289435851,0.00717654625219564,5,Dead
even,New C with dCor,100,0.25127459019198,0.0233370976211017,0.00821408680474326,5,Dead
all,Codex F,150,0.310016638206782,0.019782219488341,0.00677745649392088,5,Dead
all,F no distance,150,0.310016638206782,0.0296110361154556,0.0105923581673954,5,Dead
all,F+,150,0.310016638206782,0.0200424659043919,0.00694129033189665,5,Dead
all,F guarded,150,0.310016638206782,0.0274910332254642,0.00591771716828624,5,Dead
all,New C,150,0.310016638206782,0.0311188260908256,0.0069132932689316,5,Dead
all,New C with dCor,150,0.310016638206782,0.0216988656535963,0.00780637137545951,5,Dead
odd,Codex F,150,0.310016638206782,0.0198901871020159,0.00668662110944107,5,Dead
odd,F no distance,150,0.310016638206782,0.0298927784525803,0.0105122376019882,5,Dead
odd,F+,150,0.310016638206782,0.0202153519846308,0.00687049892725802,5,Dead
odd,F guarded,150,0.310016638206782,0.0277137485824065,0.0058696768837069,5,Dead
odd,New C,150,0.310016638206782,0.0313380093214169,0.00681393447815626,5,Dead
odd,New C with dCor,150,0.310016638206782,0.0217477949677549,0.00770776851346229,5,Dead
even,Codex F,150,0.310016638206782,0.0196931057967681,0.00683690218008955,5,Dead
even,F no distance,150,0.310016638206782,0.0294038317327047,0.010678532216008,5,Dead
even,F+,150,0.310016638206782,0.0199171080203961,0.00702385903183885,5,Dead
even,F guarded,150,0.310016638206782,0.0272301761707594,0.00598853518874633,5,Dead
even,New C,150,0.310016638206782,0.0309775569823838,0.00701347654608374,5,Dead
even,New C with dCor,150,0.310016638206782,0.0215761497613435,0.00788234572832951,5,Dead
all,Codex F,200,0.353433366065062,0.0185746008350861,0.00647435190580535,5,Dead
all,F no distance,200,0.353433366065062,0.0291070751955125,0.0105066410989915,5,Dead
all,F+,200,0.353433366065062,0.0188456396859212,0.00662822668020479,5,Dead
all,F guarded,200,0.353433366065062,0.0251138309557198,0.0056689682638348,5,Dead
all,New C,200,0.353433366065062,0.0284503253105729,0.00678272779506757,5,Dead
all,New C with dCor,200,0.353433366065062,0.0204113515596064,0.00763470464224057,5,Dead
odd,Codex F,200,0.353433366065062,0.0186759241540988,0.0063910666970242,5,Dead
odd,F no distance,200,0.353433366065062,0.0292866311972104,0.0104202145369518,5,Dead
odd,F+,200,0.353433366065062,0.0189643833358723,0.00655153753085982,5,Dead
odd,F guarded,200,0.353433366065062,0.0253712541309092,0.00564415769657158,5,Dead
odd,New C,200,0.353433366065062,0.0286555382454001,0.00670277423658213,5,Dead
odd,New C with dCor,200,0.353433366065062,0.0205396345842008,0.00757644830611824,5,Dead
even,Codex F,200,0.353433366065062,0.018471367408515,0.00654268217838425,5,Dead
even,F no distance,200,0.353433366065062,0.0288936169494125,0.0105903608315231,5,Dead
even,F+,200,0.353433366065062,0.018717918195411,0.00668186598554869,5,Dead
even,F guarded,200,0.353433366065062,0.0248426128222824,0.00574265007113603,5,Dead
even,New C,200,0.353433366065062,0.0282822849790099,0.00689716435240895,5,Dead
even,New C with dCor,200,0.353433366065062,0.0203351535951848,0.00770567630581151,5,Dead
all,Codex F,300,0.414758560482122,0.0169825160428239,0.00605885448292935,5,Dead
all,F no distance,300,0.414758560482122,0.0283004786949641,0.0103840853052084,5,Dead
all,F+,300,0.414758560482122,0.0171764823193642,0.00619005740133279,5,Dead
all,F guarded,300,0.414758560482122,0.0222472983630872,0.00532430055651674,5,Dead
all,New C,300,0.414758560482122,0.0252930683889758,0.00667008416124731,5,Dead
all,New C with dCor,300,0.414758560482122,0.018724926461176,0.00738400904992799,5,Dead
odd,Codex F,300,0.414758560482122,0.0170041475008041,0.00596540140096846,5,Dead
odd,F no distance,300,0.414758560482122,0.0284540016486399,0.0103130724888907,5,Dead
odd,F+,300,0.414758560482122,0.0172140542612435,0.00611288301191918,5,Dead
odd,F guarded,300,0.414758560482122,0.0225429114490765,0.00530672703983045,5,Dead
odd,New C,300,0.414758560482122,0.0255313188239473,0.00657971307004662,5,Dead
odd,New C with dCor,300,0.414758560482122,0.0187802748827841,0.00733803118389968,5,Dead
even,Codex F,300,0.414758560482122,0.0169503589203903,0.00609307639723987,5,Dead
even,F no distance,300,0.414758560482122,0.0281452137155673,0.0104469384454535,5,Dead
even,F+,300,0.414758560482122,0.0171500376329864,0.00624221101581284,5,Dead
even,F guarded,300,0.414758560482122,0.0220217562443691,0.00534255913846884,5,Dead
even,New C,300,0.414758560482122,0.0250591462859664,0.00675258380564819,5,Dead
even,New C with dCor,300,0.414758560482122,0.0186856182069125,0.00749874414083425,5,Dead
all,Codex F,500,0.488869557189743,0.015219472847563,0.00554601885801681,5,Dead
all,F no distance,500,0.488869557189743,0.0272507624939322,0.0102100368714054,5,Dead
all,F+,500,0.488869557189743,0.0154182245716699,0.00566946004461199,5,Dead
all,F guarded,500,0.488869557189743,0.0191586601855347,0.00489794475449214,5,Dead
all,New C,500,0.488869557189743,0.021811898452079,0.00646428632819684,5,Dead
all,New C with dCor,500,0.488869557189743,0.0168642934927997,0.00702903124180615,5,Dead
odd,Codex F,500,0.488869557189743,0.015242862558608,0.00554735692862452,5,Dead
odd,F no distance,500,0.488869557189743,0.0274183840010832,0.0101334460488933,5,Dead
odd,F+,500,0.488869557189743,0.0154422426801402,0.00565351772765615,5,Dead
odd,F guarded,500,0.488869557189743,0.0192711759728499,0.00484786858521049,5,Dead
odd,New C,500,0.488869557189743,0.0219313069076998,0.00638768724036479,5,Dead
odd,New C with dCor,500,0.488869557189743,0.0169499484114491,0.0069423116026833,5,Dead
even,Codex F,500,0.488869557189743,0.0151477193608986,0.00557528378369965,5,Dead
even,F no distance,500,0.488869557189743,0.0271165073398893,0.0103061493702383,5,Dead
even,F+,500,0.488869557189743,0.0153718580232714,0.0056897131055091,5,Dead
even,F guarded,500,0.488869557189743,0.0191001025820921,0.00493526632746283,5,Dead
even,New C,500,0.488869557189743,0.0216559767439186,0.00653999238788838,5,Dead
even,New C with dCor,500,0.488869557189743,0.0168109718921924,0.0071520594011059,5,Dead
all,Codex F,1000,0.58017729615729,0.0132578055606493,0.00496308660288721,5,Dead
all,F no distance,1000,0.58017729615729,0.0258621684950468,0.00994218807619848,5,Dead
all,F+,1000,0.58017729615729,0.013407101328587,0.00505080441383238,5,Dead
all,F guarded,1000,0.58017729615729,0.0159670656059543,0.00436543050646814,5,Dead
all,New C,1000,0.58017729615729,0.0183020917138593,0.0061686402808761,5,Dead
all,New C with dCor,1000,0.58017729615729,0.0148735973733886,0.0065392919698782,5,Dead
odd,Codex F,1000,0.58017729615729,0.0132610313698608,0.00492102334373312,5,Dead
odd,F no distance,1000,0.58017729615729,0.0259817254455897,0.00985602176615088,5,Dead
odd,F+,1000,0.58017729615729,0.0134007621946885,0.00501537615766436,5,Dead
odd,F guarded,1000,0.58017729615729,0.0160115797830025,0.00438116958039149,5,Dead
odd,New C,1000,0.58017729615729,0.0183619322449601,0.00609667902289335,5,Dead
odd,New C with dCor,1000,0.58017729615729,0.0148601283467899,0.0064478996343709,5,Dead
even,Codex F,1000,0.58017729615729,0.0132647550022045,0.00502157087422012,5,Dead
even,F no distance,1000,0.58017729615729,0.0257183180420573,0.0100348555702048,5,Dead
even,F+,1000,0.58017729615729,0.01339636040217,0.00509736694169989,5,Dead
even,F guarded,1000,0.58017729615729,0.0159972249966454,0.00437456852978757,5,Dead
even,New C,1000,0.58017729615729,0.018272943054038,0.00626372413042443,5,Dead
even,New C with dCor,1000,0.58017729615729,0.0148912419939809,0.00667515154964721,5,Dead
all,Codex F,3000,0.702838216795711,0.011047653732269,0.00406171867197706,5,Dead
all,F no distance,3000,0.702838216795711,0.0236321131078869,0.00944582279212774,5,Dead
all,F+,3000,0.702838216795711,0.0111391901920069,0.00412318277708438,5,Dead
all,F guarded,3000,0.702838216795711,0.012389836605361,0.00365623519505946,5,Dead
all,New C,3000,0.702838216795711,0.0143413328730921,0.00547347254128747,5,Dead
all,New C with dCor,3000,0.702838216795711,0.0125317082744547,0.00567220729158201,5,Dead
odd,Codex F,3000,0.702838216795711,0.0109914756766364,0.00400610137006203,5,Dead
odd,F no distance,3000,0.702838216795711,0.0236813343489226,0.00928817817537407,5,Dead
odd,F+,3000,0.702838216795711,0.0110784184498722,0.0040642079266234,5,Dead
odd,F guarded,3000,0.702838216795711,0.0123149491460587,0.00364778217867413,5,Dead
odd,New C,3000,0.702838216795711,0.0142998782257655,0.00540706290945514,5,Dead
odd,New C with dCor,3000,0.702838216795711,0.0124958944988914,0.0056033952638242,5,Dead
even,Codex F,3000,0.702838216795711,0.0111078632104588,0.00413263770571986,5,Dead
even,F no distance,3000,0.702838216795711,0.0235611345927502,0.00962535710924725,5,Dead
even,F+,3000,0.702838216795711,0.0112067535510956,0.00418955623624406,5,Dead
even,F guarded,3000,0.702838216795711,0.0124801379396937,0.00364201915851539,5,Dead
even,New C,3000,0.702838216795711,0.0144029251749191,0.00554675480427632,5,Dead
even,New C with dCor,3000,0.702838216795711,0.0125669853815631,0.00574622117146651,5,Dead
all,Codex F,10000,0.812142298522553,0.00946227695827265,0.00324805461300778,5,Dead
all,F no distance,10000,0.812142298522553,0.020967719971055,0.00870907582777886,5,Dead
all,F+,10000,0.812142298522553,0.00951908934523488,0.00328198524752718,5,Dead
all,F guarded,10000,0.812142298522553,0.00999736467917949,0.00295317840368943,5,Dead
all,New C,10000,0.812142298522553,0.0116025312514607,0.00463110322366426,5,Dead
all,New C with dCor,10000,0.812142298522553,0.0108083412778886,0.00472207615855693,5,Dead
odd,Codex F,10000,0.812142298522553,0.00938863870749337,0.00321085213066088,5,Dead
odd,F no distance,10000,0.812142298522553,0.0209882067756733,0.00857129114174572,5,Dead
odd,F+,10000,0.812142298522553,0.00945678858985427,0.00325060427578729,5,Dead
odd,F guarded,10000,0.812142298522553,0.00992347413294063,0.00292522348184439,5,Dead
odd,New C,10000,0.812142298522553,0.0116092055163426,0.00461205613932835,5,Dead
odd,New C with dCor,10000,0.812142298522553,0.0107487974170179,0.0046857533774672,5,Dead
even,Codex F,10000,0.812142298522553,0.00954223420361532,0.00329232679869509,5,Dead
even,F no distance,10000,0.812142298522553,0.0209659483773267,0.00886197695176169,5,Dead
even,F+,10000,0.812142298522553,0.00959467472348421,0.00332819517077044,5,Dead
even,F guarded,10000,0.812142298522553,0.0100929432208101,0.00299059273411128,5,Dead
even,New C,10000,0.812142298522553,0.0115917750589454,0.00466356305236073,5,Dead
even,New C with dCor,10000,0.812142298522553,0.010883101401269,0.00478906055853935,5,Dead
all,Codex F,1e+05,0.95172669709556,0.0086671871033565,0.00249372741859371,5,Dead
all,F no distance,1e+05,0.95172669709556,0.0134235461841324,0.00593471249295577,5,Dead
all,F+,1e+05,0.95172669709556,0.0086707261195908,0.00249513680293975,5,Dead
all,F guarded,1e+05,0.95172669709556,0.00872092957050139,0.00245927143640115,5,Dead
all,New C,1e+05,0.95172669709556,0.00992043425920926,0.00377264999297567,5,Dead
all,New C with dCor,1e+05,0.95172669709556,0.00986752679736797,0.00378506143216396,5,Dead
odd,Codex F,1e+05,0.95172669709556,0.00860285986729637,0.002433705172545,5,Dead
odd,F no distance,1e+05,0.95172669709556,0.0133786303407302,0.00580195266862716,5,Dead
odd,F+,1e+05,0.95172669709556,0.00860667347619294,0.00243701303498858,5,Dead
odd,F guarded,1e+05,0.95172669709556,0.00865937840349367,0.00240692585987114,5,Dead
odd,New C,1e+05,0.95172669709556,0.00985069941265087,0.00370129283404056,5,Dead
odd,New C with dCor,1e+05,0.95172669709556,0.00978770978181758,0.00371349578258874,5,Dead
even,Codex F,1e+05,0.95172669709556,0.00873980377058293,0.00256064806545776,5,Dead
even,F no distance,1e+05,0.95172669709556,0.0134627362010467,0.00608723368452128,5,Dead
even,F+,1e+05,0.95172669709556,0.00874036377595031,0.00256291930139201,5,Dead
even,F guarded,1e+05,0.95172669709556,0.00879708461479479,0.00251282341728515,5,Dead
even,New C,1e+05,0.95172669709556,0.0100141777368835,0.00385646689050826,5,Dead
even,New C with dCor,1e+05,0.95172669709556,0.00996451396668396,0.00386245592956724,5,Dead
all,Codex F,Inf,1,0.00867638882117108,0.00217668822837942,5,Dead
all,F no distance,Inf,1,0.00867638882117108,0.00217668822837942,5,Dead
all,F+,Inf,1,0.00867638882117108,0.00217668822837942,5,Dead
all,F guarded,Inf,1,0.00867638882117108,0.00217668822837942,5,Dead
all,New C,Inf,1,0.00989563535947354,0.00326454238069692,5,Dead
all,New C with dCor,Inf,1,0.00989563535947354,0.00326454238069692,5,Dead
odd,Codex F,Inf,1,0.00860474351630871,0.00214044929074211,5,Dead
odd,F no distance,Inf,1,0.00860474351630871,0.00214044929074211,5,Dead
odd,F+,Inf,1,0.00860474351630871,0.00214044929074211,5,Dead
odd,F guarded,Inf,1,0.00860474351630871,0.00214044929074211,5,Dead
odd,New C,Inf,1,0.00982326051219557,0.00321941910077587,5,Dead
odd,New C with dCor,Inf,1,0.00982326051219557,0.00321941910077587,5,Dead
even,Codex F,Inf,1,0.00875635663158703,0.00221767179902443,5,Dead
even,F no distance,Inf,1,0.00875635663158703,0.00221767179902443,5,Dead
even,F+,Inf,1,0.00875635663158703,0.00221767179902443,5,Dead
even,F guarded,Inf,1,0.00875635663158703,0.00221767179902443,5,Dead
even,New C,Inf,1,0.00999143656142777,0.00330650803133737,5,Dead
even,New C with dCor,Inf,1,0.00999143656142777,0.00330650803133737,5,Dead
all,Codex F,0,0,0.0326631788315984,0.0158880858571739,6,Dead
all,F no distance,0,0,0.0326631788315984,0.0158880858571739,6,Dead
all,F+,0,0,0.0325196662927206,0.0160106991661197,6,Dead
all,F guarded,0,0,0.0949108293898212,0.0338199054670523,6,Dead
all,New C,0,0,0.112063126741636,0.0388592267236258,6,Dead
all,New C with dCor,0,0,0.0354080705328731,0.0172133187510461,6,Dead
odd,Codex F,0,0,0.032940825459131,0.015544253400319,6,Dead
odd,F no distance,0,0,0.032940825459131,0.015544253400319,6,Dead
odd,F+,0,0,0.0327780087493018,0.0157054878368015,6,Dead
odd,F guarded,0,0,0.0966252227965943,0.0329631630256137,6,Dead
odd,New C,0,0,0.113595603139863,0.0377620093870396,6,Dead
odd,New C with dCor,0,0,0.035672046767887,0.0168769123718919,6,Dead
even,Codex F,0,0,0.0323596465715874,0.0162606768550934,6,Dead
even,F no distance,0,0,0.0323596465715874,0.0162606768550934,6,Dead
even,F+,0,0,0.0322622221711044,0.0164374282946023,6,Dead
even,F guarded,0,0,0.0930903154235436,0.0347588485258641,6,Dead
even,New C,0,0,0.110344207646596,0.0400753063853962,6,Dead
even,New C with dCor,0,0,0.0350799604865145,0.0176267247078809,6,Dead
all,Codex F,3,0.0127721010556141,0.0316759813719145,0.0155973657836513,6,Dead
all,F no distance,3,0.0127721010556141,0.0325573086079499,0.0158660089538612,6,Dead
all,F+,3,0.0127721010556141,0.0316630196420546,0.0157573632840634,6,Dead
all,F guarded,3,0.0127721010556141,0.0792572537951931,0.0308079868694281,6,Dead
all,New C,3,0.0127721010556141,0.0954780865927764,0.0366857380456437,6,Dead
all,New C with dCor,3,0.0127721010556141,0.0344119031147187,0.0169368509290744,6,Dead
odd,Codex F,3,0.0127721010556141,0.0319789219350362,0.0153378501579568,6,Dead
odd,F no distance,3,0.0127721010556141,0.0328208008378612,0.015532430109569,6,Dead
odd,F+,3,0.0127721010556141,0.0318888240474619,0.0154888363606999,6,Dead
odd,F guarded,3,0.0127721010556141,0.081270152709084,0.030259161633062,6,Dead
odd,New C,3,0.0127721010556141,0.0974917763503104,0.0358997577311491,6,Dead
odd,New C with dCor,3,0.0127721010556141,0.0346967899829042,0.0166040859430418,6,Dead
even,Codex F,3,0.0127721010556141,0.0313519937009987,0.015863761319349,6,Dead
even,F no distance,3,0.0127721010556141,0.032246284706807,0.0162242475658247,6,Dead
even,F+,3,0.0127721010556141,0.0313524910268944,0.0160876090667504,6,Dead
even,F guarded,3,0.0127721010556141,0.0770895577299829,0.0314398922194678,6,Dead
even,New C,3,0.0127721010556141,0.0933975227519315,0.037568296436656,6,Dead
even,New C with dCor,3,0.0127721010556141,0.0340266385051854,0.0172875954903245,6,Dead
all,Codex F,5,0.0237713551275196,0.0306938319705878,0.0151867114495737,6,Dead
all,F no distance,5,0.0237713551275196,0.0324611210416554,0.0158256869359938,6,Dead
all,F+,5,0.0237713551275196,0.0308406897668232,0.0154725800548574,6,Dead
all,F guarded,5,0.0237713551275196,0.0674289189355124,0.0282232168704542,6,Dead
all,New C,5,0.0237713551275196,0.0844288998372976,0.034716023530955,6,Dead
all,New C with dCor,5,0.0237713551275196,0.0332883244880714,0.0166968080538479,6,Dead
odd,Codex F,5,0.0237713551275196,0.0309217055434249,0.0149818420203881,6,Dead
odd,F no distance,5,0.0237713551275196,0.0327267779329373,0.0155078819119412,6,Dead
odd,F+,5,0.0237713551275196,0.0310122793581476,0.0152389945871036,6,Dead
odd,F guarded,5,0.0237713551275196,0.0693731376411245,0.0278044208864373,6,Dead
odd,New C,5,0.0237713551275196,0.0869415369657574,0.0340338861106453,6,Dead
odd,New C with dCor,5,0.0237713551275196,0.0335284625315256,0.0163674467244001,6,Dead
even,Codex F,5,0.0237713551275196,0.030436397607683,0.0153601506726231,6,Dead
even,F no distance,5,0.0237713551275196,0.0321459228477774,0.0162102129934659,6,Dead
even,F+,5,0.0237713551275196,0.030607687701037,0.0156767742558919,6,Dead
even,F guarded,5,0.0237713551275196,0.0653349898326529,0.0287795467196715,6,Dead
even,New C,5,0.0237713551275196,0.081880182830142,0.0354201286683557,6,Dead
even,New C with dCor,5,0.0237713551275196,0.0329310282343244,0.0169601103053578,6,Dead
all,Codex F,10,0.04732037755993,0.0285620207243408,0.0138175044880906,6,Dead
all,F no distance,10,0.04732037755993,0.0322060962524496,0.0157727667580767,6,Dead
all,F+,10,0.04732037755993,0.028723970200277,0.0140790646311562,6,Dead
all,F guarded,10,0.04732037755993,0.053298855483343,0.023878166852991,6,Dead
all,New C,10,0.04732037755993,0.0665523719073045,0.0304253548881051,6,Dead
all,New C with dCor,10,0.04732037755993,0.0308327852480091,0.0153119505091664,6,Dead
odd,Codex F,10,0.04732037755993,0.0287095240085309,0.0135619197862435,6,Dead
odd,F no distance,10,0.04732037755993,0.0324733888522148,0.0154456755327592,6,Dead
odd,F+,10,0.04732037755993,0.0288850699351715,0.0138510192388166,6,Dead
odd,F guarded,10,0.04732037755993,0.0546979672218553,0.02371394270402,6,Dead
odd,New C,10,0.04732037755993,0.0682797630308567,0.0300755873861279,6,Dead
odd,New C with dCor,10,0.04732037755993,0.0310290165236378,0.0150735677838,6,Dead
even,Codex F,10,0.04732037755993,0.0284320769087737,0.0140535625531625,6,Dead
even,F no distance,10,0.04732037755993,0.0318793586271015,0.0161551302148082,6,Dead
even,F+,10,0.04732037755993,0.028531974487703,0.0143718580843507,6,Dead
even,F guarded,10,0.04732037755993,0.0523339328732726,0.0241820067775755,6,Dead
even,New C,10,0.04732037755993,0.0649832378572661,0.0307754193845684,6,Dead
even,New C with dCor,10,0.04732037755993,0.0306384167538865,0.0156084605744067,6,Dead
all,Codex F,20,0.0845340102772149,0.0268380509609336,0.0124764751872882,6,Dead
all,F no distance,20,0.0845340102772149,0.0318553501609047,0.0156865127423125,6,Dead
all,F+,20,0.0845340102772149,0.0271118890378083,0.0127711984367065,6,Dead
all,F guarded,20,0.0845340102772149,0.0431617448159934,0.0182100768635785,6,Dead
all,New C,20,0.0845340102772149,0.0513648787506966,0.0239129837375063,6,Dead
all,New C with dCor,20,0.0845340102772149,0.0288963316865326,0.0140069273972176,6,Dead
odd,Codex F,20,0.0845340102772149,0.0269397786201527,0.01212779113923,6,Dead
odd,F no distance,20,0.0845340102772149,0.0321135812945378,0.0153717536636531,6,Dead
odd,F+,20,0.0845340102772149,0.0272881527666345,0.0125013415728881,6,Dead
odd,F guarded,20,0.0845340102772149,0.0436072769698202,0.0182962713575923,6,Dead
odd,New C,20,0.0845340102772149,0.0521035345232655,0.0238497721341305,6,Dead
odd,New C with dCor,20,0.0845340102772149,0.029002089911813,0.0137713840040565,6,Dead
even,Codex F,20,0.0845340102772149,0.0266738299768052,0.0128286023052903,6,Dead
even,F no distance,20,0.0845340102772149,0.0315540104951406,0.0160194674352061,6,Dead
even,F+,20,0.0845340102772149,0.027037296495869,0.0131560779145213,6,Dead
even,F guarded,20,0.0845340102772149,0.042908313219085,0.0182844551919741,6,Dead
even,New C,20,0.0845340102772149,0.0508741485364312,0.0240510637509129,6,Dead
even,New C with dCor,20,0.0845340102772149,0.0287680597024939,0.0143127272307096,6,Dead
all,Codex F,30,0.114965864675073,0.0256277319912628,0.011705104969239,6,Dead
all,F no distance,30,0.114965864675073,0.0315230346825954,0.0155941122998797,6,Dead
all,F+,30,0.114965864675073,0.0258953768054583,0.0120326052013244,6,Dead
all,F guarded,30,0.114965864675073,0.0400476946272226,0.0151136306230202,6,Dead
all,New C,30,0.114965864675073,0.0455486348803553,0.019580501793997,6,Dead
all,New C with dCor,30,0.114965864675073,0.0276980695953114,0.0132817171879689,6,Dead
odd,Codex F,30,0.114965864675073,0.0256915224360602,0.0114096334493738,6,Dead
odd,F no distance,30,0.114965864675073,0.0317784323786795,0.0153099843292441,6,Dead
odd,F+,30,0.114965864675073,0.0259714865959139,0.0117542351152413,6,Dead
odd,F guarded,30,0.114965864675073,0.04018134111444,0.0151075003034597,6,Dead
odd,New C,30,0.114965864675073,0.0458540915689163,0.019671983326437,6,Dead
odd,New C with dCor,30,0.114965864675073,0.0277364919328358,0.0129412891096654,6,Dead
even,Codex F,30,0.114965864675073,0.0254736726033699,0.012059263942023,6,Dead
even,F no distance,30,0.114965864675073,0.0312231776218682,0.0159206024255047,6,Dead
even,F+,30,0.114965864675073,0.0257619835087315,0.012380119971555,6,Dead
even,F guarded,30,0.114965864675073,0.0398071298100332,0.015131618532312,6,Dead
even,New C,30,0.114965864675073,0.0448272951751108,0.0194528057641946,6,Dead
even,New C with dCor,30,0.114965864675073,0.0274928458661605,0.013631379288757,6,Dead
all,Codex F,50,0.164420954037171,0.0240449814986607,0.010908625881904,6,Dead
all,F no distance,50,0.164420954037171,0.0310332441418119,0.0154594708686214,6,Dead
all,F+,50,0.164420954037171,0.0243709826870181,0.0112782272711691,6,Dead
all,F guarded,50,0.164420954037171,0.0365956649254803,0.0125471670838492,6,Dead
all,New C,50,0.164420954037171,0.0407225497465078,0.0156500670855914,6,Dead
all,New C with dCor,50,0.164420954037171,0.0260411907016883,0.0126651714772984,6,Dead
odd,Codex F,50,0.164420954037171,0.0241442045870783,0.0106465923165172,6,Dead
odd,F no distance,50,0.164420954037171,0.0312751686132129,0.0151862003374008,6,Dead
odd,F+,50,0.164420954037171,0.0244872966350142,0.0110352575711428,6,Dead
odd,F guarded,50,0.164420954037171,0.0364749147294301,0.0124381166029046,6,Dead
odd,New C,50,0.164420954037171,0.0409275466697135,0.0154615821982927,6,Dead
odd,New C with dCor,50,0.164420954037171,0.0261247520692632,0.012347816730964,6,Dead
even,Codex F,50,0.164420954037171,0.0239433634002338,0.0112153697058081,6,Dead
even,F no distance,50,0.164420954037171,0.0307755382521517,0.0157963702901291,6,Dead
even,F+,50,0.164420954037171,0.0242777853853969,0.0115847748303156,6,Dead
even,F guarded,50,0.164420954037171,0.036499682193724,0.0127393834328808,6,Dead
even,New C,50,0.164420954037171,0.0406354110261277,0.0158806043824206,6,Dead
even,New C with dCor,50,0.164420954037171,0.025903529934633,0.0129933570270349,6,Dead
all,Codex F,75,0.212721321815864,0.0226009979819501,0.0102587975333404,6,Dead
all,F no distance,75,0.212721321815864,0.030534919037089,0.015333369428597,6,Dead
all,F+,75,0.212721321815864,0.0228829571472235,0.0105472945328493,6,Dead
all,F guarded,75,0.212721321815864,0.0333531113693975,0.0114700609171117,6,Dead
all,New C,75,0.212721321815864,0.0373941661192311,0.0141081725162123,6,Dead
all,New C with dCor,75,0.212721321815864,0.0246064790500334,0.0122951869446331,6,Dead
odd,Codex F,75,0.212721321815864,0.0227089213646134,0.00996342891179655,6,Dead
odd,F no distance,75,0.212721321815864,0.0307666762724488,0.0150614344341158,6,Dead
odd,F+,75,0.212721321815864,0.0230043601956702,0.0102839975870016,6,Dead
odd,F guarded,75,0.212721321815864,0.0333611623351783,0.0112677712635003,6,Dead
odd,New C,75,0.212721321815864,0.0374813196973545,0.0138788378934705,6,Dead
odd,New C with dCor,75,0.212721321815864,0.0246919635471149,0.0119681849973795,6,Dead
even,Codex F,75,0.212721321815864,0.0225045182395,0.0106634464776852,6,Dead
even,F no distance,75,0.212721321815864,0.03028625728334,0.0156654773063835,6,Dead
even,F+,75,0.212721321815864,0.02273346950946,0.0109440661708868,6,Dead
even,F guarded,75,0.212721321815864,0.033234231577434,0.0116865274315469,6,Dead
even,New C,75,0.212721321815864,0.0373870984166236,0.0144314593776869,6,Dead
even,New C with dCor,75,0.212721321815864,0.024556598357199,0.0125856210487474,6,Dead
all,Codex F,100,0.25127459019198,0.0215356108884815,0.00973197491665024,6,Dead
all,F no distance,100,0.25127459019198,0.0300705442757493,0.0151883994233211,6,Dead
all,F+,100,0.25127459019198,0.0217784958308615,0.0100211750385148,6,Dead
all,F guarded,100,0.25127459019198,0.0308812573584668,0.0108016211173053,6,Dead
all,New C,100,0.25127459019198,0.0347442713355985,0.0135381038339161,6,Dead
all,New C with dCor,100,0.25127459019198,0.0234964529484208,0.012038515311554,6,Dead
odd,Codex F,100,0.25127459019198,0.0215901785389056,0.00946895003853142,6,Dead
odd,F no distance,100,0.25127459019198,0.030321548831226,0.0149034329888258,6,Dead
odd,F+,100,0.25127459019198,0.0218738588500144,0.0097477754088056,6,Dead
odd,F guarded,100,0.25127459019198,0.031019167069517,0.0105993902977322,6,Dead
odd,New C,100,0.25127459019198,0.0347626447773321,0.0132075286907413,6,Dead
odd,New C with dCor,100,0.25127459019198,0.0235731249767261,0.0117355544170881,6,Dead
even,Codex F,100,0.25127459019198,0.0213107191366189,0.00990238834284849,6,Dead
even,F no distance,100,0.25127459019198,0.0298507380968812,0.0155252291560925,6,Dead
even,F+,100,0.25127459019198,0.0216757472175896,0.010267369219826,6,Dead
even,F guarded,100,0.25127459019198,0.0307218952537044,0.0110517510772717,6,Dead
even,New C,100,0.25127459019198,0.0347269858646271,0.0138308144831353,6,Dead
even,New C with dCor,100,0.25127459019198,0.0233406719707862,0.0123347832309382,6,Dead
all,Codex F,150,0.310016638206782,0.0198884495172861,0.00895205806408181,6,Dead
all,F no distance,150,0.310016638206782,0.0294110657291049,0.0149129590772465,6,Dead
all,F+,150,0.310016638206782,0.0201374331877103,0.0092460861555087,6,Dead
all,F guarded,150,0.310016638206782,0.0275804584110891,0.00994790397593566,6,Dead
all,New C,150,0.310016638206782,0.0310931800541144,0.0129824241042063,6,Dead
all,New C with dCor,150,0.310016638206782,0.0216635191413626,0.0116623003544679,6,Dead
odd,Codex F,150,0.310016638206782,0.0198973653142402,0.00878281513247233,6,Dead
odd,F no distance,150,0.310016638206782,0.0295794815856734,0.0146563697525774,6,Dead
odd,F+,150,0.310016638206782,0.0201573458250816,0.00902791900433265,6,Dead
odd,F guarded,150,0.310016638206782,0.0278155155469794,0.00979687383395907,6,Dead
odd,New C,150,0.310016638206782,0.0312794785947629,0.0126228294837562,6,Dead
odd,New C with dCor,150,0.310016638206782,0.0216789647641294,0.0113230115387701,6,Dead
even,Codex F,150,0.310016638206782,0.0198536447409282,0.00906117550637351,6,Dead
even,F no distance,150,0.310016638206782,0.029190888354707,0.0152510581788782,6,Dead
even,F+,150,0.310016638206782,0.0201049585197539,0.00941225116168147,6,Dead
even,F guarded,150,0.310016638206782,0.027400264770832,0.0101903121029159,6,Dead
even,New C,150,0.310016638206782,0.030879164360611,0.0132993759158282,6,Dead
even,New C with dCor,150,0.310016638206782,0.0216012258439243,0.0120289311502692,6,Dead
all,Codex F,200,0.353433366065062,0.0186912559741475,0.00834568628535385,6,Dead
all,F no distance,200,0.353433366065062,0.0288890727396941,0.0147686511983018,6,Dead
all,F+,200,0.353433366065062,0.0189515312137067,0.00862415982624609,6,Dead
all,F guarded,200,0.353433366065062,0.0252795152014456,0.0092929650753192,6,Dead
all,New C,200,0.353433366065062,0.0285930900472828,0.012658294663567,6,Dead
all,New C with dCor,200,0.353433366065062,0.0204511123294322,0.0114440839849646,6,Dead
odd,Codex F,200,0.353433366065062,0.0186924661808764,0.00825293655486151,6,Dead
odd,F no distance,200,0.353433366065062,0.0290613788046514,0.0144473023824336,6,Dead
odd,F+,200,0.353433366065062,0.0189418859662485,0.0084617521321679,6,Dead
odd,F guarded,200,0.353433366065062,0.025407035826605,0.00906471781904109,6,Dead
odd,New C,200,0.353433366065062,0.028818289901657,0.0122797491316546,6,Dead
odd,New C with dCor,200,0.353433366065062,0.0204834771187732,0.0110497723543901,6,Dead
even,Codex F,200,0.353433366065062,0.0187513537849598,0.00851960166036478,6,Dead
even,F no distance,200,0.353433366065062,0.028687409881726,0.0150770314532386,6,Dead
even,F+,200,0.353433366065062,0.0189522883642916,0.00882039797789496,6,Dead
even,F guarded,200,0.353433366065062,0.0250354188222438,0.00964366480684304,6,Dead
even,New C,200,0.353433366065062,0.0283718960473095,0.0130257282744083,6,Dead
even,New C with dCor,200,0.353433366065062,0.0203997722506565,0.011802179123883,6,Dead
all,Codex F,300,0.414758560482122,0.0171422107275768,0.00758383006173963,6,Dead
all,F no distance,300,0.414758560482122,0.0281520134710462,0.0145153789847536,6,Dead
all,F+,300,0.414758560482122,0.0173730410468692,0.00782091934633876,6,Dead
all,F guarded,300,0.414758560482122,0.0224872581737772,0.00844027444082988,6,Dead
all,New C,300,0.414758560482122,0.0254996361046691,0.0122635695909097,6,Dead
all,New C with dCor,300,0.414758560482122,0.0188214517016344,0.0110368066858632,6,Dead
odd,Codex F,300,0.414758560482122,0.0171057649537061,0.00739130953628976,6,Dead
odd,F no distance,300,0.414758560482122,0.0283596993026287,0.0142386399483575,6,Dead
odd,F+,300,0.414758560482122,0.0173218953249039,0.00760105553939401,6,Dead
odd,F guarded,300,0.414758560482122,0.0226524314663417,0.00819575474996442,6,Dead
odd,New C,300,0.414758560482122,0.025718752692158,0.0119449143812743,6,Dead
odd,New C with dCor,300,0.414758560482122,0.0187863073968754,0.0106530329145545,6,Dead
even,Codex F,300,0.414758560482122,0.0171619010753924,0.00774874932603272,6,Dead
even,F no distance,300,0.414758560482122,0.0278505531619607,0.0148229435907571,6,Dead
even,F+,300,0.414758560482122,0.0173798044185021,0.00803110625528455,6,Dead
even,F guarded,300,0.414758560482122,0.0222849749822683,0.00868884001279938,6,Dead
even,New C,300,0.414758560482122,0.02530816513313,0.0125726364815259,6,Dead
even,New C with dCor,300,0.414758560482122,0.0188090559740832,0.0113352856310579,6,Dead
all,Codex F,500,0.488869557189743,0.0154003968079752,0.00668276370163439,6,Dead
all,F no distance,500,0.488869557189743,0.0270850717553891,0.0141901440575385,6,Dead
all,F+,500,0.488869557189743,0.0155856051786133,0.00687669105687836,6,Dead
all,F guarded,500,0.488869557189743,0.0194051967189833,0.00732615728217083,6,Dead
all,New C,500,0.488869557189743,0.0221138595239381,0.0117244499677994,6,Dead
all,New C with dCor,500,0.488869557189743,0.0170895221338297,0.0104041671665048,6,Dead
odd,Codex F,500,0.488869557189743,0.0153666847255369,0.00658664484055008,6,Dead
odd,F no distance,500,0.488869557189743,0.0272917678396724,0.0139418002988324,6,Dead
odd,F+,500,0.488869557189743,0.0155916194688468,0.00677163681570362,6,Dead
odd,F guarded,500,0.488869557189743,0.0194384386837963,0.00716072497032074,6,Dead
odd,New C,500,0.488869557189743,0.0222430478782647,0.0113940899854587,6,Dead
odd,New C with dCor,500,0.488869557189743,0.0170435886186292,0.0101725247839373,6,Dead
even,Codex F,500,0.488869557189743,0.0154577052791995,0.00683489675284163,6,Dead
even,F no distance,500,0.488869557189743,0.0268840131136542,0.0145244338000203,6,Dead
even,F+,500,0.488869557189743,0.0156611569421282,0.00702025905147906,6,Dead
even,F guarded,500,0.488869557189743,0.0193701540494949,0.00752270454766936,6,Dead
even,New C,500,0.488869557189743,0.0220011942185672,0.0120821443977525,6,Dead
even,New C with dCor,500,0.488869557189743,0.017130705871528,0.0106893843524857,6,Dead
all,Codex F,1000,0.58017729615729,0.0134377266211818,0.00556193114634454,6,Dead
all,F no distance,1000,0.58017729615729,0.0257486404742644,0.0136600427712785,6,Dead
all,F+,1000,0.58017729615729,0.0135913966398791,0.00569524175425294,6,Dead
all,F guarded,1000,0.58017729615729,0.0162530645551301,0.00596938451073899,6,Dead
all,New C,1000,0.58017729615729,0.0187484882494652,0.0109185958219855,6,Dead
all,New C with dCor,1000,0.58017729615729,0.0152330815723712,0.00957366521439445,6,Dead
odd,Codex F,1000,0.58017729615729,0.0133651831581442,0.00540721232275256,6,Dead
odd,F no distance,1000,0.58017729615729,0.02584951512551,0.0133266135132934,6,Dead
odd,F+,1000,0.58017729615729,0.0135119366119941,0.0055603640374042,6,Dead
odd,F guarded,1000,0.58017729615729,0.0161788430102067,0.00586195001038205,6,Dead
odd,New C,1000,0.58017729615729,0.0187372392525262,0.0106223099649894,6,Dead
odd,New C with dCor,1000,0.58017729615729,0.0151855112358029,0.00928840972713228,6,Dead
even,Codex F,1000,0.58017729615729,0.0135449725228593,0.00568250706089322,6,Dead
even,F no distance,1000,0.58017729615729,0.0255989962140817,0.0140287668283565,6,Dead
even,F+,1000,0.58017729615729,0.0136876675829548,0.00581184706556025,6,Dead
even,F guarded,1000,0.58017729615729,0.0163186419000517,0.00611330076432773,6,Dead
even,New C,1000,0.58017729615729,0.0188008943680871,0.0111581295856603,6,Dead
even,New C with dCor,1000,0.58017729615729,0.0152502062395768,0.00989631054995452,6,Dead
all,Codex F,3000,0.702838216795711,0.0111331648985132,0.00401828714482654,6,Dead
all,F no distance,3000,0.702838216795711,0.0236314793736406,0.0126078348185098,6,Dead
all,F+,3000,0.702838216795711,0.0112373192465347,0.00408942254181298,6,Dead
all,F guarded,3000,0.702838216795711,0.0125940934038077,0.00421687843301324,6,Dead
all,New C,3000,0.702838216795711,0.0149536350358664,0.00902758909404918,6,Dead
all,New C with dCor,3000,0.702838216795711,0.0129820984430901,0.00805877146772392,6,Dead
odd,Codex F,3000,0.702838216795711,0.0110210618510807,0.00384106835151506,6,Dead
odd,F no distance,3000,0.702838216795711,0.0236408331657611,0.0122358900833141,6,Dead
odd,F+,3000,0.702838216795711,0.011122219795528,0.00390918056172887,6,Dead
odd,F guarded,3000,0.702838216795711,0.0123972148055993,0.00405615268376562,6,Dead
odd,New C,3000,0.702838216795711,0.0148013795697287,0.00879927795909783,6,Dead
odd,New C with dCor,3000,0.702838216795711,0.012870370048579,0.00790077714030245,6,Dead
even,Codex F,3000,0.702838216795711,0.011254841363314,0.00420899653660865,6,Dead
even,F no distance,3000,0.702838216795711,0.023564453758123,0.0129651390284729,6,Dead
even,F+,3000,0.702838216795711,0.0113652288707421,0.00429935448601794,6,Dead
even,F guarded,3000,0.702838216795711,0.0128222115628655,0.00435073812816078,6,Dead
even,New C,3000,0.702838216795711,0.0151595791937432,0.00932291334500711,6,Dead
even,New C with dCor,3000,0.702838216795711,0.0130856399409589,0.00820086584757436,6,Dead
all,Codex F,10000,0.812142298522553,0.00954253362098415,0.00290140156058478,6,Dead
all,F no distance,10000,0.812142298522553,0.0210694905147152,0.0110978666582051,6,Dead
all,F+,10000,0.812142298522553,0.00960906135950957,0.00293349041435072,6,Dead
all,F guarded,10000,0.812142298522553,0.0101161941786671,0.0028571810075398,6,Dead
all,New C,10000,0.812142298522553,0.0121832588200924,0.00706752165709537,6,Dead
all,New C with dCor,10000,0.812142298522553,0.0113025847886665,0.00656261689696647,6,Dead
odd,Codex F,10000,0.812142298522553,0.00943552377325272,0.002834726538843,6,Dead
odd,F no distance,10000,0.812142298522553,0.0210438374583186,0.0108070891862005,6,Dead
odd,F+,10000,0.812142298522553,0.00949451749014028,0.002870017012347,6,Dead
odd,F guarded,10000,0.812142298522553,0.00996379429238815,0.00275294363172728,6,Dead
odd,New C,10000,0.812142298522553,0.012075621000694,0.00695497919883299,6,Dead
odd,New C with dCor,10000,0.812142298522553,0.011148057656697,0.00637961696209381,6,Dead
even,Codex F,10000,0.812142298522553,0.00966620870665363,0.00296460753604725,6,Dead
even,F no distance,10000,0.812142298522553,0.0211526171066,0.0114772701186457,6,Dead
even,F+,10000,0.812142298522553,0.00972897700078593,0.00300805834647446,6,Dead
even,F guarded,10000,0.812142298522553,0.0103017618091897,0.00295694673535631,6,Dead
even,New C,10000,0.812142298522553,0.0122781848237392,0.00715765032956328,6,Dead
even,New C with dCor,10000,0.812142298522553,0.0114026496616636,0.0067397361389463,6,Dead
all,Codex F,1e+05,0.95172669709556,0.00870436607878038,0.0020393850787269,6,Dead
all,F no distance,1e+05,0.95172669709556,0.0135578399421103,0.00640437201327694,6,Dead
all,F+,1e+05,0.95172669709556,0.00870838352929546,0.0020422940779939,6,Dead
all,F guarded,1e+05,0.95172669709556,0.0087544785790051,0.00204198565548159,6,Dead
all,New C,1e+05,0.95172669709556,0.0103946794752171,0.00520223957731784,6,Dead
all,New C with dCor,1e+05,0.95172669709556,0.0103332850133937,0.00510331722290258,6,Dead
odd,Codex F,1e+05,0.95172669709556,0.00862037161258647,0.00197106284023203,6,Dead
odd,F no distance,1e+05,0.95172669709556,0.0134803064794597,0.00616280024254568,6,Dead
odd,F+,1e+05,0.95172669709556,0.00862888716295124,0.00198031640811084,6,Dead
odd,F guarded,1e+05,0.95172669709556,0.00867046172243938,0.0019754578812056,6,Dead
odd,New C,1e+05,0.95172669709556,0.0103275458894023,0.00499001439733415,6,Dead
odd,New C with dCor,1e+05,0.95172669709556,0.0102240146938845,0.00492160779557591,6,Dead
even,Codex F,1e+05,0.95172669709556,0.00879901001015968,0.00211822495912324,6,Dead
even,F no distance,1e+05,0.95172669709556,0.0136386737516055,0.00669316235497184,6,Dead
even,F+,1e+05,0.95172669709556,0.00880017738800391,0.00211971675303597,6,Dead
even,F guarded,1e+05,0.95172669709556,0.00885085988460137,0.00212143569637483,6,Dead
even,New C,1e+05,0.95172669709556,0.0105068968044933,0.00544070482606637,6,Dead
even,New C with dCor,1e+05,0.95172669709556,0.0104561966588073,0.00533743212460643,6,Dead
all,Codex F,Inf,1,0.0087320688213509,0.00172403843786021,6,Dead
all,F no distance,Inf,1,0.0087320688213509,0.00172403843786021,6,Dead
all,F+,Inf,1,0.0087320688213509,0.00172403843786021,6,Dead
all,F guarded,Inf,1,0.0087320688213509,0.00172403843786021,6,Dead
all,New C,Inf,1,0.0104282190397857,0.00424380889612513,6,Dead
all,New C with dCor,Inf,1,0.0104282190397857,0.00424380889612513,6,Dead
odd,Codex F,Inf,1,0.00864624340967175,0.00168613480908378,6,Dead
odd,F no distance,Inf,1,0.00864624340967175,0.00168613480908378,6,Dead
odd,F+,Inf,1,0.00864624340967175,0.00168613480908378,6,Dead
odd,F guarded,Inf,1,0.00864624340967175,0.00168613480908378,6,Dead
odd,New C,Inf,1,0.0103361516731834,0.00407073056219872,6,Dead
odd,New C with dCor,Inf,1,0.0103361516731834,0.00407073056219872,6,Dead
even,Codex F,Inf,1,0.00883016952862921,0.00176905822800027,6,Dead
even,F no distance,Inf,1,0.00883016952862921,0.00176905822800027,6,Dead
even,F+,Inf,1,0.00883016952862921,0.00176905822800027,6,Dead
even,F guarded,Inf,1,0.00883016952862921,0.00176905822800027,6,Dead
even,New C,Inf,1,0.0105327526501428,0.0044376508734649,6,Dead
even,New C with dCor,Inf,1,0.0105327526501428,0.0044376508734649,6,Dead
all,Codex F,0,0,0.0444250427251319,0.0242329365071793,7,Dead
all,F no distance,0,0,0.0444250427251319,0.0242329365071793,7,Dead
all,F+,0,0,0.0443214034967552,0.0242443772799428,7,Dead
all,F guarded,0,0,0.102067212859788,0.0286881497317623,7,Dead
all,New C,0,0,0.122212399173003,0.0251745343219406,7,Dead
all,New C with dCor,0,0,0.0472816323921762,0.0250158856910644,7,Dead
odd,Codex F,0,0,0.0447034324125324,0.0242176603895502,7,Dead
odd,F no distance,0,0,0.0447034324125324,0.0242176603895502,7,Dead
odd,F+,0,0,0.0445810648606104,0.0242262674821457,7,Dead
odd,F guarded,0,0,0.103316557722711,0.0286824514804794,7,Dead
odd,New C,0,0,0.123194303481778,0.0251761063326923,7,Dead
odd,New C with dCor,0,0,0.0474516389850878,0.0249828735229714,7,Dead
even,Codex F,0,0,0.0441524704372496,0.0242679267922946,7,Dead
even,F no distance,0,0,0.0441524704372496,0.0242679267922946,7,Dead
even,F+,0,0,0.044062938150555,0.0242670092503054,7,Dead
even,F guarded,0,0,0.1008448976096,0.0286889948662531,7,Dead
even,New C,0,0,0.121133319119367,0.0251532844584589,7,Dead
even,New C with dCor,0,0,0.0470262883297871,0.0250298153928143,7,Dead
all,Codex F,3,0.0127721010556141,0.0433462813251715,0.0238365920697794,7,Dead
all,F no distance,3,0.0127721010556141,0.0442741114287257,0.0241932698087345,7,Dead
all,F+,3,0.0127721010556141,0.0433022481581363,0.0238590675345605,7,Dead
all,F guarded,3,0.0127721010556141,0.086792680635708,0.0260339820918359,7,Dead
all,New C,3,0.0127721010556141,0.106363352479189,0.0236008648284059,7,Dead
all,New C with dCor,3,0.0127721010556141,0.0459810165417188,0.0245868666071576,7,Dead
odd,Codex F,3,0.0127721010556141,0.043560662780345,0.0237965106012427,7,Dead
odd,F no distance,3,0.0127721010556141,0.044550514489074,0.0241948263000749,7,Dead
odd,F+,3,0.0127721010556141,0.0435063984342998,0.0238513117441022,7,Dead
odd,F guarded,3,0.0127721010556141,0.0884990081484115,0.0261344455854101,7,Dead
odd,New C,3,0.0127721010556141,0.107608185191015,0.0236753826111013,7,Dead
odd,New C with dCor,3,0.0127721010556141,0.0462216422282029,0.0245713413307678,7,Dead
even,Codex F,3,0.0127721010556141,0.0430025076830179,0.0238616708875749,7,Dead
even,F no distance,3,0.0127721010556141,0.0439883413959016,0.0242347614920351,7,Dead
even,F+,3,0.0127721010556141,0.0429439179059558,0.0238860047665312,7,Dead
even,F guarded,3,0.0127721010556141,0.0855430069143328,0.026015814052549,7,Dead
even,New C,3,0.0127721010556141,0.104973854770257,0.0235352112445001,7,Dead
even,New C with dCor,3,0.0127721010556141,0.0455889505204439,0.0245793068933687,7,Dead
all,Codex F,5,0.0237713551275196,0.0420846607419595,0.0231454956185255,7,Dead
all,F no distance,5,0.0237713551275196,0.044179379340381,0.0241827374096393,7,Dead
all,F+,5,0.0237713551275196,0.0422199206623162,0.0232515862085868,7,Dead
all,F guarded,5,0.0237713551275196,0.0758471245123413,0.0241749498031048,7,Dead
all,New C,5,0.0237713551275196,0.0959655253627084,0.0223761222526315,7,Dead
all,New C with dCor,5,0.0237713551275196,0.0447740693373248,0.0239277867514499,7,Dead
odd,Codex F,5,0.0237713551275196,0.0423705157010105,0.0231071048621572,7,Dead
odd,F no distance,5,0.0237713551275196,0.0444217646236396,0.0241624281093078,7,Dead
odd,F+,5,0.0237713551275196,0.0424482340713282,0.023225936204815,7,Dead
odd,F guarded,5,0.0237713551275196,0.077430781265763,0.0243433161270704,7,Dead
odd,New C,5,0.0237713551275196,0.0972424711132558,0.0225111130798916,7,Dead
odd,New C with dCor,5,0.0237713551275196,0.0450193099883207,0.0239125099590802,7,Dead
even,Codex F,5,0.0237713551275196,0.0418042585178368,0.0231786108678907,7,Dead
even,F no distance,5,0.0237713551275196,0.0438808956198363,0.0242123886273006,7,Dead
even,F+,5,0.0237713551275196,0.0418876693561063,0.0232879578877752,7,Dead
even,F guarded,5,0.0237713551275196,0.0744918757202831,0.0240641277893688,7,Dead
even,New C,5,0.0237713551275196,0.0943533470316484,0.0222032874116112,7,Dead
even,New C with dCor,5,0.0237713551275196,0.0444675763432821,0.0239611783726655,7,Dead
all,Codex F,10,0.04732037755993,0.0398399267227589,0.0212603352027532,7,Dead
all,F no distance,10,0.04732037755993,0.0439460815031553,0.0241406629509196,7,Dead
all,F+,10,0.04732037755993,0.0398657908886615,0.0213920115989854,7,Dead
all,F guarded,10,0.04732037755993,0.063210145262751,0.020608754021301,7,Dead
all,New C,10,0.04732037755993,0.0784310839544788,0.0197209845103589,7,Dead
all,New C with dCor,10,0.04732037755993,0.0422324757968827,0.0221078770038594,7,Dead
odd,Codex F,10,0.04732037755993,0.0398855455508727,0.0212851822731832,7,Dead
odd,F no distance,10,0.04732037755993,0.0441764482760372,0.0241129710155254,7,Dead
odd,F+,10,0.04732037755993,0.0399984262462129,0.0214138599079031,7,Dead
odd,F guarded,10,0.04732037755993,0.0644751359197008,0.0209183992189898,7,Dead
odd,New C,10,0.04732037755993,0.0795546841974308,0.019960263890285,7,Dead
odd,New C with dCor,10,0.04732037755993,0.0424504065911746,0.0221722752292375,7,Dead
even,Codex F,10,0.04732037755993,0.0397003081852511,0.0212417249573368,7,Dead
even,F no distance,10,0.04732037755993,0.0436842667471773,0.0241792852661998,7,Dead
even,F+,10,0.04732037755993,0.0397118790921463,0.0213746674753727,7,Dead
even,F guarded,10,0.04732037755993,0.0624435780876801,0.0203946046581666,7,Dead
even,New C,10,0.04732037755993,0.0777764934997222,0.019563272592357,7,Dead
even,New C with dCor,10,0.04732037755993,0.0420287133973584,0.0220580202404351,7,Dead
all,Codex F,20,0.0845340102772149,0.0377885195305899,0.0191111117871675,7,Dead
all,F no distance,20,0.0845340102772149,0.0436013323724001,0.0240873138317453,7,Dead
all,F+,20,0.0845340102772149,0.0378744809278536,0.0192724465307671,7,Dead
all,F guarded,20,0.0845340102772149,0.0536819822420585,0.015930589806958,7,Dead
all,New C,20,0.0845340102772149,0.0632623638297105,0.016470191942111,7,Dead
all,New C with dCor,20,0.0845340102772149,0.0400502023110945,0.0199543327635573,7,Dead
odd,Codex F,20,0.0845340102772149,0.0379091384045095,0.0191326054742197,7,Dead
odd,F no distance,20,0.0845340102772149,0.0437709514666803,0.0240507260674136,7,Dead
odd,F+,20,0.0845340102772149,0.0380166521454327,0.0193206183916416,7,Dead
odd,F guarded,20,0.0845340102772149,0.0544866704023425,0.0162546006574436,7,Dead
odd,New C,20,0.0845340102772149,0.0639232887777383,0.0166101637217343,7,Dead
odd,New C with dCor,20,0.0845340102772149,0.040280967629784,0.020002638038231,7,Dead
even,Codex F,20,0.0845340102772149,0.0376477468476239,0.0190582944921641,7,Dead
even,F no distance,20,0.0845340102772149,0.0432951891138075,0.0241175444001874,7,Dead
even,F+,20,0.0845340102772149,0.0377448733260489,0.0192160823857902,7,Dead
even,F guarded,20,0.0845340102772149,0.0535781542239347,0.0157699973243756,7,Dead
even,New C,20,0.0845340102772149,0.061881761420055,0.0162971117959949,7,Dead
even,New C with dCor,20,0.0845340102772149,0.0397176916058044,0.0198802277158577,7,Dead
all,Codex F,30,0.114965864675073,0.0365094709158084,0.0178212801719647,7,Dead
all,F no distance,30,0.114965864675073,0.0432956496089749,0.0240225281468349,7,Dead
all,F+,30,0.114965864675073,0.0365967196977871,0.0179970719033291,7,Dead
all,F guarded,30,0.114965864675073,0.0503865543399315,0.0135793578854349,7,Dead
all,New C,30,0.114965864675073,0.0564489012458876,0.0146013876423637,7,Dead
all,New C with dCor,30,0.114965864675073,0.0386718720070836,0.0186627279828933,7,Dead
odd,Codex F,30,0.114965864675073,0.0366374168486266,0.0178218807027346,7,Dead
odd,F no distance,30,0.114965864675073,0.0434533898508777,0.0239667292464031,7,Dead
odd,F+,30,0.114965864675073,0.0367023075746037,0.0180095714216477,7,Dead
odd,F guarded,30,0.114965864675073,0.0508038550771001,0.013783335698987,7,Dead
odd,New C,30,0.114965864675073,0.0572497276815788,0.0147674934768081,7,Dead
odd,New C with dCor,30,0.114965864675073,0.0389138214221637,0.0187136383809426,7,Dead
even,Codex F,30,0.114965864675073,0.0363205279372017,0.0178990269246338,7,Dead
even,F no distance,30,0.114965864675073,0.0429767793375122,0.0240529683904457,7,Dead
even,F+,30,0.114965864675073,0.0363568967086473,0.0180346127388686,7,Dead
even,F guarded,30,0.114965864675073,0.0497570067379759,0.0134110075802721,7,Dead
even,New C,30,0.114965864675073,0.0557119923572373,0.0144213589908221,7,Dead
even,New C with dCor,30,0.114965864675073,0.0384555227059252,0.0187024062152095,7,Dead
all,Codex F,50,0.164420954037171,0.0347656249941573,0.0164368622587838,7,Dead
all,F no distance,50,0.164420954037171,0.042716596624598,0.0239187718874657,7,Dead
all,F+,50,0.164420954037171,0.0347812913794655,0.0166354494396221,7,Dead
all,F guarded,50,0.164420954037171,0.0464382166585767,0.0119784004488534,7,Dead
all,New C,50,0.164420954037171,0.0511657891160134,0.0128569200555621,7,Dead
all,New C with dCor,50,0.164420954037171,0.0368218479819502,0.0173417484505956,7,Dead
odd,Codex F,50,0.164420954037171,0.0348422904619241,0.0163878702745353,7,Dead
odd,F no distance,50,0.164420954037171,0.0429296083667632,0.0238729115684771,7,Dead
odd,F+,50,0.164420954037171,0.0350048795934259,0.0166013358799229,7,Dead
odd,F guarded,50,0.164420954037171,0.0466251821679445,0.011948289698318,7,Dead
odd,New C,50,0.164420954037171,0.0517437750808239,0.0129801936498987,7,Dead
odd,New C with dCor,50,0.164420954037171,0.0369625797271452,0.0172997150393765,7,Dead
even,Codex F,50,0.164420954037171,0.0346137238177391,0.016446337137244,7,Dead
even,F no distance,50,0.164420954037171,0.0425054202235129,0.0239534959932986,7,Dead
even,F+,50,0.164420954037171,0.0347408983763682,0.0166356029824308,7,Dead
even,F guarded,50,0.164420954037171,0.0461249521594111,0.012016305217489,7,Dead
even,New C,50,0.164420954037171,0.0508658157014971,0.0128229217240176,7,Dead
even,New C with dCor,50,0.164420954037171,0.0365954298272855,0.0174087619565074,7,Dead
all,Codex F,75,0.212721321815864,0.0329401402756057,0.0154479434330569,7,Dead
all,F no distance,75,0.212721321815864,0.0421719234534278,0.0238045858324973,7,Dead
all,F+,75,0.212721321815864,0.0330607655538179,0.0156203871274879,7,Dead
all,F guarded,75,0.212721321815864,0.0431350344722508,0.0113464465618728,7,Dead
all,New C,75,0.212721321815864,0.0476401997348221,0.0121009591685906,7,Dead
all,New C with dCor,75,0.212721321815864,0.0350984980179066,0.0165438591734009,7,Dead
odd,Codex F,75,0.212721321815864,0.0330641507946988,0.0153729259970552,7,Dead
odd,F no distance,75,0.212721321815864,0.0424356831750707,0.0237572074383856,7,Dead
odd,F+,75,0.212721321815864,0.0332383786895515,0.0155551196943167,7,Dead
odd,F guarded,75,0.212721321815864,0.0433428915181366,0.011300231812905,7,Dead
odd,New C,75,0.212721321815864,0.0479999116064929,0.0121024815653723,7,Dead
odd,New C with dCor,75,0.212721321815864,0.0351805273295081,0.0164349975898805,7,Dead
even,Codex F,75,0.212721321815864,0.0328687431192132,0.0155419840230799,7,Dead
even,F no distance,75,0.212721321815864,0.0419864100925872,0.0238722633547633,7,Dead
even,F+,75,0.212721321815864,0.0328835215461882,0.0156618111566738,7,Dead
even,F guarded,75,0.212721321815864,0.0427682236720534,0.0114070733014542,7,Dead
even,New C,75,0.212721321815864,0.0473276449537063,0.0122014829020103,7,Dead
even,New C with dCor,75,0.212721321815864,0.0350382643452758,0.0165913895894308,7,Dead
all,Codex F,100,0.25127459019198,0.0316350604785793,0.0148118681530038,7,Dead
all,F no distance,100,0.25127459019198,0.0417318527848195,0.023703759901333,7,Dead
all,F+,100,0.25127459019198,0.0317009115437861,0.014982497180735,7,Dead
all,F guarded,100,0.25127459019198,0.0407157883735148,0.0110707707366272,7,Dead
all,New C,100,0.25127459019198,0.0450898747532497,0.0118519922965421,7,Dead
all,New C with dCor,100,0.25127459019198,0.0336528490453592,0.0160013860529838,7,Dead
odd,Codex F,100,0.25127459019198,0.0317574825538687,0.0147489054101955,7,Dead
odd,F no distance,100,0.25127459019198,0.0419596880820596,0.0236443468279042,7,Dead
odd,F+,100,0.25127459019198,0.0318354595524638,0.01495127650087,7,Dead
odd,F guarded,100,0.25127459019198,0.0410099374837082,0.0110538535756662,7,Dead
odd,New C,100,0.25127459019198,0.0453029093281875,0.01177073501681,7,Dead
odd,New C with dCor,100,0.25127459019198,0.0337945133482287,0.0159272854502708,7,Dead
even,Codex F,100,0.25127459019198,0.0314778957923591,0.0149071703813387,7,Dead
even,F no distance,100,0.25127459019198,0.0414681863687772,0.023738910421196,7,Dead
even,F+,100,0.25127459019198,0.0315296527613241,0.015087572616242,7,Dead
even,F guarded,100,0.25127459019198,0.0403205014664443,0.0111046335281493,7,Dead
even,New C,100,0.25127459019198,0.0446015228957004,0.0119310618242106,7,Dead
even,New C with dCor,100,0.25127459019198,0.0334836708206338,0.0160664286818258,7,Dead
all,Codex F,150,0.310016638206782,0.0295664097001243,0.0140466408798462,7,Dead
all,F no distance,150,0.310016638206782,0.0409204026751527,0.0235201247319914,7,Dead
all,F+,150,0.310016638206782,0.0296519205562449,0.0142021250239601,7,Dead
all,F guarded,150,0.310016638206782,0.0373205365909787,0.0106349229371701,7,Dead
all,New C,150,0.310016638206782,0.0411632524387395,0.0116483442600919,7,Dead
all,New C with dCor,150,0.310016638206782,0.0314277835850281,0.0153975049442528,7,Dead
odd,Codex F,150,0.310016638206782,0.0297846306741821,0.0139917105385666,7,Dead
odd,F no distance,150,0.310016638206782,0.041155722297263,0.0234780354735068,7,Dead
odd,F+,150,0.310016638206782,0.0298186955720308,0.0141421991232939,7,Dead
odd,F guarded,150,0.310016638206782,0.0377478235515158,0.0106295223870909,7,Dead
odd,New C,150,0.310016638206782,0.0415061455779549,0.0115363955153157,7,Dead
odd,New C with dCor,150,0.310016638206782,0.0315434177254186,0.0154017370995854,7,Dead
even,Codex F,150,0.310016638206782,0.0294227465409167,0.0141553984179237,7,Dead
even,F no distance,150,0.310016638206782,0.040749217225449,0.0235763512497091,7,Dead
even,F+,150,0.310016638206782,0.0294520270036614,0.0142688463925714,7,Dead
even,F guarded,150,0.310016638206782,0.0368629370751624,0.0106877395906515,7,Dead
even,New C,150,0.310016638206782,0.0407673221442675,0.0117719061703636,7,Dead
even,New C with dCor,150,0.310016638206782,0.0313454351927463,0.0155114408179709,7,Dead
all,Codex F,200,0.353433366065062,0.0280451351733996,0.0135490773802047,7,Dead
all,F no distance,200,0.353433366065062,0.0403927260602632,0.0233798538538358,7,Dead
all,F+,200,0.353433366065062,0.0280989526149256,0.0136896008706656,7,Dead
all,F guarded,200,0.353433366065062,0.034976271332902,0.0103531087808597,7,Dead
all,New C,200,0.353433366065062,0.0384013534005719,0.0115368694847249,7,Dead
all,New C with dCor,200,0.353433366065062,0.0298566304819951,0.0150637013870001,7,Dead
odd,Codex F,200,0.353433366065062,0.0281373147192742,0.0134645361063135,7,Dead
odd,F no distance,200,0.353433366065062,0.0404550317794818,0.0233061723388569,7,Dead
odd,F+,200,0.353433366065062,0.0281985616631968,0.0135762080698525,7,Dead
odd,F guarded,200,0.353433366065062,0.0354397321857174,0.0103194613438838,7,Dead
odd,New C,200,0.353433366065062,0.0388054919768446,0.0115053539473403,7,Dead
odd,New C with dCor,200,0.353433366065062,0.0300074490394219,0.015011820032088,7,Dead
even,Codex F,200,0.353433366065062,0.0279663438821478,0.0136065720207229,7,Dead
even,F no distance,200,0.353433366065062,0.0402560802940556,0.0234662950759448,7,Dead
even,F+,200,0.353433366065062,0.0280394871278778,0.0137744341972227,7,Dead
even,F guarded,200,0.353433366065062,0.034427134571664,0.0104066215183142,7,Dead
even,New C,200,0.353433366065062,0.0380277194701631,0.0116600439927809,7,Dead
even,New C with dCor,200,0.353433366065062,0.0297883661567657,0.0152272712630268,7,Dead
all,Codex F,300,0.414758560482122,0.0259313685498805,0.012889815345278,7,Dead
all,F no distance,300,0.414758560482122,0.0395282043345382,0.023149976362074,7,Dead
all,F+,300,0.414758560482122,0.025990759937436,0.0130362384075982,7,Dead
all,F guarded,300,0.414758560482122,0.031842894543624,0.00995747944836997,7,Dead
all,New C,300,0.414758560482122,0.0349969265906192,0.0114014568766109,7,Dead
all,New C with dCor,300,0.414758560482122,0.0276846904904447,0.0146459485420444,7,Dead
odd,Codex F,300,0.414758560482122,0.0260288673708085,0.0128295247968138,7,Dead
odd,F no distance,300,0.414758560482122,0.0396076875319489,0.0230639480490087,7,Dead
odd,F+,300,0.414758560482122,0.0260648607017722,0.012946108539484,7,Dead
odd,F guarded,300,0.414758560482122,0.032245458225427,0.00996716548872329,7,Dead
odd,New C,300,0.414758560482122,0.03534774580477,0.0113836871420668,7,Dead
odd,New C with dCor,300,0.414758560482122,0.0277110810761861,0.0145432905471644,7,Dead
even,Codex F,300,0.414758560482122,0.0257686282458259,0.0129306528559107,7,Dead
even,F no distance,300,0.414758560482122,0.0394256333429179,0.0232667663051593,7,Dead
even,F+,300,0.414758560482122,0.025833109084287,0.0130838150422579,7,Dead
even,F guarded,300,0.414758560482122,0.0313591757260336,0.00998098780456403,7,Dead
even,New C,300,0.414758560482122,0.0346593029769778,0.0114831816856628,7,Dead
even,New C with dCor,300,0.414758560482122,0.0276930635344184,0.0147282972314322,7,Dead
all,Codex F,500,0.488869557189743,0.0234114788378909,0.0119813316827474,7,Dead
all,F no distance,500,0.488869557189743,0.0384068157264084,0.0228317207404808,7,Dead
all,F+,500,0.488869557189743,0.023451242407817,0.0121224190552388,7,Dead
all,F guarded,500,0.488869557189743,0.0281730553494058,0.00946441819479376,7,Dead
all,New C,500,0.488869557189743,0.0310256739855817,0.0112518422751261,7,Dead
all,New C with dCor,500,0.488869557189743,0.025136095588156,0.0140472965768895,7,Dead
odd,Codex F,500,0.488869557189743,0.0234919265390409,0.0119719325927782,7,Dead
odd,F no distance,500,0.488869557189743,0.0384519554003963,0.0227151439767311,7,Dead
odd,F+,500,0.488869557189743,0.0235371388276714,0.0121090196012941,7,Dead
odd,F guarded,500,0.488869557189743,0.0284362677414986,0.00941953019624319,7,Dead
odd,New C,500,0.488869557189743,0.0313576690482235,0.0111521883136613,7,Dead
odd,New C with dCor,500,0.488869557189743,0.0251175595541563,0.0139878468969545,7,Dead
even,Codex F,500,0.488869557189743,0.0233626413288094,0.0120016119329384,7,Dead
even,F no distance,500,0.488869557189743,0.038310021910403,0.0229121315617571,7,Dead
even,F+,500,0.488869557189743,0.0234231845093641,0.0121499501850001,7,Dead
even,F guarded,500,0.488869557189743,0.0278728135909675,0.00951331049721214,7,Dead
even,New C,500,0.488869557189743,0.0307139679030805,0.011324300404083,7,Dead
even,New C with dCor,500,0.488869557189743,0.0251857811125807,0.0141191344229274,7,Dead
all,Codex F,1000,0.58017729615729,0.0204868298743326,0.0109192246118929,7,Dead
all,F no distance,1000,0.58017729615729,0.0368742201193753,0.0223500981719586,7,Dead
all,F+,1000,0.58017729615729,0.0205206968915737,0.0110227204179658,7,Dead
all,F guarded,1000,0.58017729615729,0.0239958782769717,0.0087836181186686,7,Dead
all,New C,1000,0.58017729615729,0.0265447812856192,0.0110511870694081,7,Dead
all,New C with dCor,1000,0.58017729615729,0.0222580340443702,0.0132162628778951,7,Dead
odd,Codex F,1000,0.58017729615729,0.020552441847357,0.0109307532122764,7,Dead
odd,F no distance,1000,0.58017729615729,0.0369108611080082,0.0222270024231564,7,Dead
odd,F+,1000,0.58017729615729,0.0205791167910764,0.0110415007914974,7,Dead
odd,F guarded,1000,0.58017729615729,0.0242086756867923,0.00877574203624607,7,Dead
odd,New C,1000,0.58017729615729,0.0266517424042384,0.0110005907313462,7,Dead
odd,New C with dCor,1000,0.58017729615729,0.022206304714027,0.0131251892875526,7,Dead
even,Codex F,1000,0.58017729615729,0.0204223450629709,0.0109103673153494,7,Dead
even,F no distance,1000,0.58017729615729,0.0368539303103494,0.0224998613097679,7,Dead
even,F+,1000,0.58017729615729,0.0204722288554067,0.0109958154049439,7,Dead
even,F guarded,1000,0.58017729615729,0.023743475791209,0.0087981973893617,7,Dead
even,New C,1000,0.58017729615729,0.0264273799509268,0.0110928311806283,7,Dead
even,New C with dCor,1000,0.58017729615729,0.0222980158893553,0.0132747484675705,7,Dead
all,Codex F,3000,0.702838216795711,0.0167945722983298,0.00924317141862686,7,Dead
all,F no distance,3000,0.702838216795711,0.0343543180671666,0.0213338540425193,7,Dead
all,F+,3000,0.702838216795711,0.0168144379429373,0.00931643884991129,7,Dead
all,F guarded,3000,0.702838216795711,0.0186584875267425,0.00778574666851722,7,Dead
all,New C,3000,0.702838216795711,0.0208366628579903,0.0104063137313957,7,Dead
all,New C with dCor,3000,0.702838216795711,0.0186504297538787,0.0117684835200359,7,Dead
odd,Codex F,3000,0.702838216795711,0.0167591541698404,0.0092366283488943,7,Dead
odd,F no distance,3000,0.702838216795711,0.0343087160835494,0.0211720324077756,7,Dead
odd,F+,3000,0.702838216795711,0.0167753392728381,0.00930737232115028,7,Dead
odd,F guarded,3000,0.702838216795711,0.018702164684575,0.00778038258665697,7,Dead
odd,New C,3000,0.702838216795711,0.0207340887658899,0.010368900969849,7,Dead
odd,New C with dCor,3000,0.702838216795711,0.0185202320503055,0.0117628052153569,7,Dead
even,Codex F,3000,0.702838216795711,0.016831783474227,0.00924461355149954,7,Dead
even,F no distance,3000,0.702838216795711,0.0344247627810684,0.021559678399231,7,Dead
even,F+,3000,0.702838216795711,0.0168486480744532,0.00933221037377297,7,Dead
even,F guarded,3000,0.702838216795711,0.0186307637491135,0.00780276453555827,7,Dead
even,New C,3000,0.702838216795711,0.0210229669676233,0.0104503431852717,7,Dead
even,New C with dCor,3000,0.702838216795711,0.018805170429582,0.0117581067223313,7,Dead
all,Codex F,10000,0.812142298522553,0.013901705664024,0.00749891737134345,7,Dead
all,F no distance,10000,0.812142298522553,0.0311167096309083,0.0199036075411231,7,Dead
all,F+,10000,0.812142298522553,0.013942894554411,0.00755306714349414,7,Dead
all,F guarded,10000,0.812142298522553,0.0146066352938534,0.00660490783272791,7,Dead
all,New C,10000,0.812142298522553,0.0166563083706381,0.00932643674881806,7,Dead
all,New C with dCor,10000,0.812142298522553,0.0158043737608543,0.0101188201214149,7,Dead
odd,Codex F,10000,0.812142298522553,0.0138153060529122,0.00746363289627929,7,Dead
odd,F no distance,10000,0.812142298522553,0.0310550427952405,0.0197177315776232,7,Dead
odd,F+,10000,0.812142298522553,0.0138584696761962,0.00750568827753019,7,Dead
odd,F guarded,10000,0.812142298522553,0.0144997113356692,0.00656738944324198,7,Dead
odd,New C,10000,0.812142298522553,0.0165564705699149,0.00934761126463246,7,Dead
odd,New C with dCor,10000,0.812142298522553,0.0156422236006026,0.0100757466243996,7,Dead
even,Codex F,10000,0.812142298522553,0.0139976461767017,0.00754998510896114,7,Dead
even,F no distance,10000,0.812142298522553,0.0312007211628039,0.0201054789039726,7,Dead
even,F+,10000,0.812142298522553,0.0140313690628174,0.00759408934771151,7,Dead
even,F guarded,10000,0.812142298522553,0.014715939620833,0.00667893757898814,7,Dead
even,New C,10000,0.812142298522553,0.0167586271014243,0.00932738053499657,7,Dead
even,New C with dCor,10000,0.812142298522553,0.0160021465466675,0.0101505200875534,7,Dead
all,Codex F,1e+05,0.95172669709556,0.0121170368849218,0.00584806564891318,7,Dead
all,F no distance,1e+05,0.95172669709556,0.0204437617918847,0.0139535109907151,7,Dead
all,F+,1e+05,0.95172669709556,0.0121146999802241,0.00586162209472055,7,Dead
all,F guarded,1e+05,0.95172669709556,0.0121212108974705,0.00569437154856148,7,Dead
all,New C,1e+05,0.95172669709556,0.0139305526616688,0.00824990716580008,7,Dead
all,New C with dCor,1e+05,0.95172669709556,0.0139303307930173,0.00837429888867399,7,Dead
odd,Codex F,1e+05,0.95172669709556,0.0120136474297127,0.0058519227808069,7,Dead
odd,F no distance,1e+05,0.95172669709556,0.0202546549467662,0.0138422690353899,7,Dead
odd,F+,1e+05,0.95172669709556,0.0120133303999728,0.00586384584773381,7,Dead
odd,F guarded,1e+05,0.95172669709556,0.0120216640024373,0.00569118802784135,7,Dead
odd,New C,1e+05,0.95172669709556,0.0138148851453138,0.00818118895419567,7,Dead
odd,New C with dCor,1e+05,0.95172669709556,0.0138040791177913,0.00831057359382796,7,Dead
even,Codex F,1e+05,0.95172669709556,0.0122320251404144,0.00583853515115971,7,Dead
even,F no distance,1e+05,0.95172669709556,0.0206432001456859,0.0140569112484831,7,Dead
even,F+,1e+05,0.95172669709556,0.0122273196752736,0.00584897552934277,7,Dead
even,F guarded,1e+05,0.95172669709556,0.0122401170069201,0.00569918084702955,7,Dead
even,New C,1e+05,0.95172669709556,0.0140663318132152,0.00830216555805787,7,Dead
even,New C with dCor,1e+05,0.95172669709556,0.0140839737956946,0.00842845608513213,7,Dead
all,Codex F,Inf,1,0.0117165005797962,0.0051538688136287,7,Dead
all,F no distance,Inf,1,0.0117165005797962,0.0051538688136287,7,Dead
all,F+,Inf,1,0.0117165005797962,0.0051538688136287,7,Dead
all,F guarded,Inf,1,0.0117165005797962,0.0051538688136287,7,Dead
all,New C,Inf,1,0.0133712215621236,0.00732547899186526,7,Dead
all,New C with dCor,Inf,1,0.0133712215621236,0.00732547899186526,7,Dead
odd,Codex F,Inf,1,0.0116191429340374,0.00519332315761505,7,Dead
odd,F no distance,Inf,1,0.0116191429340374,0.00519332315761505,7,Dead
odd,F+,Inf,1,0.0116191429340374,0.00519332315761505,7,Dead
odd,F guarded,Inf,1,0.0116191429340374,0.00519332315761505,7,Dead
odd,New C,Inf,1,0.0132678781919124,0.00727943907360686,7,Dead
odd,New C with dCor,Inf,1,0.0132678781919124,0.00727943907360686,7,Dead
even,Codex F,Inf,1,0.0118268129756359,0.00510995091716559,7,Dead
even,F no distance,Inf,1,0.0118268129756359,0.00510995091716559,7,Dead
even,F+,Inf,1,0.0118268129756359,0.00510995091716559,7,Dead
even,F guarded,Inf,1,0.0118268129756359,0.00510995091716559,7,Dead
even,New C,Inf,1,0.0134860045814403,0.00737746561902184,7,Dead
even,New C with dCor,Inf,1,0.0134860045814403,0.00737746561902184,7,Dead
all,Codex F,0,0,0.055900809751362,0.045393913058281,8,Dead
all,F no distance,0,0,0.055900809751362,0.045393913058281,8,Dead
all,F+,0,0,0.0559973799066933,0.0453361145242785,8,Dead
all,F guarded,0,0,0.108620403793395,0.0464537391448392,8,Dead
all,New C,0,0,0.130874657093289,0.038099042844464,8,Dead
all,New C with dCor,0,0,0.0590431290653147,0.0461837497503451,8,Dead
odd,Codex F,0,0,0.0563156298024679,0.0449732222967187,8,Dead
odd,F no distance,0,0,0.0563156298024679,0.0449732222967187,8,Dead
odd,F+,0,0,0.0563532922375125,0.0449455295408078,8,Dead
odd,F guarded,0,0,0.109404786237073,0.0457839439854961,8,Dead
odd,New C,0,0,0.13166905667496,0.0373326201405535,8,Dead
odd,New C with dCor,0,0,0.0595710899422807,0.0457297849648692,8,Dead
even,Codex F,0,0,0.0554265708992274,0.0459017639517542,8,Dead
even,F no distance,0,0,0.0554265708992274,0.0459017639517542,8,Dead
even,F+,0,0,0.0555355381735579,0.0458486054806887,8,Dead
even,F guarded,0,0,0.107767853227136,0.0472891306602697,8,Dead
even,New C,0,0,0.129976867701804,0.0389503977718667,8,Dead
even,New C with dCor,0,0,0.0584794723369177,0.046708443850158,8,Dead
all,Codex F,3,0.0127721010556141,0.0544488356480233,0.044334845833222,8,Dead
all,F no distance,3,0.0127721010556141,0.0557340694865435,0.0453608713408462,8,Dead
all,F+,3,0.0127721010556141,0.0545609245141399,0.0443335088957498,8,Dead
all,F guarded,3,0.0127721010556141,0.0943699986947845,0.0415787577554678,8,Dead
all,New C,3,0.0127721010556141,0.114447664923682,0.0357871942894735,8,Dead
all,New C with dCor,3,0.0127721010556141,0.0574418780855043,0.0451182375329328,8,Dead
odd,Codex F,3,0.0127721010556141,0.0549138995869936,0.0439315722513773,8,Dead
odd,F no distance,3,0.0127721010556141,0.0561140334721304,0.0449303451804606,8,Dead
odd,F+,3,0.0127721010556141,0.0549816517916687,0.0438900500769121,8,Dead
odd,F guarded,3,0.0127721010556141,0.0953410607068503,0.0411906472095608,8,Dead
odd,New C,3,0.0127721010556141,0.115583684441172,0.0352080916521815,8,Dead
odd,New C with dCor,3,0.0127721010556141,0.057957606493001,0.0447026344044232,8,Dead
even,Codex F,3,0.0127721010556141,0.0540194844269364,0.0448068587736802,8,Dead
even,F no distance,3,0.0127721010556141,0.0552402295378303,0.0458595164252721,8,Dead
even,F+,3,0.0127721010556141,0.0540551713535375,0.0448022698870509,8,Dead
even,F guarded,3,0.0127721010556141,0.0931829211685542,0.0418830429490677,8,Dead
even,New C,3,0.0127721010556141,0.113250296499702,0.0363353476107346,8,Dead
even,New C with dCor,3,0.0127721010556141,0.0569369090478653,0.0456436376170915,8,Dead
all,Codex F,5,0.0237713551275196,0.0529244903636986,0.0423734744406759,8,Dead
all,F no distance,5,0.0237713551275196,0.0555438745150388,0.0453228750870949,8,Dead
all,F+,5,0.0237713551275196,0.0529073117109829,0.042422728702017,8,Dead
all,F guarded,5,0.0237713551275196,0.0852848780288727,0.0383251691187141,8,Dead
all,New C,5,0.0237713551275196,0.10411175512378,0.0338501364600245,8,Dead
all,New C with dCor,5,0.0237713551275196,0.0557595941786673,0.0432572881275155,8,Dead
odd,Codex F,5,0.0237713551275196,0.0532425734220281,0.0419853543367244,8,Dead
odd,F no distance,5,0.0237713551275196,0.0559801377782291,0.0449054539183966,8,Dead
odd,F+,5,0.0237713551275196,0.053310626847103,0.0420351953803346,8,Dead
odd,F guarded,5,0.0237713551275196,0.0869475799827353,0.0381643201830805,8,Dead
odd,New C,5,0.0237713551275196,0.105926718346621,0.0334478019119751,8,Dead
odd,New C with dCor,5,0.0237713551275196,0.0561997671372231,0.0429206726750041,8,Dead
even,Codex F,5,0.0237713551275196,0.0525079630877756,0.0427697430800812,8,Dead
even,F no distance,5,0.0237713551275196,0.05514061396285,0.0458249413182046,8,Dead
even,F+,5,0.0237713551275196,0.0525717053137038,0.0428697338405829,8,Dead
even,F guarded,5,0.0237713551275196,0.0837419615734078,0.0384962970728803,8,Dead
even,New C,5,0.0237713551275196,0.101988803812755,0.0342052795730148,8,Dead
even,New C with dCor,5,0.0237713551275196,0.0552365049590736,0.0436642846035068,8,Dead
all,Codex F,10,0.04732037755993,0.0511129917435234,0.0387560714868501,8,Dead
all,F no distance,10,0.04732037755993,0.0553422224520433,0.0452731016662762,8,Dead
all,F+,10,0.04732037755993,0.0511962372049333,0.0388720881862933,8,Dead
all,F guarded,10,0.04732037755993,0.0721871457310823,0.0320179318321033,8,Dead
all,New C,10,0.04732037755993,0.0860642289412651,0.0298199332377541,8,Dead
all,New C with dCor,10,0.04732037755993,0.0535801120139151,0.0396580858689317,8,Dead
odd,Codex F,10,0.04732037755993,0.0515632578090355,0.0385868613502063,8,Dead
odd,F no distance,10,0.04732037755993,0.0556814889994752,0.0448345946141014,8,Dead
odd,F+,10,0.04732037755993,0.051608579703448,0.038722093208473,8,Dead
odd,F guarded,10,0.04732037755993,0.0733071417881148,0.031954463313637,8,Dead
odd,New C,10,0.04732037755993,0.0882135207298706,0.0297374160317711,8,Dead
odd,New C with dCor,10,0.04732037755993,0.0539632307300394,0.0395052112971322,8,Dead
even,Codex F,10,0.04732037755993,0.0506098074012305,0.0390197167139466,8,Dead
even,F no distance,10,0.04732037755993,0.0548380388502309,0.0457586803678353,8,Dead
even,F+,10,0.04732037755993,0.0506298475319645,0.0390566513296736,8,Dead
even,F guarded,10,0.04732037755993,0.0717808449019487,0.032237886746217,8,Dead
even,New C,10,0.04732037755993,0.0841015534878363,0.0299855398109455,8,Dead
even,New C with dCor,10,0.04732037755993,0.0531826025820919,0.0398829777351086,8,Dead
all,Codex F,20,0.0845340102772149,0.0489535420347698,0.0343485284604479,8,Dead
all,F no distance,20,0.0845340102772149,0.0548205829153408,0.0451788686560982,8,Dead
all,F+,20,0.0845340102772149,0.0489167940770903,0.0344273474426653,8,Dead
all,F guarded,20,0.0845340102772149,0.0635221240152459,0.0245291622201617,8,Dead
all,New C,20,0.0845340102772149,0.071609918820452,0.0253751435758105,8,Dead
all,New C with dCor,20,0.0845340102772149,0.0513585721895619,0.0352581691433129,8,Dead
odd,Codex F,20,0.0845340102772149,0.0492316169535708,0.0341886736882028,8,Dead
odd,F no distance,20,0.0845340102772149,0.0552595629479171,0.0447349643189334,8,Dead
odd,F+,20,0.0845340102772149,0.0492081751756124,0.0343029105804072,8,Dead
odd,F guarded,20,0.0845340102772149,0.0641690716024308,0.02491095466752,8,Dead
odd,New C,20,0.0845340102772149,0.0728056670339719,0.0254680501969473,8,Dead
odd,New C with dCor,20,0.0845340102772149,0.0516239999255235,0.0351567352660872,8,Dead
even,Codex F,20,0.0845340102772149,0.0485530678609082,0.0345016274613873,8,Dead
even,F no distance,20,0.0845340102772149,0.0543684087871642,0.0456641270862657,8,Dead
even,F+,20,0.0845340102772149,0.0486436165411083,0.0346295999100337,8,Dead
even,F guarded,20,0.0845340102772149,0.0629727970805293,0.0241912557891061,8,Dead
even,New C,20,0.0845340102772149,0.070734190148944,0.0254076284178169,8,Dead
even,New C with dCor,20,0.0845340102772149,0.0509198471869187,0.0353075471567265,8,Dead
all,Codex F,30,0.114965864675073,0.0477547790644158,0.0317174092486869,8,Dead
all,F no distance,30,0.114965864675073,0.0544373548783777,0.0450831510585741,8,Dead
all,F+,30,0.114965864675073,0.0477309206650126,0.0318683161876929,8,Dead
all,F guarded,30,0.114965864675073,0.0603226995109938,0.0213743767875122,8,Dead
all,New C,30,0.114965864675073,0.0659431195063195,0.0228500881498015,8,Dead
all,New C with dCor,30,0.114965864675073,0.0500694858502777,0.0326406900379875,8,Dead
odd,Codex F,30,0.114965864675073,0.048186722948933,0.0316394532020324,8,Dead
odd,F no distance,30,0.114965864675073,0.0548262352460264,0.0446549641443155,8,Dead
odd,F+,30,0.114965864675073,0.0482008804431357,0.031775741063688,8,Dead
odd,F guarded,30,0.114965864675073,0.0606425308315986,0.0214993751752705,8,Dead
odd,New C,30,0.114965864675073,0.0663861039675691,0.0229024603762939,8,Dead
odd,New C with dCor,30,0.114965864675073,0.0505253585893466,0.032606251293181,8,Dead
even,Codex F,30,0.114965864675073,0.0474616272969501,0.0318132287646733,8,Dead
even,F no distance,30,0.114965864675073,0.0539943150919162,0.0456020713209054,8,Dead
even,F+,30,0.114965864675073,0.0474011856250119,0.0319129016511812,8,Dead
even,F guarded,30,0.114965864675073,0.0598135033047709,0.0212681977607891,8,Dead
even,New C,30,0.114965864675073,0.065048801224912,0.0227424676529847,8,Dead
even,New C with dCor,30,0.114965864675073,0.049649509419748,0.0328074442482596,8,Dead
all,Codex F,50,0.164420954037171,0.0461779017888285,0.0288563052843906,8,Dead
all,F no distance,50,0.164420954037171,0.0537708815067508,0.0449311410449887,8,Dead
all,F+,50,0.164420954037171,0.0461075532261835,0.0289626266629582,8,Dead
all,F guarded,50,0.164420954037171,0.056678855556155,0.0193383921883829,8,Dead
all,New C,50,0.164420954037171,0.06117344148284,0.0203906054778349,8,Dead
all,New C with dCor,50,0.164420954037171,0.0484341652967298,0.0298994586045458,8,Dead
odd,Codex F,50,0.164420954037171,0.0465365381133738,0.0286864245788066,8,Dead
odd,F no distance,50,0.164420954037171,0.0541904576753159,0.0444890539101593,8,Dead
odd,F+,50,0.164420954037171,0.046509904598927,0.028802407861398,8,Dead
odd,F guarded,50,0.164420954037171,0.0569719342846023,0.0193180848735338,8,Dead
odd,New C,50,0.164420954037171,0.0615056555070333,0.0204450958462737,8,Dead
odd,New C with dCor,50,0.164420954037171,0.0488603876504343,0.0297308312121482,8,Dead
even,Codex F,50,0.164420954037171,0.0459420189928498,0.0289871955815388,8,Dead
even,F no distance,50,0.164420954037171,0.0533929780665936,0.0454532700619879,8,Dead
even,F+,50,0.164420954037171,0.0458375246726857,0.0291425452146246,8,Dead
even,F guarded,50,0.164420954037171,0.0562700288784096,0.019328293491048,8,Dead
even,New C,50,0.164420954037171,0.0606924723925083,0.0204217088515651,8,Dead
even,New C with dCor,50,0.164420954037171,0.0481589499741215,0.0300845808628326,8,Dead
all,Codex F,75,0.212721321815864,0.0442833315714723,0.0269893776543065,8,Dead
all,F no distance,75,0.212721321815864,0.0532193739298492,0.044791523051515,8,Dead
all,F+,75,0.212721321815864,0.0442191694496882,0.0271034840318623,8,Dead
all,F guarded,75,0.212721321815864,0.0534215750579797,0.0185435624722987,8,Dead
all,New C,75,0.212721321815864,0.0578108967504449,0.0194706406265403,8,Dead
all,New C with dCor,75,0.212721321815864,0.04660042845136,0.0282045102403066,8,Dead
odd,Codex F,75,0.212721321815864,0.0446064795849627,0.0267325722287739,8,Dead
odd,F no distance,75,0.212721321815864,0.0535482209600702,0.0443456315208108,8,Dead
odd,F+,75,0.212721321815864,0.0445847362903911,0.0268822947985723,8,Dead
odd,F guarded,75,0.212721321815864,0.0538643642732612,0.0184315758647678,8,Dead
odd,New C,75,0.212721321815864,0.0581365310025562,0.0193439165873198,8,Dead
odd,New C with dCor,75,0.212721321815864,0.0469731906278036,0.0280486808422481,8,Dead
even,Codex F,75,0.212721321815864,0.0438789851304464,0.0271871302865824,8,Dead
even,F no distance,75,0.212721321815864,0.0527772890447982,0.045327781640921,8,Dead
even,F+,75,0.212721321815864,0.0438861900415972,0.0273211678503207,8,Dead
even,F guarded,75,0.212721321815864,0.0529810672398259,0.0186192402383597,8,Dead
even,New C,75,0.212721321815864,0.0574329496309926,0.0195841302634786,8,Dead
even,New C with dCor,75,0.212721321815864,0.046236725171085,0.0284748690190237,8,Dead
all,Codex F,100,0.25127459019198,0.0426612768504037,0.0259562347599464,8,Dead
all,F no distance,100,0.25127459019198,0.0526374415646405,0.0446435456718705,8,Dead
all,F+,100,0.25127459019198,0.042624042889632,0.0260593532019175,8,Dead
all,F guarded,100,0.25127459019198,0.0511860265789333,0.0181787822239258,8,Dead
all,New C,100,0.25127459019198,0.0552978968241556,0.0191687619604729,8,Dead
all,New C with dCor,100,0.25127459019198,0.0449753191917013,0.0273315637042022,8,Dead
odd,Codex F,100,0.25127459019198,0.0431161461771526,0.0257558244100248,8,Dead
odd,F no distance,100,0.25127459019198,0.0529574272330268,0.0441808256497283,8,Dead
odd,F+,100,0.25127459019198,0.043101763724843,0.0258385123488322,8,Dead
odd,F guarded,100,0.25127459019198,0.0515166476006705,0.0180917308974113,8,Dead
odd,New C,100,0.25127459019198,0.0556439389850879,0.0190320312754691,8,Dead
odd,New C with dCor,100,0.25127459019198,0.0453751197701385,0.0270594480467823,8,Dead
even,Codex F,100,0.25127459019198,0.0423272941380565,0.0260690187590426,8,Dead
even,F no distance,100,0.25127459019198,0.052233099200644,0.0452016585779314,8,Dead
even,F+,100,0.25127459019198,0.0422298094734218,0.0262089763346127,8,Dead
even,F guarded,100,0.25127459019198,0.0507671708762243,0.0182130791100581,8,Dead
even,New C,100,0.25127459019198,0.0549410641478328,0.019302272121277,8,Dead
even,New C with dCor,100,0.25127459019198,0.044641335104568,0.027577220202763,8,Dead
all,Codex F,150,0.310016638206782,0.0402748106709456,0.0246622764082774,8,Dead
all,F no distance,150,0.310016638206782,0.0518087371536954,0.0443860952244676,8,Dead
all,F+,150,0.310016638206782,0.0401852765052228,0.0248078577377992,8,Dead
all,F guarded,150,0.310016638206782,0.0478442419880267,0.0177276265462464,8,Dead
all,New C,150,0.310016638206782,0.0516431946326161,0.0189290587328269,8,Dead
all,New C with dCor,150,0.310016638206782,0.0423637108048829,0.026309463920047,8,Dead
odd,Codex F,150,0.310016638206782,0.0406003847407709,0.0245497555171107,8,Dead
odd,F no distance,150,0.310016638206782,0.0521215734423399,0.0439171424209906,8,Dead
odd,F+,150,0.310016638206782,0.0405287371096329,0.0246618980783503,8,Dead
odd,F guarded,150,0.310016638206782,0.0484999898305661,0.0177071847839414,8,Dead
odd,New C,150,0.310016638206782,0.0519153222955705,0.018767624377896,8,Dead
odd,New C with dCor,150,0.310016638206782,0.0427466810254068,0.0261308972647186,8,Dead
even,Codex F,150,0.310016638206782,0.0398712016868901,0.0247320183800883,8,Dead
even,F no distance,150,0.310016638206782,0.0514319229570417,0.0449237798818247,8,Dead
even,F+,150,0.310016638206782,0.0397142027028581,0.0248716978179303,8,Dead
even,F guarded,150,0.310016638206782,0.0471502658788123,0.0176879849582017,8,Dead
even,New C,150,0.310016638206782,0.0510335698449211,0.0191642072058086,8,Dead
even,New C with dCor,150,0.310016638206782,0.0420031338758218,0.0265281689387678,8,Dead
all,Codex F,200,0.353433366065062,0.0384731153695416,0.0239126776582446,8,Dead
all,F no distance,200,0.353433366065062,0.0510366454811859,0.0441519739473156,8,Dead
all,F+,200,0.353433366065062,0.0383798389290403,0.0240327216570484,8,Dead
all,F guarded,200,0.353433366065062,0.0454307095302306,0.0173651866006649,8,Dead
all,New C,200,0.353433366065062,0.0488119656643836,0.0188335149363289,8,Dead
all,New C with dCor,200,0.353433366065062,0.0403926997357208,0.0257356053892617,8,Dead
odd,Codex F,200,0.353433366065062,0.0388904002995989,0.0238106941397978,8,Dead
odd,F no distance,200,0.353433366065062,0.0512733348956483,0.0436529879025642,8,Dead
odd,F+,200,0.353433366065062,0.0387103264324041,0.0239185533197296,8,Dead
odd,F guarded,200,0.353433366065062,0.0460313032261888,0.0174134749623833,8,Dead
odd,New C,200,0.353433366065062,0.0494571995802233,0.0186772362102594,8,Dead
odd,New C with dCor,200,0.353433366065062,0.0407290000575501,0.0255446088099485,8,Dead
even,Codex F,200,0.353433366065062,0.0380636997853049,0.023977675679154,8,Dead
even,F no distance,200,0.353433366065062,0.050699283711925,0.0446625545738662,8,Dead
even,F+,200,0.353433366065062,0.0379473056549159,0.0240913331876015,8,Dead
even,F guarded,200,0.353433366065062,0.0447408993520809,0.0174522120584259,8,Dead
even,New C,200,0.353433366065062,0.0482208578124102,0.0189950568173649,8,Dead
even,New C with dCor,200,0.353433366065062,0.0399617878543907,0.0259736947620452,8,Dead
all,Codex F,300,0.414758560482122,0.0358109611132087,0.023034568855688,8,Dead
all,F no distance,300,0.414758560482122,0.0499128722407999,0.0437973477625601,8,Dead
all,F+,300,0.414758560482122,0.0356509317278824,0.0231422797698237,8,Dead
all,F guarded,300,0.414758560482122,0.0422121326474662,0.0169415644624816,8,Dead
all,New C,300,0.414758560482122,0.0451719877838307,0.0187324590975655,8,Dead
all,New C with dCor,300,0.414758560482122,0.0375061146234473,0.0251090197834477,8,Dead
odd,Codex F,300,0.414758560482122,0.0361678920563991,0.0229504263667895,8,Dead
odd,F no distance,300,0.414758560482122,0.0501603437583575,0.0432898816391126,8,Dead
odd,F+,300,0.414758560482122,0.0360053471673523,0.0230279654752394,8,Dead
odd,F guarded,300,0.414758560482122,0.0427328499331404,0.0169461777257626,8,Dead
odd,New C,300,0.414758560482122,0.0457772011831617,0.0186057297209655,8,Dead
odd,New C with dCor,300,0.414758560482122,0.0379286638450212,0.0248973479013732,8,Dead
even,Codex F,300,0.414758560482122,0.0354125124293136,0.0232003754767704,8,Dead
even,F no distance,300,0.414758560482122,0.049637504247896,0.0443386855541073,8,Dead
even,F+,300,0.414758560482122,0.0353313775490253,0.0232505625849535,8,Dead
even,F guarded,300,0.414758560482122,0.0414373140912837,0.0169308324847264,8,Dead
even,New C,300,0.414758560482122,0.0445917999559109,0.0188206753581055,8,Dead
even,New C with dCor,300,0.414758560482122,0.0370536061916537,0.0254194257232609,8,Dead
all,Codex F,500,0.488869557189743,0.032478356333711,0.0219012211053802,8,Dead
all,F no distance,500,0.488869557189743,0.0485228457526564,0.0433535900459394,8,Dead
all,F+,500,0.488869557189743,0.0323715200834189,0.0220034268994942,8,Dead
all,F guarded,500,0.488869557189743,0.038003049893929,0.0164404566447588,8,Dead
all,New C,500,0.488869557189743,0.0408860238525431,0.0185275619543926,8,Dead
all,New C with dCor,500,0.488869557189743,0.0341232609666864,0.0243612883305801,8,Dead
odd,Codex F,500,0.488869557189743,0.0328480862269165,0.0218497129362002,8,Dead
odd,F no distance,500,0.488869557189743,0.0487490188476448,0.0428513006729963,8,Dead
odd,F+,500,0.488869557189743,0.0327514287327138,0.0219641660415399,8,Dead
odd,F guarded,500,0.488869557189743,0.0386163201120534,0.0163895485247263,8,Dead
odd,New C,500,0.488869557189743,0.0413518925354188,0.018344442233286,8,Dead
odd,New C with dCor,500,0.488869557189743,0.0344680033531374,0.0240418555773024,8,Dead
even,Codex F,500,0.488869557189743,0.0320927707037015,0.022073779879807,8,Dead
even,F no distance,500,0.488869557189743,0.0482402252880172,0.0439025758965411,8,Dead
even,F+,500,0.488869557189743,0.0320127018536622,0.0221497372082807,8,Dead
even,F guarded,500,0.488869557189743,0.0375426162784903,0.0164684742511272,8,Dead
even,New C,500,0.488869557189743,0.040300109471505,0.0186888272584663,8,Dead
even,New C with dCor,500,0.488869557189743,0.0338218966568904,0.0246066795077249,8,Dead
all,Codex F,1000,0.58017729615729,0.0285294868867195,0.0204902939386643,8,Dead
all,F no distance,1000,0.58017729615729,0.0465307203467992,0.0425259819390865,8,Dead
all,F+,1000,0.58017729615729,0.0284371143852363,0.0205583699086486,8,Dead
all,F guarded,1000,0.58017729615729,0.0328606335652518,0.0157963353455371,8,Dead
all,New C,1000,0.58017729615729,0.0354112996907754,0.0183771201667732,8,Dead
all,New C with dCor,1000,0.58017729615729,0.0300972490606405,0.0232975855435665,8,Dead
odd,Codex F,1000,0.58017729615729,0.0287503106552243,0.020421928554986,8,Dead
odd,F no distance,1000,0.58017729615729,0.0466303191590922,0.0420322083789652,8,Dead
odd,F+,1000,0.58017729615729,0.0286456093721965,0.0204661364928167,8,Dead
odd,F guarded,1000,0.58017729615729,0.0333436045650739,0.0157669318846961,8,Dead
odd,New C,1000,0.58017729615729,0.0357635614211481,0.0182265405479936,8,Dead
odd,New C with dCor,1000,0.58017729615729,0.0301897796865215,0.0230251955643484,8,Dead
even,Codex F,1000,0.58017729615729,0.0282390396419191,0.0205237380529701,8,Dead
even,F no distance,1000,0.58017729615729,0.0463881029846455,0.0430992639242036,8,Dead
even,F+,1000,0.58017729615729,0.0281292537734582,0.0206075004619364,8,Dead
even,F guarded,1000,0.58017729615729,0.0324249970920312,0.0157435682674427,8,Dead
even,New C,1000,0.58017729615729,0.0350352585370062,0.0185469826260049,8,Dead
even,New C with dCor,1000,0.58017729615729,0.029952614687446,0.0235847364526851,8,Dead
all,Codex F,3000,0.702838216795711,0.0232123830870322,0.0179238483284252,8,Dead
all,F no distance,3000,0.702838216795711,0.0433860285367565,0.0410143775356944,8,Dead
all,F+,3000,0.702838216795711,0.0231829053808675,0.0179813035500171,8,Dead
all,F guarded,3000,0.702838216795711,0.0258077240062563,0.0146067285978971,8,Dead
all,New C,3000,0.702838216795711,0.0277827115320999,0.0178781841649739,8,Dead
all,New C with dCor,3000,0.702838216795711,0.0249136528513384,0.0212442500473671,8,Dead
odd,Codex F,3000,0.702838216795711,0.023344563513262,0.0177637080618741,8,Dead
odd,F no distance,3000,0.702838216795711,0.0434236488007584,0.0405080713226745,8,Dead
odd,F+,3000,0.702838216795711,0.023280592572657,0.0178361492568403,8,Dead
odd,F guarded,3000,0.702838216795711,0.026038049848508,0.0145649995710344,8,Dead
odd,New C,3000,0.702838216795711,0.0277725000829398,0.0178006918376471,8,Dead
odd,New C with dCor,3000,0.702838216795711,0.0249413020514904,0.0210323407242691,8,Dead
even,Codex F,3000,0.702838216795711,0.0230562675618685,0.0180916798086572,8,Dead
even,F no distance,3000,0.702838216795711,0.0433078903866429,0.0415910980853889,8,Dead
even,F+,3000,0.702838216795711,0.0230385224241378,0.0181670407809214,8,Dead
even,F guarded,3000,0.702838216795711,0.0255465072919661,0.0146781904265595,8,Dead
even,New C,3000,0.702838216795711,0.0277334213084899,0.0179886725403493,8,Dead
even,New C with dCor,3000,0.702838216795711,0.0248963792090784,0.0215644239081616,8,Dead
all,Codex F,10000,0.812142298522553,0.0188629386431871,0.0150281864239111,8,Dead
all,F no distance,10000,0.812142298522553,0.0394864128705754,0.0387220957123459,8,Dead
all,F+,10000,0.812142298522553,0.0188635438119122,0.015075399405656,8,Dead
all,F guarded,10000,0.812142298522553,0.0199916744521151,0.0129609882414491,8,Dead
all,New C,10000,0.812142298522553,0.0219022624993258,0.0166273043357727,8,Dead
all,New C with dCor,10000,0.812142298522553,0.020706305877964,0.0186108598355493,8,Dead
odd,Codex F,10000,0.812142298522553,0.0188960498806683,0.0148855033428141,8,Dead
odd,F no distance,10000,0.812142298522553,0.0395646382487855,0.0382333856498844,8,Dead
odd,F+,10000,0.812142298522553,0.018890878020955,0.0149455699260882,8,Dead
odd,F guarded,10000,0.812142298522553,0.0201025839282995,0.0128912307182063,8,Dead
odd,New C,10000,0.812142298522553,0.0220040459977319,0.0164990225699792,8,Dead
odd,New C with dCor,10000,0.812142298522553,0.0207193038372349,0.0183901837294994,8,Dead
even,Codex F,10000,0.812142298522553,0.0188326178829528,0.0151923088940265,8,Dead
even,F no distance,10000,0.812142298522553,0.039469526869477,0.0392239047674431,8,Dead
even,F+,10000,0.812142298522553,0.018829333894991,0.0152115693197907,8,Dead
even,F guarded,10000,0.812142298522553,0.0198628664922268,0.0130493697214346,8,Dead
even,New C,10000,0.812142298522553,0.0217728631951233,0.0167971334460458,8,Dead
even,New C with dCor,10000,0.812142298522553,0.0207610901891999,0.0188580762026652,8,Dead
all,Codex F,1e+05,0.95172669709556,0.01605961948924,0.0119229672445557,8,Dead
all,F no distance,1e+05,0.95172669709556,0.0260863670639844,0.0276075499123637,8,Dead
all,F+,1e+05,0.95172669709556,0.0160498565512467,0.0119302798889159,8,Dead
all,F guarded,1e+05,0.95172669709556,0.0161139696753141,0.01154262436792,8,Dead
all,New C,1e+05,0.95172669709556,0.018121566328677,0.0153979532018314,8,Dead
all,New C with dCor,1e+05,0.95172669709556,0.0180661378359672,0.0157292073697647,8,Dead
odd,Codex F,1e+05,0.95172669709556,0.0160191008598656,0.0118594765509923,8,Dead
odd,F no distance,1e+05,0.95172669709556,0.0259630271585504,0.0272454643388626,8,Dead
odd,F+,1e+05,0.95172669709556,0.0160181016909562,0.0118612513058371,8,Dead
odd,F guarded,1e+05,0.95172669709556,0.0160864500634744,0.0114524969675427,8,Dead
odd,New C,1e+05,0.95172669709556,0.0181744570338022,0.015226350152604,8,Dead
odd,New C with dCor,1e+05,0.95172669709556,0.0181126463024086,0.0155250658204234,8,Dead
even,Codex F,1e+05,0.95172669709556,0.0160994788218606,0.0120178324706615,8,Dead
even,F no distance,1e+05,0.95172669709556,0.026260112272126,0.0280220784318959,8,Dead
even,F+,1e+05,0.95172669709556,0.0160905487415416,0.0120287586928978,8,Dead
even,F guarded,1e+05,0.95172669709556,0.0161305440987598,0.0116544882154234,8,Dead
even,New C,1e+05,0.95172669709556,0.018070673278126,0.015611698818752,8,Dead
even,New C with dCor,1e+05,0.95172669709556,0.0179874513849752,0.0159473929709249,8,Dead
all,Codex F,Inf,1,0.0152815478552037,0.0107017954221755,8,Dead
all,F no distance,Inf,1,0.0152815478552037,0.0107017954221755,8,Dead
all,F+,Inf,1,0.0152815478552037,0.0107017954221755,8,Dead
all,F guarded,Inf,1,0.0152815478552037,0.0107017954221755,8,Dead
all,New C,Inf,1,0.0169975538428349,0.0139948535763887,8,Dead
all,New C with dCor,Inf,1,0.0169975538428349,0.0139948535763887,8,Dead
odd,Codex F,Inf,1,0.0153116714162392,0.0106712036108131,8,Dead
odd,F no distance,Inf,1,0.0153116714162392,0.0106712036108131,8,Dead
odd,F+,Inf,1,0.0153116714162392,0.0106712036108131,8,Dead
odd,F guarded,Inf,1,0.0153116714162392,0.0106712036108131,8,Dead
odd,New C,Inf,1,0.0170338689094263,0.0138507543005317,8,Dead
odd,New C with dCor,Inf,1,0.0170338689094263,0.0138507543005317,8,Dead
even,Codex F,Inf,1,0.0152530620085494,0.0107500723968134,8,Dead
even,F no distance,Inf,1,0.0152530620085494,0.0107500723968134,8,Dead
even,F+,Inf,1,0.0152530620085494,0.0107500723968134,8,Dead
even,F guarded,Inf,1,0.0152530620085494,0.0107500723968134,8,Dead
even,New C,Inf,1,0.0169318594801311,0.0141481096798822,8,Dead
even,New C with dCor,Inf,1,0.0169318594801311,0.0141481096798822,8,Dead
all,Codex F,0,0,0.0456479484718545,0.0319595303233649,9,Dead
all,F no distance,0,0,0.0456479484718545,0.0319595303233649,9,Dead
all,F+,0,0,0.045449225431925,0.0320054688414675,9,Dead
all,F guarded,0,0,0.10204750575841,0.0418881700640636,9,Dead
all,New C,0,0,0.120553094572388,0.0388232686821969,9,Dead
all,New C with dCor,0,0,0.0483113367267132,0.0331561306861438,9,Dead
odd,Codex F,0,0,0.0460600031449414,0.0317904941650888,9,Dead
odd,F no distance,0,0,0.0460600031449414,0.0317904941650888,9,Dead
odd,F+,0,0,0.0458109237224732,0.031867021953145,9,Dead
odd,F guarded,0,0,0.102946342585352,0.0420140500461852,9,Dead
odd,New C,0,0,0.121278828184297,0.0389519789998933,9,Dead
odd,New C with dCor,0,0,0.0487277516511788,0.0329921937441637,9,Dead
even,Codex F,0,0,0.0451153207832537,0.0320990422262022,9,Dead
even,F no distance,0,0,0.0451153207832537,0.0320990422262022,9,Dead
even,F+,0,0,0.044971727517396,0.0321743835347305,9,Dead
even,F guarded,0,0,0.101223613753905,0.0417092588082392,9,Dead
even,New C,0,0,0.119704506977591,0.0386971730307571,9,Dead
even,New C with dCor,0,0,0.0478414728449019,0.0333233850072694,9,Dead
all,Codex F,3,0.0127721010556141,0.0445943362098406,0.0312760109143518,9,Dead
all,F no distance,3,0.0127721010556141,0.0455232343284246,0.0319218200954405,9,Dead
all,F+,3,0.0127721010556141,0.0444998616965996,0.0313907857609631,9,Dead
all,F guarded,3,0.0127721010556141,0.0872567789700307,0.0374904742477642,9,Dead
all,New C,3,0.0127721010556141,0.104526376966363,0.0360091861513319,9,Dead
all,New C with dCor,3,0.0127721010556141,0.04699351422523,0.0324878285121157,9,Dead
odd,Codex F,3,0.0127721010556141,0.0450472806564091,0.0312085126795993,9,Dead
odd,F no distance,3,0.0127721010556141,0.045967316714907,0.0317655192132642,9,Dead
odd,F+,3,0.0127721010556141,0.0448821190422992,0.0312981174177497,9,Dead
odd,F guarded,3,0.0127721010556141,0.0884979121938421,0.0377914764242623,9,Dead
odd,New C,3,0.0127721010556141,0.105645649665702,0.036263517107403,9,Dead
odd,New C with dCor,3,0.0127721010556141,0.0474307566563413,0.0323827644826414,9,Dead
even,Codex F,3,0.0127721010556141,0.0440817265033451,0.0314159818773429,9,Dead
even,F no distance,3,0.0127721010556141,0.0450231585945137,0.0320668108507005,9,Dead
even,F+,3,0.0127721010556141,0.04400916040217,0.0314996739379815,9,Dead
even,F guarded,3,0.0127721010556141,0.0857999433569114,0.0370744151011567,9,Dead
even,New C,3,0.0127721010556141,0.103251773766941,0.0357079300578071,9,Dead
even,New C with dCor,3,0.0127721010556141,0.0464760663407901,0.0325846696206426,9,Dead
all,Codex F,5,0.0237713551275196,0.04328333144922,0.0301140044613783,9,Dead
all,F no distance,5,0.0237713551275196,0.0454276197813847,0.0318948960005064,9,Dead
all,F+,5,0.0237713551275196,0.0432828221428179,0.0303461043925287,9,Dead
all,F guarded,5,0.0237713551275196,0.0774482262211676,0.0344324439268966,9,Dead
all,New C,5,0.0237713551275196,0.0944018905102207,0.0337624296451581,9,Dead
all,New C with dCor,5,0.0237713551275196,0.0456572181921142,0.031359159598442,9,Dead
odd,Codex F,5,0.0237713551275196,0.0435944483792887,0.0299912527699911,9,Dead
odd,F no distance,5,0.0237713551275196,0.0458384878230842,0.0317390707906275,9,Dead
odd,F+,5,0.0237713551275196,0.0437772168029248,0.0302951272938081,9,Dead
odd,F guarded,5,0.0237713551275196,0.0790943027065453,0.0348827906759464,9,Dead
odd,New C,5,0.0237713551275196,0.0957631347805479,0.0341880209513036,9,Dead
odd,New C with dCor,5,0.0237713551275196,0.0460984906362665,0.0312783164155892,9,Dead
even,Codex F,5,0.0237713551275196,0.0428067142829758,0.0302412235895185,9,Dead
even,F no distance,5,0.0237713551275196,0.044926564289685,0.032046514279624,9,Dead
even,F+,5,0.0237713551275196,0.0429109222631166,0.0304694382895284,9,Dead
even,F guarded,5,0.0237713551275196,0.0757604266643666,0.0339221155413083,9,Dead
even,New C,5,0.0237713551275196,0.0924721547415032,0.0333079129331849,9,Dead
even,New C with dCor,5,0.0237713551275196,0.0451729092721451,0.0314515765649734,9,Dead
all,Codex F,10,0.04732037755993,0.0413675059516741,0.027463856085741,9,Dead
all,F no distance,10,0.04732037755993,0.0451806921057829,0.0318247164113434,9,Dead
all,F+,10,0.04732037755993,0.0413303364147918,0.0277144413664762,9,Dead
all,F guarded,10,0.04732037755993,0.0644510952825271,0.0287589509286057,9,Dead
all,New C,10,0.04732037755993,0.0764872542904915,0.029111683335099,9,Dead
all,New C with dCor,10,0.04732037755993,0.0434011260548687,0.0287768465325166,9,Dead
odd,Codex F,10,0.04732037755993,0.0417864217640785,0.0275007706305514,9,Dead
odd,F no distance,10,0.04732037755993,0.0456475927656188,0.0317059760410857,9,Dead
odd,F+,10,0.04732037755993,0.0416948881683845,0.0277174970586501,9,Dead
odd,F guarded,10,0.04732037755993,0.0647200189221212,0.02891874133514,9,Dead
odd,New C,10,0.04732037755993,0.0782680710303152,0.0295749948337171,9,Dead
odd,New C with dCor,10,0.04732037755993,0.0438950759796203,0.0288222950968099,9,Dead
even,Codex F,10,0.04732037755993,0.0409578449517894,0.0274995079279212,9,Dead
even,F no distance,10,0.04732037755993,0.0446919769375275,0.0320021469332591,9,Dead
even,F+,10,0.04732037755993,0.0408835677899821,0.0276849002068669,9,Dead
even,F guarded,10,0.04732037755993,0.0630652525178753,0.0281716596119263,9,Dead
even,New C,10,0.04732037755993,0.075143254243104,0.0286946016994838,9,Dead
even,New C with dCor,10,0.04732037755993,0.0429394796633887,0.028726421407215,9,Dead
all,Codex F,20,0.0845340102772149,0.0394953455486036,0.0245720487834269,9,Dead
all,F no distance,20,0.0845340102772149,0.04480097636679,0.0317194357726339,9,Dead
all,F+,20,0.0845340102772149,0.0395235827562335,0.0248448738890899,9,Dead
all,F guarded,20,0.0845340102772149,0.0550183869298671,0.0215887326407954,9,Dead
all,New C,20,0.0845340102772149,0.0627008927260309,0.0234326110677827,9,Dead
all,New C with dCor,20,0.0845340102772149,0.0414156442478826,0.0258128655161817,9,Dead
odd,Codex F,20,0.0845340102772149,0.039856509191083,0.0246503785824151,9,Dead
odd,F no distance,20,0.0845340102772149,0.0452538630748657,0.0316109073674492,9,Dead
odd,F+,20,0.0845340102772149,0.0398794373770712,0.0249294111435187,9,Dead
odd,F guarded,20,0.0845340102772149,0.0553728468135886,0.0219851802574785,9,Dead
odd,New C,20,0.0845340102772149,0.063633368405017,0.0237856547554705,9,Dead
odd,New C with dCor,20,0.0845340102772149,0.0418076414698961,0.0259296597302878,9,Dead
even,Codex F,20,0.0845340102772149,0.0391482486322771,0.0244971753679299,9,Dead
even,F no distance,20,0.0845340102772149,0.0443039157110817,0.0318817622095092,9,Dead
even,F+,20,0.0845340102772149,0.0391223538750551,0.0247361564567166,9,Dead
even,F guarded,20,0.0845340102772149,0.054172779561792,0.0210441078472417,9,Dead
even,New C,20,0.0845340102772149,0.0617185704851727,0.0230976201977194,9,Dead
even,New C with dCor,20,0.0845340102772149,0.0410411273333716,0.0257122552534124,9,Dead
all,Codex F,30,0.114965864675073,0.0383374017303992,0.0228196453819116,9,Dead
all,F no distance,30,0.114965864675073,0.0444991916967794,0.0316062075797941,9,Dead
all,F+,30,0.114965864675073,0.0382896933426818,0.0230754426485677,9,Dead
all,F guarded,30,0.114965864675073,0.0517888207728818,0.0182362571468149,9,Dead
all,New C,30,0.114965864675073,0.0571658335014293,0.0203731581255711,9,Dead
all,New C with dCor,30,0.114965864675073,0.0402474326330831,0.0240762282833208,9,Dead
odd,Codex F,30,0.114965864675073,0.0386110870038423,0.0228429921899683,9,Dead
odd,F no distance,30,0.114965864675073,0.0449635048358976,0.0315013798712869,9,Dead
odd,F+,30,0.114965864675073,0.0385784996073054,0.0231370111191379,9,Dead
odd,F guarded,30,0.114965864675073,0.0520342104097902,0.018588318271373,9,Dead
odd,New C,30,0.114965864675073,0.0576479809424669,0.0207291895765991,9,Dead
odd,New C with dCor,30,0.114965864675073,0.0406154880566698,0.0241522588815242,9,Dead
even,Codex F,30,0.114965864675073,0.0381283862115897,0.0227818288802469,9,Dead
even,F no distance,30,0.114965864675073,0.043996840588878,0.0317781646111341,9,Dead
even,F+,30,0.114965864675073,0.0380955671919029,0.0230924282235238,9,Dead
even,F guarded,30,0.114965864675073,0.0514165572469186,0.0179317086061717,9,Dead
even,New C,30,0.114965864675073,0.0562997965227061,0.0199174724739563,9,Dead
even,New C with dCor,30,0.114965864675073,0.0398864290739356,0.0240247450810273,9,Dead
all,Codex F,50,0.164420954037171,0.0366099607338689,0.020891135887315,9,Dead
all,F no distance,50,0.164420954037171,0.0439241650872834,0.0314530284005249,9,Dead
all,F+,50,0.164420954037171,0.0366359036765365,0.0211656520916663,9,Dead
all,F guarded,50,0.164420954037171,0.048148862036388,0.0158929722071811,9,Dead
all,New C,50,0.164420954037171,0.0524466549296156,0.0175146417697082,9,Dead
all,New C with dCor,50,0.164420954037171,0.0385320322735198,0.0222583764144279,9,Dead
odd,Codex F,50,0.164420954037171,0.0369135433436584,0.0208873791678886,9,Dead
odd,F no distance,50,0.164420954037171,0.0442877100881869,0.031268427624111,9,Dead
odd,F+,50,0.164420954037171,0.0369397286379254,0.0211597060438714,9,Dead
odd,F guarded,50,0.164420954037171,0.0484024979806699,0.0160446646870448,9,Dead
odd,New C,50,0.164420954037171,0.0528709990216488,0.0177911787526998,9,Dead
odd,New C with dCor,50,0.164420954037171,0.0388279746170381,0.0222099955142687,9,Dead
even,Codex F,50,0.164420954037171,0.0362977896927176,0.0209101484583901,9,Dead
even,F no distance,50,0.164420954037171,0.0435205660321659,0.0316095610322597,9,Dead
even,F+,50,0.164420954037171,0.036235570788046,0.0211187739757503,9,Dead
even,F guarded,50,0.164420954037171,0.0478890434508406,0.0158001986020425,9,Dead
even,New C,50,0.164420954037171,0.0520597419192211,0.0173263460804045,9,Dead
even,New C with dCor,50,0.164420954037171,0.0381645528763395,0.0223209142518657,9,Dead
all,Codex F,75,0.212721321815864,0.0348606854520612,0.0195692525678648,9,Dead
all,F no distance,75,0.212721321815864,0.0433923610619702,0.0312741453363042,9,Dead
all,F+,75,0.212721321815864,0.0348648078285961,0.0198414141271672,9,Dead
all,F guarded,75,0.212721321815864,0.0449638582915341,0.0150082621548615,9,Dead
all,New C,75,0.212721321815864,0.0491340626125886,0.0164348422246198,9,Dead
all,New C with dCor,75,0.212721321815864,0.0367489924698415,0.0212127891959163,9,Dead
odd,Codex F,75,0.212721321815864,0.0352174628192759,0.0196003346957718,9,Dead
odd,F no distance,75,0.212721321815864,0.0437531765483505,0.0311263790779588,9,Dead
odd,F+,75,0.212721321815864,0.0353076890485621,0.0198480851902558,9,Dead
odd,F guarded,75,0.212721321815864,0.0452267943533235,0.0149975264980076,9,Dead
odd,New C,75,0.212721321815864,0.0493778014505999,0.0165599258811256,9,Dead
odd,New C with dCor,75,0.212721321815864,0.0371042685979789,0.0211558381739194,9,Dead
even,Codex F,75,0.212721321815864,0.034471610606322,0.0195083680827317,9,Dead
even,F no distance,75,0.212721321815864,0.0429324357678226,0.0314550027112286,9,Dead
even,F+,75,0.212721321815864,0.0344961136810627,0.0197847615054383,9,Dead
even,F guarded,75,0.212721321815864,0.0446242101175072,0.0149699663020307,9,Dead
even,New C,75,0.212721321815864,0.0486906309544349,0.0164309777486262,9,Dead
even,New C with dCor,75,0.212721321815864,0.036386113504706,0.021289007392725,9,Dead
all,Codex F,100,0.25127459019198,0.0334944782059579,0.0187664501159839,9,Dead
all,F no distance,100,0.25127459019198,0.0428746342744902,0.0310936733641385,9,Dead
all,F+,100,0.25127459019198,0.033491525840929,0.0190097963268723,9,Dead
all,F guarded,100,0.25127459019198,0.0425405499271885,0.0145587317838044,9,Dead
all,New C,100,0.25127459019198,0.0464422178046852,0.0160137723113288,9,Dead
all,New C with dCor,100,0.25127459019198,0.0353782719055066,0.0205911938248702,9,Dead
odd,Codex F,100,0.25127459019198,0.0338541327019753,0.0187640058846601,9,Dead
odd,F no distance,100,0.25127459019198,0.0432489609319724,0.0309387515625806,9,Dead
odd,F+,100,0.25127459019198,0.0338593935036138,0.0190101451343947,9,Dead
odd,F guarded,100,0.25127459019198,0.0429824221212274,0.0145538787968704,9,Dead
odd,New C,100,0.25127459019198,0.0467972954755496,0.0160768719884373,9,Dead
odd,New C with dCor,100,0.25127459019198,0.0356604653887167,0.0205225214433554,9,Dead
even,Codex F,100,0.25127459019198,0.0331800154254604,0.0187762390968518,9,Dead
even,F no distance,100,0.25127459019198,0.0424734500450477,0.0313024320164031,9,Dead
even,F+,100,0.25127459019198,0.0331680962006631,0.0189512804938614,9,Dead
even,F guarded,100,0.25127459019198,0.0422151091053731,0.0144864188294015,9,Dead
even,New C,100,0.25127459019198,0.0459945659574061,0.0160163939363369,9,Dead
even,New C with dCor,100,0.25127459019198,0.0349914015642072,0.0206079782554479,9,Dead
all,Codex F,150,0.310016638206782,0.0313503463243622,0.0177129510420138,9,Dead
all,F no distance,150,0.310016638206782,0.0421203719801156,0.0308489010131376,9,Dead
all,F+,150,0.310016638206782,0.0313741084506409,0.0179366700817931,9,Dead
all,F guarded,150,0.310016638206782,0.0392513268486058,0.0139136466563822,9,Dead
all,New C,150,0.310016638206782,0.0425865297790482,0.0156599422033193,9,Dead
all,New C with dCor,150,0.310016638206782,0.0329210093792136,0.0197944947114792,9,Dead
odd,Codex F,150,0.310016638206782,0.0316367923204523,0.0176584604147514,9,Dead
odd,F no distance,150,0.310016638206782,0.0425093238240322,0.0306853724834897,9,Dead
odd,F+,150,0.310016638206782,0.031660692510029,0.0178554057927879,9,Dead
odd,F guarded,150,0.310016638206782,0.0397455931278456,0.0140305940312679,9,Dead
odd,New C,150,0.310016638206782,0.0430212489243216,0.0156462173761982,9,Dead
odd,New C with dCor,150,0.310016638206782,0.0332051568950049,0.0197471859042571,9,Dead
even,Codex F,150,0.310016638206782,0.031022516644622,0.0176933600223069,9,Dead
even,F no distance,150,0.310016638206782,0.0417107609676616,0.0310430050392692,9,Dead
even,F+,150,0.310016638206782,0.0310406140778652,0.0179519255702038,9,Dead
even,F guarded,150,0.310016638206782,0.0387005207583339,0.0138737686424345,9,Dead
even,New C,150,0.310016638206782,0.0421467514328983,0.0157243251418083,9,Dead
even,New C with dCor,150,0.310016638206782,0.0327327841949891,0.0198994714744268,9,Dead
all,Codex F,200,0.353433366065062,0.0296866845171961,0.0169768765681933,9,Dead
all,F no distance,200,0.353433366065062,0.0415139835760382,0.0306355998294683,9,Dead
all,F+,200,0.353433366065062,0.0296921155322438,0.0171888435372424,9,Dead
all,F guarded,200,0.353433366065062,0.0368092320290168,0.0134775763145903,9,Dead
all,New C,200,0.353433366065062,0.0398349128930477,0.0154710162980907,9,Dead
all,New C with dCor,200,0.353433366065062,0.0312208487424266,0.0192716880961515,9,Dead
odd,Codex F,200,0.353433366065062,0.0299624903722136,0.0168759161776969,9,Dead
odd,F no distance,200,0.353433366065062,0.041907250185345,0.0304977703493225,9,Dead
odd,F+,200,0.353433366065062,0.0299630529223583,0.0170852048416913,9,Dead
odd,F guarded,200,0.353433366065062,0.0373031571336683,0.013543588453623,9,Dead
odd,New C,200,0.353433366065062,0.0403348424804075,0.0155057902839405,9,Dead
odd,New C with dCor,200,0.353433366065062,0.0315161580290797,0.0192355712354485,9,Dead
even,Codex F,200,0.353433366065062,0.0294560893170011,0.0170568872200758,9,Dead
even,F no distance,200,0.353433366065062,0.0411495497134204,0.0308517543925998,9,Dead
even,F+,200,0.353433366065062,0.0294278544520482,0.0172724988443104,9,Dead
even,F guarded,200,0.353433366065062,0.0362068801713726,0.0135056012296877,9,Dead
even,New C,200,0.353433366065062,0.0392861454923611,0.0154913533798829,9,Dead
even,New C with dCor,200,0.353433366065062,0.0309350444648915,0.0194039702898746,9,Dead
all,Codex F,300,0.414758560482122,0.0274196759164373,0.0160957492570267,9,Dead
all,F no distance,300,0.414758560482122,0.0405859071175587,0.0302794088500143,9,Dead
all,F+,300,0.414758560482122,0.0273835608552216,0.0162813596074236,9,Dead
all,F guarded,300,0.414758560482122,0.033555973656581,0.0128820468398585,9,Dead
all,New C,300,0.414758560482122,0.0362286840668428,0.0152633037897652,9,Dead
all,New C with dCor,300,0.414758560482122,0.0287822312460671,0.0187449657818256,9,Dead
odd,Codex F,300,0.414758560482122,0.0276368741193996,0.0160139493912522,9,Dead
odd,F no distance,300,0.414758560482122,0.0409373032143401,0.0301370983841102,9,Dead
odd,F+,300,0.414758560482122,0.0276236792904418,0.0161849476360541,9,Dead
odd,F guarded,300,0.414758560482122,0.0340714768225596,0.0128965754788585,9,Dead
odd,New C,300,0.414758560482122,0.0367596182230571,0.0152745469227204,9,Dead
odd,New C with dCor,300,0.414758560482122,0.0290033016994196,0.0186532240894367,9,Dead
even,Codex F,300,0.414758560482122,0.0271593036402323,0.0161325851677864,9,Dead
even,F no distance,300,0.414758560482122,0.0403220719842046,0.0305211643578525,9,Dead
even,F+,300,0.414758560482122,0.0271026016600533,0.0163396308899898,9,Dead
even,F guarded,300,0.414758560482122,0.0329499768340138,0.0128319869422162,9,Dead
even,New C,300,0.414758560482122,0.0357032229608756,0.0152013003131706,9,Dead
even,New C with dCor,300,0.414758560482122,0.0285195564667318,0.0188290446644565,9,Dead
all,Codex F,500,0.488869557189743,0.0247224270976034,0.0149648226839714,9,Dead
all,F no distance,500,0.488869557189743,0.0394452450281354,0.0297673287436242,9,Dead
all,F+,500,0.488869557189743,0.0247023183071749,0.0151602133147509,9,Dead
all,F guarded,500,0.488869557189743,0.0297012596722578,0.0120806464632282,9,Dead
all,New C,500,0.488869557189743,0.0320714078142135,0.0149970287688405,9,Dead
all,New C with dCor,500,0.488869557189743,0.025955498314546,0.0180471715985627,9,Dead
odd,Codex F,500,0.488869557189743,0.024931462198074,0.0148711934642847,9,Dead
odd,F no distance,500,0.488869557189743,0.0396696297872339,0.0295270514463631,9,Dead
odd,F+,500,0.488869557189743,0.0249201005348773,0.0150537282205574,9,Dead
odd,F guarded,500,0.488869557189743,0.0301423901995634,0.0120762965918491,9,Dead
odd,New C,500,0.488869557189743,0.032415488224242,0.0149915875771054,9,Dead
odd,New C with dCor,500,0.488869557189743,0.026096033543222,0.0180088753915856,9,Dead
even,Codex F,500,0.488869557189743,0.0245099464929937,0.0150105653040099,9,Dead
even,F no distance,500,0.488869557189743,0.0391561412598002,0.0299975047582626,9,Dead
even,F+,500,0.488869557189743,0.0244520926869477,0.0152229037319704,9,Dead
even,F guarded,500,0.488869557189743,0.0292615413288093,0.0121562320659439,9,Dead
even,New C,500,0.488869557189743,0.031592761701842,0.0149543982100391,9,Dead
even,New C with dCor,500,0.488869557189743,0.0257723678724097,0.0181172759272135,9,Dead
all,Codex F,1000,0.58017729615729,0.0215647534185497,0.0136106217935502,9,Dead
all,F no distance,1000,0.58017729615729,0.0378956644553508,0.0290288556966714,9,Dead
all,F+,1000,0.58017729615729,0.0215446893551228,0.0137743878276432,9,Dead
all,F guarded,1000,0.58017729615729,0.0252687666432949,0.0111190219094718,9,Dead
all,New C,1000,0.58017729615729,0.0272774354763315,0.0146376452422102,9,Dead
all,New C with dCor,1000,0.58017729615729,0.022833888849936,0.0170490688513918,9,Dead
odd,Codex F,1000,0.58017729615729,0.0217228514903775,0.013556519828274,9,Dead
odd,F no distance,1000,0.58017729615729,0.038110240120855,0.0288316914618742,9,Dead
odd,F+,1000,0.58017729615729,0.0216749859696341,0.0137049811470043,9,Dead
odd,F guarded,1000,0.58017729615729,0.025568073230759,0.0111348768548917,9,Dead
odd,New C,1000,0.58017729615729,0.0275174689483574,0.0146469875317527,9,Dead
odd,New C with dCor,1000,0.58017729615729,0.0229837251442985,0.0169674678079574,9,Dead
even,Codex F,1000,0.58017729615729,0.0213905948569019,0.0136870406809689,9,Dead
even,F no distance,1000,0.58017729615729,0.03767427750877,0.0292769548590796,9,Dead
even,F+,1000,0.58017729615729,0.021365161345295,0.0138190658458509,9,Dead
even,F guarded,1000,0.58017729615729,0.0249464156976632,0.0110914476805608,9,Dead
even,New C,1000,0.58017729615729,0.0270241968677515,0.0145788529026762,9,Dead
even,New C with dCor,1000,0.58017729615729,0.0226936809783964,0.0171421487826795,9,Dead
all,Codex F,3000,0.702838216795711,0.0174913657875337,0.0114454349795001,9,Dead
all,F no distance,3000,0.702838216795711,0.0352644500377539,0.0275773996681255,9,Dead
all,F+,3000,0.702838216795711,0.0175079319544071,0.011549314181808,9,Dead
all,F guarded,3000,0.702838216795711,0.0195061279434765,0.00966800767751518,9,Dead
all,New C,3000,0.702838216795711,0.0210959332650161,0.0136471822142322,9,Dead
all,New C with dCor,3000,0.702838216795711,0.0188585938685434,0.0151747768855623,9,Dead
odd,Codex F,3000,0.702838216795711,0.0174979218724084,0.0113069852273434,9,Dead
odd,F no distance,3000,0.702838216795711,0.0353660468203592,0.027277523758241,9,Dead
odd,F+,3000,0.702838216795711,0.017504601543696,0.0114127686050502,9,Dead
odd,F guarded,3000,0.702838216795711,0.0195672514768364,0.00959991685982001,9,Dead
odd,New C,3000,0.702838216795711,0.0211945017705109,0.0136759171983931,9,Dead
odd,New C with dCor,3000,0.702838216795711,0.0188895779532493,0.0151344314731091,9,Dead
even,Codex F,3000,0.702838216795711,0.0174650376329864,0.0115916624161396,9,Dead
even,F no distance,3000,0.702838216795711,0.035133772988671,0.0279096147637245,9,Dead
even,F+,3000,0.702838216795711,0.0175212410815267,0.0117362362243703,9,Dead
even,F guarded,3000,0.702838216795711,0.0194144004159718,0.0097594128397947,9,Dead
even,New C,3000,0.702838216795711,0.0210402190350222,0.0136309474288792,9,Dead
even,New C with dCor,3000,0.702838216795711,0.018857278620584,0.0152343145127101,9,Dead
all,Codex F,10000,0.812142298522553,0.0142698948294771,0.00926896560322242,9,Dead
all,F no distance,10000,0.812142298522553,0.0320098371707743,0.0256089040432685,9,Dead
all,F+,10000,0.812142298522553,0.0143178832209698,0.00934111521094188,9,Dead
all,F guarded,10000,0.812142298522553,0.0150865889542096,0.00817478598056504,9,Dead
all,New C,10000,0.812142298522553,0.016740318041997,0.0121109178050092,9,Dead
all,New C with dCor,10000,0.812142298522553,0.0159007422541035,0.0129142602399056,9,Dead
odd,Codex F,10000,0.812142298522553,0.0142084218453257,0.0091282186124938,9,Dead
odd,F no distance,10000,0.812142298522553,0.032073848228643,0.0253260345002119,9,Dead
odd,F+,10000,0.812142298522553,0.0142507488972393,0.0092089956489652,9,Dead
odd,F guarded,10000,0.812142298522553,0.0150401529257435,0.00805267254858883,9,Dead
odd,New C,10000,0.812142298522553,0.0167798567545153,0.0121054942131481,9,Dead
odd,New C with dCor,10000,0.812142298522553,0.0158480548722898,0.0128410903783339,9,Dead
even,Codex F,10000,0.812142298522553,0.0143290843464259,0.00941110902310834,9,Dead
even,F no distance,10000,0.812142298522553,0.0319000424137864,0.0259350020738792,9,Dead
even,F+,10000,0.812142298522553,0.0143909067226408,0.00948982306629899,9,Dead
even,F guarded,10000,0.812142298522553,0.0151453268656431,0.00829224833641206,9,Dead
even,New C,10000,0.812142298522553,0.0167094751912129,0.0121541090401533,9,Dead
even,New C with dCor,10000,0.812142298522553,0.0159684391856922,0.0130310997062919,9,Dead
all,Codex F,1e+05,0.95172669709556,0.0123390365945743,0.00714563875526852,9,Dead
all,F no distance,1e+05,0.95172669709556,0.0209078340497635,0.0175061723472705,9,Dead
all,F+,1e+05,0.95172669709556,0.0123383433921221,0.00715575435860031,9,Dead
all,F guarded,1e+05,0.95172669709556,0.0123669973158587,0.0069495101596274,9,Dead
all,New C,1e+05,0.95172669709556,0.0139468022877228,0.0105510261706147,9,Dead
all,New C with dCor,1e+05,0.95172669709556,0.013946469874872,0.0106962459724488,9,Dead
odd,Codex F,1e+05,0.95172669709556,0.0122599998053454,0.00706293749807643,9,Dead
odd,F no distance,1e+05,0.95172669709556,0.0208364161478699,0.0172178360001292,9,Dead
odd,F+,1e+05,0.95172669709556,0.0122610537754532,0.00707247136195703,9,Dead
odd,F guarded,1e+05,0.95172669709556,0.0122905728651467,0.00684842895686714,9,Dead
odd,New C,1e+05,0.95172669709556,0.0138803976607594,0.0104751831655008,9,Dead
odd,New C with dCor,1e+05,0.95172669709556,0.0138905957819192,0.0106313216775954,9,Dead
even,Codex F,1e+05,0.95172669709556,0.0124313251672514,0.00724511804878586,9,Dead
even,F no distance,1e+05,0.95172669709556,0.0209863492476087,0.0178210325635224,9,Dead
even,F+,1e+05,0.95172669709556,0.0124254606801235,0.00725276230149716,9,Dead
even,F guarded,1e+05,0.95172669709556,0.012456124306554,0.00706916263570659,9,Dead
even,New C,1e+05,0.95172669709556,0.0140280840723062,0.0106334951112965,9,Dead
even,New C with dCor,1e+05,0.95172669709556,0.0140196933444515,0.0107885106878227,9,Dead
all,Codex F,Inf,1,0.0118201372211137,0.00636749130758695,9,Dead
all,F no distance,Inf,1,0.0118201372211137,0.00636749130758695,9,Dead
all,F+,Inf,1,0.0118201372211137,0.00636749130758695,9,Dead
all,F guarded,Inf,1,0.0118201372211137,0.00636749130758695,9,Dead
all,New C,Inf,1,0.0132415569251929,0.00939393203681168,9,Dead
all,New C with dCor,Inf,1,0.0132415569251929,0.00939393203681168,9,Dead
odd,Codex F,Inf,1,0.0117916455457946,0.00630180798516205,9,Dead
odd,F no distance,Inf,1,0.0117916455457946,0.00630180798516205,9,Dead
odd,F+,Inf,1,0.0117916455457946,0.00630180798516205,9,Dead
odd,F guarded,Inf,1,0.0117916455457946,0.00630180798516205,9,Dead
odd,New C,Inf,1,0.0132491387447317,0.00936878240002164,9,Dead
odd,New C with dCor,Inf,1,0.0132491387447317,0.00936878240002164,9,Dead
even,Codex F,Inf,1,0.0118498438840646,0.00645189679954526,9,Dead
even,F no distance,Inf,1,0.0118498438840646,0.00645189679954526,9,Dead
even,F+,Inf,1,0.0118498438840646,0.00645189679954526,9,Dead
even,F guarded,Inf,1,0.0118498438840646,0.00645189679954526,9,Dead
even,New C,Inf,1,0.0132607012536661,0.00942977527718897,9,Dead
even,New C with dCor,Inf,1,0.0132607012536661,0.00942977527718897,9,Dead
all,Codex F,0,0,0.0345321983451094,0.00881928488899775,10,Dead
all,F no distance,0,0,0.0345321983451094,0.00881928488899775,10,Dead
all,F+,0,0,0.0343180136733009,0.0088422773248206,10,Dead
all,F guarded,0,0,0.0972677415062117,0.0122839249369153,10,Dead
all,New C,0,0,0.114142531082466,0.0125084862529726,10,Dead
all,New C with dCor,0,0,0.037562931133704,0.00927803170245633,10,Dead
odd,Codex F,0,0,0.0349170652059106,0.00862218609935433,10,Dead
odd,F no distance,0,0,0.0349170652059106,0.00862218609935433,10,Dead
odd,F+,0,0,0.0346344055721998,0.00865223266732556,10,Dead
odd,F guarded,0,0,0.0984670053758524,0.0118624987166297,10,Dead
odd,New C,0,0,0.11503020773879,0.0120802089584449,10,Dead
odd,New C with dCor,0,0,0.0379632060715312,0.00906226089873306,10,Dead
even,Codex F,0,0,0.034060624860544,0.00902284323741339,10,Dead
even,F no distance,0,0,0.034060624860544,0.00902284323741339,10,Dead
even,F+,0,0,0.0339093739337129,0.00905886263444835,10,Dead
even,F guarded,0,0,0.0959629463568927,0.0127736556936497,10,Dead
even,New C,0,0,0.113159300818525,0.0129983730502008,10,Dead
even,New C with dCor,0,0,0.037091860954243,0.00953452147727446,10,Dead
all,Codex F,3,0.0127721010556141,0.0336279956160224,0.00883984303121975,10,Dead
all,F no distance,3,0.0127721010556141,0.0344336162783384,0.00880319943113127,10,Dead
all,F+,3,0.0127721010556141,0.0335025791552058,0.00887890856347354,10,Dead
all,F guarded,3,0.0127721010556141,0.0817173893362459,0.0118477724119054,10,Dead
all,New C,3,0.0127721010556141,0.0982014461526713,0.0123320559776962,10,Dead
all,New C with dCor,3,0.0127721010556141,0.0364401953787106,0.00930645461087632,10,Dead
odd,Codex F,3,0.0127721010556141,0.0340578724978418,0.0086405392542068,10,Dead
odd,F no distance,3,0.0127721010556141,0.0348014722337885,0.00862010554589818,10,Dead
odd,F+,3,0.0127721010556141,0.0338976818632677,0.00867713297272002,10,Dead
odd,F guarded,3,0.0127721010556141,0.083205755661064,0.0114647283721388,10,Dead
odd,New C,3,0.0127721010556141,0.0995552444506507,0.0119144452686836,10,Dead
odd,New C with dCor,3,0.0127721010556141,0.0368581339934662,0.00905540108333053,10,Dead
even,Codex F,3,0.0127721010556141,0.0332103684091475,0.00906880342821592,10,Dead
even,F no distance,3,0.0127721010556141,0.0339794156976633,0.00901152146878801,10,Dead
even,F+,3,0.0127721010556141,0.0330610795732934,0.00909447826454134,10,Dead
even,F guarded,3,0.0127721010556141,0.0806186367205325,0.0122998266630591,10,Dead
even,New C,3,0.0127721010556141,0.0963926282189891,0.0128150417029692,10,Dead
even,New C with dCor,3,0.0127721010556141,0.0359377641229128,0.00959195721613807,10,Dead
all,Codex F,5,0.0237713551275196,0.0326674684752713,0.00877582980684728,10,Dead
all,F no distance,5,0.0237713551275196,0.0343488621918994,0.00879099164981338,10,Dead
all,F+,5,0.0237713551275196,0.0327048911259734,0.00885231625605377,10,Dead
all,F guarded,5,0.0237713551275196,0.0703771522445754,0.0114252308618888,10,Dead
all,New C,5,0.0237713551275196,0.0879276385712751,0.0121044935910161,10,Dead
all,New C with dCor,5,0.0237713551275196,0.0353165904446007,0.00929618640491995,10,Dead
odd,Codex F,5,0.0237713551275196,0.0331804377240643,0.00859175041825306,10,Dead
odd,F no distance,5,0.0237713551275196,0.034726758518255,0.00860498446024367,10,Dead
odd,F+,5,0.0237713551275196,0.0330843913150188,0.00863390932014503,10,Dead
odd,F guarded,5,0.0237713551275196,0.0714642556407523,0.0110502570556809,10,Dead
odd,New C,5,0.0237713551275196,0.0896130960273531,0.0116812802466794,10,Dead
odd,New C with dCor,5,0.0237713551275196,0.0359092328103048,0.00903131861562799,10,Dead
even,Codex F,5,0.0237713551275196,0.0322052337818927,0.00900461281971437,10,Dead
even,F no distance,5,0.0237713551275196,0.0339020690762359,0.00900028238193003,10,Dead
even,F+,5,0.0237713551275196,0.032197590357889,0.00906054426782261,10,Dead
even,F guarded,5,0.0237713551275196,0.0697346065002781,0.0118307040943769,10,Dead
even,New C,5,0.0237713551275196,0.0861933054268022,0.0125959529478174,10,Dead
even,New C with dCor,5,0.0237713551275196,0.0346883051488488,0.00959356528598454,10,Dead
all,Codex F,10,0.04732037755993,0.0304399209041227,0.00846238798150357,10,Dead
all,F no distance,10,0.04732037755993,0.0340985696204811,0.00877518986230113,10,Dead
all,F+,10,0.04732037755993,0.0305894578447767,0.00854005657360718,10,Dead
all,F guarded,10,0.04732037755993,0.056210243720224,0.0104864307520744,10,Dead
all,New C,10,0.04732037755993,0.0712719130081086,0.0114418030120879,10,Dead
all,New C with dCor,10,0.04732037755993,0.0328322361613004,0.00899282552833116,10,Dead
odd,Codex F,10,0.04732037755993,0.0308646358062932,0.00824848880538855,10,Dead
odd,F no distance,10,0.04732037755993,0.0344972009157228,0.00859203732142977,10,Dead
odd,F+,10,0.04732037755993,0.0309116547605747,0.00831397146850459,10,Dead
odd,F guarded,10,0.04732037755993,0.0570803492713146,0.0101360819185387,10,Dead
odd,New C,10,0.04732037755993,0.0723081721440786,0.011005046049712,10,Dead
odd,New C with dCor,10,0.04732037755993,0.0333279763283061,0.00876434414617965,10,Dead
even,Codex F,10,0.04732037755993,0.0299549968389978,0.00863681579259641,10,Dead
even,F no distance,10,0.04732037755993,0.0337045999539939,0.00898735007319706,10,Dead
even,F+,10,0.04732037755993,0.0301838332029826,0.00876122344042959,10,Dead
even,F guarded,10,0.04732037755993,0.055307476349033,0.0108545774087917,10,Dead
even,New C,10,0.04732037755993,0.0690665541300058,0.0117962474973889,10,Dead
even,New C with dCor,10,0.04732037755993,0.0322540126248394,0.00925539669927592,10,Dead
all,Codex F,20,0.0845340102772149,0.0285058407178685,0.00795072553498876,10,Dead
all,F no distance,20,0.0845340102772149,0.0337728677813138,0.00874678944018385,10,Dead
all,F+,20,0.0845340102772149,0.0287346202542114,0.0080866819460543,10,Dead
all,F guarded,20,0.0845340102772149,0.0456435426532195,0.00886094218123123,10,Dead
all,New C,20,0.0845340102772149,0.0546975611734356,0.00998186697120855,10,Dead
all,New C with dCor,20,0.0845340102772149,0.0307165142333209,0.0085514672349068,10,Dead
odd,Codex F,20,0.0845340102772149,0.0288258167724571,0.00779197891654973,10,Dead
odd,F no distance,20,0.0845340102772149,0.034092490846155,0.00855632259173689,10,Dead
odd,F+,20,0.0845340102772149,0.0290729215626533,0.00788811075142003,10,Dead
odd,F guarded,20,0.0845340102772149,0.0463095042045397,0.0086138567146213,10,Dead
odd,New C,20,0.0845340102772149,0.0558884238578854,0.00971079540487732,10,Dead
odd,New C with dCor,20,0.0845340102772149,0.031118990522859,0.00837698560169084,10,Dead
even,Codex F,20,0.0845340102772149,0.0282290779477447,0.00814771278388712,10,Dead
even,F no distance,20,0.0845340102772149,0.0333984438936492,0.00895333501493223,10,Dead
even,F+,20,0.0845340102772149,0.0283952880556674,0.00827176969148397,10,Dead
even,F guarded,20,0.0845340102772149,0.0450087546322387,0.00913143014840821,10,Dead
even,New C,20,0.0845340102772149,0.0535639397205131,0.0102524369230957,10,Dead
even,New C with dCor,20,0.0845340102772149,0.0302441327716755,0.00876918780059412,10,Dead
all,Codex F,30,0.114965864675073,0.0272689418720672,0.00764037910513689,10,Dead
all,F no distance,30,0.114965864675073,0.0334783596767527,0.00872142434250033,10,Dead
all,F+,30,0.114965864675073,0.027497793952142,0.00778006060444743,10,Dead
all,F guarded,30,0.114965864675073,0.0419730556900928,0.00789249220675287,10,Dead
all,New C,30,0.114965864675073,0.0480154744134624,0.00892526537575735,10,Dead
all,New C with dCor,30,0.114965864675073,0.029228688744764,0.00825658973987353,10,Dead
odd,Codex F,30,0.114965864675073,0.0275460293031365,0.00747568994680408,10,Dead
odd,F no distance,30,0.114965864675073,0.0337412811811302,0.00852704912837208,10,Dead
odd,F+,30,0.114965864675073,0.0278192135242641,0.00760532753368698,10,Dead
odd,F guarded,30,0.114965864675073,0.042393435083532,0.00766531080837913,10,Dead
odd,New C,30,0.114965864675073,0.0491319034428477,0.0087693109463925,10,Dead
odd,New C with dCor,30,0.114965864675073,0.0296234226645677,0.00806635890708062,10,Dead
even,Codex F,30,0.114965864675073,0.0269429709605689,0.00780466399326144,10,Dead
even,F no distance,30,0.114965864675073,0.0331534762704391,0.00894090283962092,10,Dead
even,F+,30,0.114965864675073,0.0270983168689017,0.00795945860968829,10,Dead
even,F guarded,30,0.114965864675073,0.0413302442885349,0.00810363120062748,10,Dead
even,New C,30,0.114965864675073,0.0471798307397397,0.00918663895456961,10,Dead
even,New C with dCor,30,0.114965864675073,0.0289369950773476,0.00846291133061384,10,Dead
all,Codex F,50,0.164420954037171,0.0255840959045717,0.00724788133023607,10,Dead
all,F no distance,50,0.164420954037171,0.0329836367707606,0.00867921183940375,10,Dead
all,F+,50,0.164420954037171,0.0258342678586196,0.00739038191514521,10,Dead
all,F guarded,50,0.164420954037171,0.0380932627618075,0.00688711334729233,10,Dead
all,New C,50,0.164420954037171,0.0426351130404694,0.00783570610822477,10,Dead
all,New C with dCor,50,0.164420954037171,0.0275760286518166,0.00794660851566027,10,Dead
odd,Codex F,50,0.164420954037171,0.0257968100103251,0.00708974766958446,10,Dead
odd,F no distance,50,0.164420954037171,0.0332631353882088,0.00848031870626738,10,Dead
odd,F+,50,0.164420954037171,0.0261628421300292,0.0072303839288393,10,Dead
odd,F guarded,50,0.164420954037171,0.0382453730039436,0.00663909346994206,10,Dead
odd,New C,50,0.164420954037171,0.0433183429695829,0.00760557669873723,10,Dead
odd,New C with dCor,50,0.164420954037171,0.0279116301393049,0.00772775243149,10,Dead
even,Codex F,50,0.164420954037171,0.0252858844173519,0.00740518607093332,10,Dead
even,F no distance,50,0.164420954037171,0.0326696512392891,0.00889812422010384,10,Dead
even,F+,50,0.164420954037171,0.0255032658021354,0.00757781038573803,10,Dead
even,F guarded,50,0.164420954037171,0.0379394538712213,0.00714181588194585,10,Dead
even,New C,50,0.164420954037171,0.0421122664328025,0.00811083123060788,10,Dead
even,New C with dCor,50,0.164420954037171,0.0272592848908313,0.00819609620258205,10,Dead
all,Codex F,75,0.212721321815864,0.0241280902980779,0.00690277878011144,10,Dead
all,F no distance,75,0.212721321815864,0.0324462220376466,0.00861693285893252,10,Dead
all,F+,75,0.212721321815864,0.0243585607940957,0.00703877048405652,10,Dead
all,F guarded,75,0.212721321815864,0.0348401462317749,0.00644404527816196,10,Dead
all,New C,75,0.212721321815864,0.0389663018328753,0.00728258542469002,10,Dead
all,New C with dCor,75,0.212721321815864,0.0260166378575409,0.00770117911609992,10,Dead
odd,Codex F,75,0.212721321815864,0.0244146401614786,0.00673479211550022,10,Dead
odd,F no distance,75,0.212721321815864,0.0327400618036864,0.00845520631632681,10,Dead
odd,F+,75,0.212721321815864,0.0246423094399024,0.00685606949824016,10,Dead
odd,F guarded,75,0.212721321815864,0.0350021503156786,0.00621818190191188,10,Dead
odd,New C,75,0.212721321815864,0.0393202653599415,0.00697840945761821,10,Dead
odd,New C with dCor,75,0.212721321815864,0.0264120276663449,0.00748247626738912,10,Dead
even,Codex F,75,0.212721321815864,0.0238698529760193,0.00707393529682708,10,Dead
even,F no distance,75,0.212721321815864,0.032113299706711,0.00878684776413811,10,Dead
even,F+,75,0.212721321815864,0.0240456721567274,0.00721154224627693,10,Dead
even,F guarded,75,0.212721321815864,0.0345906274752238,0.00668362387012023,10,Dead
even,New C,75,0.212721321815864,0.038707994830065,0.00758676333154686,10,Dead
even,New C with dCor,75,0.212721321815864,0.0257752790806447,0.00793979880374425,10,Dead
all,Codex F,100,0.25127459019198,0.0229783352857628,0.00663544141330808,10,Dead
all,F no distance,100,0.25127459019198,0.031994996280316,0.00856356768929389,10,Dead
all,F+,100,0.25127459019198,0.0231934643528753,0.00677694554532888,10,Dead
all,F guarded,100,0.25127459019198,0.0324004819912628,0.00619199833294023,10,Dead
all,New C,100,0.25127459019198,0.036334859221905,0.00704301371051406,10,Dead
all,New C with dCor,100,0.25127459019198,0.024816443281556,0.00752151925296879,10,Dead
odd,Codex F,100,0.25127459019198,0.0231954231808256,0.00648988402207629,10,Dead
odd,F no distance,100,0.25127459019198,0.0322649249361023,0.0084036398847381,10,Dead
odd,F+,100,0.25127459019198,0.023399301007126,0.00664160110403391,10,Dead
odd,F guarded,100,0.25127459019198,0.032604184251595,0.0060473164088064,10,Dead
odd,New C,100,0.25127459019198,0.036508505526498,0.00676671412505716,10,Dead
odd,New C with dCor,100,0.25127459019198,0.0250646449736792,0.00733457362346838,10,Dead
even,Codex F,100,0.25127459019198,0.0226204615216516,0.00678898008590134,10,Dead
even,F no distance,100,0.25127459019198,0.031678445902582,0.00874234247531443,10,Dead
even,F+,100,0.25127459019198,0.0228538003316273,0.00694445329562171,10,Dead
even,F guarded,100,0.25127459019198,0.0320973205800601,0.00645138643002111,10,Dead
even,New C,100,0.25127459019198,0.0359026147257844,0.00740072463088554,10,Dead
even,New C with dCor,100,0.25127459019198,0.0244114803343109,0.00772283614154197,10,Dead
all,Codex F,150,0.310016638206782,0.0211978335571614,0.00619221799734289,10,Dead
all,F no distance,150,0.310016638206782,0.0313405521268182,0.00845352219763359,10,Dead
all,F+,150,0.310016638206782,0.021449456930586,0.00633345827055962,10,Dead
all,F guarded,150,0.310016638206782,0.0290357268791688,0.00587232865366797,10,Dead
all,New C,150,0.310016638206782,0.0324413463935784,0.00685383454403605,10,Dead
all,New C with dCor,150,0.310016638206782,0.0229773225347425,0.00728276010027087,10,Dead
odd,Codex F,150,0.310016638206782,0.0213846190524552,0.00606317652878106,10,Dead
odd,F no distance,150,0.310016638206782,0.0315364205098256,0.00825564369982837,10,Dead
odd,F+,150,0.310016638206782,0.0216403010612908,0.00620067847977832,10,Dead
odd,F guarded,150,0.310016638206782,0.0293511080485449,0.00570537437174025,10,Dead
odd,New C,150,0.310016638206782,0.0327601939572433,0.00651073890889666,10,Dead
odd,New C with dCor,150,0.310016638206782,0.0231547293488379,0.00709424835605625,10,Dead
even,Codex F,150,0.310016638206782,0.0210261408591638,0.00639017217363116,10,Dead
even,F no distance,150,0.310016638206782,0.0310347100331627,0.0086611619478274,10,Dead
even,F+,150,0.310016638206782,0.0212405239404221,0.00652013006020626,10,Dead
even,F guarded,150,0.310016638206782,0.0287717030459867,0.00607707408094822,10,Dead
even,New C,150,0.310016638206782,0.0320874789215403,0.00722792918569802,10,Dead
even,New C with dCor,150,0.310016638206782,0.0226934257174075,0.00749511832545444,10,Dead
all,Codex F,200,0.353433366065062,0.0200094971540547,0.00593108455245372,10,Dead
all,F no distance,200,0.353433366065062,0.0308006607725223,0.00837239385683671,10,Dead
all,F+,200,0.353433366065062,0.0202324567103534,0.00604149794808452,10,Dead
all,F guarded,200,0.353433366065062,0.0267257412032792,0.00560618572476429,10,Dead
all,New C,200,0.353433366065062,0.029801806216853,0.00675044525385312,10,Dead
all,New C with dCor,200,0.353433366065062,0.0217480192078813,0.00714816484439613,10,Dead
odd,Codex F,200,0.353433366065062,0.0201592154741956,0.00577224666083046,10,Dead
odd,F no distance,200,0.353433366065062,0.0310336277916009,0.00818580396641505,10,Dead
odd,F+,200,0.353433366065062,0.0204020026811557,0.00590244383693923,10,Dead
odd,F guarded,200,0.353433366065062,0.0270118562213305,0.0053971752768164,10,Dead
odd,New C,200,0.353433366065062,0.0301194062120209,0.0064627399146921,10,Dead
odd,New C with dCor,200,0.353433366065062,0.0219277273972138,0.00692870360786134,10,Dead
even,Codex F,200,0.353433366065062,0.0198338823413269,0.00608784181524446,10,Dead
even,F no distance,200,0.353433366065062,0.0305312412099602,0.00857417248844138,10,Dead
even,F+,200,0.353433366065062,0.0200598837387621,0.00619820610357025,10,Dead
even,F guarded,200,0.353433366065062,0.0263119002511163,0.00589748995355838,10,Dead
even,New C,200,0.353433366065062,0.0294272512603752,0.00708289614868778,10,Dead
even,New C with dCor,200,0.353433366065062,0.0214701347863591,0.00732968239701239,10,Dead
all,Codex F,300,0.414758560482122,0.0184018451935348,0.00550012902547993,10,Dead
all,F no distance,300,0.414758560482122,0.0300100278356079,0.00827401884465963,10,Dead
all,F+,300,0.414758560482122,0.0186166306249211,0.00563609681062092,10,Dead
all,F guarded,300,0.414758560482122,0.0238243165399204,0.00526668972767021,10,Dead
all,New C,300,0.414758560482122,0.0266331628193374,0.00659536211664588,10,Dead
all,New C with dCor,300,0.414758560482122,0.0200574806428993,0.00692333663263109,10,Dead
odd,Codex F,300,0.414758560482122,0.018539434130571,0.00536739894304055,10,Dead
odd,F no distance,300,0.414758560482122,0.0302084437465088,0.00807786650476236,10,Dead
odd,F+,300,0.414758560482122,0.0187448820663857,0.00546902916050877,10,Dead
odd,F guarded,300,0.414758560482122,0.0241414229015385,0.00508586105211622,10,Dead
odd,New C,300,0.414758560482122,0.0270216970751026,0.00640005487996561,10,Dead
odd,New C with dCor,300,0.414758560482122,0.0201641799742717,0.00671170720430776,10,Dead
even,Codex F,300,0.414758560482122,0.0182578187992409,0.00565520754820386,10,Dead
even,F no distance,300,0.414758560482122,0.0297669102536086,0.00847759285033625,10,Dead
even,F+,300,0.414758560482122,0.0184705771886442,0.00577286616449775,10,Dead
even,F guarded,300,0.414758560482122,0.0235053240458525,0.00547730587172191,10,Dead
even,New C,300,0.414758560482122,0.0262186477428257,0.00685476764625035,10,Dead
even,New C with dCor,300,0.414758560482122,0.0198946192362988,0.00711803867345953,10,Dead
all,Codex F,500,0.488869557189743,0.0166199607734209,0.00503581592573402,10,Dead
all,F no distance,500,0.488869557189743,0.0289981641757908,0.0081446381588722,10,Dead
all,F+,500,0.488869557189743,0.0167914624669649,0.00510800620597527,10,Dead
all,F guarded,500,0.488869557189743,0.0206822649731224,0.00477904450680924,10,Dead
all,New C,500,0.488869557189743,0.0232034076829726,0.00635972563068629,10,Dead
all,New C with dCor,500,0.488869557189743,0.0181951466803298,0.00655784380805294,10,Dead
odd,Codex F,500,0.488869557189743,0.0166966272431829,0.00491884985495807,10,Dead
odd,F no distance,500,0.488869557189743,0.0291795386127049,0.00793182745913379,10,Dead
odd,F+,500,0.488869557189743,0.0169039553174563,0.00499868939898638,10,Dead
odd,F guarded,500,0.488869557189743,0.0208657854499906,0.00463000053266053,10,Dead
odd,New C,500,0.488869557189743,0.0234247056991485,0.00612857746354137,10,Dead
odd,New C with dCor,500,0.488869557189743,0.018280157714247,0.00638818059254874,10,Dead
even,Codex F,500,0.488869557189743,0.0164620661893534,0.00512913810561004,10,Dead
even,F no distance,500,0.488869557189743,0.0287641156286541,0.00836226945891995,10,Dead
even,F+,500,0.488869557189743,0.0166695136618936,0.00522915926774159,10,Dead
even,F guarded,500,0.488869557189743,0.0205730491651809,0.00495563253434489,10,Dead
even,New C,500,0.488869557189743,0.0229945973565662,0.00655520966794483,10,Dead
even,New C with dCor,500,0.488869557189743,0.0180368065865394,0.00672445506798276,10,Dead
all,Codex F,1000,0.58017729615729,0.0146341290958774,0.00445230849226783,10,Dead
all,F no distance,1000,0.58017729615729,0.0276436306590798,0.0079386643675923,10,Dead
all,F+,1000,0.58017729615729,0.0147662761483557,0.00451398102182875,10,Dead
all,F guarded,1000,0.58017729615729,0.0174623374755044,0.00413952395005238,10,Dead
all,New C,1000,0.58017729615729,0.0197268389299388,0.00606743119391927,10,Dead
all,New C with dCor,1000,0.58017729615729,0.0161927668860002,0.00601547455118031,10,Dead
odd,Codex F,1000,0.58017729615729,0.0146212912642395,0.00436411567013735,10,Dead
odd,F no distance,1000,0.58017729615729,0.0277987735472841,0.00775144609182721,10,Dead
odd,F+,1000,0.58017729615729,0.0147621329778771,0.00444582805813615,10,Dead
odd,F guarded,1000,0.58017729615729,0.0175500811320436,0.00403981516617322,10,Dead
odd,New C,1000,0.58017729615729,0.0198037630562467,0.0058473572046635,10,Dead
odd,New C with dCor,1000,0.58017729615729,0.0162176807698167,0.00588970184584146,10,Dead
even,Codex F,1000,0.58017729615729,0.0146165184235244,0.00455719674507334,10,Dead
even,F no distance,1000,0.58017729615729,0.0274402339084096,0.00813888822386436,10,Dead
even,F+,1000,0.58017729615729,0.0147547566124178,0.00463287817794421,10,Dead
even,F guarded,1000,0.58017729615729,0.0173794151283378,0.00431485944414169,10,Dead
even,New C,1000,0.58017729615729,0.0196357424118695,0.00624235781602577,10,Dead
even,New C with dCor,1000,0.58017729615729,0.0161051874039143,0.00616592331150997,10,Dead
all,Codex F,3000,0.702838216795711,0.0123899443359761,0.00356105477042106,10,Dead
all,F no distance,3000,0.702838216795711,0.0253833315579885,0.00752664133033517,10,Dead
all,F+,3000,0.702838216795711,0.0124807513825216,0.00358971725207206,10,Dead
all,F guarded,3000,0.702838216795711,0.0138544648706469,0.00341930439223641,10,Dead
all,New C,3000,0.702838216795711,0.0158102198577924,0.00521653815161817,10,Dead
all,New C with dCor,3000,0.702838216795711,0.0138627176231055,0.00507554620953184,10,Dead
odd,Codex F,3000,0.702838216795711,0.0123114273108889,0.00345683279922968,10,Dead
odd,F no distance,3000,0.702838216795711,0.0254417863267828,0.00736906870823383,10,Dead
odd,F+,3000,0.702838216795711,0.0123948371807242,0.00348846251797631,10,Dead
odd,F guarded,3000,0.702838216795711,0.0137910816533795,0.00333095613420476,10,Dead
odd,New C,3000,0.702838216795711,0.0157628210447029,0.00506203341791636,10,Dead
odd,New C with dCor,3000,0.702838216795711,0.0138405870427733,0.00498660556639409,10,Dead
even,Codex F,3000,0.702838216795711,0.0124561267352925,0.00367644390479546,10,Dead
even,F no distance,3000,0.702838216795711,0.0253072297736118,0.00770542054360848,10,Dead
even,F+,3000,0.702838216795711,0.0125794151590086,0.00372554950340304,10,Dead
even,F guarded,3000,0.702838216795711,0.0139464922192191,0.00352807654678197,10,Dead
even,New C,3000,0.702838216795711,0.0158035559740832,0.0053399786462595,10,Dead
even,New C with dCor,3000,0.702838216795711,0.0138843937968447,0.00517652040546811,10,Dead
all,Codex F,10000,0.812142298522553,0.0108461233051076,0.00281316105339998,10,Dead
all,F no distance,10000,0.812142298522553,0.0226690600120451,0.00689146431760217,10,Dead
all,F+,10000,0.812142298522553,0.0108993387555508,0.00282824956271813,10,Dead
all,F guarded,10000,0.812142298522553,0.0114724196465491,0.00270784064481309,10,Dead
all,New C,10000,0.812142298522553,0.0129638553188428,0.00422760444641145,10,Dead
all,New C with dCor,10000,0.812142298522553,0.0120875054581737,0.00417774243428305,10,Dead
odd,Codex F,10000,0.812142298522553,0.0107300197329001,0.00274118788962606,10,Dead
odd,F no distance,10000,0.812142298522553,0.0226742026456101,0.00676663979519819,10,Dead
odd,F+,10000,0.812142298522553,0.0107881875150223,0.00276126818883632,10,Dead
odd,F guarded,10000,0.812142298522553,0.0113394577836457,0.0026110327430489,10,Dead
odd,New C,10000,0.812142298522553,0.012924498139779,0.00421139094424326,10,Dead
odd,New C with dCor,10000,0.812142298522553,0.0120325473112274,0.004135354801668,10,Dead
even,Codex F,10000,0.812142298522553,0.0109566424425403,0.0028774530353481,10,Dead
even,F no distance,10000,0.812142298522553,0.0226685550520444,0.00701702459191368,10,Dead
even,F+,10000,0.812142298522553,0.0110150162574041,0.00289524578573953,10,Dead
even,F guarded,10000,0.812142298522553,0.011620291690149,0.00280344296847972,10,Dead
even,New C,10000,0.812142298522553,0.0129936465006614,0.00426098799872395,10,Dead
even,New C with dCor,10000,0.812142298522553,0.0121610154733836,0.00424897491507709,10,Dead
all,Codex F,1e+05,0.95172669709556,0.0101342195602538,0.00217848324733241,10,Dead
all,F no distance,1e+05,0.95172669709556,0.0149379256081117,0.00474218163315127,10,Dead
all,F+,1e+05,0.95172669709556,0.0101350235109577,0.00218040124420441,10,Dead
all,F guarded,1e+05,0.95172669709556,0.0101729318105819,0.00218429362003299,10,Dead
all,New C,1e+05,0.95172669709556,0.0112577453580353,0.00332291604278617,10,Dead
all,New C with dCor,1e+05,0.95172669709556,0.0112051023560397,0.00330913194716436,10,Dead
odd,Codex F,1e+05,0.95172669709556,0.0100412257062578,0.00212995283352655,10,Dead
odd,F no distance,1e+05,0.95172669709556,0.014806367956465,0.00465479561537895,10,Dead
odd,F+,1e+05,0.95172669709556,0.0100385383808122,0.00213560362583541,10,Dead
odd,F guarded,1e+05,0.95172669709556,0.0100757419692277,0.00213267556428254,10,Dead
odd,New C,1e+05,0.95172669709556,0.0112015091995464,0.00328751282869221,10,Dead
odd,New C with dCor,1e+05,0.95172669709556,0.0111519817075442,0.00325714374393621,10,Dead
even,Codex F,1e+05,0.95172669709556,0.0102399033967834,0.00223207434253913,10,Dead
even,F no distance,1e+05,0.95172669709556,0.0150793610941783,0.00482627926365736,10,Dead
even,F+,1e+05,0.95172669709556,0.0102427344068089,0.00223219224900205,10,Dead
even,F guarded,1e+05,0.95172669709556,0.0102809186401365,0.00224650331559105,10,Dead
even,New C,1e+05,0.95172669709556,0.0112812573887707,0.00338327412720288,10,Dead
even,New C with dCor,1e+05,0.95172669709556,0.011263412734104,0.00335552614693008,10,Dead
all,Codex F,Inf,1,0.00997907994534633,0.00194143604033519,10,Dead
all,F no distance,Inf,1,0.00997907994534633,0.00194143604033519,10,Dead
all,F+,Inf,1,0.00997907994534633,0.00194143604033519,10,Dead
all,F guarded,Inf,1,0.00997907994534633,0.00194143604033519,10,Dead
all,New C,Inf,1,0.0110365903771821,0.00284483203689994,10,Dead
all,New C with dCor,Inf,1,0.0110365903771821,0.00284483203689994,10,Dead
odd,Codex F,Inf,1,0.00987957653650199,0.00191070695077516,10,Dead
odd,F no distance,Inf,1,0.00987957653650199,0.00191070695077516,10,Dead
odd,F+,Inf,1,0.00987957653650199,0.00191070695077516,10,Dead
odd,F guarded,Inf,1,0.00987957653650199,0.00191070695077516,10,Dead
odd,New C,Inf,1,0.0110043043128693,0.00280350908511577,10,Dead
odd,New C with dCor,Inf,1,0.0110043043128693,0.00280350908511577,10,Dead
even,Codex F,Inf,1,0.0100917673126689,0.00197623665915775,10,Dead
even,F no distance,Inf,1,0.0100917673126689,0.00197623665915775,10,Dead
even,F+,Inf,1,0.0100917673126689,0.00197623665915775,10,Dead
even,F guarded,Inf,1,0.0100917673126689,0.00197623665915775,10,Dead
even,New C,Inf,1,0.0110598281902352,0.00286498280282977,10,Dead
even,New C with dCor,Inf,1,0.0110598281902352,0.00286498280282977,10,Dead
