"start.index","start.pos","end.pos","span","max.gap","median.gap","gaps.under.1kb"
1,11915060,17085407,5170347,3410179,512,61
2,12095366,17086099,4990733,3410179,512,62
3,12097885,17087273,4989388,3410179,512,62
4,12097898,17107081,5009183,3410179,594,61
5,12097959,17108621,5010662,3410179,600,60
6,12098133,17108974,5010841,3410179,600,60
7,15508312,17109201,1600889,532352,594,61
8,15511444,17111127,1599683,532352,594,61
9,15554099,17111854,1557755,532352,594,62
10,15554962,17119954,1564992,532352,594,61
11,15572298,17120123,1547825,532352,512,62
12,15573292,17120491,1547199,532352,450,62
13,15603422,17121086,1517664,532352,450,63
14,15603441,17121369,1517928,532352,450,63
15,15690052,17121671,1431619,532352,429,64
16,15690964,17121680,1430716,532352,419,64
17,15721335,17121720,1400385,532352,418,65
18,15749399,17121791,1372392,532352,393,66
19,15749417,17137577,1388160,532352,418,65
20,15750431,17143482,1393051,532352,418,65
21,15759955,17145106,1385151,532352,418,65
22,15762134,17146674,1384540,532352,418,65
23,15764181,17147278,1383097,532352,418,66
24,15775889,17147832,1371943,532352,418,67
25,15777580,17148898,1371318,532352,418,67
26,15778092,17157630,1379538,532352,418,66
27,15784325,17158042,1373717,532352,412,67
28,15818890,17158592,1339702,532352,412,68
29,15820367,17158822,1338455,532352,393,69
30,15821037,17159102,1338065,532352,385,69
31,15821249,17159388,1338139,532352,385,69
32,15822202,17159578,1337376,532352,368,69
33,15822620,17159642,1337022,532352,353,69
34,15822672,17159922,1337250,532352,353,69
35,15854696,17160082,1305386,532352,344,70
36,16387048,17163486,776438,201664,344,70
37,16387319,17165317,777998,201664,353,69
38,16387738,17165355,777617,201664,344,69
39,16391040,17166442,775402,201664,344,69
40,16592704,17166583,573879,130760,306,70
41,16592994,17168692,575698,130760,344,69
42,16593959,17169921,575962,130760,344,68
43,16594156,17171498,577342,130760,353,67
44,16600826,17171704,570878,130760,344,68
45,16601097,17171851,570754,130760,344,68
46,16601691,17171935,570244,130760,306,68
47,16601897,17191278,589381,130760,344,67
48,16602522,17199587,597065,130760,344,66
49,16602592,17199641,597049,130760,344,66
50,16602673,17199655,596982,130760,344,66
51,16602837,17199671,596834,130760,344,66
52,16606997,17209573,602576,130760,344,66
53,16609246,17209678,600432,130760,306,67
54,16609696,17219418,609722,130760,306,66
55,16609972,17366525,756553,147107,344,65
56,16610028,17366875,756847,147107,350,65
57,16610333,17367682,757349,147107,353,65
58,16610407,17368740,758333,147107,368,64
59,16695037,17368949,673912,147107,353,65
60,16696025,17369027,673002,147107,350,65
61,16697714,17369231,671517,147107,344,66
62,16697804,17370490,672686,147107,350,65
63,16697861,17370580,672719,147107,350,65
64,16701904,17370706,668802,147107,344,66
65,16828959,17370749,541790,147107,306,67
66,16959719,17370970,411251,147107,302,68
67,16959965,17371712,411747,147107,306,68
68,16962729,17415985,453256,147107,306,68
69,17007041,17418938,411897,147107,306,68
70,17007385,17418973,411588,147107,302,68
71,17007985,17419239,411254,147107,286,68
72,17008222,17476232,468010,147107,302,67
73,17008297,17476934,468637,147107,306,67
74,17008303,17477411,469108,147107,350,67
75,17008477,17477413,468936,147107,350,67
76,17008862,17477420,468558,147107,306,67
77,17008872,17477518,468646,147107,306,67
78,17010940,17477599,466659,147107,302,68
79,17032615,17553734,521119,147107,302,68
80,17034747,17562850,528103,147107,302,68
81,17036172,17562946,526774,147107,286,69
82,17036439,17563022,526583,147107,286,69
83,17036483,17563343,526860,147107,302,69
84,17036528,17563694,527166,147107,306,69
85,17036957,17564045,527088,147107,306,69
86,17037609,17578594,540985,147107,306,68
87,17037671,17580231,542560,147107,321,67
88,17083725,17581091,497366,147107,321,68
89,17083860,17581179,497319,147107,321,68
90,17084104,17581286,497182,147107,321,68
91,17084259,17581410,497151,147107,321,68
92,17084565,17581458,496893,147107,321,68
93,17084722,17583476,498754,147107,350,67
94,17084774,17590368,505594,147107,351,66
95,17084785,17628511,543726,147107,351,65
96,17084852,17628655,543803,147107,351,65
97,17084984,17628863,543879,147107,351,65
98,17084999,17632008,547009,147107,353,64
99,17085014,17635069,550055,147107,368,63
100,17085407,17638361,552954,147107,368,62
101,17086099,17638428,552329,147107,353,62
102,17087273,17638515,551242,147107,351,63
103,17107081,17638543,531462,147107,351,64
104,17108621,17638583,529962,147107,350,65
105,17108974,17638649,529675,147107,321,65
106,17109201,17638658,529457,147107,321,65
107,17111127,17639537,528410,147107,321,66
108,17111854,17706677,594823,147107,321,65
109,17119954,17728268,608314,147107,321,65
110,17120123,17734375,614252,147107,350,64
111,17120491,17748640,628149,147107,350,63
112,17121086,17748820,627734,147107,321,63
113,17121369,17749059,627690,147107,321,63
114,17121671,17752314,630643,147107,350,62
115,17121680,17770920,649240,147107,351,61
116,17121720,17773822,652102,147107,351,60
117,17121791,17773850,652059,147107,351,60
118,17137577,17773971,636394,147107,351,61
119,17143482,17774086,630604,147107,350,62
120,17145106,17774366,629260,147107,321,63
121,17146674,17774646,627972,147107,286,64
122,17147278,17774648,627370,147107,280,64
123,17147832,17774667,626835,147107,280,64
124,17148898,17775874,626976,147107,280,64
125,17157630,17775898,618268,147107,280,65
126,17158042,17782283,624241,147107,280,64
127,17158592,17784038,625446,147107,280,63
128,17158822,17785203,626381,147107,280,62
129,17159102,17785296,626194,147107,280,62
130,17159388,17785473,626085,147107,280,62
131,17159578,17785483,625905,147107,280,62
132,17159642,17789567,629925,147107,280,61
133,17159922,17791036,631114,147107,280,60
134,17160082,17792468,632386,147107,321,59
135,17163486,17792914,629428,147107,321,60
136,17165317,17793034,627717,147107,280,61
137,17165355,17794769,629414,147107,321,60
138,17166442,17795215,628773,147107,321,61
139,17166583,17841813,675230,147107,350,60
140,17168692,17841893,673201,147107,321,61
141,17169921,17842003,672082,147107,280,62
142,17171498,17842394,670896,147107,280,63
143,17171704,17842739,671035,147107,321,63
144,17171851,17845161,673310,147107,345,62
145,17171935,17848279,676344,147107,350,61
146,17191278,17862774,671496,147107,350,61
147,17199587,17904032,704445,147107,350,61
148,17199641,17980634,780993,147107,351,60
149,17199655,17980880,781225,147107,351,60
150,17199671,17982193,782522,147107,351,59
151,17209573,17982234,772661,147107,351,60
152,17209678,18000426,790748,147107,351,59
153,17219418,18000655,781237,147107,351,60
154,17366525,18001537,635012,76602,351,61
155,17366875,18001558,634683,76602,351,61
156,17367682,18001655,633973,76602,345,61
157,17368740,18001820,633080,76602,321,62
158,17368949,18005712,636763,76602,345,61
159,17369027,18021411,652384,76602,351,60
160,17369231,18023414,654183,76602,351,59
161,17370490,18023817,653327,76602,351,60
162,17370580,18024033,653453,76602,351,60
163,17370706,18024248,653542,76602,351,60
164,17370749,18024399,653650,76602,351,60
165,17370970,18024405,653435,76602,351,60
166,17371712,18024419,652707,76602,351,60
167,17415985,18024635,608650,76602,345,61
168,17418938,18024638,605700,76602,321,62
169,17418973,18024754,605781,76602,321,62
170,17419239,18024981,605742,76602,321,62
171,17476232,18025483,549251,76602,321,63
172,17476934,18025532,548598,76602,280,63
173,17477411,18028414,551003,76602,280,62
174,17477413,18045012,567599,76602,321,61
175,17477420,18048262,570842,76602,345,60
176,17477518,18048311,570793,76602,345,60
177,17477599,18048477,570878,76602,345,60
178,17553734,18048619,494885,76602,321,61
179,17562850,18048681,485831,76602,280,62
180,17562946,18048825,485879,76602,280,62
181,17563022,18075645,512623,76602,321,61
182,17563343,18077628,514285,76602,345,60
183,17563694,18077737,514043,76602,280,60
184,17564045,18077870,513825,76602,280,60
185,17578594,18077875,499281,76602,246,61
186,17580231,18077880,497649,76602,239,62
187,17581091,18077899,496808,76602,229,62
188,17581179,18077901,496722,76602,229,62
189,17581286,18077939,496653,76602,229,62
190,17581410,18078044,496634,76602,229,62
191,17581458,18078097,496639,76602,229,62
192,17583476,18078643,495167,76602,229,63
193,17590368,18080043,489675,76602,229,63
194,17628511,18081442,452931,76602,229,63
195,17628655,18089367,460712,76602,239,62
196,17628863,18109789,480926,76602,246,61
197,17632008,18110528,478520,76602,246,62
198,17635069,18110541,475472,76602,239,63
199,17638361,18110596,472235,76602,229,64
200,17638428,18110598,472170,76602,229,64
201,17638515,18110602,472087,76602,229,64
202,17638543,18110675,472132,76602,229,64
203,17638583,18110843,472260,76602,229,64
204,17638649,18111050,472401,76602,229,64
205,17638658,18111430,472772,76602,239,64
206,17639537,18111469,471932,76602,229,64
207,17706677,18115178,408501,76602,229,64
208,17728268,18131546,403278,76602,229,64
209,17734375,18149637,415262,76602,229,64
210,17748640,18149662,401022,76602,227,65
211,17748820,18149666,400846,76602,227,65
212,17749059,18150044,400985,76602,227,65
213,17752314,18150127,397813,76602,216,66
214,17770920,18150138,379218,76602,216,67
215,17773822,18150230,376408,76602,215,68
216,17773850,18150356,376506,76602,215,68
217,17773971,18152693,378722,76602,216,67
218,17774086,18157674,383588,76602,216,66
219,17774366,18186365,411999,76602,216,65
220,17774646,18368787,594141,182422,216,64
221,17774648,18369821,595173,182422,227,63
222,17774667,18370030,595363,182422,227,63
223,17775874,18371433,595559,182422,227,63
224,17775898,18492695,716797,182422,229,62
225,17782283,18529086,746803,182422,229,62
226,17784038,18534453,750415,182422,229,62
227,17785203,18549734,764531,182422,229,62
228,17785296,18550107,764811,182422,246,62
229,17785473,18550148,764675,182422,246,62
230,17785483,18573633,788150,182422,345,61
231,17789567,18606839,817272,182422,345,61
232,17791036,18608017,816981,182422,345,61
233,17792468,18610201,817733,182422,345,61
234,17792914,18612647,819733,182422,345,60
235,17793034,18633801,840767,182422,373,59
236,17794769,18634937,840168,182422,373,59
237,17795215,18636005,840790,182422,373,58
238,17841813,18652730,810917,182422,373,58
239,17841893,18752755,910862,182422,378,57
240,17842003,18779122,937119,182422,380,56
241,17842394,18792759,950365,182422,380,55
242,17842739,18837706,994967,182422,403,54
243,17845161,18848270,1003109,182422,403,54
244,17848279,18848568,1000289,182422,380,55
245,17862774,18870419,1007645,182422,380,55
246,17904032,18871160,967128,182422,380,56
247,17980634,18902666,922032,182422,380,56
248,17980880,18905767,924887,182422,403,55
249,17982193,18905772,923579,182422,380,56
250,17982234,18905854,923620,182422,380,56
251,18000426,18905869,905443,182422,378,57
252,18000655,18906001,905346,182422,378,57
253,18001537,18906008,904471,182422,373,57
254,18001558,18906020,904462,182422,373,57
255,18001655,18906063,904408,182422,373,57
256,18001820,18906074,904254,182422,373,57
257,18005712,18906085,900373,182422,298,58
258,18021411,18906101,884690,182422,227,59
259,18023414,18906156,882742,182422,216,60
260,18023817,18906202,882385,182422,216,60
261,18024033,18906204,882171,182422,215,60
262,18024248,18906214,881966,182422,209,60
263,18024399,18906298,881899,182422,209,60
264,18024405,18906303,881898,182422,209,60
265,18024419,18906308,881889,182422,209,60
266,18024635,18906767,882132,182422,209,60
267,18024638,18906770,882132,182422,209,60
268,18024754,18906876,882122,182422,209,60
269,18024981,18910222,885241,182422,209,59
270,18025483,18912085,886602,182422,209,58
271,18025532,18912940,887408,182422,298,58
272,18028414,18932290,903876,182422,298,58
273,18045012,18934192,889180,182422,298,58
274,18048262,18935958,887696,182422,298,58
275,18048311,18936274,887963,182422,316,58
276,18048477,18936363,887886,182422,316,58
277,18048619,18936368,887749,182422,316,58
278,18048681,18936372,887691,182422,316,58
279,18048825,18937422,888597,182422,373,57
280,18075645,18937764,862119,182422,342,58
281,18077628,18968394,890766,182422,342,58
282,18077737,18968876,891139,182422,373,58
283,18077870,18969302,891432,182422,378,58
284,18077875,18970165,892290,182422,380,58
285,18077880,18970309,892429,182422,380,58
286,18077899,18970324,892425,182422,380,58
287,18077901,18970326,892425,182422,380,58
288,18077939,18970622,892683,182422,380,58
289,18078044,18970803,892759,182422,380,58
290,18078097,18971147,893050,182422,380,58
291,18078643,18973693,895050,182422,380,57
292,18080043,18994223,914180,182422,380,57
293,18081442,18998119,916677,182422,380,57
294,18089367,18998178,908811,182422,378,58
295,18109789,18999262,889473,182422,378,58
296,18110528,19016335,905807,182422,378,57
297,18110541,19016374,905833,182422,378,57
298,18110596,19016575,905979,182422,378,57
299,18110598,19019619,909021,182422,380,56
300,18110602,19021136,910534,182422,426,55
301,18110675,19021972,911297,182422,459,55
302,18110843,19022955,912112,182422,482,55
303,18111050,19025388,914338,182422,741,54
304,18111430,19027548,916118,182422,836,53
305,18111469,19029379,917910,182422,855,52
306,18115178,19033015,917837,182422,855,52
307,18131546,19037645,906099,182422,855,52
308,18149637,19048380,898743,182422,855,52
309,18149662,19048420,898758,182422,855,52
310,18149666,19048484,898818,182422,855,52
311,18150044,19048919,898875,182422,855,52
312,18150127,19049077,898950,182422,855,52
313,18150138,19049552,899414,182422,855,52
314,18150230,19119978,969748,182422,863,51
315,18150356,19120981,970625,182422,983,50
316,18152693,19122362,969669,182422,983,50
317,18157674,19122527,964853,182422,863,51
318,18186365,19122549,936184,182422,855,52
319,18368787,19122578,753791,121262,836,53
320,18369821,19122677,752856,121262,741,54
321,18370030,19122680,752650,121262,741,54
322,18371433,19122815,751382,121262,482,55
323,18492695,19123041,630346,100025,475,56
324,18529086,19126442,597356,100025,475,56
325,18534453,19129444,594991,100025,475,56
326,18549734,19129577,579843,100025,459,57
327,18550107,19129802,579695,100025,459,57
328,18550148,19131026,580878,100025,475,56
329,18573633,19131249,557616,100025,459,57
330,18606839,19131405,524566,100025,435,58
331,18608017,19131783,523766,100025,426,59
332,18610201,19131951,521750,100025,378,60
333,18612647,19132188,519541,100025,344,61
334,18633801,19132534,498733,100025,344,62
335,18634937,19134392,499455,100025,344,62
336,18636005,19144060,508055,100025,344,62
337,18652730,19144490,491760,100025,344,63
338,18752755,19144617,391862,70426,342,64
339,18779122,19144695,365573,70426,316,65
340,18792759,19144712,351953,70426,298,66
341,18837706,19144718,307012,70426,296,67
342,18848270,19144783,296513,70426,237,68
343,18848568,19144833,296265,70426,226,68
344,18870419,19144865,274446,70426,225,69
345,18871160,19144906,273746,70426,223,69
346,18902666,19146125,243459,70426,223,69
347,18905767,19148725,242958,70426,223,69
348,18905772,19149331,243559,70426,225,69
349,18905854,19149409,243555,70426,225,69
350,18905869,19149709,243840,70426,226,69
351,18906001,19149793,243792,70426,226,69
352,18906008,19149858,243850,70426,226,69
353,18906020,19150361,244341,70426,237,69
354,18906063,19150455,244392,70426,237,69
355,18906074,19150611,244537,70426,237,69
356,18906085,19150696,244611,70426,237,69
357,18906101,19150754,244653,70426,237,69
358,18906156,19150962,244806,70426,237,69
359,18906202,19168711,262509,70426,296,68
360,18906204,19169573,263369,70426,300,68
361,18906214,19169618,263404,70426,300,68
362,18906298,19169874,263576,70426,300,68
363,18906303,19171359,265056,70426,316,67
364,18906308,19171891,265583,70426,342,67
365,18906767,19172035,265268,70426,316,67
366,18906770,19175647,268877,70426,342,66
367,18906876,19175860,268984,70426,342,66
368,18910222,19177873,267651,70426,342,66
369,18912085,19178346,266261,70426,342,67
370,18912940,19178447,265507,70426,316,67
371,18932290,19178788,246498,70426,316,68
372,18934192,19178912,244720,70426,300,69
373,18935958,19178943,242985,70426,296,70
374,18936274,19179030,242756,70426,256,70
375,18936363,19179178,242815,70426,256,70
376,18936368,19179295,242927,70426,256,70
377,18936372,19179607,243235,70426,296,70
378,18937422,19182596,245174,70426,296,70
379,18937764,19288705,350941,106109,296,69
380,18968394,19290726,322332,106109,296,69
381,18968876,19291149,322273,106109,296,69
382,18969302,19291562,322260,106109,296,69
383,18970165,19291689,321524,106109,256,69
384,18970309,19291722,321413,106109,256,69
385,18970324,19292032,321708,106109,296,69
386,18970326,19331136,360810,106109,300,68
387,18970622,19359374,388752,106109,310,67
388,18970803,19430784,459981,106109,312,66
389,18971147,19430916,459769,106109,310,66
390,18973693,19431431,457738,106109,310,67
391,18994223,19431947,437724,106109,310,68
392,18998119,19431954,433835,106109,300,69
393,18998178,19431958,433780,106109,300,69
394,18999262,19432316,433054,106109,300,70
395,19016335,19432414,416079,106109,256,71
396,19016374,19432527,416153,106109,256,71
397,19016575,19432544,415969,106109,256,71
398,19019619,19432647,413028,106109,237,72
399,19021136,19432713,411577,106109,226,73
400,19021972,19432813,410841,106109,225,73
401,19022955,19435642,412687,106109,225,72
402,19025388,19444047,418659,106109,225,72
403,19027548,19447099,419551,106109,225,72
404,19029379,19447397,418018,106109,225,73
405,19033015,19447622,414607,106109,225,74
406,19037645,19447648,410003,106109,223,75
407,19048380,19447714,399334,106109,213,76
408,19048420,19447994,399574,106109,223,76
409,19048484,19448032,399548,106109,223,76
410,19048919,19448267,399348,106109,223,76
411,19049077,19448300,399223,106109,223,76
412,19049552,19448317,398765,106109,213,76
413,19119978,19449344,329366,106109,213,76
414,19120981,19449425,328444,106109,208,77
415,19122362,19450587,328225,106109,208,77
416,19122527,19450723,328196,106109,208,77
417,19122549,19474892,352343,106109,213,76
418,19122578,19477980,355402,106109,223,75
419,19122677,19478808,356131,106109,225,75
420,19122680,19479109,356429,106109,225,75
421,19122815,19479256,356441,106109,225,75
422,19123041,19479259,356218,106109,225,75
423,19126442,19479284,352842,106109,223,76
424,19129444,19479290,349846,106109,213,77
425,19129577,19479336,349759,106109,213,77
426,19129802,19479386,349584,106109,208,77
427,19131026,19479411,348385,106109,168,78
428,19131249,19479552,348303,106109,156,78
429,19131405,19479760,348355,106109,168,78
430,19131783,19479803,348020,106109,156,78
431,19131951,19479890,347939,106109,148,78
432,19132188,19479919,347731,106109,147,78
433,19132534,19480287,347753,106109,147,78
434,19134392,19483570,349178,106109,147,78
435,19144060,19519456,375396,106109,147,78
436,19144490,19521795,377305,106109,147,77
437,19144617,19523354,378737,106109,148,76
438,19144695,19523454,378759,106109,148,76
439,19144712,19524184,379472,106109,156,76
440,19144718,19524444,379726,106109,208,76
441,19144783,19524464,379681,106109,208,76
442,19144833,19524561,379728,106109,208,76
443,19144865,19524705,379840,106109,208,76
444,19144906,19524797,379891,106109,208,76
445,19146125,19525189,379064,106109,208,77
446,19148725,19525380,376655,106109,191,78
447,19149331,19525419,376088,106109,156,78
448,19149409,19525483,376074,106109,156,78
449,19149709,19525485,375776,106109,148,78
450,19149793,19525494,375701,106109,148,78
451,19149858,19525555,375697,106109,148,78
452,19150361,19525583,375222,106109,147,78
453,19150455,19525653,375198,106109,147,78
454,19150611,19528085,377474,106109,147,77
455,19150696,19566530,415834,106109,148,76
456,19150754,19566648,415894,106109,148,76
457,19150962,19566843,415881,106109,148,76
458,19168711,19566886,398175,106109,147,77
459,19169573,19566966,397393,106109,144,77
460,19169618,19567037,397419,106109,144,77
461,19169874,19567802,397928,106109,144,77
462,19171359,19569078,397719,106109,144,77
463,19171891,19656221,484330,106109,144,76
464,19172035,19656514,484479,106109,147,76
465,19175647,19656636,480989,106109,144,77
466,19175860,19656716,480856,106109,141,77
467,19177873,19658370,480497,106109,141,77
468,19178346,19659758,481412,106109,141,76
469,19178447,19710366,531919,106109,144,75
470,19178788,19713274,534486,106109,144,74
471,19178912,19713992,535080,106109,147,74
472,19178943,19714211,535268,106109,148,74
473,19179030,19714304,535274,106109,148,74
474,19179178,19714345,535167,106109,147,74
475,19179295,19714348,535053,106109,147,74
476,19179607,19714581,534974,106109,147,74
477,19182596,19716673,534077,106109,147,74
478,19288705,19718078,429373,87143,147,74
479,19290726,19718663,427937,87143,147,75
480,19291149,19718842,427693,87143,147,75
481,19291562,19720044,428482,87143,147,74
482,19291689,19722025,430336,87143,179,73
483,19291722,19722173,430451,87143,179,73
484,19292032,19722232,430200,87143,148,73
485,19331136,19722568,391432,87143,148,74
486,19359374,19722640,363266,87143,147,75
487,19430784,19723357,292573,87143,147,76
488,19430916,19723386,292470,87143,147,76
489,19431431,19723484,292053,87143,144,76
490,19431947,19723500,291553,87143,141,76
491,19431954,19723513,291559,87143,141,76
492,19431958,19723528,291570,87143,141,76
493,19432316,19723804,291488,87143,141,76
494,19432414,19724511,292097,87143,144,76
495,19432527,19725100,292573,87143,147,76
496,19432544,19725117,292573,87143,147,76
497,19432647,19725227,292580,87143,147,76
498,19432713,19729033,296320,87143,148,75
499,19432813,19729255,296442,87143,179,75
500,19435642,19730649,295007,87143,179,75
501,19444047,19730705,286658,87143,148,76
502,19447099,19730845,283746,87143,147,77
503,19447397,19730957,283560,87143,144,77
504,19447622,19731227,283605,87143,144,77
505,19447648,19731268,283620,87143,144,77
506,19447714,19733440,285726,87143,147,76
507,19447994,19735977,287983,87143,147,75
508,19448032,19736921,288889,87143,148,75
509,19448267,19736978,288711,87143,147,75
510,19448300,19738907,290607,87143,148,74
511,19448317,19739398,291081,87143,179,74
512,19449344,19748733,299389,87143,179,74
513,19449425,19749148,299723,87143,191,74
514,19450587,19751559,300972,87143,191,74
515,19450723,19754903,304180,87143,195,73
516,19474892,19755506,280614,87143,195,74
517,19477980,19755813,277833,87143,195,75
518,19478808,19756236,277428,87143,195,75
519,19479109,19756369,277260,87143,191,75
520,19479256,19756503,277247,87143,191,75
521,19479259,19756528,277269,87143,191,75
522,19479284,19756539,277255,87143,191,75
523,19479290,19756544,277254,87143,191,75
524,19479336,19756555,277219,87143,191,75
525,19479386,19756716,277330,87143,191,75
526,19479411,19757147,277736,87143,195,75
527,19479552,19758633,279081,87143,208,74
528,19479760,19758745,278985,87143,195,74
529,19479803,19758845,279042,87143,195,74
530,19479890,19759461,279571,87143,219,74
531,19479919,19759501,279582,87143,219,74
532,19480287,19759503,279216,87143,195,74
533,19483570,19759617,276047,87143,191,75
534,19519456,19760855,241399,87143,191,75
535,19521795,19760875,239080,87143,179,76
536,19523354,19761254,237900,87143,179,77
537,19523454,19761387,237933,87143,179,77
538,19524184,19761402,237218,87143,161,77
539,19524444,19761665,237221,87143,161,77
540,19524464,19762438,237974,87143,179,77
541,19524561,19763395,238834,87143,191,77
542,19524705,19763625,238920,87143,195,77
543,19524797,19764131,239334,87143,219,77
544,19525189,19764253,239064,87143,195,77
545,19525380,19764376,238996,87143,195,77
546,19525419,19764705,239286,87143,219,77
547,19525483,19764999,239516,87143,222,77
548,19525485,19765346,239861,87143,230,77
549,19525494,19765841,240347,87143,233,77
550,19525555,19766602,241047,87143,263,77
551,19525583,19766728,241145,87143,263,77
552,19525653,19766925,241272,87143,263,77
553,19528085,19767811,239726,87143,263,78
554,19566530,19770644,204114,87143,263,78
555,19566648,19779442,212794,87143,270,77
556,19566843,19784718,217875,87143,276,76
557,19566886,19788527,221641,87143,293,75
558,19566966,19788674,221708,87143,293,75
559,19567037,19788908,221871,87143,293,75
560,19567802,19789586,221784,87143,293,75
561,19569078,19792785,223707,87143,293,75
562,19656221,19799806,143585,50608,293,75
563,19656514,19850764,194250,50958,294,74
564,19656636,19852042,195406,50958,307,73
565,19656716,19853328,196612,50958,329,72
566,19658370,19853851,195481,50958,329,73
567,19659758,19854404,194646,50958,329,74
568,19710366,19854920,144554,50958,329,75
569,19713274,19854926,141652,50958,307,76
570,19713992,19854949,140957,50958,294,76
571,19714211,19854958,140747,50958,294,76
572,19714304,19854978,140674,50958,294,76
573,19714345,19854984,140639,50958,294,76
574,19714348,19855129,140781,50958,294,76
575,19714581,19855314,140733,50958,294,76
576,19716673,19855320,138647,50958,276,77
577,19718078,19855486,137408,50958,270,78
578,19718663,19876785,158122,50958,270,77
579,19718842,19880142,161300,50958,276,76
580,19720044,19891653,171609,50958,276,76
581,19722025,19891797,169772,50958,270,77
582,19722173,19892173,170000,50958,276,77
583,19722232,19892264,170032,50958,276,77
584,19722568,19892612,170044,50958,276,77
585,19722640,19903761,181121,50958,294,76
586,19723357,19905140,181783,50958,294,75
587,19723386,19905143,181757,50958,294,75
588,19723484,19907115,183631,50958,307,74
589,19723500,19908062,184562,50958,329,74
590,19723513,19940922,217409,50958,347,73
591,19723528,19941144,217616,50958,347,73
592,19723804,19941217,217413,50958,347,73
593,19724511,19941543,217032,50958,329,73
594,19725100,19941574,216474,50958,326,73
595,19725117,19941661,216544,50958,326,73
596,19725227,19941682,216455,50958,326,73
597,19729033,19941731,212698,50958,307,74
598,19729255,19941751,212496,50958,307,74
599,19730649,19941763,211114,50958,294,75
600,19730705,19941944,211239,50958,294,75
601,19730845,19942549,211704,50958,307,75
602,19730957,19942654,211697,50958,307,75
603,19731227,19951393,220166,50958,326,74
604,19731268,19951458,220190,50958,326,74
605,19733440,19951469,218029,50958,307,75
606,19735977,19951505,215528,50958,294,76
607,19736921,19951538,214617,50958,263,76
608,19736978,19959350,222372,50958,294,75
609,19738907,19961310,222403,50958,294,75
610,19739398,19961434,222036,50958,263,75
611,19748733,19962062,213329,50958,263,76
612,19749148,19962350,213202,50958,263,76
613,19751559,19962370,210811,50958,234,77
614,19754903,19962378,207475,50958,230,78
615,19755506,19962442,206936,50958,222,78
616,19755813,19962503,206690,50958,197,78
617,19756236,19962517,206281,50958,185,78
618,19756369,19962643,206274,50958,185,78
619,19756503,19966189,209686,50958,197,77
620,19756528,19968758,212230,50958,222,76
621,19756539,19970678,214139,50958,230,75
622,19756544,19972773,216229,50958,234,74
623,19756555,19973002,216447,50958,234,74
624,19756716,19973309,216593,50958,263,74
625,19757147,19973528,216381,50958,234,74
626,19758633,19973537,214904,50958,230,75
627,19758745,19974519,215774,50958,234,75
628,19758845,19978011,219166,50958,263,74
629,19759461,19978850,219389,50958,263,74
630,19759501,19979757,220256,50958,288,74
631,19759503,19980036,220533,50958,288,74
632,19759617,19980263,220646,50958,288,74
633,19760855,19981949,221094,50958,288,74
634,19760875,19983078,222203,50958,294,73
635,19761254,19984623,223369,50958,294,72
636,19761387,19986455,225068,50958,307,71
637,19761402,19986525,225123,50958,307,71
638,19761665,19986784,225119,50958,307,71
639,19762438,19987013,224575,50958,294,71
640,19763395,19987159,223764,50958,288,71
641,19763625,19987162,223537,50958,288,71
642,19764131,20013543,249412,50958,288,70
643,19764253,20016833,252580,50958,294,69
644,19764376,20016841,252465,50958,294,69
645,19764705,20016844,252139,50958,288,69
646,19764999,20016846,251847,50958,279,69
647,19765346,20016854,251508,50958,259,69
648,19765841,20016859,251018,50958,234,69
649,19766602,20017088,250486,50958,229,69
650,19766728,20017358,250630,50958,234,69
651,19766925,20019433,252508,50958,259,68
652,19767811,20019977,252166,50958,259,68
653,19770644,20020774,250130,50958,259,69
654,19779442,20020844,241402,50958,234,70
655,19784718,20020897,236179,50958,229,71
656,19788527,20021085,232558,50958,229,72
657,19788674,20021091,232417,50958,229,72
658,19788908,20021540,232632,50958,229,72
659,19789586,20021752,232166,50958,229,72
660,19792785,20032151,239366,50958,229,72
661,19799806,20032172,232366,50958,227,73
662,19850764,20032364,181600,32860,222,74
663,19852042,20033052,181010,32860,222,75
664,19853328,20033134,179806,32860,219,76
665,19853851,20056848,202997,32860,219,75
666,19854404,20062775,208371,32860,219,74
667,19854920,20064782,209862,32860,219,73
668,19854926,20079790,224864,32860,222,72
669,19854949,20079884,224935,32860,222,72
670,19854958,20079950,224992,32860,222,72
671,19854978,20079968,224990,32860,222,72
672,19854984,20080799,225815,32860,227,72
673,19855129,20083784,228655,32860,229,71
674,19855314,20084952,229638,32860,229,70
675,19855320,20085130,229810,32860,229,70
676,19855486,20085186,229700,32860,229,70
677,19876785,20085870,209085,32860,229,71
678,19880142,20085880,205738,32860,229,72
679,19891653,20086005,194352,32860,227,73
680,19891797,20086049,194252,32860,227,73
681,19892173,20086113,193940,32860,222,73
682,19892264,20086400,194136,32860,227,73
683,19892612,20086473,193861,32860,222,73
684,19903761,20089933,186172,32860,222,73
685,19905140,20110889,205749,32860,222,73
686,19905143,20112508,207365,32860,227,72
687,19907115,20114307,207192,32860,227,72
688,19908062,20116018,207956,32860,227,71
689,19940922,20116255,175333,26381,227,72
690,19941144,20116399,175255,26381,227,72
691,19941217,20116950,175733,26381,229,72
692,19941543,20117141,175598,26381,227,72
693,19941574,20117245,175671,26381,227,72
694,19941661,20117251,175590,26381,227,72
695,19941682,20117256,175574,26381,227,72
696,19941731,20117261,175530,26381,227,72
697,19941751,20117414,175663,26381,227,72
698,19941763,20117431,175668,26381,227,72
699,19941944,20117468,175524,26381,227,72
700,19942549,20117470,174921,26381,219,72
701,19942654,20117473,174819,26381,219,72
702,19951393,20117485,166092,26381,212,73
703,19951458,20117501,166043,26381,212,73
704,19951469,20117901,166432,26381,219,73
705,19951505,20119521,168016,26381,227,72
706,19951538,20122119,170581,26381,229,71
707,19959350,20127160,167810,26381,229,71
708,19961310,20129651,168341,26381,229,71
709,19961434,20131062,169628,26381,229,70
710,19962062,20131123,169061,26381,229,70
711,19962350,20131420,169070,26381,229,70
712,19962370,20131940,169570,26381,229,70
713,19962378,20132326,169948,26381,229,70
714,19962442,20139713,177271,26381,237,69
715,19962503,20142667,180164,26381,259,68
716,19962517,20143052,180535,26381,270,68
717,19962643,20143175,180532,26381,270,68
718,19966189,20143774,177585,26381,270,69
719,19968758,20146055,177297,26381,270,69
720,19970678,20146940,176262,26381,270,70
721,19972773,20147055,174282,26381,259,71
722,19973002,20147153,174151,26381,259,71
723,19973309,20148330,175021,26381,259,70
724,19973528,20149517,175989,26381,270,69
725,19973537,20152679,179142,26381,279,68
726,19974519,20155518,180999,26381,279,67
727,19978011,20158755,180744,26381,279,67
728,19978850,20204848,225998,46093,279,66
729,19979757,20204962,225205,46093,270,66
730,19980036,20207031,226995,46093,270,65
731,19980263,20240165,259902,46093,287,64
732,19981949,20241439,259490,46093,287,64
733,19983078,20241490,258412,46093,270,65
734,19984623,20242003,257380,46093,270,66
735,19986455,20242023,255568,46093,259,67
736,19986525,20242465,255940,46093,270,67
737,19986784,20243965,257181,46093,287,66
738,19987013,20246235,259222,46093,297,65
739,19987159,20249228,262069,46093,385,64
740,19987162,20249235,262073,46093,385,64
741,20013543,20249257,235714,46093,297,65
742,20016833,20249333,232500,46093,287,66
743,20016841,20249674,232833,46093,297,66
744,20016844,20249699,232855,46093,297,66
745,20016846,20249818,232972,46093,297,66
746,20016854,20265094,248240,46093,341,65
747,20016859,20266706,249847,46093,385,64
748,20017088,20267409,250321,46093,386,64
749,20017358,20267445,250087,46093,386,64
750,20019433,20267775,248342,46093,385,65
751,20019977,20268130,248153,46093,355,65
752,20020774,20268144,247370,46093,341,65
753,20020844,20268469,247625,46093,341,65
754,20020897,20268529,247632,46093,341,65
755,20021085,20268540,247455,46093,341,65
756,20021091,20268999,247908,46093,355,65
757,20021540,20270534,248994,46093,355,64
758,20021752,20291656,269904,46093,385,63
759,20032151,20295850,263699,46093,385,63
760,20032172,20298931,266759,46093,386,62
761,20032364,20299322,266958,46093,391,62
762,20033052,20300099,267047,46093,391,62
763,20033134,20300763,267629,46093,400,62
764,20056848,20303776,246928,46093,400,62
765,20062775,20316168,253393,46093,400,62
766,20064782,20319226,254444,46093,400,62
767,20079790,20319538,239748,46093,391,63
768,20079884,20319874,239990,46093,391,63
769,20079950,20320060,240110,46093,391,63
770,20079968,20320101,240133,46093,391,63
771,20080799,20320191,239392,46093,386,63
772,20083784,20320201,236417,46093,385,64
773,20084952,20320270,235318,46093,355,65
774,20085130,20320335,235205,46093,355,65
775,20085186,20320457,235271,46093,355,65
776,20085870,20320471,234601,46093,341,65
777,20085880,20320522,234642,46093,341,65
778,20086005,20352638,266633,46093,355,64
779,20086049,20354362,268313,46093,385,63
780,20086113,20356287,270174,46093,386,62
781,20086400,20356737,270337,46093,391,62
782,20086473,20358186,271713,46093,400,61
783,20089933,20359082,269149,46093,400,62
784,20110889,20360489,249600,46093,400,62
785,20112508,20361265,248757,46093,400,63
786,20114307,20362264,247957,46093,400,64
787,20116018,20362574,246556,46093,391,65
788,20116255,20391297,275042,46093,400,64
789,20116399,20393979,277580,46093,442,63
790,20116950,20394028,277078,46093,400,63
791,20117141,20394042,276901,46093,400,63
792,20117245,20394051,276806,46093,400,63
793,20117251,20394140,276889,46093,400,63
794,20117256,20394142,276886,46093,400,63
795,20117261,20394155,276894,46093,400,63
796,20117414,20394619,277205,46093,442,63
797,20117431,20404611,287180,46093,450,62
798,20117468,20405035,287567,46093,450,62
799,20117470,20405800,288330,46093,459,62
800,20117473,20405916,288443,46093,459,62
801,20117485,20406212,288727,46093,459,62
802,20117501,20406632,289131,46093,459,62
803,20117901,20408330,290429,46093,464,61
804,20119521,20410526,291005,46093,464,61
805,20122119,20424716,302597,46093,464,61
806,20127160,20425192,298032,46093,464,62
807,20129651,20425606,295955,46093,459,63
808,20131062,20426221,295159,46093,459,64
809,20131123,20429210,298087,46093,464,63
810,20131420,20429609,298189,46093,464,63
811,20131940,20429676,297736,46093,459,63
812,20132326,20429990,297664,46093,459,63
813,20139713,20430671,290958,46093,459,64
814,20142667,20430861,288194,46093,450,65
815,20143052,20431478,288426,46093,459,65
816,20143175,20432430,289255,46093,464,65
817,20143774,20434730,290956,46093,464,64
818,20146055,20436550,290495,46093,464,64
819,20146940,20436698,289758,46093,459,64
820,20147055,20436737,289682,46093,459,64
821,20147153,20436927,289774,46093,459,64
822,20148330,20437013,288683,46093,450,65
823,20149517,20437446,287929,46093,442,66
824,20152679,20437856,285177,46093,433,67
825,20155518,20438036,282518,46093,424,68
826,20158755,20438189,279434,46093,420,69
827,20204848,20438248,233400,33134,414,70
828,20204962,20441585,236623,33134,420,69
829,20207031,20451363,244332,33134,420,69
830,20240165,20492887,252722,41524,420,69
831,20241439,20494909,253470,41524,420,69
832,20241490,20495308,253818,41524,420,69
833,20242003,20495663,253660,41524,414,69
834,20242023,20495876,253853,41524,414,69
835,20242465,20495881,253416,41524,410,69
836,20243965,20495889,251924,41524,399,70
837,20246235,20496001,249766,41524,399,71
838,20249228,20496021,246793,41524,391,72
839,20249235,20496769,247534,41524,399,72
840,20249257,20496775,247518,41524,399,72
841,20249333,20499112,249779,41524,399,71
842,20249674,20507183,257509,41524,410,70
843,20249699,20507189,257490,41524,410,70
844,20249818,20507192,257374,41524,410,70
845,20265094,20507393,242299,41524,399,71
846,20266706,20507414,240708,41524,399,72
847,20267409,20507433,240024,41524,391,72
848,20267445,20507481,240036,41524,391,72
849,20267775,20507653,239878,41524,391,72
850,20268130,20507657,239527,41524,391,72
851,20268144,20507797,239653,41524,391,72
852,20268469,20507964,239495,41524,391,72
853,20268529,20508005,239476,41524,391,72
854,20268540,20508039,239499,41524,391,72
855,20268999,20508302,239303,41524,355,72
856,20270534,20508981,238447,41524,355,73
857,20291656,20509475,217819,41524,355,74
858,20295850,20510025,214175,41524,355,75
859,20298931,20555098,256167,45073,355,75
860,20299322,20583415,284093,45073,355,74
861,20300099,20584816,284717,45073,355,73
862,20300763,20584969,284206,45073,336,73
863,20303776,20585063,281287,45073,314,74
864,20316168,20586134,269966,45073,314,74
865,20319226,20587352,268126,45073,314,74
866,20319538,20624307,304769,45073,336,73
867,20319874,20668445,348571,45073,355,72
868,20320060,20669374,349314,45073,399,72
869,20320101,20670622,350521,45073,399,71
870,20320191,20670791,350600,45073,399,71
871,20320201,20670970,350769,45073,399,71
872,20320270,20691294,371024,45073,410,70
873,20320335,20701994,381659,45073,414,69
874,20320457,20702013,381556,45073,414,69
875,20320471,20702822,382351,45073,420,69
876,20320522,20703029,382507,45073,420,69
877,20352638,20703902,351264,45073,420,70
878,20354362,20704282,349920,45073,414,71
879,20356287,20704504,348217,45073,410,72
880,20356737,20705012,348275,45073,410,72
881,20358186,20708093,349907,45073,410,72
882,20359082,20734781,375699,45073,410,71
883,20360489,20735014,374525,45073,399,72
884,20361265,20772679,411414,45073,399,71
885,20362264,20774123,411859,45073,399,70
886,20362574,20779265,416691,45073,410,69
887,20391297,20779685,388388,45073,410,70
888,20393979,20787371,393392,45073,410,70
889,20394028,20838667,444639,51296,414,69
890,20394042,20858624,464582,51296,420,68
891,20394051,20858799,464748,51296,420,68
892,20394140,20858811,464671,51296,420,68
893,20394142,20858870,464728,51296,420,68
894,20394155,20858879,464724,51296,420,68
895,20394619,20859099,464480,51296,414,68
896,20404611,20859161,454550,51296,410,69
897,20405035,20859261,454226,51296,399,69
898,20405800,20859377,453577,51296,399,69
899,20405916,20859611,453695,51296,399,69
900,20406212,20862609,456397,51296,399,68
901,20406632,20888103,481471,51296,399,67
902,20408330,20917027,508697,51296,399,67
903,20410526,20917104,506578,51296,399,68
904,20424716,20917118,492402,51296,380,69
905,20425192,20917228,492036,51296,355,69
906,20425606,20917373,491767,51296,314,69
907,20426221,20917376,491155,51296,263,69
908,20429210,20917509,488299,51296,234,70
909,20429609,20918051,488442,51296,234,70
910,20429676,20918153,488477,51296,234,70
911,20429990,20918346,488356,51296,233,70
912,20430671,20921113,490442,51296,233,69
913,20430861,20953307,522446,51296,234,68
914,20431478,20956439,524961,51296,234,67
915,20432430,20957113,524683,51296,234,67
916,20434730,20957120,522390,51296,233,68
917,20436550,20957382,520832,51296,233,69
918,20436698,20957725,521027,51296,234,69
919,20436737,20958100,521363,51296,262,69
920,20436927,20961555,524628,51296,263,68
921,20437013,20961957,524944,51296,343,68
922,20437446,20964707,527261,51296,343,67
923,20437856,20964957,527101,51296,263,67
924,20438036,20965015,526979,51296,263,67
925,20438189,20965373,527184,51296,343,67
926,20438248,20965380,527132,51296,343,67
927,20441585,20965606,524021,51296,263,68
928,20451363,20965843,514480,51296,262,69
929,20492887,20966061,473174,51296,250,70
930,20494909,20966965,472056,51296,250,71
931,20495308,20967080,471772,51296,237,71
932,20495663,20967146,471483,51296,234,71
933,20495876,20967297,471421,51296,234,71
934,20495881,20967775,471894,51296,237,71
935,20495889,20979528,483639,51296,250,70
936,20496001,20980791,484790,51296,262,69
937,20496021,20981015,484994,51296,262,69
938,20496769,20981343,484574,51296,262,69
939,20496775,20982048,485273,51296,263,69
940,20499112,20982081,482969,51296,262,70
941,20507183,20982115,474932,51296,250,71
942,20507189,20982135,474946,51296,250,71
943,20507192,20982239,475047,51296,250,71
944,20507393,20982346,474953,51296,250,71
945,20507414,20982452,475038,51296,250,71
946,20507433,20982751,475318,51296,262,71
947,20507481,20983382,475901,51296,263,71
948,20507653,20985871,478218,51296,299,70
949,20507657,20995996,488339,51296,328,69
950,20507797,20998054,490257,51296,343,68
951,20507964,20999520,491556,51296,358,67
952,20508005,20999775,491770,51296,358,67
953,20508039,20999959,491920,51296,358,67
954,20508302,21000043,491741,51296,358,67
955,20508981,21001751,492770,51296,358,66
956,20509475,21001762,492287,51296,343,66
957,20510025,21001770,491745,51296,328,66
958,20555098,21001780,446682,51296,299,67
959,20583415,21002028,418613,51296,262,68
960,20584816,21002102,417286,51296,255,69
961,20584969,21002177,417208,51296,255,69
962,20585063,21002183,417120,51296,255,69
963,20586134,21002226,416092,51296,250,70
964,20587352,21002229,414877,51296,248,71
965,20624307,21002487,378180,51296,248,72
966,20668445,21002980,334535,51296,248,73
967,20669374,21005673,336299,51296,248,72
968,20670622,21010785,340163,51296,248,72
969,20670791,21013158,342367,51296,250,71
970,20670970,21014002,343032,51296,255,71
971,20691294,21014130,322836,51296,250,72
972,20701994,21014314,312320,51296,248,73
973,20702013,21014348,312335,51296,248,73
974,20702822,21014370,311548,51296,237,73
975,20703029,21014385,311356,51296,237,73
976,20703902,21014418,310516,51296,234,73
977,20704282,21014476,310194,51296,233,73
978,20704504,21014721,310217,51296,234,73
979,20705012,21015122,310110,51296,234,73
980,20708093,21015224,307131,51296,233,74
981,20734781,21015321,280540,51296,226,75
982,20735014,21015488,280474,51296,224,75
983,20772679,21017997,245318,51296,224,75
984,20774123,21027276,253153,51296,224,75
985,20779265,21029032,249767,51296,224,75
986,20779685,21032205,252520,51296,224,74
987,20787371,21032509,245138,51296,224,75
988,20838667,21032596,193929,32194,220,76
989,20858624,21032605,173981,32194,218,77
990,20858799,21032625,173826,32194,218,77
991,20858811,21032700,173889,32194,218,77
992,20858870,21032710,173840,32194,218,77
993,20858879,21032766,173887,32194,218,77
994,20859099,21032769,173670,32194,193,77
995,20859161,21033208,174047,32194,218,77
996,20859261,21043222,183961,32194,224,76
997,20859377,21044264,184887,32194,226,75
998,20859611,21044286,184675,32194,224,75
999,20862609,21044293,181684,32194,218,76
1000,20888103,21044451,156348,32194,193,77
1001,20917027,21044900,127873,32194,193,78
1002,20917104,21045770,128666,32194,218,78
1003,20917118,21045869,128751,32194,218,78
1004,20917228,21045878,128650,32194,218,78
1005,20917373,21045889,128516,32194,218,78
1006,20917376,21045895,128519,32194,218,78
1007,20917509,21049162,131653,32194,224,77
1008,20918051,21126229,208178,77067,224,76
1009,20918153,21128190,210037,77067,226,75
1010,20918346,21151056,232710,77067,237,74
1011,20921113,21151387,230274,77067,237,75
1012,20953307,21183503,230196,77067,237,75
1013,20956439,21183905,227466,77067,237,76
1014,20957113,21185088,227975,77067,237,75
1015,20957120,21187346,230226,77067,245,74
1016,20957382,21212938,255556,77067,245,73
1017,20957725,21267436,309711,77067,245,72
1018,20958100,21282185,324085,77067,245,71
1019,20961555,21306539,344984,77067,245,71
1020,20961957,21310087,348130,77067,245,70
1021,20964707,21341040,376333,77067,245,70
1022,20964957,21344117,379160,77067,245,69
1023,20965015,21359762,394747,77067,248,68
1024,20965373,21360619,395246,77067,248,68
1025,20965380,21361481,396101,77067,255,68
1026,20965606,21363877,398271,77067,258,67
1027,20965843,21416566,450723,77067,299,66
1028,20966061,21417983,451922,77067,304,65
1029,20966965,21419205,452240,77067,304,64
1030,20967080,21443870,476790,77067,328,63
1031,20967146,21444505,477359,77067,331,63
1032,20967297,21446543,479246,77067,401,62
1033,20967775,21446699,478924,77067,331,62
1034,20979528,21447475,467947,77067,331,63
1035,20980791,21448309,467518,77067,331,64
1036,20981015,21450422,469407,77067,401,63
1037,20981343,21467687,486344,77067,402,62
1038,20982048,21468000,485952,77067,401,62
1039,20982081,21469269,487188,77067,402,61
1040,20982115,21469290,487175,77067,402,61
1041,20982135,21512760,530625,77067,439,60
1042,20982239,21567749,585510,77067,449,59
1043,20982346,21568123,585777,77067,449,59
1044,20982452,21568349,585897,77067,449,59
1045,20982751,21568515,585764,77067,449,59
1046,20983382,21571805,588423,77067,449,58
1047,20985871,21623308,637437,77067,449,58
1048,20995996,21624508,628512,77067,449,58
1049,20998054,21628102,630048,77067,449,58
1050,20999520,21628498,628978,77067,439,59
1051,20999775,21629317,629542,77067,449,59
1052,20999959,21629888,629929,77067,493,59
1053,21000043,21630096,630053,77067,493,59
1054,21001751,21630110,628359,77067,449,60
1055,21001762,21630131,628369,77067,449,60
1056,21001770,21630179,628409,77067,449,60
1057,21001780,21630192,628412,77067,449,60
1058,21002028,21630194,628166,77067,449,60
1059,21002102,21631145,629043,77067,493,60
1060,21002177,21631357,629180,77067,493,60
1061,21002183,21632687,630504,77067,571,59
1062,21002226,21632696,630470,77067,571,59
1063,21002229,21632743,630514,77067,571,59
1064,21002487,21632750,630263,77067,571,59
1065,21002980,21632759,629779,77067,571,59
1066,21005673,21632817,627144,77067,449,60
1067,21010785,21632901,622116,77067,439,61
1068,21013158,21634364,621206,77067,439,61
1069,21014002,21637112,623110,77067,439,60
1070,21014130,21641654,627524,77067,449,59
1071,21014314,21641827,627513,77067,449,59
1072,21014348,21641964,627616,77067,449,59
1073,21014370,21642057,627687,77067,449,59
1074,21014385,21642059,627674,77067,449,59
1075,21014418,21642064,627646,77067,449,59
1076,21014476,21642076,627600,77067,449,59
1077,21014721,21642137,627416,77067,449,59
1078,21015122,21642420,627298,77067,449,59
1079,21015224,21642802,627578,77067,449,59
1080,21015321,21643042,627721,77067,449,59
1081,21015488,21644096,628608,77067,571,58
1082,21017997,21646831,628834,77067,571,58
1083,21027276,21651380,624104,77067,571,58
1084,21029032,21651730,622698,77067,449,59
1085,21032205,21651912,619707,77067,439,60
1086,21032509,21652116,619607,77067,439,60
1087,21032596,21652562,619966,77067,446,60
1088,21032605,21652806,620201,77067,446,60
1089,21032625,21652811,620186,77067,446,60
1090,21032700,21652997,620297,77067,446,60
1091,21032710,21653226,620516,77067,446,60
1092,21032766,21653344,620578,77067,446,60
1093,21032769,21657393,624624,77067,449,59
1094,21033208,21657628,624420,77067,449,59
1095,21043222,21657654,614432,77067,446,60
1096,21044264,21657746,613482,77067,402,61
1097,21044286,21658206,613920,77067,446,61
1098,21044293,21658368,614075,77067,446,61
1099,21044451,21661855,617404,77067,449,60
1100,21044900,21665228,620328,77067,460,59
1101,21045770,21665787,620017,77067,460,59
1102,21045869,21665866,619997,77067,460,59
1103,21045878,21665880,620002,77067,460,59
1104,21045889,21665921,620032,77067,460,59
1105,21045895,21665930,620035,77067,460,59
1106,21049162,21665947,616785,77067,446,60
1107,21126229,21666091,539862,54989,402,61
1108,21128190,21666155,537965,54989,396,62
1109,21151056,21666268,515212,54989,382,63
1110,21151387,21697245,545858,54989,396,62
1111,21183503,21698653,515150,54989,396,62
1112,21183905,21702228,518323,54989,396,61
1113,21185088,21703791,518703,54989,396,61
1114,21187346,21703914,516568,54989,382,62
1115,21212938,21703982,491044,54989,374,63
1116,21267436,21732046,464610,54989,374,63
1117,21282185,21735079,452894,54989,374,63
1118,21306539,21735128,428589,54989,350,64
1119,21310087,21735463,425376,54989,335,65
1120,21341040,21735538,394498,54989,313,66
1121,21344117,21735777,391660,54989,283,67
1122,21359762,21735835,376073,54989,244,68
1123,21360619,21735837,375218,54989,240,68
1124,21361481,21735840,374359,54989,239,68
1125,21363877,21735843,371966,54989,235,69
1126,21416566,21736197,319631,54989,235,70
1127,21417983,21736507,318524,54989,235,71
1128,21419205,21736515,317310,54989,229,72
1129,21443870,21736527,292657,54989,226,73
1130,21444505,21764015,319510,54989,226,72
1131,21446543,21862959,416416,98944,226,72
1132,21446699,21866077,419378,98944,229,71
1133,21447475,21866766,419291,98944,229,71
1134,21448309,21867309,419000,98944,229,71
1135,21450422,21867588,417166,98944,229,72
1136,21467687,21867738,400051,98944,226,73
1137,21468000,21867740,399740,98944,212,73
1138,21469269,21867750,398481,98944,208,74
1139,21469290,21867872,398582,98944,208,74
1140,21512760,21867879,355119,98944,204,75
1141,21567749,21868015,300266,98944,186,76
1142,21568123,21871290,303167,98944,186,75
1143,21568349,21881886,313537,98944,186,74
1144,21568515,21882175,313660,98944,204,74
1145,21571805,21921013,349208,98944,204,74
1146,21623308,21930987,307679,98944,204,74
1147,21624508,21933325,308817,98944,204,74
1148,21628102,21933980,305878,98944,204,75
1149,21628498,21934101,305603,98944,186,75
1150,21629317,21934136,304819,98944,182,75
1151,21629888,21938266,308378,98944,182,74
1152,21630096,21938357,308261,98944,173,74
1153,21630110,21938402,308292,98944,173,74
1154,21630131,21938746,308615,98944,182,74
1155,21630179,21942253,312074,98944,186,73
1156,21630192,21951891,321699,98944,204,72
1157,21630194,21952279,322085,98944,212,72
1158,21631145,21952698,321553,98944,212,72
1159,21631357,21952825,321468,98944,204,72
1160,21632687,21952999,320312,98944,186,73
1161,21632696,21953023,320327,98944,186,73
1162,21632743,21953201,320458,98944,186,73
1163,21632750,21957326,324576,98944,204,72
1164,21632759,21958585,325826,98944,229,71
1165,21632817,21961271,328454,98944,235,70
1166,21632901,21980156,347255,98944,239,69
1167,21634364,21982637,348273,98944,239,69
1168,21637112,21982744,345632,98944,235,70
1169,21641654,21982756,341102,98944,229,71
1170,21641827,21982774,340947,98944,229,71
1171,21641964,21982781,340817,98944,229,71
1172,21642057,21982925,340868,98944,229,71
1173,21642059,21982930,340871,98944,229,71
1174,21642064,21982935,340871,98944,229,71
1175,21642076,21983071,340995,98944,229,71
1176,21642137,21985141,343004,98944,235,70
1177,21642420,22025702,383282,98944,235,69
1178,21642802,22026441,383639,98944,235,69
1179,21643042,22111092,468050,98944,235,68
1180,21644096,22115481,471385,98944,235,68
1181,21646831,22118374,471543,98944,235,68
1182,21651380,22220452,569072,102078,235,68
1183,21651730,22222712,570982,102078,235,67
1184,21651912,22223398,571486,102078,239,67
1185,21652116,22224248,572132,102078,244,67
1186,21652562,22243458,590896,102078,244,66
1187,21652806,22243554,590748,102078,239,66
1188,21652811,22244525,591714,102078,279,66
1189,21652997,22244777,591780,102078,279,66
1190,21653226,22244920,591694,102078,279,66
1191,21653344,22485299,831955,240379,289,65
1192,21657393,22489323,831930,240379,289,65
1193,21657628,22504845,847217,240379,310,64
1194,21657654,22507826,850172,240379,335,63
1195,21657746,22508161,850415,240379,335,63
1196,21658206,22508484,850278,240379,335,63
1197,21658368,22508566,850198,240379,335,63
1198,21661855,22508736,846881,240379,323,64
1199,21665228,22508901,843673,240379,310,65
1200,21665787,22508975,843188,240379,289,65
1201,21665866,22514261,848395,240379,310,64
1202,21665880,22520104,854224,240379,323,63
1203,21665921,22520247,854326,240379,323,63
1204,21665930,22520334,854404,240379,323,63
1205,21665947,22520701,854754,240379,335,63
1206,21666091,22523408,857317,240379,335,62
1207,21666155,22556744,890589,240379,344,61
1208,21666268,22558737,892469,240379,354,60
1209,21697245,22559162,861917,240379,354,61
1210,21698653,22559189,860536,240379,344,62
1211,21702228,22559241,857013,240379,335,63
1212,21703791,22559254,855463,240379,335,64
1213,21703914,22559290,855376,240379,335,64
1214,21703982,22559423,855441,240379,335,64
1215,21732046,22559450,827404,240379,323,65
1216,21735079,22559473,824394,240379,310,66
1217,21735128,22559641,824513,240379,310,66
1218,21735463,22559792,824329,240379,289,66
1219,21735538,22559831,824293,240379,289,66
1220,21735777,22561865,826088,240379,310,65
1221,21735835,22576279,840444,240379,323,64
1222,21735837,22644196,908359,240379,335,63
1223,21735840,22646147,910307,240379,344,62
1224,21735843,22646328,910485,240379,344,62
1225,21736197,22660862,924665,240379,344,61
1226,21736507,22854687,1118180,240379,367,60
1227,21736515,22854796,1118281,240379,367,60
1228,21736527,23066887,1330360,240379,388,59
1229,21764015,23070046,1306031,240379,388,59
1230,21862959,23070202,1207243,240379,367,60
1231,21866077,23070229,1204152,240379,344,61
1232,21866766,23070628,1203862,240379,344,61
1233,21867309,23070880,1203571,240379,335,61
1234,21867588,23071074,1203486,240379,335,61
1235,21867738,23073130,1205392,240379,344,60
1236,21867740,23073729,1205989,240379,367,60
1237,21867750,23093271,1225521,240379,388,59
1238,21867872,23095274,1227402,240379,399,58
1239,21867879,23095872,1227993,240379,419,58
1240,21868015,23095929,1227914,240379,419,58
1241,21871290,23096243,1224953,240379,399,59
1242,21881886,23096320,1214434,240379,388,60
1243,21882175,23099215,1217040,240379,399,59
1244,21921013,23124818,1203805,240379,399,59
1245,21930987,23137900,1206913,240379,399,59
1246,21933325,23140344,1207019,240379,399,59
1247,21933980,23141814,1207834,240379,399,58
1248,21934101,23141984,1207883,240379,399,58
1249,21934136,23142054,1207918,240379,399,58
1250,21938266,23142087,1203821,240379,388,59
1251,21938357,23142110,1203753,240379,388,59
1252,21938402,23142121,1203719,240379,388,59
1253,21938746,23144840,1206094,240379,399,58
1254,21942253,23144861,1202608,240379,388,59
1255,21951891,23144917,1193026,240379,367,60
1256,21952279,23145196,1192917,240379,335,60
1257,21952698,23145224,1192526,240379,323,60
1258,21952825,23145230,1192405,240379,323,60
1259,21952999,23145253,1192254,240379,323,60
1260,21953023,23145271,1192248,240379,323,60
1261,21953201,23145399,1192198,240379,323,60
1262,21957326,23145782,1188456,240379,323,61
1263,21958585,23149103,1190518,240379,323,61
1264,21961271,23161740,1200469,240379,323,61
1265,21980156,23177729,1197573,240379,323,61
1266,21982637,23180120,1197483,240379,323,61
1267,21982744,23180154,1197410,240379,323,61
1268,21982756,23180187,1197431,240379,323,61
1269,21982774,23180273,1197499,240379,323,61
1270,21982781,23180287,1197506,240379,323,61
1271,21982925,23180305,1197380,240379,323,61
1272,21982930,23180324,1197394,240379,323,61
1273,21982935,23180364,1197429,240379,323,61
1274,21983071,23180561,1197490,240379,323,61
1275,21985141,23181123,1195982,240379,323,62
1276,22025702,23181949,1156247,240379,323,63
1277,22026441,23182719,1156278,240379,323,63
1278,22111092,23260578,1149486,240379,323,63
1279,22115481,23261164,1145683,240379,323,64
1280,22118374,23263143,1144769,240379,323,64
1281,22220452,23263224,1042772,240379,314,65
1282,22222712,23263378,1040666,240379,279,66
1283,22223398,23265419,1042021,240379,279,65
1284,22224248,23385740,1161492,240379,279,64
1285,22243458,23386824,1143366,240379,279,64
1286,22243554,23388096,1144542,240379,314,63
1287,22244525,23388320,1143795,240379,279,63
1288,22244777,23401907,1157130,240379,314,62
1289,22244920,23402530,1157610,240379,323,62
1290,22485299,23402538,917239,212091,314,63
1291,22489323,23402889,913566,212091,314,64
1292,22504845,23402944,898099,212091,279,65
1293,22507826,23403202,895376,212091,258,66
1294,22508161,23457563,949402,212091,258,65
1295,22508484,23460315,951831,212091,258,64
1296,22508566,23460521,951955,212091,258,64
1297,22508736,23462532,953796,212091,279,63
1298,22508901,23521462,1012561,212091,314,62
1299,22508975,23521733,1012758,212091,314,62
1300,22514261,23522157,1007896,212091,314,63
1301,22520104,23535238,1015134,212091,314,63
1302,22520247,23563395,1043148,212091,351,62
1303,22520334,23566038,1045704,212091,367,61
1304,22520701,23566150,1045449,212091,351,61
1305,22523408,23566589,1043181,212091,351,62
1306,22556744,23566990,1010246,212091,351,63
1307,22558737,23569050,1010313,212091,351,63
1308,22559162,23573253,1014091,212091,351,62
1309,22559189,23580191,1021002,212091,383,61
1310,22559241,23580267,1021026,212091,383,61
1311,22559254,23581275,1022021,212091,399,60
1312,22559290,23581423,1022133,212091,399,60
1313,22559423,23608601,1049178,212091,401,59
1314,22559450,23627877,1068427,212091,424,58
1315,22559473,23632235,1072762,212091,439,57
1316,22559641,23632309,1072668,212091,439,57
1317,22559792,23633254,1073462,212091,562,57
1318,22559831,23682532,1122701,212091,586,56
1319,22561865,23689409,1127544,212091,586,56
1320,22576279,23690239,1113960,212091,586,57
1321,22644196,23690632,1046436,212091,562,58
1322,22646147,23690714,1044567,212091,439,59
1323,22646328,23691939,1045611,212091,562,58
1324,22660862,23698917,1038055,212091,562,58
1325,22854687,23714058,859371,212091,562,58
1326,22854796,23716899,862103,212091,586,57
1327,23066887,23717042,650155,120321,562,58
1328,23070046,23717447,647401,120321,439,59
1329,23070202,23717455,647253,120321,439,59
1330,23070229,23717531,647302,120321,439,59
1331,23070628,23717545,646917,120321,439,59
1332,23070880,23717548,646668,120321,439,59
1333,23071074,23717738,646664,120321,439,59
1334,23073130,23717804,644674,120321,424,60
1335,23073729,23744545,670816,120321,424,59
1336,23093271,23747557,654286,120321,424,59
1337,23095274,23751242,655968,120321,424,59
1338,23095872,23751246,655374,120321,405,59
1339,23095929,23751253,655324,120321,405,59
1340,23096243,23751268,655025,120321,405,59
1341,23096320,23751309,654989,120321,405,59
1342,23099215,23751433,652218,120321,401,60
1343,23124818,23751537,626719,120321,393,61
1344,23137900,23751639,613739,120321,383,62
1345,23140344,23762900,622556,120321,383,62
1346,23141814,23762960,621146,120321,351,63
1347,23141984,23762999,621015,120321,351,63
1348,23142054,23763257,621203,120321,351,63
1349,23142087,23763505,621418,120321,351,63
1350,23142110,23765953,623843,120321,383,62
1351,23142121,23767664,625543,120321,393,61
1352,23144840,23767918,623078,120321,383,62
1353,23144861,23767942,623081,120321,383,62
1354,23144917,23767986,623069,120321,383,62
1355,23145196,23768168,622972,120321,383,62
1356,23145224,23768436,623212,120321,383,62
1357,23145230,23768618,623388,120321,383,62
1358,23145253,23769150,623897,120321,393,62
1359,23145271,23772503,627232,120321,401,61
1360,23145399,23772583,627184,120321,401,61
1361,23145782,23772670,626888,120321,401,61
1362,23149103,23772721,623618,120321,393,62
1363,23161740,23772784,611044,120321,351,63
1364,23177729,23772835,595106,120321,271,64
1365,23180120,23772840,592720,120321,268,65
1366,23180154,23772909,592755,120321,268,65
1367,23180187,23773103,592916,120321,268,65
1368,23180273,23773279,593006,120321,268,65
1369,23180287,23773381,593094,120321,268,65
1370,23180305,23783737,603432,120321,271,64
1371,23180324,23786341,606017,120321,351,63
1372,23180364,23786580,606216,120321,351,63
1373,23180561,23786833,606272,120321,351,63
1374,23181123,23787150,606027,120321,317,63
1375,23181949,23787232,605283,120321,271,63
1376,23182719,23787411,604692,120321,268,63
1377,23260578,23790321,529743,120321,268,63
1378,23261164,23834262,573098,120321,268,62
1379,23263143,23835994,572851,120321,268,62
1380,23263224,23836445,573221,120321,271,62
1381,23263378,23836978,573600,120321,317,62
1382,23265419,23838808,573389,120321,317,62
1383,23385740,23839004,453264,58930,271,63
1384,23386824,23839025,452201,58930,268,64
1385,23388096,23839076,450980,58930,258,65
1386,23388320,23839081,450761,58930,258,65
1387,23401907,23839083,437176,58930,258,66
1388,23402530,23839375,436845,58930,258,66
1389,23402538,23839478,436940,58930,258,66
1390,23402889,23842934,440045,58930,258,65
1391,23402944,23845947,443003,58930,258,64
1392,23403202,23848153,444951,58930,268,63
1393,23457563,23848534,390971,58930,268,64
1394,23460315,23849615,389300,58930,268,64
1395,23460521,23849817,389296,58930,268,64
1396,23462532,23856821,394289,58930,268,64
1397,23521462,23856938,335476,49278,258,65
1398,23521733,23857141,335408,49278,254,65
1399,23522157,23857441,335284,49278,254,65
1400,23535238,23857664,322426,49278,253,66
1401,23563395,23857679,294284,49278,248,67
1402,23566038,23857785,291747,49278,239,68
1403,23566150,23857813,291663,49278,239,68
1404,23566589,23857832,291243,49278,223,68
1405,23566990,23857997,291007,49278,203,68
1406,23569050,23858018,288968,49278,202,69
1407,23573253,23861799,288546,49278,202,69
1408,23580191,23882551,302360,49278,202,69
1409,23580267,23882634,302367,49278,202,69
1410,23581275,23882770,301495,49278,196,70
1411,23581423,23883801,302378,49278,202,69
1412,23608601,23892010,283409,49278,202,69
1413,23627877,23893636,265759,49278,202,69
1414,23632235,23894097,261862,49278,202,70
1415,23632309,23894105,261796,49278,202,70
1416,23633254,23894188,260934,49278,196,70
1417,23682532,23894217,211685,43941,194,71
1418,23689409,23894247,204838,43941,190,72
1419,23690239,23894251,204012,43941,182,72
1420,23690632,23894362,203730,43941,182,72
1421,23690714,23894416,203702,43941,182,72
1422,23691939,23894430,202491,43941,179,73
1423,23698917,23895069,196152,43941,179,74
1424,23714058,23895485,181427,43941,179,75
1425,23716899,23898200,181301,43941,179,75
1426,23717042,23913824,196782,43941,182,74
1427,23717447,23913970,196523,43941,179,74
1428,23717455,23914171,196716,43941,182,74
1429,23717531,23914413,196882,43941,182,74
1430,23717545,23942172,224627,43941,190,73
1431,23717548,23969446,251898,43941,194,72
1432,23717738,23971448,253710,43941,196,71
1433,23717804,23972019,254215,43941,201,71
1434,23744545,24005642,261097,43941,201,71
1435,23747557,24005725,258168,43941,196,72
1436,23751242,24006279,255037,43941,196,73
1437,23751246,24008563,257317,43941,201,72
1438,23751253,24010470,259217,43941,202,71
1439,23751268,24011051,259783,43941,203,71
1440,23751309,24011246,259937,43941,203,71
1441,23751433,24011312,259879,43941,203,71
1442,23751537,24011402,259865,43941,203,71
1443,23751639,24011457,259818,43941,203,71
1444,23762900,24011525,248625,43941,202,72
1445,23762960,24011866,248906,43941,203,72
1446,23762999,24153770,390771,141904,223,71
1447,23763257,24154674,391417,141904,223,71
1448,23763505,24155761,392256,141904,223,70
1449,23765953,24155852,389899,141904,203,71
1450,23767664,24156164,388500,141904,203,72
1451,23767918,24156411,388493,141904,203,72
1452,23767942,24156626,388684,141904,215,72
1453,23767986,24156878,388892,141904,223,72
1454,23768168,24165112,396944,141904,239,71
1455,23768436,24178519,410083,141904,239,70
1456,23768618,24181174,412556,141904,242,69
1457,23769150,24181255,412105,141904,239,69
1458,23772503,24181301,408798,141904,223,70
1459,23772583,24181320,408737,141904,223,70
1460,23772670,24181347,408677,141904,223,70
1461,23772721,24181470,408749,141904,223,70
1462,23772784,24181475,408691,141904,223,70
1463,23772835,24181480,408645,141904,223,70
1464,23772840,24184547,411707,141904,239,69
1465,23772909,24185823,412914,141904,242,68
1466,23773103,24185887,412784,141904,242,68
1467,23773279,24187006,413727,141904,247,67
1468,23773381,24188211,414830,141904,252,66
1469,23783737,24188279,404542,141904,247,67
1470,23786341,24188398,402057,141904,242,68
1471,23786580,24188776,402196,141904,247,68
1472,23786833,24190479,403646,141904,247,67
1473,23787150,24219832,432682,141904,247,66
1474,23787232,24231326,444094,141904,252,65
1475,23787411,24245346,457935,141904,292,64
1476,23790321,24245686,455365,141904,292,65
1477,23834262,24247690,413428,141904,292,65
1478,23835994,24251309,415315,141904,292,65
1479,23836445,24251501,415056,141904,252,65
1480,23836978,24251503,414525,141904,247,65
1481,23838808,24259686,420878,141904,247,65
1482,23839004,24270586,431582,141904,252,64
1483,23839025,24270664,431639,141904,252,64
1484,23839076,24270772,431696,141904,252,64
1485,23839081,24270980,431899,141904,252,64
1486,23839083,24271299,432216,141904,292,64
1487,23839375,24271524,432149,141904,252,64
1488,23839478,24275169,435691,141904,300,63
1489,23842934,24407280,564346,141904,300,63
1490,23845947,24415288,569341,141904,300,63
1491,23848153,24417150,568997,141904,300,63
1492,23848534,24421342,572808,141904,300,62
1493,23849615,24421629,572014,141904,287,63
1494,23849817,24423896,574079,141904,300,62
1495,23856821,24424000,567179,141904,287,63
1496,23856938,24424122,567184,141904,287,63
1497,23857141,24424550,567409,141904,300,63
1498,23857441,24424687,567246,141904,287,63
1499,23857664,24426834,569170,141904,312,62
1500,23857679,24427082,569403,141904,312,62
1501,23857785,24427142,569357,141904,312,62
1502,23857813,24427173,569360,141904,312,62
1503,23857832,24427421,569589,141904,312,62
1504,23857997,24427487,569490,141904,312,62
1505,23858018,24427541,569523,141904,312,62
1506,23861799,24427546,565747,141904,287,63
1507,23882551,24427551,545000,141904,252,64
1508,23882634,24427586,544952,141904,252,64
1509,23882770,24428394,545624,141904,287,64
1510,23883801,24428515,544714,141904,252,65
1511,23892010,24432687,540677,141904,252,65
1512,23893636,24433494,539858,141904,252,66
1513,23894097,24433748,539651,141904,252,66
1514,23894105,24442324,548219,141904,254,65
1515,23894188,24494362,600174,141904,287,64
1516,23894217,24494722,600505,141904,312,64
1517,23894247,24494826,600579,141904,312,64
1518,23894251,24494841,600590,141904,312,64
1519,23894362,24494843,600481,141904,312,64
1520,23894416,24494846,600430,141904,312,64
1521,23894430,24494863,600433,141904,312,64
1522,23895069,24494865,599796,141904,287,64
1523,23895485,24495161,599676,141904,287,64
1524,23898200,24495173,596973,141904,254,65
1525,23913824,24495198,581374,141904,252,66
1526,23913970,24495252,581282,141904,252,66
1527,23914171,24495370,581199,141904,252,66
1528,23914413,24495484,581071,141904,252,66
1529,23942172,24495698,553526,141904,248,67
1530,23969446,24499137,529691,141904,248,67
1531,23971448,24500734,529286,141904,248,67
1532,23972019,24507434,535415,141904,248,66
1533,24005642,24525648,520006,141904,248,66
1534,24005725,24525796,520071,141904,248,66
1535,24006279,24542287,536008,141904,248,65
1536,24008563,24554411,545848,141904,248,65
1537,24010470,24554949,544479,141904,248,66
1538,24011051,24555095,544044,141904,248,66
1539,24011246,24555134,543888,141904,248,66
1540,24011312,24555269,543957,141904,248,66
1541,24011402,24555409,544007,141904,248,66
1542,24011457,24555427,543970,141904,248,66
1543,24011525,24555479,543954,141904,248,66
1544,24011866,24555543,543677,141904,247,66
1545,24153770,24555551,401781,132111,225,67
1546,24154674,24555619,400945,132111,215,67
1547,24155761,24555625,399864,132111,214,68
1548,24155852,24555798,399946,132111,214,68
1549,24156164,24555952,399788,132111,208,68
1550,24156411,24555995,399584,132111,192,68
1551,24156626,24558144,401518,132111,192,67
1552,24156878,24583286,426408,132111,192,66
1553,24165112,24583468,418356,132111,182,67
1554,24178519,24583586,405067,132111,173,68
1555,24181174,24583601,402427,132111,154,69
1556,24181255,24583620,402365,132111,154,69
1557,24181301,24583665,402364,132111,154,69
1558,24181320,24583674,402354,132111,154,69
1559,24181347,24583692,402345,132111,154,69
1560,24181470,24583787,402317,132111,154,69
1561,24181475,24583996,402521,132111,173,69
1562,24181480,24585823,404343,132111,182,68
1563,24184547,24589884,405337,132111,182,68
1564,24185823,24592053,406230,132111,182,68
1565,24185887,24592762,406875,132111,192,68
1566,24187006,24592791,405785,132111,182,69
1567,24188211,24593087,404876,132111,182,70
1568,24188279,24593092,404813,132111,182,70
1569,24188398,24593098,404700,132111,182,70
1570,24188776,24593104,404328,132111,173,70
1571,24190479,24593208,402729,132111,154,71
1572,24219832,24593245,373413,132111,148,72
1573,24231326,24593281,361955,132111,146,73
1574,24245346,24593293,347947,132111,140,74
1575,24245686,24593368,347682,132111,137,74
1576,24247690,24603007,355317,132111,137,74
1577,24251309,24603035,351726,132111,135,75
1578,24251501,24603221,351720,132111,135,75
1579,24251503,24603225,351722,132111,135,75
1580,24259686,24607433,347747,132111,135,75
1581,24270586,24607532,336946,132111,122,76
1582,24270664,24607560,336896,132111,122,76
1583,24270772,24607585,336813,132111,122,76
1584,24270980,24607708,336728,132111,122,76
1585,24271299,24623445,352146,132111,122,75
1586,24271524,24631548,360024,132111,122,74
1587,24275169,24648408,373239,132111,122,74
1588,24407280,24653130,245850,52038,122,74
1589,24415288,24663100,247812,52038,122,74
1590,24417150,24683256,266106,52038,122,74
1591,24421342,24685892,264550,52038,122,74
1592,24421629,24685901,264272,52038,121,74
1593,24423896,24686144,262248,52038,121,75
1594,24424000,24686526,262526,52038,122,75
1595,24424122,24688589,264467,52038,123,74
1596,24424550,24719153,294603,52038,123,73
1597,24424687,24760059,335372,52038,123,72
1598,24426834,24763009,336175,52038,123,72
1599,24427082,24763912,336830,52038,123,72
1600,24427142,24764066,336924,52038,135,72
1601,24427173,24764108,336935,52038,135,72
1602,24427421,24764131,336710,52038,123,72
1603,24427487,24764341,336854,52038,135,72
1604,24427541,24764411,336870,52038,135,72
1605,24427546,24764439,336893,52038,135,72
1606,24427551,24764929,337378,52038,140,72
1607,24427586,24805172,377586,52038,146,71
1608,24428394,24805924,377530,52038,146,71
1609,24428515,24805987,377472,52038,146,71
1610,24432687,24805991,373304,52038,140,72
1611,24433494,24806004,372510,52038,135,72
1612,24433748,24806070,372322,52038,123,72
1613,24442324,24806106,363782,52038,118,73
1614,24494362,24806119,311757,40906,118,74
1615,24494722,24806196,311474,40906,114,74
1616,24494826,24806799,311973,40906,118,74
1617,24494841,24809150,314309,40906,118,73
1618,24494843,24926010,431167,116860,123,72
1619,24494846,24937891,443045,116860,135,71
1620,24494863,24939379,444516,116860,140,70
1621,24494865,24939546,444681,116860,146,70
1622,24495161,24939616,444455,116860,140,70
1623,24495173,24940319,445146,116860,146,70
1624,24495198,24946909,451711,116860,148,69
1625,24495252,24948533,453281,116860,154,68
1626,24495370,24949475,454105,116860,154,68
1627,24495484,24950224,454740,116860,167,68
1628,24495698,24950387,454689,116860,163,68
1629,24499137,24952283,453146,116860,163,68
1630,24500734,24953084,452350,116860,163,69
1631,24507434,24953321,445887,116860,163,70
1632,24525648,24953776,428128,116860,163,71
1633,24525796,24954545,428749,116860,167,71
1634,24542287,25025746,483459,116860,167,71
1635,24554411,25026922,472511,116860,167,71
1636,24554949,25027733,472784,116860,167,71
1637,24555095,25028007,472912,116860,173,71
1638,24555134,25028162,473028,116860,173,71
1639,24555269,25028227,472958,116860,173,71
1640,24555409,25028545,473136,116860,182,71
1641,24555427,25110796,555369,116860,186,70
1642,24555479,25111351,555872,116860,209,70
1643,24555543,25111428,555885,116860,209,70
1644,24555551,25111569,556018,116860,209,70
1645,24555619,25111645,556026,116860,209,70
1646,24555625,25115021,559396,116860,210,69
1647,24555798,25177441,621643,116860,237,68
1648,24555952,25177798,621846,116860,243,68
1649,24555995,25178910,622915,116860,274,67
1650,24558144,25179279,621135,116860,274,68
1651,24583286,25179459,596173,116860,243,69
1652,24583468,25179574,596106,116860,243,69
1653,24583586,25179592,596006,116860,243,69
1654,24583601,25181810,598209,116860,274,68
1655,24583620,25194969,611349,116860,296,67
1656,24583665,25195075,611410,116860,296,67
1657,24583674,25199622,615948,116860,318,66
1658,24583692,25199698,616006,116860,318,66
1659,24583787,25199730,615943,116860,318,66
1660,24583996,25199738,615742,116860,318,66
1661,24585823,25199847,614024,116860,296,67
1662,24589884,25199873,609989,116860,274,68
1663,24592053,25199988,607935,116860,243,69
1664,24592762,25202723,609961,116860,243,68
1665,24592791,25207355,614564,116860,274,67
1666,24593087,25219350,626263,116860,274,66
1667,24593092,25219367,626275,116860,274,66
1668,24593098,25219388,626290,116860,274,66
1669,24593104,25219452,626348,116860,274,66
1670,24593208,25219514,626306,116860,274,66
1671,24593245,25219558,626313,116860,274,66
1672,24593281,25219571,626290,116860,274,66
1673,24593293,25219590,626297,116860,274,66
1674,24593368,25221262,627894,116860,318,65
1675,24603007,25221455,618448,116860,274,66
1676,24603035,25279636,676601,116860,318,65
1677,24603221,25282295,679074,116860,357,64
1678,24603225,25282472,679247,116860,357,64
1679,24607433,25282648,675215,116860,318,65
1680,24607532,25283021,675489,116860,357,65
1681,24607560,25283305,675745,116860,357,65
1682,24607585,25283356,675771,116860,357,65
1683,24607708,25318803,711095,116860,369,64
1684,24623445,25351721,728276,116860,369,64
1685,24631548,25357207,725659,116860,369,64
1686,24648408,25359819,711411,116860,369,64
1687,24653130,25359861,706731,116860,357,65
1688,24663100,25359975,696875,116860,318,66
1689,24683256,25360080,676824,116860,284,67
1690,24685892,25360189,674297,116860,274,68
1691,24685901,25360721,674820,116860,284,68
1692,24686144,25362488,676344,116860,318,67
1693,24686526,25362654,676128,116860,284,67
1694,24688589,25362770,674181,116860,274,68
1695,24719153,25362782,643629,116860,237,69
1696,24760059,25363258,603199,116860,237,70
1697,24763009,25381520,618511,116860,237,70
1698,24763912,25403103,639191,116860,237,69
1699,24764066,25403193,639127,116860,237,69
1700,24764108,25403537,639429,116860,274,69
1701,24764131,25404111,639980,116860,284,69
1702,24764341,25404360,640019,116860,284,69
1703,24764411,25404696,640285,116860,318,69
1704,24764439,25405081,640642,116860,336,69
1705,24764929,25406862,641933,116860,336,68
1706,24805172,25418529,613357,116860,336,68
1707,24805924,25420946,615022,116860,336,67
1708,24805987,25421299,615312,116860,344,67
1709,24805991,25421571,615580,116860,344,67
1710,24806004,25421631,615627,116860,344,67
1711,24806070,25424012,617942,116860,353,66
1712,24806106,25563745,757639,139733,357,65
1713,24806119,25564252,758133,139733,369,65
1714,24806196,25564329,758133,139733,369,65
1715,24806799,25564706,757907,139733,369,65
1716,24809150,25564729,755579,139733,357,66
1717,24926010,25564743,638733,139733,353,67
1718,24937891,25564745,626854,139733,344,68
1719,24939379,25565034,625655,139733,336,69
1720,24939546,25565400,625854,139733,344,69
1721,24939616,25565556,625940,139733,344,69
1722,24940319,25722909,782590,157353,344,68
1723,24946909,25741557,794648,157353,344,68
1724,24948533,25741771,793238,157353,336,69
1725,24949475,25741885,792410,157353,318,69
1726,24950224,25742013,791789,157353,289,69
1727,24950387,25742022,791635,157353,289,69
1728,24952283,25742030,789747,157353,284,70
1729,24953084,25742246,789162,157353,274,70
1730,24953321,25742462,789141,157353,274,70
1731,24953776,25773077,819301,157353,274,69
1732,24954545,25796839,842294,157353,274,68
1733,25025746,26029591,1003845,232752,274,68
1734,25026922,26169171,1142249,232752,274,68
1735,25027733,26169283,1141550,232752,272,68
1736,25028007,26169985,1141978,232752,272,68
1737,25028162,26170092,1141930,232752,272,68
1738,25028227,26171927,1143700,232752,284,67
1739,25028545,26172336,1143791,232752,284,67
1740,25110796,26380345,1269549,232752,284,67
1741,25111351,26426066,1314715,232752,284,66
1742,25111428,26428797,1317369,232752,289,65
1743,25111569,26429048,1317479,232752,289,65
1744,25111645,26429562,1317917,232752,336,65
1745,25115021,26429587,1314566,232752,289,66
1746,25177441,26429934,1252493,232752,289,67
1747,25177798,26430718,1252920,232752,289,67
1748,25178910,26432973,1254063,232752,289,67
1749,25179279,26433792,1254513,232752,289,67
1750,25179459,26433972,1254513,232752,289,67
1751,25179574,26434075,1254501,232752,289,67
1752,25179592,26435480,1255888,232752,336,66
1753,25181810,26437751,1255941,232752,336,66
1754,25194969,26443241,1248272,232752,336,66
1755,25195075,26452322,1257247,232752,344,65
1756,25199622,26461199,1261577,232752,344,65
1757,25199698,26479533,1279835,232752,347,64
1758,25199730,26479586,1279856,232752,347,64
1759,25199738,26479597,1279859,232752,347,64
1760,25199847,26479686,1279839,232752,347,64
1761,25199873,26479840,1279967,232752,347,64
1762,25199988,26479857,1279869,232752,347,64
1763,25202723,26480109,1277386,232752,344,65
1764,25207355,26481724,1274369,232752,344,65
1765,25219350,26483507,1264157,232752,344,65
1766,25219367,26483615,1264248,232752,344,65
1767,25219388,26483649,1264261,232752,344,65
1768,25219452,26483748,1264296,232752,344,65
1769,25219514,26483760,1264246,232752,344,65
1770,25219558,26483768,1264210,232752,344,65
1771,25219571,26483770,1264199,232752,344,65
1772,25219590,26485060,1265470,232752,347,64
1773,25221262,26485265,1264003,232752,344,65
1774,25221455,26487674,1266219,232752,347,64
1775,25279636,26491676,1212040,232752,347,64
1776,25282295,26495531,1213236,232752,347,64
1777,25282472,26499228,1216756,232752,353,63
1778,25282648,26499396,1216748,232752,353,63
1779,25283021,26499485,1216464,232752,347,63
1780,25283305,26499612,1216307,232752,347,63
1781,25283356,26510215,1226859,232752,353,62
1782,25318803,26512249,1193446,232752,353,62
1783,25351721,26512385,1160664,232752,347,63
1784,25357207,26512410,1155203,232752,344,64
1785,25359819,26512546,1152727,232752,336,65
1786,25359861,26512551,1152690,232752,336,65
1787,25359975,26512575,1152600,232752,336,65
1788,25360080,26512642,1152562,232752,336,65
1789,25360189,26512648,1152459,232752,336,65
1790,25360721,26512660,1151939,232752,289,65
1791,25362488,26512711,1150223,232752,272,66
1792,25362654,26512911,1150257,232752,272,66
1793,25362770,26541031,1178261,232752,289,65
1794,25362782,26541405,1178623,232752,336,65
1795,25363258,26541536,1178278,232752,289,65
1796,25381520,26541568,1160048,232752,272,66
1797,25403103,26542971,1139868,232752,272,66
1798,25403193,26556712,1153519,232752,289,65
1799,25403537,26556731,1153194,232752,272,65
1800,25404111,26565271,1161160,232752,272,64
1801,25404360,26565461,1161101,232752,272,64
1802,25404696,26565499,1160803,232752,252,64
1803,25405081,26566840,1161759,232752,252,63
1804,25406862,26566849,1159987,232752,251,64
1805,25418529,26589588,1171059,232752,251,64
1806,25420946,26590068,1169122,232752,251,65
1807,25421299,26590269,1168970,232752,216,65
1808,25421571,26590277,1168706,232752,216,65
1809,25421631,26590282,1168651,232752,216,65
1810,25424012,26590322,1166310,232752,214,66
1811,25563745,26590455,1026710,232752,205,67
1812,25564252,26592455,1028203,232752,205,66
1813,25564329,26610534,1046205,232752,214,65
1814,25564706,26617399,1052693,232752,214,64
1815,25564729,26618014,1053285,232752,216,64
1816,25564743,26618042,1053299,232752,216,64
1817,25564745,26618152,1053407,232752,216,64
1818,25565034,26618451,1053417,232752,216,64
1819,25565400,26621100,1055700,232752,216,63
1820,25565556,26621237,1055681,232752,216,63
1821,25722909,26621890,898981,232752,216,64
1822,25741557,26621940,880383,232752,214,65
1823,25741771,26621946,880175,232752,205,65
1824,25741885,26630368,888483,232752,216,64
1825,25742013,26630502,888489,232752,216,64
1826,25742022,26657231,915209,232752,216,63
1827,25742030,26657257,915227,232752,216,63
1828,25742246,26657283,915037,232752,216,63
1829,25742462,26657286,914824,232752,205,63
1830,25773077,26657438,884361,232752,201,64
1831,25796839,26657449,860610,232752,200,65
1832,26029591,26657455,627864,208009,190,66
1833,26169171,26657494,488323,208009,180,67
1834,26169283,26657500,488217,208009,180,67
1835,26169985,26657506,487521,208009,168,67
1836,26170092,26657595,487503,208009,168,67
1837,26171927,26657632,485705,208009,154,68
1838,26172336,26657803,485467,208009,154,68
1839,26380345,26657916,277571,45721,152,69
1840,26426066,26657970,231904,28120,137,70
1841,26428797,26672753,243956,28120,137,70
1842,26429048,26672770,243722,28120,136,70
1843,26429562,26672785,243223,28120,136,70
1844,26429587,26672798,243211,28120,136,70
1845,26429934,26756735,326801,83937,136,69
1846,26430718,26757052,326334,83937,136,69
1847,26432973,26759033,326060,83937,136,69
1848,26433792,26886936,453144,127903,136,68
1849,26433972,26887578,453606,127903,136,68
1850,26434075,26903916,469841,127903,136,67
1851,26435480,27100968,665488,197052,136,67
1852,26437751,27435857,998106,334889,136,67
1853,26443241,27438478,995237,334889,136,67
1854,26452322,27438588,986266,334889,136,68
1855,26461199,27438668,977469,334889,134,69
1856,26479533,27439635,960102,334889,134,70
1857,26479586,27442660,963074,334889,136,69
1858,26479597,27614398,1134801,334889,136,68
1859,26479686,27614467,1134781,334889,136,68
1860,26479840,27614567,1134727,334889,136,68
1861,26479857,27614637,1134780,334889,136,68
1862,26480109,27615199,1135090,334889,136,68
1863,26481724,27637321,1155597,334889,136,68
1864,26483507,27637891,1154384,334889,136,69
1865,26483615,27639099,1155484,334889,136,68
1866,26483649,27639210,1155561,334889,136,68
1867,26483748,27639228,1155480,334889,136,68
1868,26483760,27639344,1155584,334889,136,68
1869,26483768,27639559,1155791,334889,137,68
1870,26483770,27642353,1158583,334889,152,67
1871,26485060,27669808,1184748,334889,152,67
1872,26485265,27669996,1184731,334889,152,67
1873,26487674,27674123,1186449,334889,152,67
1874,26491676,27677995,1186319,334889,152,67
1875,26495531,27678000,1182469,334889,137,68
1876,26499228,27678074,1178846,334889,136,69
1877,26499396,27678149,1178753,334889,136,69
1878,26499485,27749967,1250482,334889,136,68
1879,26499612,27793882,1294270,334889,137,67
1880,26510215,27795234,1285019,334889,137,67
1881,26512249,27795793,1283544,334889,137,68
1882,26512385,27795926,1283541,334889,137,68
1883,26512410,27796806,1284396,334889,152,68
1884,26512546,27797922,1285376,334889,171,67
1885,26512551,27798008,1285457,334889,171,67
1886,26512575,27798993,1286418,334889,188,67
1887,26512642,27799536,1286894,334889,190,67
1888,26512648,27800238,1287590,334889,200,67
1889,26512660,27800433,1287773,334889,200,67
1890,26512711,27800846,1288135,334889,201,67
1891,26512911,27801103,1288192,334889,215,67
1892,26541031,27801209,1260178,334889,201,68
1893,26541405,27801583,1260178,334889,201,68
1894,26541536,27801738,1260202,334889,201,68
1895,26541568,27801808,1260240,334889,201,68
1896,26542971,27802230,1259259,334889,201,69
1897,26556712,27802416,1245704,334889,195,70
1898,26556731,27802484,1245753,334889,195,70
1899,26565271,27802603,1237332,334889,190,71
1900,26565461,27803350,1237889,334889,195,71
1901,26565499,27803633,1238134,334889,201,71
1902,26566840,27803982,1237142,334889,201,72
1903,26566849,27804506,1237657,334889,215,72
1904,26589588,27804665,1215077,334889,201,73
1905,26590068,27853579,1263511,334889,201,72
1906,26590269,27884371,1294102,334889,215,71
1907,26590277,27884423,1294146,334889,215,71
1908,26590282,27915726,1325444,334889,257,70
1909,26590322,27918573,1328251,334889,283,69
1910,26590455,27918649,1328194,334889,283,69
1911,26592455,27918688,1326233,334889,257,70
1912,26610534,27919011,1308477,334889,257,71
1913,26617399,27919197,1301798,334889,215,72
1914,26618014,27919349,1301335,334889,195,72
1915,26618042,27919365,1301323,334889,195,72
1916,26618152,27919436,1301284,334889,195,72
1917,26618451,27919575,1301124,334889,188,72
1918,26621100,27919695,1298595,334889,186,73
1919,26621237,27919955,1298718,334889,188,73
1920,26621890,27980653,1358763,334889,188,72
1921,26621940,28006110,1384170,334889,195,71
1922,26621946,28105570,1483624,334889,215,70
1923,26630368,28441598,1811230,336028,215,70
1924,26630502,28442031,1811529,336028,257,70
1925,26657231,28442643,1785412,336028,257,71
1926,26657257,28443149,1785892,336028,260,71
1927,26657283,28443261,1785978,336028,260,71
1928,26657286,28678967,2021681,336028,283,70
1929,26657438,28679171,2021733,336028,283,70
1930,26657449,28679259,2021810,336028,283,70
1931,26657455,28680187,2022732,336028,317,70
1932,26657494,28682656,2025162,336028,323,69
1933,26657500,28709490,2051990,336028,349,68
1934,26657506,28741539,2084033,336028,374,67
1935,26657595,28741610,2084015,336028,374,67
1936,26657632,28741917,2084285,336028,374,67
1937,26657803,28741920,2084117,336028,374,67
1938,26657916,28741975,2084059,336028,374,67
1939,26657970,28741986,2084016,336028,374,67
1940,26672753,28741996,2069243,336028,349,68
1941,26672770,28742004,2069234,336028,349,68
1942,26672785,28742073,2069288,336028,349,68
1943,26672798,28742086,2069288,336028,349,68
1944,26756735,28742279,1985544,336028,323,69
1945,26757052,28742283,1985231,336028,323,69
1946,26759033,28742465,1983432,336028,307,70
1947,26886936,28743561,1856625,336028,307,70
1948,26887578,28744737,1857159,336028,307,69
1949,26903916,28772517,1868601,336028,307,69
1950,27100968,28772526,1671558,336028,283,70
1951,27435857,28772623,1336766,336028,260,71
1952,27438478,28772641,1334163,336028,257,72
1953,27438588,28772651,1334063,336028,257,72
1954,27438668,28772659,1333991,336028,257,72
1955,27439635,28772760,1333125,336028,215,72
1956,27442660,28772785,1330125,336028,204,73
1957,27614398,28772804,1158406,336028,195,74
1958,27614467,28773167,1158700,336028,204,74
1959,27614567,28789264,1174697,336028,215,73
1960,27614637,28800059,1185422,336028,257,72
1961,27615199,28800711,1185512,336028,257,72
1962,27637321,28800719,1163398,336028,215,73
1963,27637891,28800756,1162865,336028,204,73
1964,27639099,28800758,1161659,336028,195,74
1965,27639210,28800927,1161717,336028,195,74
1966,27639228,28801858,1162630,336028,204,74
1967,27639344,28829791,1190447,336028,215,73
1968,27639559,28882242,1242683,336028,257,72
1969,27642353,28883604,1241251,336028,257,72
1970,27669808,28883609,1213801,336028,204,73
1971,27669996,28883979,1213983,336028,257,73
1972,27674123,28884944,1210821,336028,257,74
1973,27677995,28885185,1207190,336028,241,75
1974,27678000,28888211,1210211,336028,257,74
1975,27678074,29026901,1348827,336028,260,73
1976,27678149,29030523,1352374,336028,283,72
1977,27749967,29030587,1280620,336028,260,73
1978,27793882,29030661,1236779,336028,257,74
1979,27795234,29030844,1235610,336028,241,75
1980,27795793,29031863,1236070,336028,241,74
1981,27795926,29034283,1238357,336028,257,73
1982,27796806,29048986,1252180,336028,257,72
1983,27797922,29049382,1251460,336028,257,73
1984,27798008,29049480,1251472,336028,257,73
1985,27798993,29049723,1250730,336028,243,73
1986,27799536,29049915,1250379,336028,241,73
1987,27800238,29050648,1250410,336028,241,73
1988,27800433,29055563,1255130,336028,243,72
1989,27800846,29061253,1260407,336028,243,71
1990,27801103,29062688,1261585,336028,243,70
1991,27801209,29062735,1261526,336028,243,70
1992,27801583,29068705,1267122,336028,243,69
1993,27801738,29070399,1268661,336028,260,68
1994,27801808,29071375,1269567,336028,283,68
1995,27802230,29071696,1269466,336028,283,68
1996,27802416,29072600,1270184,336028,307,68
1997,27802484,29072774,1270290,336028,307,68
1998,27802603,29073026,1270423,336028,307,68
1999,27803350,29073045,1269695,336028,283,68
2000,27803633,29073047,1269414,336028,260,68
2001,27803982,29073473,1269491,336028,260,68
2002,27804506,29073502,1268996,336028,252,68
2003,27804665,29073731,1269066,336028,252,68
2004,27853579,29074244,1220665,336028,252,69
2005,27884371,29074276,1189905,336028,243,70
2006,27884423,29146322,1261899,336028,252,69
2007,27915726,29167746,1252020,336028,252,69
2008,27918573,29204668,1286095,336028,252,69
2009,27918649,29205570,1286921,336028,260,69
2010,27918688,29205630,1286942,336028,260,69
2011,27919011,29205774,1286763,336028,252,69
2012,27919197,29205871,1286674,336028,252,69
2013,27919349,29205873,1286524,336028,252,69
2014,27919365,29206015,1286650,336028,252,69
2015,27919436,29206194,1286758,336028,252,69
2016,27919575,29207205,1287630,336028,260,68
2017,27919695,29209158,1289463,336028,307,67
2018,27919955,29259515,1339560,336028,321,66
2019,27980653,29259992,1279339,336028,321,67
2020,28006110,29264184,1258074,336028,321,67
2021,28105570,29265782,1160212,336028,321,67
2022,28441598,29267654,826056,235706,321,67
2023,28442031,29267669,825638,235706,307,67
2024,28442643,29267673,825030,235706,252,67
2025,28443149,29267821,824672,235706,243,67
2026,28443261,29267887,824626,235706,243,67
2027,28678967,29267889,588922,138690,241,68
2028,28679171,29267964,588793,138690,241,68
2029,28679259,29267987,588728,138690,241,68
2030,28680187,29267998,587811,138690,229,68
2031,28682656,29268002,585346,138690,193,69
2032,28709490,29268017,558527,138690,192,70
2033,28741539,29268182,526643,138690,183,71
2034,28741610,29268190,526580,138690,183,71
2035,28741917,29268450,526533,138690,183,71
2036,28741920,29268777,526857,138690,192,71
2037,28741975,29269411,527436,138690,193,71
2038,28741986,29269424,527438,138690,193,71
2039,28741996,29272395,530399,138690,229,70
2040,28742004,29291565,549561,138690,241,69
2041,28742073,29291575,549502,138690,241,69
2042,28742086,29303240,561154,138690,243,68
2043,28742279,29306036,563757,138690,252,67
2044,28742283,29306345,564062,138690,260,67
2045,28742465,29306811,564346,138690,309,67
2046,28743561,29306820,563259,138690,260,68
2047,28744737,29306824,562087,138690,252,69
2048,28772517,29306855,534338,138690,243,70
2049,28772526,29306864,534338,138690,243,70
2050,28772623,29306876,534253,138690,243,70
2051,28772641,29307190,534549,138690,252,70
2052,28772651,29307553,534902,138690,260,70
2053,28772659,29308493,535834,138690,309,70
2054,28772760,29310605,537845,138690,314,69
2055,28772785,29310714,537929,138690,314,69
2056,28772804,29310764,537960,138690,314,69
2057,28773167,29311534,538367,138690,314,69
2058,28789264,29311595,522331,138690,309,70
2059,28800059,29311793,511734,138690,260,71
2060,28800711,29312039,511328,138690,252,71
2061,28800719,29312257,511538,138690,252,71
2062,28800756,29312658,511902,138690,260,71
2063,28800758,29313293,512535,138690,309,71
2064,28800927,29313331,512404,138690,309,71
2065,28801858,29313975,512117,138690,309,71
2066,28829791,29314287,484496,138690,309,72
2067,28882242,29314542,432300,138690,260,73
2068,28883604,29314828,431224,138690,260,74
2069,28883609,29315927,432318,138690,286,73
2070,28883979,29315929,431950,138690,260,73
2071,28884944,29315933,430989,138690,255,73
2072,28885185,29315952,430767,138690,255,73
2073,28888211,29316150,427939,138690,252,74
2074,29026901,29316483,289582,72046,252,75
2075,29030523,29319321,288798,72046,252,75
2076,29030587,29328454,297867,72046,255,74
2077,29030661,29333217,302556,72046,260,73
2078,29030844,29333296,302452,72046,260,73
2079,29031863,29333325,301462,72046,255,74
2080,29034283,29333358,299075,72046,252,75
2081,29048986,29334271,285285,72046,252,76
2082,29049382,29334293,284911,72046,246,76
2083,29049480,29334670,285190,72046,252,76
2084,29049723,29359874,310151,72046,255,75
2085,29049915,29385852,335937,72046,260,74
2086,29050648,29386764,336116,72046,260,74
2087,29055563,29388248,332685,72046,260,74
2088,29061253,29388447,327194,72046,255,75
2089,29062688,29388452,325764,72046,252,76
2090,29062735,29388635,325900,72046,252,76
2091,29068705,29388655,319950,72046,246,77
2092,29070399,29388682,318283,72046,229,78
2093,29071375,29388703,317328,72046,218,78
2094,29071696,29388705,317009,72046,199,78
2095,29072600,29388708,316108,72046,198,78
2096,29072774,29388789,316015,72046,198,78
2097,29073026,29437669,364643,72046,198,77
2098,29073045,29437815,364770,72046,198,77
2099,29073047,29438561,365514,72046,199,77
2100,29073473,29438668,365195,72046,198,77
2101,29073502,29438708,365206,72046,198,77
2102,29073731,29441805,368074,72046,198,76
2103,29074244,29442195,367951,72046,198,76
2104,29074276,29442204,367928,72046,198,76
2105,29146322,29442666,296344,50357,198,77
2106,29167746,29442698,274952,50357,198,78
2107,29204668,29442880,238212,50357,183,79
2108,29205570,29467281,261711,50357,183,78
2109,29205630,29470425,264795,50357,198,77
2110,29205774,29470635,264861,50357,198,77
2111,29205871,29471486,265615,50357,199,77
2112,29205873,29477349,271476,50357,210,76
2113,29206015,29479589,273574,50357,218,75
2114,29206194,29479603,273409,50357,218,75
2115,29207205,29479795,272590,50357,210,76
2116,29209158,29479958,270800,50357,199,77
2117,29259515,29480002,220487,48880,198,78
2118,29259992,29480217,220225,48880,198,78
2119,29264184,29480374,216190,48880,198,79
2120,29265782,29480545,214763,48880,192,80
2121,29267654,29480953,213299,48880,192,81
2122,29267669,29480956,213287,48880,192,81
2123,29267673,29481296,213623,48880,198,81
2124,29267821,29490724,222903,48880,198,80
2125,29267887,29508448,240561,48880,199,79
2126,29267889,29524557,256668,48880,210,78
2127,29267964,29553382,285418,48880,215,77
2128,29267987,29553586,285599,48880,215,77
2129,29267998,29553736,285738,48880,215,77
2130,29268002,29553807,285805,48880,215,77
2131,29268017,29553997,285980,48880,215,77
2132,29268182,29554285,286103,48880,218,77
2133,29268190,29554947,286757,48880,246,77
2134,29268450,29556114,287664,48880,246,76
2135,29268777,29580624,311847,48880,246,75
2136,29269411,29580934,311523,48880,246,75
2137,29269424,29581074,311650,48880,246,75
2138,29272395,29581173,308778,48880,218,76
2139,29291565,29581214,289649,48880,215,77
2140,29291575,29601122,309547,48880,218,76
2141,29303240,29603129,299889,48880,218,76
2142,29306036,29603216,297180,48880,215,77
2143,29306345,29603337,296992,48880,210,77
2144,29306811,29603408,296597,48880,204,77
2145,29306820,29603413,296593,48880,204,77
2146,29306824,29603418,296594,48880,204,77
2147,29306855,29603455,296600,48880,204,77
2148,29306864,29603468,296604,48880,204,77
2149,29306876,29603527,296651,48880,204,77
2150,29307190,29603565,296375,48880,199,77
2151,29307553,29603894,296341,48880,199,77
2152,29308493,29603980,295487,48880,198,77
2153,29310605,29604118,293513,48880,198,78
2154,29310714,29604205,293491,48880,198,78
2155,29310764,29674179,363415,69974,198,77
2156,29311534,29683200,371666,69974,198,76
2157,29311595,29683765,372170,69974,199,76
2158,29311793,29695745,383952,69974,204,75
2159,29312039,29711189,399150,69974,204,74
2160,29312257,29716414,404157,69974,204,73
2161,29312658,29719165,406507,69974,204,72
2162,29313293,29719214,405921,69974,199,72
2163,29313331,29719359,406028,69974,199,72
2164,29313975,29720450,406475,69974,199,71
2165,29314287,29720500,406213,69974,198,71
2166,29314542,29720930,406388,69974,198,71
2167,29314828,29720964,406136,69974,192,71
2168,29315927,29721159,405232,69974,192,72
2169,29315929,29721170,405241,69974,192,72
2170,29315933,29721745,405812,69974,195,72
2171,29315952,29723723,407771,69974,198,71
2172,29316150,29726338,410188,69974,199,70
2173,29316483,29729364,412881,69974,199,69
2174,29319321,29729494,410173,69974,195,70
2175,29328454,29729653,401199,69974,192,71
2176,29333217,29731129,397912,69974,192,71
2177,29333296,29733618,400322,69974,195,70
2178,29333325,29766867,433542,69974,199,69
2179,29333358,29766901,433543,69974,199,69
2180,29334271,29766997,432726,69974,195,69
2181,29334293,29767000,432707,69974,195,69
2182,29334670,29767002,432332,69974,192,69
2183,29359874,29767046,407172,69974,190,70
2184,29385852,29767078,381226,69974,183,71
2185,29386764,29767095,380331,69974,182,71
2186,29388248,29767281,379033,69974,182,72
2187,29388447,29767327,378880,69974,171,72
2188,29388452,29767353,378901,69974,171,72
2189,29388635,29767362,378727,69974,163,72
2190,29388655,29767376,378721,69974,163,72
2191,29388682,29769852,381170,69974,171,71
2192,29388703,29788982,400279,69974,182,70
2193,29388705,29799310,410605,69974,186,69
2194,29388708,29834962,446254,69974,190,68
2195,29388789,29837935,449146,69974,192,67
2196,29437669,29838233,400564,69974,192,68
2197,29437815,29838304,400489,69974,192,68
2198,29438561,29838315,399754,69974,190,68
2199,29438668,29838467,399799,69974,190,68
2200,29438708,29838519,399811,69974,190,68
2201,29441805,29841320,399515,69974,190,68
2202,29442195,29882887,440692,69974,190,67
2203,29442204,29883003,440799,69974,190,67
2204,29442666,29883005,440339,69974,186,67
2205,29442698,29883329,440631,69974,190,67
2206,29442880,29883868,440988,69974,192,67
2207,29467281,29883933,416652,69974,190,68
2208,29470425,29887589,417164,69974,190,68
2209,29470635,30004774,534139,117185,190,67
2210,29471486,30026338,554852,117185,190,66
2211,29477349,30076647,599298,117185,190,66
2212,29479589,30078926,599337,117185,190,66
2213,29479603,30080100,600497,117185,192,65
2214,29479795,30080109,600314,117185,190,65
2215,29479958,30080217,600259,117185,190,65
2216,29480002,30080265,600263,117185,190,65
2217,29480217,30080292,600075,117185,186,65
2218,29480374,30080296,599922,117185,186,65
2219,29480545,30080337,599792,117185,186,65
2220,29480953,30080356,599403,117185,159,65
2221,29480956,30080463,599507,117185,159,65
2222,29481296,30080536,599240,117185,152,65
2223,29490724,30156812,666088,117185,152,65
2224,29508448,30176337,667889,117185,152,65
2225,29524557,30196307,671750,117185,152,65
2226,29553382,30196446,643064,117185,150,66
2227,29553586,30241472,687886,117185,150,65
2228,29553736,30243622,689886,117185,152,64
2229,29553807,30243741,689934,117185,152,64
2230,29553997,30243898,689901,117185,152,64
2231,29554285,30243990,689705,117185,145,64
2232,29554947,30246664,691717,117185,145,63
2233,29556114,30246739,690625,117185,140,64
2234,29580624,30246831,666207,117185,139,65
2235,29580934,30246991,666057,117185,139,65
2236,29581074,30247053,665979,117185,138,65
2237,29581173,30247074,665901,117185,138,65
2238,29581214,30247387,666173,117185,139,65
2239,29601122,30249321,648199,117185,139,65
2240,29603129,30265960,662831,117185,139,65
2241,29603216,30266810,663594,117185,145,65
2242,29603337,30266885,663548,117185,145,65
2243,29603408,30266983,663575,117185,145,65
2244,29603413,30266998,663585,117185,145,65
2245,29603418,30267005,663587,117185,145,65
2246,29603455,30267018,663563,117185,145,65
2247,29603468,30267045,663577,117185,145,65
2248,29603527,30267052,663525,117185,145,65
2249,29603565,30267327,663762,117185,152,65
2250,29603894,30267892,663998,117185,152,65
2251,29603980,30285456,681476,117185,157,64
2252,29604118,30287954,683836,117185,159,63
2253,29604205,30289282,685077,117185,160,62
2254,29674179,30289595,615416,117185,160,63
2255,29683200,30289675,606475,117185,159,64
2256,29683765,30289677,605912,117185,157,64
2257,29695745,30289717,593972,117185,152,65
2258,29711189,30289758,578569,117185,145,66
2259,29716414,30289767,573353,117185,139,67
2260,29719165,30289914,570749,117185,139,68
2261,29719214,30289937,570723,117185,139,68
2262,29719359,30290819,571460,117185,139,68
2263,29720450,30324507,604057,117185,139,68
2264,29720500,30325554,605054,117185,147,67
2265,29720930,30325647,604717,117185,139,67
2266,29720964,30326342,605378,117185,147,67
2267,29721159,30326605,605446,117185,147,67
2268,29721170,30326876,605706,117185,152,67
2269,29721745,30327136,605391,117185,152,67
2270,29723723,30327223,603500,117185,147,68
2271,29726338,30327228,600890,117185,139,69
2272,29729364,30327374,598010,117185,139,70
2273,29729494,30329368,599874,117185,146,69
2274,29729653,30332521,602868,117185,146,68
2275,29731129,30340621,609492,117185,146,68
2276,29733618,30356135,622517,117185,146,68
2277,29766867,30356318,589451,117185,146,69
2278,29766901,30356554,589653,117185,147,69
2279,29766997,30356595,589598,117185,147,69
2280,29767000,30356656,589656,117185,147,69
2281,29767002,30356769,589767,117185,147,69
2282,29767046,30356837,589791,117185,147,69
2283,29767078,30357146,590068,117185,152,69
2284,29767095,30357153,590058,117185,152,69
2285,29767281,30358129,590848,117185,152,69
2286,29767327,30373400,606073,117185,157,68
2287,29767353,30378953,611600,117185,160,67
2288,29767362,30386815,619453,117185,183,66
2289,29767376,30387085,619709,117185,236,66
2290,29769852,30387373,617521,117185,236,67
2291,29788982,30387382,598400,117185,183,68
2292,29799310,30387481,588171,117185,160,69
2293,29834962,30387497,552535,117185,157,70
2294,29837935,30387748,549813,117185,157,71
2295,29838233,30387804,549571,117185,152,71
2296,29838304,30387955,549651,117185,152,71
2297,29838315,30394068,555753,117185,157,70
2298,29838467,30395628,557161,117185,160,69
2299,29838519,30396685,558166,117185,183,68
2300,29841320,30396899,555579,117185,183,69
2301,29882887,30396927,514040,117185,160,70
2302,29883003,30396935,513932,117185,160,70
2303,29883005,30397038,514033,117185,160,70
2304,29883329,30397044,513715,117185,157,70
2305,29883868,30397134,513266,117185,151,70
2306,29883933,30397449,513516,117185,157,70
2307,29887589,30416653,529064,117185,157,70
2308,30004774,30422481,417707,76276,157,70
2309,30026338,30423411,397073,76276,157,71
2310,30076647,30423728,347081,76276,157,72
2311,30078926,30423748,344822,76276,151,73
2312,30080100,30424269,344169,76276,151,74
2313,30080109,30425517,345408,76276,157,73
2314,30080217,30425638,345421,76276,157,73
2315,30080265,30425645,345380,76276,157,73
2316,30080292,30425670,345378,76276,157,73
2317,30080296,30425716,345420,76276,157,73
2318,30080337,30425718,345381,76276,157,73
2319,30080356,30425774,345418,76276,157,73
2320,30080463,30426522,346059,76276,160,73
2321,30080536,30428789,348253,76276,183,72
2322,30156812,30459345,302533,45026,183,72
2323,30176337,30471686,295349,45026,183,72
2324,30196307,30471952,275645,45026,183,73
2325,30196446,30472073,275627,45026,183,73
2326,30241472,30472169,230697,33688,160,74
2327,30243622,30472180,228558,33688,157,75
2328,30243741,30472239,228498,33688,157,75
2329,30243898,30473125,229227,33688,160,75
2330,30243990,30473285,229295,33688,160,75
2331,30246664,30473374,226710,33688,160,76
2332,30246739,30481813,235074,33688,160,75
2333,30246831,30481920,235089,33688,160,75
2334,30246991,30489025,242034,33688,183,74
2335,30247053,30503883,256830,33688,214,73
2336,30247074,30505262,258188,33688,236,72
2337,30247387,30505545,258158,33688,236,72
2338,30249321,30505653,256332,33688,214,73
2339,30265960,30505660,239700,33688,183,74
2340,30266810,30505720,238910,33688,160,74
2341,30266885,30505793,238908,33688,160,74
2342,30266983,30505889,238906,33688,160,74
2343,30266998,30505899,238901,33688,160,74
2344,30267005,30506628,239623,33688,183,74
2345,30267018,30506655,239637,33688,183,74
2346,30267045,30539984,272939,33688,214,73
2347,30267052,30542030,274978,33688,236,72
2348,30267327,30542086,274759,33688,214,72
2349,30267892,30542192,274300,33688,183,72
2350,30285456,30542396,256940,33688,183,73
2351,30287954,30542496,254542,33688,160,74
2352,30289282,30542657,253375,33688,160,75
2353,30289595,30542797,253202,33688,151,75
2354,30289675,30554943,265268,33688,160,74
2355,30289677,30555147,265470,33688,161,74
2356,30289717,30555387,265670,33688,183,74
2357,30289758,30561724,271966,33688,204,73
2358,30289767,30564870,275103,33688,204,72
2359,30289914,30564894,274980,33688,204,72
2360,30289937,30565164,275227,33688,214,72
2361,30290819,30566147,275328,33688,214,72
2362,30324507,30566319,241812,33329,204,73
2363,30325554,30589224,263670,33329,204,73
2364,30325647,30591562,265915,33329,214,72
2365,30326342,30591619,265277,33329,204,72
2366,30326605,30591625,265020,33329,204,72
2367,30326876,30591948,265072,33329,204,72
2368,30327136,30592063,264927,33329,183,72
2369,30327223,30592103,264880,33329,183,72
2370,30327228,30592161,264933,33329,183,72
2371,30327374,30592234,264860,33329,183,72
2372,30329368,30592261,262893,33329,172,73
2373,30332521,30592396,259875,33329,161,74
2374,30340621,30592488,251867,33329,160,75
2375,30356135,30595824,239689,33329,160,75
2376,30356318,30606905,250587,33329,160,74
2377,30356554,30606955,250401,33329,151,74
2378,30356595,30606959,250364,33329,151,74
2379,30356656,30607004,250348,33329,151,74
2380,30356769,30607023,250254,33329,151,74
2381,30356837,30607140,250303,33329,151,74
2382,30357146,30607160,250014,33329,140,74
2383,30357153,30607296,250143,33329,140,74
2384,30358129,30607600,249471,33329,140,74
2385,30373400,30634612,261212,33329,140,74
2386,30378953,30634866,255913,33329,140,75
2387,30386815,30635057,248242,33329,140,76
2388,30387085,30635683,248598,33329,140,76
2389,30387373,30635698,248325,33329,136,76
2390,30387382,30635701,248319,33329,136,76
2391,30387481,30635799,248318,33329,136,76
2392,30387497,30635880,248383,33329,136,76
2393,30387748,30636626,248878,33329,136,76
2394,30387804,30644200,256396,33329,140,75
2395,30387955,30663901,275946,33329,140,74
2396,30394068,30663966,269898,33329,136,75
2397,30395628,30666299,270671,33329,136,75
2398,30396685,30667740,271055,33329,136,75
2399,30396899,30667745,270846,33329,135,75
2400,30396927,30667942,271015,33329,136,75
2401,30396935,30667957,271022,33329,136,75
2402,30397038,30667999,270961,33329,136,75
2403,30397044,30668021,270977,33329,136,75
2404,30397134,30668045,270911,33329,136,75
2405,30397449,30668080,270631,33329,135,75
2406,30416653,30668105,251452,33329,121,76
2407,30422481,30668178,245697,33329,121,77
2408,30423411,30668590,245179,33329,121,77
2409,30423728,30670642,246914,33329,121,76
2410,30423748,30694214,270466,33329,121,75
2411,30424269,30694236,269967,33329,121,75
2412,30425517,30694365,268848,33329,121,76
2413,30425638,30694753,269115,33329,121,76
2414,30425645,30694760,269115,33329,121,76
2415,30425670,30695275,269605,33329,129,76
2416,30425716,30695563,269847,33329,135,76
2417,30425718,30697569,271851,33329,136,75
2418,30425774,30802422,376648,104853,140,74
2419,30426522,30802611,376089,104853,140,74
2420,30428789,30802737,373948,104853,136,75
2421,30459345,30802968,343623,104853,136,76
2422,30471686,30803128,331442,104853,136,77
2423,30471952,30806491,334539,104853,136,76
2424,30472073,30819466,347393,104853,140,75
2425,30472169,30822240,350071,104853,160,74
2426,30472180,30822642,350462,104853,160,74
2427,30472239,30822722,350483,104853,160,74
2428,30473125,30822754,349629,104853,160,74
2429,30473285,30823098,349813,104853,160,74
2430,30473374,30825866,352492,104853,161,73
2431,30481813,30902165,420352,104853,161,73
2432,30481920,30904051,422131,104853,172,72
2433,30489025,30904266,415241,104853,172,73
2434,30503883,30905716,401833,104853,172,73
2435,30505262,30905908,400646,104853,172,74
2436,30505545,30906145,400600,104853,172,74
2437,30505653,30906561,400908,104853,189,74
2438,30505660,30909441,403781,104853,191,73
2439,30505720,30921777,416057,104853,192,72
2440,30505793,30921800,416007,104853,192,72
2441,30505889,30921927,416038,104853,192,72
2442,30505899,30922116,416217,104853,192,72
2443,30506628,30922160,415532,104853,191,72
2444,30506655,30922194,415539,104853,191,72
2445,30539984,30922253,382269,104853,189,73
2446,30542030,30922362,380332,104853,189,74
2447,30542086,30922386,380300,104853,189,74
2448,30542192,30922457,380265,104853,189,74
2449,30542396,30922559,380163,104853,172,74
2450,30542496,30925165,382669,104853,189,73
2451,30542657,30926693,384036,104853,189,72
2452,30542797,30940798,398001,104853,191,71
2453,30554943,30967821,412878,104853,191,71
2454,30555147,30968288,413141,104853,191,71
2455,30555387,30968316,412929,104853,189,71
2456,30561724,30968318,406594,104853,189,72
2457,30564870,30968363,403493,104853,172,73
2458,30564894,30968370,403476,104853,172,73
2459,30565164,30968844,403680,104853,172,73
2460,30566147,30968962,402815,104853,160,73
2461,30566319,30969108,402789,104853,146,73
2462,30589224,30969158,379934,104853,136,74
2463,30591562,30969469,377907,104853,136,75
2464,30591619,30969826,378207,104853,146,75
2465,30591625,30970774,379149,104853,160,75
2466,30591948,30972579,380631,104853,160,74
2467,30592063,31064145,472082,104853,189,73
2468,30592103,31079136,487033,104853,189,72
2469,30592161,31080684,488523,104853,191,71
2470,30592234,31081067,488833,104853,192,71
2471,30592261,31081105,488844,104853,192,71
2472,30592396,31081126,488730,104853,192,71
2473,30592488,31081190,488702,104853,192,71
2474,30595824,31081196,485372,104853,191,72
2475,30606905,31081259,474354,104853,189,73
2476,30606955,31081261,474306,104853,189,73
2477,30606959,31081344,474385,104853,189,73
2478,30607004,31081518,474514,104853,189,73
2479,30607023,31081544,474521,104853,189,73
2480,30607140,31081768,474628,104853,191,73
2481,30607160,31083575,476415,104853,192,72
2482,30607296,31084948,477652,104853,197,71
2483,30607600,31085159,477559,104853,197,71
2484,30634612,31085332,450720,104853,192,72
2485,30634866,31085494,450628,104853,191,72
2486,30635057,31095561,460504,104853,192,71
2487,30635683,31096706,461023,104853,192,70
2488,30635698,31098728,463030,104853,197,69
2489,30635701,31098874,463173,104853,197,69
2490,30635799,31099107,463308,104853,211,69
2491,30635880,31099188,463308,104853,211,69
2492,30636626,31100288,463662,104853,211,68
2493,30644200,31102232,458032,104853,211,68
2494,30663901,31103632,439731,104853,211,68
2495,30663966,31104411,440445,104853,215,68
2496,30666299,31104910,438611,104853,215,69
2497,30667740,31104954,437214,104853,211,70
2498,30667745,31105396,437651,104853,215,70
2499,30667942,31107513,439571,104853,224,69
2500,30667957,31107611,439654,104853,224,69
2501,30667999,31107660,439661,104853,224,69
2502,30668021,31107723,439702,104853,224,69
2503,30668045,31107761,439716,104853,224,69
2504,30668080,31107884,439804,104853,224,69
2505,30668105,31110839,442734,104853,231,68
2506,30668178,31122202,454024,104853,233,67
2507,30668590,31122721,454131,104853,233,67
2508,30670642,31122874,452232,104853,231,68
2509,30694214,31122956,428742,104853,224,69
2510,30694236,31122977,428741,104853,224,69
2511,30694365,31126190,431825,104853,231,68
2512,30694753,31134064,439311,104853,231,67
2513,30694760,31135360,440600,104853,233,66
2514,30695275,31139995,444720,104853,233,65
2515,30695563,31140445,444882,104853,233,65
2516,30697569,31140490,442921,104853,231,66
2517,30802422,31140554,338132,91566,224,67
2518,30802611,31140563,337952,91566,224,67
2519,30802737,31140599,337862,91566,224,67
2520,30802968,31141010,338042,91566,224,67
2521,30803128,31141078,337950,91566,224,67
2522,30806491,31160037,353546,91566,224,67
2523,30819466,31160064,340598,91566,215,68
2524,30822240,31160083,337843,91566,211,69
2525,30822642,31160094,337452,91566,192,69
2526,30822722,31160100,337378,91566,192,69
2527,30822754,31160149,337395,91566,192,69
2528,30823098,31160170,337072,91566,189,69
2529,30825866,31160239,334373,91566,174,70
2530,30902165,31160252,258087,91566,173,71
2531,30904051,31160371,256320,91566,162,72
2532,30904266,31160581,256315,91566,162,72
2533,30905716,31192877,287161,91566,162,72
2534,30905908,31205071,299163,91566,162,71
2535,30906145,31205184,299039,91566,153,71
2536,30906561,31211226,304665,91566,153,70
2537,30909441,31212036,302595,91566,153,71
2538,30921777,31212069,290292,91566,146,72
2539,30921800,31212259,290459,91566,153,72
2540,30921927,31212284,290357,91566,153,72
2541,30922116,31212533,290417,91566,153,72
2542,30922160,31212541,290381,91566,153,72
2543,30922194,31212678,290484,91566,153,72
2544,30922253,31216472,294219,91566,162,71
2545,30922362,31247312,324950,91566,173,70
2546,30922386,31248011,325625,91566,174,70
2547,30922457,31248174,325717,91566,174,70
2548,30922559,31248204,325645,91566,174,70
2549,30925165,31248296,323131,91566,173,71
2550,30926693,31248572,321879,91566,173,72
2551,30940798,31272800,332002,91566,173,72
2552,30967821,31275716,307895,91566,173,72
2553,30968288,31277148,308860,91566,173,71
2554,30968316,31278544,310228,91566,174,70
2555,30968318,31279158,310840,91566,190,70
2556,30968363,31286923,318560,91566,210,69
2557,30968370,31290111,321741,91566,211,68
2558,30968844,31290480,321636,91566,211,68
2559,30968962,31290703,321741,91566,223,68
2560,30969108,31290705,321597,91566,223,68
2561,30969158,31291060,321902,91566,224,68
2562,30969469,31291384,321915,91566,224,68
2563,30969826,31291712,321886,91566,224,68
2564,30970774,31292314,321540,91566,224,68
2565,30972579,31292405,319826,91566,223,69
2566,31064145,31292516,228371,32296,211,70
2567,31079136,31292541,213405,32296,210,71
2568,31080684,31292653,211969,32296,190,72
2569,31081067,31292659,211592,32296,174,72
2570,31081105,31293845,212740,32296,190,71
2571,31081126,31326298,245172,32453,210,70
2572,31081190,31340990,259800,32453,211,69
2573,31081196,31341768,260572,32453,223,69
2574,31081259,31342563,261304,32453,224,69
2575,31081261,31343950,262689,32453,233,68
2576,31081344,31344958,263614,32453,249,67
2577,31081518,31345298,263780,32453,276,67
2578,31081544,31345745,264201,32453,324,67
2579,31081768,31345755,263987,32453,324,67
2580,31083575,31346492,262917,32453,324,68
2581,31084948,31346494,261546,32453,276,69
2582,31085159,31346498,261339,32453,276,69
2583,31085332,31346753,261421,32453,276,69
2584,31085494,31346969,261475,32453,276,69
2585,31095561,31347502,251941,32453,276,70
2586,31096706,31347572,250866,32453,255,71
2587,31098728,31350554,251826,32453,255,71
2588,31098874,31396375,297501,45821,276,70
2589,31099107,31398536,299429,45821,324,69
2590,31099188,31399223,300035,45821,328,69
2591,31100288,31399317,299029,45821,324,70
2592,31102232,31399371,297139,45821,276,71
2593,31103632,31399538,295906,45821,255,72
2594,31104411,31399545,295134,45821,249,72
2595,31104910,31399682,294772,45821,223,72
2596,31104954,31399780,294826,45821,223,72
2597,31105396,31400137,294741,45821,223,72
2598,31107513,31400626,293113,45821,223,73
2599,31107611,31433999,326388,45821,249,72
2600,31107660,31439705,332045,45821,255,71
2601,31107723,31489155,381432,49450,276,70
2602,31107761,31489312,381551,49450,276,70
2603,31107884,31489587,381703,49450,276,70
2604,31110839,31489654,378815,49450,275,71
2605,31122202,31489753,367551,49450,255,72
2606,31122721,31489777,367056,49450,249,72
2607,31122874,31489794,366920,49450,249,72
2608,31122956,31490242,367286,49450,255,72
2609,31122977,31490468,367491,49450,255,72
2610,31126190,31490470,364280,49450,249,73
2611,31134064,31495818,361754,49450,249,73
2612,31135360,31496059,360699,49450,241,74
2613,31139995,31496067,356072,49450,226,75
2614,31140445,31496081,355636,49450,223,75
2615,31140490,31496088,355598,49450,223,75
2616,31140554,31496128,355574,49450,223,75
2617,31140563,31496162,355599,49450,223,75
2618,31140599,31496166,355567,49450,223,75
2619,31141010,31496357,355347,49450,216,75
2620,31141078,31496576,355498,49450,219,75
2621,31160037,31496807,336770,49450,219,76
2622,31160064,31497110,337046,49450,223,76
2623,31160083,31602267,442184,105157,226,75
2624,31160094,31611238,451144,105157,231,74
2625,31160100,31618436,458336,105157,241,73
2626,31160149,31619044,458895,105157,249,73
2627,31160170,31619398,459228,105157,255,73
2628,31160239,31625263,465024,105157,275,72
2629,31160252,31626328,466076,105157,276,71
2630,31160371,31628816,468445,105157,303,70
2631,31160581,31630394,469813,105157,324,69
2632,31192877,31630575,437698,105157,303,70
2633,31205071,31630793,425722,105157,276,71
2634,31205184,31630887,425703,105157,276,71
2635,31211226,31630916,419690,105157,275,72
2636,31212036,31630930,418894,105157,255,72
2637,31212069,31630989,418920,105157,255,72
2638,31212259,31631594,419335,105157,275,72
2639,31212284,31631602,419318,105157,275,72
2640,31212533,31631619,419086,105157,275,72
2641,31212541,31633957,421416,105157,276,71
2642,31212678,31659461,446783,105157,303,70
2643,31216472,31661079,444607,105157,303,70
2644,31247312,31661411,414099,105157,303,71
2645,31248011,31662054,414043,105157,303,71
2646,31248174,31662133,413959,105157,303,71
2647,31248204,31662228,414024,105157,303,71
2648,31248296,31662593,414297,105157,324,71
2649,31248572,31665725,417153,105157,328,70
2650,31272800,31682102,409302,105157,328,70
2651,31275716,31712715,436999,105157,328,70
2652,31277148,31749439,472291,105157,328,70
2653,31278544,31749694,471150,105157,324,71
2654,31279158,31750016,470858,105157,322,71
2655,31286923,31750200,463277,105157,303,72
2656,31290111,31750209,460098,105157,275,73
2657,31290480,31750211,459731,105157,255,73
2658,31290703,31750283,459580,105157,255,73
2659,31290705,31750291,459586,105157,255,73
2660,31291060,31750358,459298,105157,255,73
2661,31291384,31753139,461755,105157,255,72
2662,31291712,31753477,461765,105157,255,72
2663,31292314,31753747,461433,105157,255,72
2664,31292405,31753814,461409,105157,255,72
2665,31292516,31753924,461408,105157,255,72
2666,31292541,31753927,461386,105157,255,72
2667,31292653,31754048,461395,105157,255,72
2668,31292659,31754063,461404,105157,255,72
2669,31293845,31754065,460220,105157,241,73
2670,31326298,31754132,427834,105157,231,74
2671,31340990,31754739,413749,105157,231,75
2672,31341768,31754842,413074,105157,226,75
2673,31342563,31754948,412385,105157,219,75
2674,31343950,31756172,412222,105157,219,75
2675,31344958,31906592,561634,150420,219,75
2676,31345298,31906771,561473,150420,218,75
2677,31345745,31933843,588098,150420,218,74
2678,31345755,31944154,598399,150420,219,73
2679,31346492,31944211,597719,150420,218,73
2680,31346494,31944222,597728,150420,218,73
2681,31346498,31944340,597842,150420,218,73
2682,31346753,31944343,597590,150420,216,73
2683,31346969,31944346,597377,150420,191,73
2684,31347502,31944369,596867,150420,184,73
2685,31347572,31944708,597136,150420,191,73
2686,31350554,31944724,594170,150420,184,74
2687,31396375,31944783,548408,150420,181,75
2688,31398536,31945205,546669,150420,181,76
2689,31399223,31945342,546119,150420,179,76
2690,31399317,31945392,546075,150420,179,76
2691,31399371,31945398,546027,150420,179,76
2692,31399538,31945404,545866,150420,179,76
2693,31399545,31945416,545871,150420,179,76
2694,31399682,31945460,545778,150420,179,76
2695,31399780,31945506,545726,150420,179,76
2696,31400137,31945575,545438,150420,157,76
2697,31400626,31945636,545010,150420,137,76
2698,31433999,31945794,511795,150420,137,77
2699,31439705,31947738,508033,150420,137,77
2700,31489155,31968816,479661,150420,137,77
2701,31489312,31970141,480829,150420,137,76
2702,31489587,31970720,481133,150420,137,76
2703,31489654,31970992,481338,150420,158,76
2704,31489753,31971051,481298,150420,158,76
2705,31489777,31972502,482725,150420,179,75
2706,31489794,31973299,483505,150420,181,75
2707,31490242,32039512,549270,150420,181,74
2708,31490468,32039528,549060,150420,179,74
2709,31490470,32039566,549096,150420,179,74
2710,31495818,32039627,543809,150420,158,75
2711,31496059,32039652,543593,150420,137,75
2712,31496067,32041587,545520,150420,158,74
2713,31496081,32042960,546879,150420,179,73
2714,31496088,32043065,546977,150420,179,73
2715,31496128,32043267,547139,150420,181,73
2716,31496162,32043272,547110,150420,181,73
2717,31496166,32043404,547238,150420,181,73
2718,31496357,32045183,548826,150420,181,72
2719,31496576,32110510,613934,150420,181,71
2720,31496807,32158861,662054,150420,181,70
2721,31497110,32159268,662158,150420,181,70
2722,31602267,32159288,557021,150420,179,71
2723,31611238,32159299,548061,150420,158,72
2724,31618436,32159323,540887,150420,137,73
2725,31619044,32160236,541192,150420,137,73
2726,31619398,32160266,540868,150420,132,73
2727,31625263,32160621,535358,150420,132,74
2728,31626328,32175909,549581,150420,132,74
2729,31628816,32176298,547482,150420,132,75
2730,31630394,32176361,545967,150420,121,76
2731,31630575,32176435,545860,150420,118,76
2732,31630793,32176735,545942,150420,118,76
2733,31630887,32180408,549521,150420,121,75
2734,31630916,32191227,560311,150420,132,74
2735,31630930,32193393,562463,150420,137,73
2736,31630989,32194259,563270,150420,158,73
2737,31631594,32202583,570989,150420,158,72
2738,31631602,32202694,571092,150420,158,72
2739,31631619,32202729,571110,150420,158,72
2740,31633957,32255010,621053,150420,158,72
2741,31659461,32255259,595798,150420,158,73
2742,31661079,32255358,594279,150420,137,74
2743,31661411,32255706,594295,150420,137,74
2744,31662054,32255789,593735,150420,132,74
2745,31662133,32356782,694649,150420,137,73
2746,31662228,32357952,695724,150420,158,72
2747,31662593,32371661,709068,150420,158,71
2748,31665725,32372127,706402,150420,158,72
2749,31682102,32387903,705801,150420,158,72
2750,31712715,32408991,696276,150420,158,72
2751,31749439,32411501,662062,150420,158,72
2752,31749694,32411892,662198,150420,158,72
2753,31750016,32412009,661993,150420,137,72
2754,31750200,32412184,661984,150420,137,72
2755,31750209,32412190,661981,150420,137,72
2756,31750211,32412502,662291,150420,158,72
2757,31750283,32412777,662494,150420,175,72
2758,31750291,32412799,662508,150420,175,72
2759,31750358,32414297,663939,150420,179,71
2760,31753139,32414404,661265,150420,175,72
2761,31753477,32457160,703683,150420,175,71
2762,31753747,32457857,704110,150420,175,71
2763,31753814,32474530,720716,150420,179,70
2764,31753924,32474564,720640,150420,179,70
2765,31753927,32474570,720643,150420,179,70
2766,31754048,32474580,720532,150420,179,70
2767,31754063,32474616,720553,150420,179,70
2768,31754065,32474641,720576,150420,179,70
2769,31754132,32474870,720738,150420,202,70
2770,31754739,32475064,720325,150420,194,70
2771,31754842,32475152,720310,150420,194,70
2772,31754948,32475216,720268,150420,194,70
2773,31756172,32475222,719050,150420,179,71
2774,31906592,32475228,568636,100993,175,72
2775,31906771,32475429,568658,100993,175,72
2776,31933843,32478991,545148,100993,175,72
2777,31944154,32513549,569395,100993,175,72
2778,31944211,32761895,817684,248346,194,71
2779,31944222,32797564,853342,248346,201,70
2780,31944340,32799357,855017,248346,202,69
2781,31944343,32799516,855173,248346,202,69
2782,31944346,32799669,855323,248346,202,69
2783,31944369,32799671,855302,248346,202,69
2784,31944708,32799681,854973,248346,201,69
2785,31944724,32799702,854978,248346,201,69
2786,31944783,32799957,855174,248346,202,69
2787,31945205,32800117,854912,248346,201,69
2788,31945342,32800126,854784,248346,201,69
2789,31945392,32800342,854950,248346,202,69
2790,31945398,32800641,855243,248346,216,69
2791,31945404,32801048,855644,248346,229,69
2792,31945416,32801408,855992,248346,249,69
2793,31945460,32801632,856172,248346,249,69
2794,31945506,32801652,856146,248346,249,69
2795,31945575,32802069,856494,248346,255,69
2796,31945636,32804321,858685,248346,272,68
2797,31945794,32861654,915860,248346,275,67
2798,31947738,32882127,934389,248346,275,67
2799,31968816,32914147,945331,248346,275,67
2800,31970141,33006408,1036267,248346,275,67
2801,31970720,33006643,1035923,248346,272,67
2802,31970992,33006701,1035709,248346,255,67
2803,31971051,33030358,1059307,248346,275,66
2804,31972502,33031101,1058599,248346,275,67
2805,31973299,33054026,1080727,248346,275,66
2806,32039512,33057036,1017524,248346,275,66
2807,32039528,33057907,1018379,248346,299,66
2808,32039566,33058008,1018442,248346,299,66
2809,32039627,33058223,1018596,248346,299,66
2810,32039652,33058338,1018686,248346,299,66
2811,32041587,33058458,1016871,248346,275,67
2812,32042960,33058505,1015545,248346,255,68
2813,32043065,33058518,1015453,248346,255,68
2814,32043267,33058578,1015311,248346,255,68
2815,32043272,33058630,1015358,248346,255,68
2816,32043404,33058637,1015233,248346,255,68
2817,32045183,33058646,1013463,248346,249,69
2818,32110510,33274021,1163511,248346,249,69
2819,32158861,33650441,1491580,376420,249,69
2820,32159268,33650491,1491223,376420,235,69
2821,32159288,33650543,1491255,376420,235,69
2822,32159299,33651573,1492274,376420,249,68
2823,32159323,33653889,1494566,376420,255,67
2824,32160236,33796400,1636164,376420,255,66
2825,32160266,33917262,1756996,376420,275,65
2826,32160621,33918317,1757696,376420,275,64
2827,32175909,33920328,1744419,376420,275,64
2828,32176298,33920667,1744369,376420,275,64
2829,32176361,33920989,1744628,376420,299,64
2830,32176435,33921036,1744601,376420,299,64
2831,32176735,33921564,1744829,376420,299,64
2832,32180408,33922339,1741931,376420,299,65
2833,32191227,33922626,1731399,376420,287,66
2834,32193393,33923916,1730523,376420,287,66
2835,32194259,34623468,2429209,699552,287,65
2836,32202583,34623796,2421213,699552,287,66
2837,32202694,34993027,2790333,699552,299,65
2838,32202729,35066994,2864265,699552,312,64
2839,32255010,35084210,2829200,699552,312,64
2840,32255259,35086228,2830969,699552,322,63
2841,32255358,35256958,3001600,699552,328,62
2842,32255706,35257369,3001663,699552,328,62
2843,32255789,35257371,3001582,699552,328,62
2844,32356782,35257401,2900619,699552,322,63
2845,32357952,35257626,2899674,699552,312,64
2846,32371661,35257629,2885968,699552,299,65
2847,32372127,35260603,2888476,699552,299,64
2848,32387903,35294790,2906887,699552,299,64
2849,32408991,35298377,2889386,699552,299,64
2850,32411501,35299164,2887663,699552,299,65
2851,32411892,35299308,2887416,699552,287,65
2852,32412009,35299632,2887623,699552,299,65
2853,32412184,35299651,2887467,699552,299,65
2854,32412190,35299668,2887478,699552,299,65
2855,32412502,35299806,2887304,699552,287,65
2856,32412777,35299951,2887174,699552,287,65
2857,32412799,35300550,2887751,699552,299,65
2858,32414297,35302880,2888583,699552,299,65
2859,32414404,35347554,2933150,699552,322,64
2860,32457160,35377096,2919936,699552,322,64
2861,32457857,35380693,2922836,699552,322,63
2862,32474530,35381008,2906478,699552,315,64
2863,32474564,35381039,2906475,699552,315,64
2864,32474570,35381060,2906490,699552,315,64
2865,32474580,35381252,2906672,699552,315,64
2866,32474616,35394148,2919532,699552,322,63
2867,32474641,35399281,2924640,699552,324,62
2868,32474870,35399381,2924511,699552,324,62
2869,32475064,35399401,2924337,699552,324,62
2870,32475152,35399959,2924807,699552,328,62
2871,32475216,35399977,2924761,699552,328,62
2872,32475222,35400030,2924808,699552,328,62
2873,32475228,35400037,2924809,699552,328,62
2874,32475429,35400057,2924628,699552,328,62
2875,32478991,35400066,2921075,699552,324,63
2876,32513549,35400196,2886647,699552,322,64
2877,32761895,35400632,2638737,699552,322,65
2878,32797564,35400710,2603146,699552,315,66
2879,32799357,35421378,2622021,699552,315,66
2880,32799516,35423377,2623861,699552,322,65
2881,32799669,35424103,2624434,699552,324,65
2882,32799671,35424229,2624558,699552,324,65
2883,32799681,35424291,2624610,699552,324,65
2884,32799702,35425729,2626027,699552,328,64
2885,32799957,35426364,2626407,699552,339,64
2886,32800117,35536093,2735976,699552,360,63
2887,32800126,35538817,2738691,699552,407,62
2888,32800342,35538905,2738563,699552,407,62
2889,32800641,35539935,2739294,699552,411,61
2890,32801048,35540590,2739542,699552,417,61
2891,32801408,35540675,2739267,699552,417,61
2892,32801632,35541168,2739536,699552,436,61
2893,32801652,35541262,2739610,699552,436,61
2894,32802069,35541269,2739200,699552,436,61
2895,32804321,35541272,2736951,699552,411,62
2896,32861654,35541448,2679794,699552,339,63
2897,32882127,35541484,2659357,699552,328,64
2898,32914147,35542354,2628207,699552,328,65
2899,33006408,35544391,2537983,699552,328,65
2900,33006643,35548598,2541955,699552,339,64
2901,33006701,35550692,2543991,699552,411,63
2902,33030358,35551717,2521359,699552,411,63
2903,33031101,35551771,2520670,699552,339,63
2904,33054026,35551948,2497922,699552,328,64
2905,33057036,35552119,2495083,699552,324,65
2906,33057907,35553964,2496057,699552,324,64
2907,33058008,35605008,2547000,699552,328,63
2908,33058223,35607287,2549064,699552,339,62
2909,33058338,35607343,2549005,699552,339,62
2910,33058458,35611807,2553349,699552,411,61
2911,33058505,35617260,2558755,699552,436,60
2912,33058518,35617351,2558833,699552,436,60
2913,33058578,35617385,2558807,699552,436,60
2914,33058630,35617397,2558767,699552,436,60
2915,33058637,35617513,2558876,699552,436,60
2916,33058646,35617628,2558982,699552,436,60
2917,33274021,35617631,2343610,699552,411,61
2918,33650441,35617661,1967220,699552,339,62
2919,33650491,35622565,1972074,699552,411,61
2920,33650543,35623424,1972881,699552,436,61
2921,33651573,35623450,1971877,699552,411,62
2922,33653889,35623571,1969682,699552,339,63
2923,33796400,35623585,1827185,699552,328,64
2924,33917262,35646974,1729712,699552,328,64
2925,33918317,35647023,1728706,699552,324,65
2926,33920328,35648104,1727776,699552,324,65
2927,33920667,35648179,1727512,699552,322,65
2928,33920989,35648281,1727292,699552,315,65
2929,33921036,35648493,1727457,699552,315,65
2930,33921564,35648745,1727181,699552,287,65
2931,33922339,35656439,1734100,699552,287,64
2932,33922626,35717465,1794839,699552,315,63
2933,33923916,35729006,1805090,699552,315,63
2934,34623468,35784039,1160571,369231,315,63
2935,34623796,35840256,1216460,369231,315,62
2936,34993027,35840602,847575,170730,315,63
2937,35066994,35840609,773615,170730,252,64
2938,35084210,35840685,756475,170730,225,65
2939,35086228,35850068,763840,170730,225,65
2940,35256958,36024801,767843,174733,225,65
2941,35257369,36028071,770702,174733,225,64
2942,35257371,36028321,770950,174733,250,64
2943,35257401,36028433,771032,174733,250,64
2944,35257626,36028734,771108,174733,252,64
2945,35257629,36028914,771285,174733,252,64
2946,35260603,36029162,768559,174733,250,65
2947,35294790,36029183,734393,174733,248,66
2948,35298377,36029318,730941,174733,212,67
2949,35299164,36032131,732967,174733,212,66
2950,35299308,36062828,763520,174733,248,65
2951,35299632,36066007,766375,174733,248,64
2952,35299651,36066266,766615,174733,250,64
2953,35299668,36066362,766694,174733,250,64
2954,35299806,36066477,766671,174733,250,64
2955,35299951,36141225,841274,174733,252,63
2956,35300550,36160765,860215,174733,252,62
2957,35302880,36164753,861873,174733,252,62
2958,35347554,36189996,842442,174733,252,62
2959,35377096,36197098,820002,174733,252,62
2960,35380693,36204724,824031,174733,252,62
2961,35381008,36204933,823925,174733,250,62
2962,35381039,36227041,846002,174733,252,61
2963,35381060,36239537,858477,174733,259,60
2964,35381252,36239628,858376,174733,259,60
2965,35394148,36239694,845546,174733,252,61
2966,35399281,36239836,840555,174733,250,62
2967,35399381,36240009,840628,174733,250,62
2968,35399401,36252786,853385,174733,252,61
2969,35399959,36252927,852968,174733,250,61
2970,35399977,36253031,853054,174733,250,61
2971,35400030,36253089,853059,174733,250,61
2972,35400037,36253098,853061,174733,250,61
2973,35400057,36259496,859439,174733,252,60
2974,35400066,36266368,866302,174733,259,59
2975,35400196,36285250,885054,174733,301,58
2976,35400632,36285265,884633,174733,259,58
2977,35400710,36285275,884565,174733,259,58
2978,35421378,36285295,863917,174733,252,59
2979,35423377,36286797,863420,174733,252,59
2980,35424103,36286804,862701,174733,250,59
2981,35424229,36286822,862593,174733,250,59
2982,35424291,36286824,862533,174733,250,59
2983,35425729,36294970,869241,174733,250,59
2984,35426364,36295012,868648,174733,248,59
2985,35536093,36295068,758975,174733,212,60
2986,35538817,36295586,756769,174733,212,61
2987,35538905,36295619,756714,174733,212,61
2988,35539935,36295670,755735,174733,209,62
2989,35540590,36296963,756373,174733,209,61
2990,35540675,36300967,760292,174733,212,60
2991,35541168,36300975,759807,174733,209,60
2992,35541262,36300981,759719,174733,209,60
2993,35541269,36300997,759728,174733,209,60
2994,35541272,36301009,759737,174733,209,60
2995,35541448,36320424,778976,174733,212,59
2996,35541484,36322419,780935,174733,248,58
2997,35542354,36322518,780164,174733,212,58
2998,35544391,36322714,778323,174733,209,59
2999,35548598,36324162,775564,174733,209,59
3000,35550692,36325603,774911,174733,209,59
3001,35551717,36331328,779611,174733,209,59
3002,35551771,36331524,779753,174733,209,59
3003,35551948,36386098,834150,174733,212,58
3004,35552119,36386935,834816,174733,248,58
3005,35553964,36387897,833933,174733,248,59
3006,35605008,36387902,782894,174733,212,60
3007,35607287,36388205,780918,174733,212,61
3008,35607343,36388278,780935,174733,212,61
3009,35611807,36388444,776637,174733,209,62
3010,35617260,36388446,771186,174733,196,63
3011,35617351,36388582,771231,174733,196,63
3012,35617385,36407011,789626,174733,209,62
3013,35617397,36410140,792743,174733,212,61
3014,35617513,36410398,792885,174733,248,61
3015,35617628,36410535,792907,174733,248,61
3016,35617631,36410610,792979,174733,248,61
3017,35617661,36413273,795612,174733,250,60
3018,35622565,36454847,832282,174733,250,60
3019,35623424,36454960,831536,174733,248,60
3020,35623450,36455060,831610,174733,248,60
3021,35623571,36455418,831847,174733,250,60
3022,35623585,36455576,831991,174733,250,60
3023,35646974,36457998,811024,174733,250,60
3024,35647023,36467526,820503,174733,252,59
3025,35648104,36470464,822360,174733,252,59
3026,35648179,36481580,833401,174733,258,58
3027,35648281,36481650,833369,174733,258,58
3028,35648493,36481659,833166,174733,258,58
3029,35648745,36481682,832937,174733,258,58
3030,35656439,36481690,825251,174733,250,59
3031,35717465,36482072,764607,174733,250,60
3032,35729006,36482109,753103,174733,248,61
3033,35784039,36482133,698094,174733,209,62
3034,35840256,36494032,653776,174733,209,62
3035,35840602,36496372,655770,174733,209,61
3036,35840609,36498010,657401,174733,248,60
3037,35840685,36498022,657337,174733,248,60
3038,35850068,36498184,648116,174733,209,61
3039,36024801,36501293,476492,74748,209,61
3040,36028071,36503801,475730,74748,209,61
3041,36028321,36505887,477566,74748,209,60
3042,36028433,36505978,477545,74748,209,60
3043,36028734,36506531,477797,74748,209,60
3044,36028914,36506986,478072,74748,248,60
3045,36029162,36507004,477842,74748,209,60
3046,36029183,36507240,478057,74748,236,60
3047,36029318,36507273,477955,74748,236,60
3048,36032131,36507295,475164,74748,209,61
3049,36062828,36507335,444507,74748,196,62
3050,36066007,36507449,441442,74748,196,63
3051,36066266,36507564,441298,74748,173,63
3052,36066362,36510951,444589,74748,196,62
3053,36066477,36511111,444634,74748,196,62
3054,36141225,36528889,387664,54574,196,62
3055,36160765,36529128,368363,54574,196,63
3056,36164753,36529130,364377,54574,173,64
3057,36189996,36529265,339269,54574,166,65
3058,36197098,36529272,332174,54574,162,66
3059,36204724,36529300,324576,54574,160,67
3060,36204933,36529364,324431,54574,158,67
3061,36227041,36529378,302337,54574,142,68
3062,36239537,36529397,289860,54574,141,69
3063,36239628,36529518,289890,54574,141,69
3064,36239694,36529716,290022,54574,142,69
3065,36239836,36562041,322205,54574,158,68
3066,36240009,36563199,323190,54574,158,67
3067,36252786,36564452,311666,54574,158,67
3068,36252927,36564890,311963,54574,160,67
3069,36253031,36566721,313690,54574,162,66
3070,36253089,36578411,325322,54574,166,65
3071,36253098,36609467,356369,54574,196,64
3072,36259496,36609994,350498,54574,196,65
3073,36266368,36610669,344301,54574,196,66
3074,36285250,36700088,414838,89419,196,66
3075,36285265,36702758,417493,89419,196,65
3076,36285275,36702992,417717,89419,198,65
3077,36285295,36703019,417724,89419,198,65
3078,36286797,36703050,416253,89419,196,66
3079,36286804,36703214,416410,89419,196,66
3080,36286822,36703504,416682,89419,198,66
3081,36286824,36760265,473441,89419,234,65
3082,36294970,36772751,477781,89419,234,65
3083,36295012,36775234,480222,89419,236,64
3084,36295068,36775981,480913,89419,239,64
3085,36295586,36775985,480399,89419,236,64
3086,36295619,36776160,480541,89419,236,64
3087,36295670,36776245,480575,89419,236,64
3088,36296963,36776522,479559,89419,236,65
3089,36300967,36776624,475657,89419,234,66
3090,36300975,36776669,475694,89419,234,66
3091,36300981,36783868,482887,89419,236,65
3092,36300997,36784241,483244,89419,239,65
3093,36301009,36814195,513186,89419,258,64
3094,36320424,36814977,494553,89419,258,65
3095,36322419,36816743,494324,89419,258,65
3096,36322518,36816862,494344,89419,258,65
3097,36322714,36817037,494323,89419,258,65
3098,36324162,36817086,492924,89419,239,66
3099,36325603,36817422,491819,89419,239,67
3100,36331328,36819567,488239,89419,239,67
3101,36331524,36819575,488051,89419,239,67
3102,36386098,36819591,433493,89419,236,68
3103,36386935,36819612,432677,89419,234,68
3104,36387897,36819986,432089,89419,234,68
3105,36387902,36820023,432121,89419,234,68
3106,36388205,36856434,468229,89419,234,67
3107,36388278,36856551,468273,89419,234,67
3108,36388444,36856610,468166,89419,234,67
3109,36388446,36858280,469834,89419,236,66
3110,36388582,36860858,472276,89419,239,65
3111,36407011,36860905,453894,89419,236,66
3112,36410140,36861082,450942,89419,234,67
3113,36410398,36877945,467547,89419,234,66
3114,36410535,36912381,501846,89419,236,65
3115,36410610,36913616,503006,89419,239,64
3116,36413273,36913938,500665,89419,239,65
3117,36454847,36921892,467045,89419,239,65
3118,36454960,36923000,468040,89419,277,64
3119,36455060,36924084,469024,89419,290,63
3120,36455418,36991273,535855,89419,290,62
3121,36455576,37002408,546832,89419,322,61
3122,36457998,37007761,549763,89419,322,61
3123,36467526,37007937,540411,89419,290,62
3124,36470464,37008536,538072,89419,290,63
3125,36481580,37010996,529416,89419,290,63
3126,36481650,37018401,536751,89419,322,62
3127,36481659,37018706,537047,89419,322,62
3128,36481682,37019158,537476,89419,336,62
3129,36481690,37019308,537618,89419,336,62
3130,36482072,37019783,537711,89419,336,62
3131,36482109,37019881,537772,89419,336,62
3132,36482133,37020147,538014,89419,336,62
3133,36494032,37022157,528125,89419,336,62
3134,36496372,37023754,527382,89419,336,62
3135,36498010,37024287,526277,89419,336,63
3136,36498022,37024413,526391,89419,336,63
3137,36498184,37024689,526505,89419,336,63
3138,36501293,37026715,525422,89419,336,63
3139,36503801,37027661,523860,89419,336,64
3140,36505887,37029533,523646,89419,336,64
3141,36505978,37051266,545288,89419,373,63
3142,36506531,37051358,544827,89419,336,63
3143,36506986,37051582,544596,89419,322,63
3144,36507004,37051590,544586,89419,322,63
3145,36507240,37051786,544546,89419,322,63
3146,36507273,37051875,544602,89419,322,63
3147,36507295,37052165,544870,89419,322,63
3148,36507335,37053144,545809,89419,336,63
3149,36507449,37062658,555209,89419,373,62
3150,36507564,37065747,558183,89419,374,61
3151,36510951,37068799,557848,89419,374,61
3152,36511111,37069138,558027,89419,374,61
3153,36528889,37069239,540350,89419,373,62
3154,36529128,37070895,541767,89419,374,61
3155,36529130,37071680,542550,89419,438,61
3156,36529265,37095555,566290,89419,452,60
3157,36529272,37097697,568425,89419,475,59
3158,36529300,37098133,568833,89419,475,59
3159,36529364,37098979,569615,89419,527,59
3160,36529378,37103411,574033,89419,533,58
3161,36529397,37103609,574212,89419,533,58
3162,36529518,37103701,574183,89419,533,58
3163,36529716,37103819,574103,89419,533,58
3164,36562041,37104548,542507,89419,533,59
3165,36563199,37104654,541455,89419,527,60
3166,36564452,37104682,540230,89419,475,61
3167,36564890,37127111,562221,89419,527,60
3168,36566721,37140116,573395,89419,527,60
3169,36578411,37149383,570972,89419,527,60
3170,36609467,37149884,540417,89419,501,61
3171,36609994,37149929,539935,89419,475,61
3172,36610669,37150075,539406,89419,452,61
3173,36700088,37150084,449996,67189,436,62
3174,36702758,37150180,447422,67189,374,63
3175,36702992,37150285,447293,67189,374,63
3176,36703019,37176876,473857,67189,436,62
3177,36703050,37178755,475705,67189,452,61
3178,36703214,37180658,477444,67189,475,60
3179,36703504,37182410,478906,67189,501,59
3180,36760265,37182488,422223,67189,475,60
3181,36772751,37183482,410731,67189,475,61
3182,36775234,37187978,412744,67189,475,61
3183,36775981,37188187,412206,67189,452,61
3184,36775985,37188401,412416,67189,452,61
3185,36776160,37198893,422733,67189,475,60
3186,36776245,37199276,423031,67189,475,60
3187,36776522,37199312,422790,67189,475,60
3188,36776624,37203420,426796,67189,501,59
3189,36776669,37205228,428559,67189,533,58
3190,36783868,37206502,422634,67189,533,58
3191,36784241,37207116,422875,67189,599,58
3192,36814195,37207258,393063,67189,533,59
3193,36814977,37207543,392566,67189,501,59
3194,36816743,37207615,390872,67189,475,60
3195,36816862,37207780,390918,67189,475,60
3196,36817037,37211636,394599,67189,501,59
3197,36817086,37211997,394911,67189,501,59
3198,36817422,37212571,395149,67189,533,59
3199,36819567,37212586,393019,67189,501,60
3200,36819575,37212779,393204,67189,501,60
3201,36819591,37244210,424619,67189,533,59
3202,36819612,37244274,424662,67189,533,59
3203,36819986,37244324,424338,67189,533,59
3204,36820023,37244362,424339,67189,533,59
3205,36856434,37244469,388035,67189,501,60
3206,36856551,37244474,387923,67189,501,60
3207,36856610,37245466,388856,67189,533,60
3208,36858280,37259574,401294,67189,533,60
3209,36860858,37262838,401980,67189,533,60
3210,36860905,37267195,406290,67189,574,59
3211,36861082,37267362,406280,67189,574,59
3212,36877945,37282181,404236,67189,574,59
3213,36912381,37282409,370028,67189,533,60
3214,36913616,37282448,368832,67189,501,61
3215,36913938,37282507,368569,67189,501,61
3216,36921892,37282687,360795,67189,475,62
3217,36923000,37307455,384455,67189,475,62
3218,36924084,37314662,390578,67189,475,62
3219,36991273,37324606,333333,31431,475,62
3220,37002408,37324655,322247,31431,452,63
3221,37007761,37324682,316921,31431,436,64
3222,37007937,37324935,316998,31431,436,64
3223,37008536,37325108,316572,31431,383,64
3224,37010996,37330635,319639,31431,383,64
3225,37018401,37333309,314908,31431,383,64
3226,37018706,37334623,315917,31431,436,63
3227,37019158,37334845,315687,31431,383,63
3228,37019308,37334974,315666,31431,383,63
3229,37019783,37335080,315297,31431,361,63
3230,37019881,37335188,315307,31431,361,63
3231,37020147,37369232,349085,34044,383,62
3232,37022157,37372875,350718,34044,383,62
3233,37023754,37373131,349377,34044,361,63
3234,37024287,37373639,349352,34044,361,63
3235,37024413,37374187,349774,34044,383,63
3236,37024689,37374304,349615,34044,383,63
3237,37026715,37374904,348189,34044,383,64
3238,37027661,37374961,347300,34044,361,64
3239,37029533,37375246,345713,34044,339,65
3240,37051266,37377998,326732,34044,339,65
3241,37051358,37378459,327101,34044,361,65
3242,37051582,37417059,365477,38600,383,64
3243,37051590,37419225,367635,38600,436,63
3244,37051786,37419831,368045,38600,461,63
3245,37051875,37420007,368132,38600,461,63
3246,37052165,37420208,368043,38600,461,63
3247,37053144,37420294,367150,38600,436,63
3248,37062658,37420492,357834,38600,383,64
3249,37065747,37424198,358451,38600,383,64
3250,37068799,37424629,355830,38600,383,65
3251,37069138,37425937,356799,38600,431,64
3252,37069239,37427268,358029,38600,436,63
3253,37070895,37427482,356587,38600,431,64
3254,37071680,37427613,355933,38600,383,64
3255,37095555,37427621,332066,38600,361,65
3256,37097697,37428083,330386,38600,361,66
3257,37098133,37428308,330175,38600,285,66
3258,37098979,37428582,329603,38600,285,66
3259,37103411,37469606,366195,41024,285,66
3260,37103609,37485384,381775,41024,285,65
3261,37103701,37486040,382339,41024,361,65
3262,37103819,37486359,382540,41024,361,65
3263,37104548,37486480,381932,41024,319,65
3264,37104654,37486533,381879,41024,319,65
3265,37104682,37486567,381885,41024,319,65
3266,37127111,37490836,363725,41024,319,65
3267,37140116,37514986,374870,41024,319,65
3268,37149383,37516247,366864,41024,319,65
3269,37149884,37518199,368315,41024,319,64
3270,37149929,37518678,368749,41024,361,64
3271,37150075,37518852,368777,41024,361,64
3272,37150084,37519082,368998,41024,361,64
3273,37150180,37519243,369063,41024,361,64
3274,37150285,37519271,368986,41024,361,64
3275,37176876,37519335,342459,41024,319,65
3276,37178755,37519788,341033,41024,319,66
3277,37180658,37520150,339492,41024,319,67
3278,37182410,37525633,343223,41024,319,67
3279,37182488,37556943,374455,41024,361,66
3280,37183482,37558771,375289,41024,361,65
3281,37187978,37560200,372222,41024,361,65
3282,37188187,37560286,372099,41024,361,65
3283,37188401,37560422,372021,41024,361,65
3284,37198893,37561050,362157,41024,361,66
3285,37199276,37561147,361871,41024,319,66
3286,37199312,37561918,362606,41024,361,66
3287,37203420,37563458,360038,41024,361,66
3288,37205228,37564419,359191,41024,361,67
3289,37206502,37566015,359513,41024,361,67
3290,37207116,37566562,359446,41024,361,67
3291,37207258,37566630,359372,41024,361,67
3292,37207543,37566811,359268,41024,361,67
3293,37207615,37567400,359785,41024,362,67
3294,37207780,37569035,361255,41024,431,66
3295,37211636,37571562,359926,41024,431,66
3296,37211997,37579934,367937,41024,453,65
3297,37212571,37579968,367397,41024,431,65
3298,37212586,37580056,367470,41024,431,65
3299,37212779,37580172,367393,41024,431,65
3300,37244210,37580185,335975,41024,362,66
3301,37244274,37580718,336444,41024,431,66
3302,37244324,37605076,360752,41024,453,65
3303,37244362,37607183,362821,41024,461,64
3304,37244469,37607195,362726,41024,461,64
3305,37244474,37607200,362726,41024,461,64
3306,37245466,37608371,362905,41024,461,63
3307,37259574,37608385,348811,41024,453,64
3308,37262838,37608414,345576,41024,431,65
3309,37267195,37608437,341242,41024,362,66
3310,37267362,37608451,341089,41024,362,66
3311,37282181,37608473,326292,41024,319,67
3312,37282409,37608566,326157,41024,319,67
3313,37282448,37608897,326449,41024,331,67
3314,37282507,37609176,326669,41024,331,67
3315,37282687,37609343,326656,41024,331,67
3316,37307455,37613246,305791,41024,331,67
3317,37314662,37617326,302664,41024,331,67
3318,37324606,37633471,308865,41024,331,67
3319,37324655,37638674,314019,41024,362,66
3320,37324682,37639102,314420,41024,428,66
3321,37324935,37639294,314359,41024,428,66
3322,37325108,37639449,314341,41024,428,66
3323,37330635,37639746,309111,41024,362,67
3324,37333309,37641401,308092,41024,362,67
3325,37334623,37642949,308326,41024,362,67
3326,37334845,37655819,320974,41024,428,66
3327,37334974,37658176,323202,41024,431,65
3328,37335080,37658498,323418,41024,431,65
3329,37335188,37658577,323389,41024,431,65
3330,37369232,37658583,289351,41024,428,66
3331,37372875,37658637,285762,41024,362,67
3332,37373131,37658728,285597,41024,362,67
3333,37373639,37658885,285246,41024,331,67
3334,37374187,37659267,285080,41024,331,67
3335,37374304,37659431,285127,41024,331,67
3336,37374904,37661178,286274,41024,331,66
3337,37374961,37661566,286605,41024,362,66
3338,37375246,37666921,291675,41024,382,65
3339,37377998,37674994,296996,41024,382,65
3340,37378459,37675161,296702,41024,362,65
3341,37417059,37675163,258104,41024,331,66
3342,37419225,37675181,255956,41024,322,67
3343,37419831,37675448,255617,41024,319,67
3344,37420007,37675527,255520,41024,319,67
3345,37420208,37675584,255376,41024,319,67
3346,37420294,37675595,255301,41024,319,67
3347,37420492,37675600,255108,41024,319,67
3348,37424198,37675644,251446,41024,297,68
3349,37424629,37675670,251041,41024,279,68
3350,37425937,37677042,251105,41024,279,68
3351,37427268,37677171,249903,41024,274,69
3352,37427482,37677327,249845,41024,274,69
3353,37427613,37677465,249852,41024,274,69
3354,37427621,37681050,253429,41024,279,68
3355,37428083,37681599,253516,41024,279,68
3356,37428308,37683137,254829,41024,297,67
3357,37428582,37685169,256587,41024,319,66
3358,37469606,37686163,216557,31310,319,67
3359,37485384,37686230,200846,31310,297,68
3360,37486040,37686312,200272,31310,279,68
3361,37486359,37686324,199965,31310,267,68
3362,37486480,37686328,199848,31310,267,68
3363,37486533,37686342,199809,31310,267,68
3364,37486567,37688929,202362,31310,279,67
3365,37490836,37692981,202145,31310,279,67
3366,37514986,37696636,181650,31310,279,67
3367,37516247,37696712,180465,31310,267,68
3368,37518199,37696764,178565,31310,230,69
3369,37518678,37696823,178145,31310,192,69
3370,37518852,37696869,178017,31310,192,69
3371,37519082,37696889,177807,31310,181,69
3372,37519243,37696967,177724,31310,181,69
3373,37519271,37696971,177700,31310,181,69
3374,37519335,37696982,177647,31310,181,69
3375,37519788,37697072,177284,31310,167,69
3376,37520150,37697200,177050,31310,167,69
3377,37525633,37745412,219779,48212,167,69
3378,37556943,37745807,188864,48212,167,70
3379,37558771,37745827,187056,48212,164,71
3380,37560200,37746143,185943,48212,164,72
3381,37560286,37746145,185859,48212,164,72
3382,37560422,37746152,185730,48212,164,72
3383,37561050,37746155,185105,48212,157,72
3384,37561147,37746167,185020,48212,157,72
3385,37561918,37746370,184452,48212,157,72
3386,37563458,37746554,183096,48212,157,73
3387,37564419,37746991,182572,48212,157,73
3388,37566015,37747161,181146,48212,157,74
3389,37566562,37750962,184400,48212,157,73
3390,37566630,37759568,192938,48212,164,72
3391,37566811,37802569,235758,48212,164,71
3392,37567400,37802956,235556,48212,164,71
3393,37569035,37803752,234717,48212,164,72
3394,37571562,37803873,232311,48212,157,73
3395,37579934,37804214,224280,48212,157,74
3396,37579968,37804887,224919,48212,164,74
3397,37580056,37804972,224916,48212,164,74
3398,37580172,37805130,224958,48212,164,74
3399,37580185,37805135,224950,48212,164,74
3400,37580718,37805489,224771,48212,164,74
3401,37605076,37805587,200511,48212,158,75
3402,37607183,37805683,198500,48212,157,76
3403,37607195,37805841,198646,48212,158,76
3404,37607200,37806619,199419,48212,158,76
3405,37608371,37806652,198281,48212,158,77
3406,37608385,37807670,199285,48212,158,76
3407,37608414,37807710,199296,48212,158,76
3408,37608437,37807748,199311,48212,158,76
3409,37608451,37807795,199344,48212,158,76
3410,37608473,37807839,199366,48212,158,76
3411,37608566,37807851,199285,48212,158,76
3412,37608897,37807982,199085,48212,158,76
3413,37609176,37807991,198815,48212,157,76
3414,37609343,37808185,198842,48212,157,76
3415,37613246,37816781,203535,48212,157,76
3416,37617326,37816944,199618,48212,157,77
3417,37633471,37818541,185070,48212,157,77
3418,37638674,37818972,180298,48212,157,78
3419,37639102,37819057,179955,48212,156,78
3420,37639294,37819197,179903,48212,155,78
3421,37639449,37822152,182703,48212,156,77
3422,37639746,37822938,183192,48212,156,77
3423,37641401,37823110,181709,48212,156,78
3424,37642949,37823276,180327,48212,156,79
3425,37655819,37823329,167510,48212,140,80
3426,37658176,37823393,165217,48212,138,81
3427,37658498,37824604,166106,48212,138,80
3428,37658577,37825002,166425,48212,140,80
3429,37658583,37825088,166505,48212,140,80
3430,37658637,37825180,166543,48212,140,80
3431,37658728,37825478,166750,48212,156,80
3432,37658885,37825611,166726,48212,140,80
3433,37659267,37825663,166396,48212,138,80
3434,37659431,37829107,169676,48212,138,79
3435,37661178,37831299,170121,48212,138,79
3436,37661566,37843641,182075,48212,138,78
3437,37666921,37843786,176865,48212,138,79
3438,37674994,37843805,168811,48212,133,80
3439,37675161,37844252,169091,48212,133,80
3440,37675163,37844377,169214,48212,133,80
3441,37675181,37844388,169207,48212,133,80
3442,37675448,37844431,168983,48212,131,80
3443,37675527,37844551,169024,48212,131,80
3444,37675584,37844558,168974,48212,131,80
3445,37675595,37844561,168966,48212,131,80
3446,37675600,37845377,169777,48212,133,80
3447,37675644,37847763,172119,48212,138,79
3448,37675670,37848774,173104,48212,140,78
3449,37677042,37848886,171844,48212,138,79
3450,37677171,37849335,172164,48212,140,79
3451,37677327,37849434,172107,48212,138,79
3452,37677465,37849440,171975,48212,133,79
3453,37681050,37849515,168465,48212,131,80
3454,37681599,37849598,167999,48212,128,80
3455,37683137,37850044,166907,48212,128,81
3456,37685169,37852457,167288,48212,128,81
3457,37686163,37903577,217414,51120,128,80
3458,37686230,37904594,218364,51120,131,79
3459,37686312,37906083,219771,51120,133,78
3460,37686324,37906106,219782,51120,133,78
3461,37686328,37906112,219784,51120,133,78
3462,37686342,37906497,220155,51120,140,78
3463,37688929,37906853,217924,51120,140,79
3464,37692981,37907303,214322,51120,140,80
3465,37696636,37934058,237422,51120,140,80
3466,37696712,37941773,245061,51120,145,79
3467,37696764,37943965,247201,51120,158,78
3468,37696823,37953059,256236,51120,158,77
3469,37696869,37953502,256633,51120,163,77
3470,37696889,37953523,256634,51120,163,77
3471,37696967,37953529,256562,51120,163,77
3472,37696971,37953555,256584,51120,163,77
3473,37696982,37953557,256575,51120,163,77
3474,37697072,37953710,256638,51120,163,77
3475,37697200,37953712,256512,51120,163,77
3476,37745412,37953714,208302,51120,158,78
3477,37745807,37953719,207912,51120,158,78
3478,37745827,37953744,207917,51120,158,78
3479,37746143,37953933,207790,51120,158,78
3480,37746145,37953936,207791,51120,158,78
3481,37746152,37954777,208625,51120,158,78
3482,37746155,37956391,210236,51120,163,77
3483,37746167,37967865,221698,51120,166,76
3484,37746370,37972316,225946,51120,166,75
3485,37746554,37981626,235072,51120,166,74
3486,37746991,37983211,236220,51120,166,73
3487,37747161,37983499,236338,51120,166,73
3488,37750962,37983742,232780,51120,166,74
3489,37759568,37984432,224864,51120,166,75
3490,37802569,37984480,181911,51120,163,76
3491,37802956,37984976,182020,51120,163,76
3492,37803752,37985511,181759,51120,163,76
3493,37803873,37985619,181746,51120,163,76
3494,37804214,37986238,182024,51120,163,76
3495,37804887,38035719,230832,51120,163,75
3496,37804972,38038172,233200,51120,166,74
3497,37805130,38038967,233837,51120,172,74
3498,37805135,38039196,234061,51120,189,74
3499,37805489,38039252,233763,51120,172,74
3500,37805587,38056859,251272,51120,189,73
3501,37805683,38057068,251385,51120,194,73
3502,37805841,38057080,251239,51120,194,73
3503,37806619,38057097,250478,51120,189,73
3504,37806652,38057112,250460,51120,189,73
3505,37807670,38057232,249562,51120,172,74
3506,37807710,38057289,249579,51120,172,74
3507,37807748,38057467,249719,51120,178,74
3508,37807795,38057482,249687,51120,178,74
3509,37807839,38071483,263644,51120,189,73
3510,37807851,38073257,265406,51120,194,72
3511,37807982,38073968,265986,51120,209,72
3512,37807991,38074257,266266,51120,229,72
3513,37808185,38074391,266206,51120,229,72
3514,37816781,38074476,257695,51120,209,73
3515,37816944,38075566,258622,51120,229,72
3516,37818541,38078140,259599,51120,229,72
3517,37818972,38080301,261329,51120,229,71
3518,37819057,38081078,262021,51120,243,71
3519,37819197,38081795,262598,51120,288,71
3520,37822152,38082315,260163,51120,288,72
3521,37822938,38082450,259512,51120,243,72
3522,37823110,38082780,259670,51120,288,72
3523,37823276,38083092,259816,51120,289,72
3524,37823329,38083174,259845,51120,289,72
3525,37823393,38083208,259815,51120,289,72
3526,37824604,38083229,258625,51120,288,73
3527,37825002,38083233,258231,51120,243,73
3528,37825088,38083281,258193,51120,243,73
3529,37825180,38083325,258145,51120,243,73
3530,37825478,38083701,258223,51120,243,73
3531,37825611,38084054,258443,51120,288,73
3532,37825663,38085158,259495,51120,289,72
3533,37829107,38087260,258153,51120,289,72
3534,37831299,38088015,256716,51120,289,73
3535,37843641,38088672,245031,51120,289,74
3536,37843786,38088877,245091,51120,289,74
3537,37843805,38089287,245482,51120,312,74
3538,37844252,38089713,245461,51120,312,74
3539,37844377,38089750,245373,51120,312,74
3540,37844388,38110582,266194,51120,330,73
3541,37844431,38110616,266185,51120,330,73
3542,37844551,38110705,266154,51120,330,73
3543,37844558,38110730,266172,51120,330,73
3544,37844561,38110764,266203,51120,330,73
3545,37845377,38110774,265397,51120,312,73
3546,37847763,38111850,264087,51120,312,73
3547,37848774,38112125,263351,51120,289,74
3548,37848886,38120142,271256,51120,312,73
3549,37849335,38120729,271394,51120,312,73
3550,37849434,38120735,271301,51120,312,73
3551,37849440,38120888,271448,51120,312,73
3552,37849515,38121549,272034,51120,330,73
3553,37849598,38124893,275295,51120,353,72
3554,37850044,38129523,279479,51120,353,71
3555,37852457,38132849,280392,51120,353,71
3556,37903577,38132936,229359,49481,330,72
3557,37904594,38133076,228482,49481,312,73
3558,37906083,38135130,229047,49481,312,73
3559,37906106,38153405,247299,49481,330,72
3560,37906112,38178111,271999,49481,353,71
3561,37906497,38181571,275074,49481,353,70
3562,37906853,38181672,274819,49481,330,70
3563,37907303,38181761,274458,49481,312,70
3564,37934058,38181820,247762,49481,289,71
3565,37941773,38181861,240088,49481,288,72
3566,37943965,38181868,237903,49481,275,73
3567,37953059,38181938,228879,49481,243,74
3568,37953502,38181945,228443,49481,229,74
3569,37953523,38182006,228483,49481,229,74
3570,37953529,38182063,228534,49481,229,74
3571,37953555,38182131,228576,49481,229,74
3572,37953557,38184946,231389,49481,243,73
3573,37953710,38199415,245705,49481,275,72
3574,37953712,38201800,248088,49481,288,71
3575,37953714,38201895,248181,49481,288,71
3576,37953719,38201907,248188,49481,288,71
3577,37953744,38201911,248167,49481,288,71
3578,37953933,38202021,248088,49481,288,71
3579,37953936,38202041,248105,49481,288,71
3580,37954777,38202044,247267,49481,275,71
3581,37956391,38202570,246179,49481,275,72
3582,37967865,38202726,234861,49481,243,73
3583,37972316,38202868,230552,49481,229,74
3584,37981626,38202873,221247,49481,209,75
3585,37983211,38202917,219706,49481,205,76
3586,37983499,38202941,219442,49481,178,76
3587,37983742,38202974,219232,49481,156,76
3588,37984432,38202980,218548,49481,153,76
3589,37984480,38203159,218679,49481,156,76
3590,37984976,38214227,229251,49481,156,75
3591,37985511,38214369,228858,49481,153,75
3592,37985619,38214507,228888,49481,153,75
3593,37986238,38214788,228550,49481,153,75
3594,38035719,38215362,179643,24706,153,76
3595,38038172,38218789,180617,24706,153,76
3596,38038967,38219361,180394,24706,153,76
3597,38039196,38239614,200418,24706,153,75
3598,38039252,38239767,200515,24706,153,75
3599,38056859,38272317,215458,32550,153,75
3600,38057068,38272529,215461,32550,153,75
3601,38057080,38272908,215828,32550,156,75
3602,38057097,38272923,215826,32550,156,75
3603,38057112,38273067,215955,32550,156,75
3604,38057232,38273069,215837,32550,156,75
3605,38057289,38273104,215815,32550,156,75
3606,38057467,38273168,215701,32550,153,75
3607,38057482,38273199,215717,32550,153,75
3608,38071483,38273203,201720,32550,153,76
3609,38073257,38273216,199959,32550,144,77
3610,38073968,38273489,199521,32550,144,77
3611,38074257,38292715,218458,32550,144,76
3612,38074391,38313631,239240,32550,153,75
3613,38074476,38314720,240244,32550,153,74
3614,38075566,38315149,239583,32550,153,75
3615,38078140,38315886,237746,32550,153,76
3616,38080301,38316205,235904,32550,153,77
3617,38081078,38316680,235602,32550,153,77
3618,38081795,38316783,234988,32550,153,77
3619,38082315,38317448,235133,32550,153,77
3620,38082450,38317451,235001,32550,153,77
3621,38082780,38317869,235089,32550,153,77
3622,38083092,38317996,234904,32550,144,77
3623,38083174,38318267,235093,32550,153,77
3624,38083208,38318280,235072,32550,153,77
3625,38083229,38318282,235053,32550,153,77
3626,38083233,38318390,235157,32550,153,77
3627,38083281,38318411,235130,32550,153,77
3628,38083325,38318421,235096,32550,153,77
3629,38083701,38318461,234760,32550,144,77
3630,38084054,38319763,235709,32550,144,76
3631,38085158,38394202,309044,74439,144,76
3632,38087260,38396961,309701,74439,144,76
3633,38088015,38397231,309216,74439,144,76
3634,38088672,38397849,309177,74439,144,76
3635,38088877,38397928,309051,74439,142,76
3636,38089287,38398279,308992,74439,142,76
3637,38089713,38398893,309180,74439,142,76
3638,38089750,38398903,309153,74439,142,76
3639,38110582,38398941,288359,74439,142,77
3640,38110616,38398947,288331,74439,142,77
3641,38110705,38398949,288244,74439,142,77
3642,38110730,38398955,288225,74439,142,77
3643,38110764,38399056,288292,74439,142,77
3644,38110774,38399342,288568,74439,142,77
3645,38111850,38399403,287553,74439,142,78
3646,38112125,38402409,290284,74439,142,77
3647,38120142,38412810,292668,74439,142,77
3648,38120729,38412903,292174,74439,140,77
3649,38120735,38413011,292276,74439,140,77
3650,38120888,38413251,292363,74439,140,77
3651,38121549,38416196,294647,74439,140,76
3652,38124893,38416948,292055,74439,140,77
3653,38129523,38423697,294174,74439,140,77
3654,38132849,38426783,293934,74439,140,77
3655,38132936,38427183,294247,74439,142,77
3656,38133076,38427474,294398,74439,142,77
3657,38135130,38427892,292762,74439,142,78
3658,38153405,38429913,276508,74439,142,78
3659,38178111,38444288,266177,74439,142,78
3660,38181571,38444555,262984,74439,142,79
3661,38181672,38445391,263719,74439,144,79
3662,38181761,38451791,270030,74439,153,78
3663,38181820,38454515,272695,74439,156,77
3664,38181861,38455878,274017,74439,179,76
3665,38181868,38456137,274269,74439,212,76
3666,38181938,38456148,274210,74439,212,76
3667,38181945,38457594,275649,74439,240,75
3668,38182006,38461447,279441,74439,259,74
3669,38182063,38461569,279506,74439,259,74
3670,38182131,38461579,279448,74439,259,74
3671,38184946,38461847,276901,74439,259,75
3672,38199415,38465630,266215,74439,259,75
3673,38201800,38467589,265789,74439,259,75
3674,38201895,38467600,265705,74439,259,75
3675,38201907,38467639,265732,74439,259,75
3676,38201911,38467900,265989,74439,261,75
3677,38202021,38467903,265882,74439,261,75
3678,38202041,38468005,265964,74439,261,75
3679,38202044,38468116,266072,74439,261,75
3680,38202570,38468239,265669,74439,259,75
3681,38202726,38468863,266137,74439,261,75
3682,38202868,38470738,267870,74439,267,74
3683,38202873,38482710,279837,74439,268,73
3684,38202917,38486359,283442,74439,270,72
3685,38202941,38488011,285070,74439,271,71
3686,38202974,38489343,286369,74439,273,70
3687,38202980,38489703,286723,74439,281,70
3688,38203159,38489959,286800,74439,281,70
3689,38214227,38494709,280482,74439,281,70
3690,38214369,38494729,280360,74439,281,70
3691,38214507,38494908,280401,74439,281,70
3692,38214788,38505549,290761,74439,286,69
3693,38215362,38506247,290885,74439,286,69
3694,38218789,38506277,287488,74439,273,70
3695,38219361,38506398,287037,74439,271,70
3696,38239614,38506443,266829,74439,270,71
3697,38239767,38506459,266692,74439,270,71
3698,38272317,38506506,234189,74439,268,72
3699,38272529,38506545,234016,74439,268,72
3700,38272908,38506618,233710,74439,267,72
3701,38272923,38506752,233829,74439,267,72
3702,38273067,38506920,233853,74439,267,72
3703,38273069,38566602,293533,74439,268,71
3704,38273104,38569740,296636,74439,270,70
3705,38273168,38569929,296761,74439,270,70
3706,38273199,38570159,296960,74439,270,70
3707,38273203,38570161,296958,74439,270,70
3708,38273216,38570694,297478,74439,271,70
3709,38273489,38570700,297211,74439,270,70
3710,38292715,38570780,278065,74439,268,71
3711,38313631,38572370,258739,74439,268,71
3712,38314720,38656381,341661,84011,268,71
3713,38315149,38656393,341244,84011,267,71
3714,38315886,38656523,340637,84011,261,71
3715,38316205,38656535,340330,84011,259,71
3716,38316680,38656547,339867,84011,256,71
3717,38316783,38656589,339806,84011,256,71
3718,38317448,38656591,339143,84011,240,71
3719,38317451,38656713,339262,84011,240,71
3720,38317869,38656743,338874,84011,230,71
3721,38317996,38656745,338749,84011,230,71
3722,38318267,38656754,338487,84011,189,71
3723,38318280,38656983,338703,84011,229,71
3724,38318282,38657120,338838,84011,229,71
3725,38318390,38657176,338786,84011,229,71
3726,38318411,38670899,352488,84011,230,70
3727,38318421,38673838,355417,84011,240,69
3728,38318461,38678829,360368,84011,256,68
3729,38319763,38681684,361921,84011,256,68
3730,38394202,38681878,287676,84011,240,69
3731,38396961,38681898,284937,84011,230,70
3732,38397231,38681903,284672,84011,229,70
3733,38397849,38682169,284320,84011,229,70
3734,38397928,38682306,284378,84011,229,70
3735,38398279,38682360,284081,84011,194,70
3736,38398893,38682936,284043,84011,194,70
3737,38398903,38684519,285616,84011,229,69
3738,38398941,38686197,287256,84011,230,68
3739,38398947,38699893,300946,84011,240,67
3740,38398949,38700379,301430,84011,256,67
3741,38398955,38700470,301515,84011,256,67
3742,38399056,38700486,301430,84011,256,67
3743,38399342,38700488,301146,84011,240,67
3744,38399403,38700493,301090,84011,240,67
3745,38402409,38700500,298091,84011,230,68
3746,38412810,38700508,287698,84011,229,69
3747,38412903,38700674,287771,84011,229,69
3748,38413011,38700755,287744,84011,229,69
3749,38413251,38701149,287898,84011,229,69
3750,38416196,38701330,285134,84011,194,70
3751,38416948,38701535,284587,84011,194,70
3752,38423697,38701727,278030,84011,192,71
3753,38426783,38701852,275069,84011,189,72
3754,38427183,38705185,278002,84011,189,71
3755,38427474,38705426,277952,84011,189,71
3756,38427892,38705468,277576,84011,181,71
3757,38429913,38705651,275738,84011,181,72
3758,38444288,38705658,261370,84011,179,73
3759,38444555,38705666,261111,84011,168,73
3760,38445391,38705698,260307,84011,166,73
3761,38451791,38705798,254007,84011,137,74
3762,38454515,38705835,251320,84011,137,75
3763,38455878,38705974,250096,84011,137,76
3764,38456137,38705979,249842,84011,134,76
3765,38456148,38706105,249957,84011,134,76
3766,38457594,38706833,249239,84011,134,77
3767,38461447,38710447,249000,84011,134,77
3768,38461569,38733365,271796,84011,137,76
3769,38461579,38734850,273271,84011,137,75
3770,38461847,38751787,289940,84011,137,74
3771,38465630,38754250,288620,84011,137,74
3772,38467589,38755453,287864,84011,137,74
3773,38467600,38755994,288394,84011,139,74
3774,38467639,38756018,288379,84011,139,74
3775,38467900,38756043,288143,84011,137,74
3776,38467903,38756071,288168,84011,137,74
3777,38468005,38756311,288306,84011,139,74
3778,38468116,38756443,288327,84011,139,74
3779,38468239,38756455,288216,84011,139,74
3780,38468863,38756753,287890,84011,139,74
3781,38470738,38758586,287848,84011,139,74
3782,38482710,38778678,295968,84011,139,74
3783,38486359,38790602,304243,84011,139,74
3784,38488011,38793717,305706,84011,139,74
3785,38489343,38793880,304537,84011,139,75
3786,38489703,38794113,304410,84011,139,75
3787,38489959,38794184,304225,84011,137,75
3788,38494709,38794190,299481,84011,137,76
3789,38494729,38794274,299545,84011,137,76
3790,38494908,38794296,299388,84011,134,76
3791,38505549,38794323,288774,84011,132,77
3792,38506247,38794377,288130,84011,130,77
3793,38506277,38794444,288167,84011,130,77
3794,38506398,38840403,334005,84011,132,76
3795,38506443,38842571,336128,84011,134,75
3796,38506459,38843330,336871,84011,137,75
3797,38506506,38843597,337091,84011,137,75
3798,38506545,38843817,337272,84011,139,75
3799,38506618,38844089,337471,84011,163,75
3800,38506752,38844095,337343,84011,163,75
3801,38506920,38844104,337184,84011,139,75
3802,38566602,38844419,277817,84011,139,76
3803,38569740,38844699,274959,84011,139,77
3804,38569929,38864330,294401,84011,139,76
3805,38570159,38865084,294925,84011,139,76
3806,38570161,38865717,295556,84011,163,76
3807,38570694,38866334,295640,84011,163,76
3808,38570700,38866895,296195,84011,166,76
3809,38570780,38867197,296417,84011,181,76
3810,38572370,38868335,295965,84011,181,76
3811,38656381,38870064,213683,45959,181,76
3812,38656393,38871535,215142,45959,183,75
3813,38656523,38871638,215115,45959,183,75
3814,38656535,38872157,215622,45959,192,75
3815,38656547,38872165,215618,45959,192,75
3816,38656589,38872200,215611,45959,192,75
3817,38656591,38872503,215912,45959,194,75
3818,38656713,38872746,216033,45959,205,75
3819,38656743,38872825,216082,45959,205,75
3820,38656745,38873081,216336,45959,220,75
3821,38656754,38873154,216400,45959,220,75
3822,38656983,38925606,268623,52452,220,74
3823,38657120,38927199,270079,52452,233,73
3824,38657176,38927319,270143,52452,233,73
3825,38670899,38927505,256606,52452,220,74
3826,38673838,38956192,282354,52452,220,74
3827,38678829,38956427,277598,52452,220,75
3828,38681684,38956843,275159,52452,220,76
3829,38681878,38957490,275612,52452,233,76
3830,38681898,38957545,275647,52452,233,76
3831,38681903,38957645,275742,52452,233,76
3832,38682169,38958110,275941,52452,233,76
3833,38682306,38981785,299479,52452,235,75
3834,38682360,38981925,299565,52452,235,75
3835,38682936,38982219,299283,52452,235,75
3836,38684519,38982278,297759,52452,233,76
3837,38686197,38982420,296223,52452,220,77
3838,38699893,38985424,285531,52452,220,77
3839,38700379,39014063,313684,52452,220,76
3840,38700470,39014140,313670,52452,220,76
3841,38700486,39014287,313801,52452,220,76
3842,38700488,39014391,313903,52452,220,76
3843,38700493,39018466,317973,52452,233,75
3844,38700500,39020377,319877,52452,235,74
3845,38700508,39021446,320938,52452,240,73
3846,38700674,39022125,321451,52452,241,73
3847,38700755,39032371,331616,52452,243,72
3848,38701149,39040136,338987,52452,243,71
3849,38701330,39040138,338808,52452,243,71
3850,38701535,39040178,338643,52452,243,71
3851,38701727,39040847,339120,52452,256,71
3852,38701852,39041290,339438,52452,267,71
3853,38705185,39044289,339104,52452,267,71
3854,38705426,39053293,347867,52452,272,70
3855,38705468,39076539,371071,52452,280,69
3856,38705651,39077192,371541,52452,294,69
3857,38705658,39077248,371590,52452,294,69
3858,38705666,39081948,376282,52452,298,68
3859,38705698,39087684,381986,52452,302,67
3860,38705798,39095970,390172,52452,303,66
3861,38705835,39096298,390463,52452,315,66
3862,38705974,39097109,391135,52452,328,66
3863,38705979,39098170,392191,52452,416,65
3864,38706105,39100382,394277,52452,443,64
3865,38706833,39103745,396912,52452,443,63
3866,38710447,39133118,422671,52452,443,63
3867,38733365,39133189,399824,52452,416,64
3868,38734850,39133210,398360,52452,328,65
3869,38751787,39133212,381425,52452,315,66
3870,38754250,39133318,379068,52452,303,67
3871,38755453,39142298,386845,52452,303,67
3872,38755994,39145260,389266,52452,303,66
3873,38756018,39145457,389439,52452,303,66
3874,38756043,39145978,389935,52452,315,66
3875,38756071,39146131,390060,52452,315,66
3876,38756311,39147683,391372,52452,328,65
3877,38756443,39149025,392582,52452,416,64
3878,38756455,39151176,394721,52452,443,63
3879,38756753,39152126,395373,52452,465,63
3880,38758586,39152256,393670,52452,443,64
3881,38778678,39152384,373706,52452,416,65
3882,38790602,39152606,362004,52452,328,66
3883,38793717,39152615,358898,52452,315,67
3884,38793880,39152719,358839,52452,315,67
3885,38794113,39152914,358801,52452,315,67
3886,38794184,39153094,358910,52452,315,67
3887,38794190,39153486,359296,52452,328,67
3888,38794274,39155600,361326,52452,392,66
3889,38794296,39156219,361923,52452,416,66
3890,38794323,39224864,430541,68645,443,65
3891,38794377,39227659,433282,68645,465,64
3892,38794444,39231276,436832,68645,519,63
3893,38840403,39231586,391183,68645,465,64
3894,38842571,39231684,389113,68645,443,65
3895,38843330,39231781,388451,68645,416,65
3896,38843597,39233510,389913,68645,443,64
3897,38843817,39235801,391984,68645,465,63
3898,38844089,39237492,393403,68645,519,62
3899,38844095,39238381,394286,68645,521,62
3900,38844104,39239182,395078,68645,561,62
3901,38844419,39241722,397303,68645,617,61
3902,38844699,39242311,397612,68645,617,61
3903,38864330,39242356,378026,68645,589,62
3904,38865084,39242998,377914,68645,589,62
3905,38865717,39243513,377796,68645,561,62
3906,38866334,39243854,377520,68645,521,62
3907,38866895,39244436,377541,68645,521,62
3908,38867197,39244500,377303,68645,521,62
3909,38868335,39244830,376495,68645,519,63
3910,38870064,39244954,374890,68645,515,64
3911,38871535,39244960,373425,68645,465,65
3912,38871638,39245073,373435,68645,465,65
3913,38872157,39245122,372965,68645,443,65
3914,38872165,39245127,372962,68645,443,65
3915,38872200,39245149,372949,68645,443,65
3916,38872503,39245531,373028,68645,443,65
3917,38872746,39248032,375286,68645,465,64
3918,38872825,39289775,416950,68645,515,63
3919,38873081,39291339,418258,68645,521,62
3920,38873154,39292152,418998,68645,582,62
3921,38925606,39292260,366654,68645,521,63
3922,38927199,39294534,367335,68645,521,63
3923,38927319,39313848,386529,68645,582,62
3924,38927505,39313946,386441,68645,582,62
3925,38956192,39313949,357757,68645,521,63
3926,38956427,39314018,357591,68645,521,63
3927,38956843,39314063,357220,68645,521,63
3928,38957490,39314705,357215,68645,521,63
3929,38957545,39315257,357712,68645,552,63
3930,38957645,39315357,357712,68645,552,63
3931,38958110,39315402,357292,68645,552,63
3932,38981785,39315462,333677,68645,521,64
3933,38981925,39315464,333539,68645,521,64
3934,38982219,39316628,334409,68645,552,63
3935,38982278,39316689,334411,68645,552,63
3936,38982420,39316725,334305,68645,552,63
3937,38985424,39316951,331527,68645,521,64
3938,39014063,39317003,302940,68645,515,65
3939,39014140,39317013,302873,68645,515,65
3940,39014287,39317017,302730,68645,515,65
3941,39014391,39317057,302666,68645,515,65
3942,39018466,39317081,298615,68645,443,66
3943,39020377,39317527,297150,68645,443,67
3944,39021446,39318188,296742,68645,443,68
3945,39022125,39318283,296158,68645,392,68
3946,39032371,39319091,286720,68645,392,69
3947,39040136,39319121,278985,68645,382,70
3948,39040138,39319138,279000,68645,382,70
3949,39040178,39319151,278973,68645,382,70
3950,39040847,39319469,278622,68645,341,70
3951,39041290,39319630,278340,68645,330,70
3952,39044289,39319669,275380,68645,328,71
3953,39053293,39319742,266449,68645,318,72
3954,39076539,39319754,243215,68645,310,73
3955,39077192,39319781,242589,68645,226,73
3956,39077248,39319790,242542,68645,226,73
3957,39081948,39319817,237869,68645,222,74
3958,39087684,39320218,232534,68645,222,75
3959,39095970,39320251,224281,68645,197,76
3960,39096298,39349738,253440,68645,197,75
3961,39097109,39350043,252934,68645,197,75
3962,39098170,39350049,251879,68645,195,76
3963,39100382,39350545,250163,68645,195,77
3964,39103745,39351454,247709,68645,195,78
3965,39133118,39363859,230741,68645,195,78
3966,39133189,39363952,230763,68645,195,78
3967,39133210,39363987,230777,68645,195,78
3968,39133212,39364054,230842,68645,195,78
3969,39133318,39364262,230944,68645,197,78
3970,39142298,39373990,231692,68645,197,78
3971,39145260,39374351,229091,68645,197,79
3972,39145457,39374429,228972,68645,195,79
3973,39145978,39374551,228573,68645,180,79
3974,39146131,39376149,230018,68645,195,78
3975,39147683,39377856,230173,68645,195,78
3976,39149025,39381680,232655,68645,195,78
3977,39151176,39381737,230561,68645,180,79
3978,39152126,39381881,229755,68645,161,79
3979,39152256,39382599,230343,68645,180,79
3980,39152384,39384403,232019,68645,195,78
3981,39152606,39387375,234769,68645,195,77
3982,39152615,39387599,234984,68645,208,77
3983,39152719,39388476,235757,68645,224,77
3984,39152914,39388593,235679,68645,224,77
3985,39153094,39388764,235670,68645,224,77
3986,39153486,39388791,235305,68645,208,77
3987,39155600,39388977,233377,68645,186,78
3988,39156219,39389430,233211,68645,186,78
3989,39224864,39396954,172090,41743,186,78
3990,39227659,39398813,171154,41743,186,78
3991,39231276,39399183,167907,41743,186,79
3992,39231586,39399560,167974,41743,186,79
3993,39231684,39399696,168012,41743,186,79
3994,39231781,39399881,168100,41743,186,79
3995,39233510,39403087,169577,41743,186,79
3996,39235801,39405517,169716,41743,186,79
3997,39237492,39430968,193476,41743,186,79
3998,39238381,39436915,198534,41743,186,78
3999,39239182,39454123,214941,41743,186,77
4000,39241722,39454769,213047,41743,186,78
4001,39242311,39456276,213965,41743,186,77
4002,39242356,39456661,214305,41743,208,77
4003,39242998,39456857,213859,41743,196,77
4004,39243513,39457585,214072,41743,196,77
4005,39243854,39457880,214026,41743,196,77
4006,39244436,39476473,232037,41743,196,76
4007,39244500,39483946,239446,41743,208,75
4008,39244830,39486441,241611,41743,208,74
4009,39244954,39487185,242231,41743,224,74
4010,39244960,39487187,242227,41743,224,74
4011,39245073,39487961,242888,41743,226,74
4012,39245122,39488444,243322,41743,295,74
4013,39245127,39488750,243623,41743,305,74
4014,39245149,39488824,243675,41743,305,74
4015,39245531,39489378,243847,41743,305,74
4016,39248032,39491890,243858,41743,305,74
4017,39289775,39499728,209953,29487,305,74
4018,39291339,39502035,210696,29487,305,74
4019,39292152,39502059,209907,29487,295,74
4020,39292260,39502096,209836,29487,295,74
4021,39294534,39502197,207663,29487,226,75
4022,39313848,39502233,188385,29487,224,76
4023,39313946,39502242,188296,29487,224,76
4024,39313949,39502402,188453,29487,224,76
4025,39314018,39502411,188393,29487,224,76
4026,39314063,39502424,188361,29487,224,76
4027,39314705,39502615,187910,29487,208,76
4028,39315257,39502841,187584,29487,208,76
4029,39315357,39514055,198698,29487,224,75
4030,39315402,39514626,199224,29487,226,75
4031,39315462,39519362,203900,29487,226,74
4032,39315464,39519760,204296,29487,295,74
4033,39316628,39520309,203681,29487,295,75
4034,39316689,39520369,203680,29487,295,75
4035,39316725,39520425,203700,29487,295,75
4036,39316951,39520490,203539,29487,295,75
4037,39317003,39520542,203539,29487,295,75
4038,39317013,39520545,203532,29487,295,75
4039,39317017,39520699,203682,29487,295,75
4040,39317057,39521187,204130,29487,305,75
4041,39317081,39521828,204747,29487,306,75
4042,39317527,39522620,205093,29487,306,75
4043,39318188,39523232,205044,29487,306,75
4044,39318283,39529247,210964,29487,318,74
4045,39319091,39531432,212341,29487,318,73
4046,39319121,39532303,213182,29487,361,73
4047,39319138,39532760,213622,29487,370,73
4048,39319151,39532897,213746,29487,370,73
4049,39319469,39532909,213440,29487,370,73
4050,39319630,39532922,213292,29487,370,73
4051,39319669,39532933,213264,29487,370,73
4052,39319742,39532981,213239,29487,370,73
4053,39319754,39533936,214182,29487,377,73
4054,39319781,39534322,214541,29487,385,73
4055,39319790,39534330,214540,29487,385,73
4056,39319817,39534799,214982,29487,386,73
4057,39320218,39534984,214766,29487,385,73
4058,39320251,39535046,214795,29487,385,73
4059,39349738,39535198,185460,25451,377,74
4060,39350043,39537206,187163,25451,385,73
4061,39350049,39538753,188704,25451,386,72
4062,39350545,39555147,204602,25451,386,71
4063,39351454,39557552,206098,25451,386,70
4064,39363859,39557980,194121,25451,386,71
4065,39363952,39558181,194229,25451,386,71
4066,39363987,39558234,194247,25451,386,71
4067,39364054,39558662,194608,25451,398,71
4068,39364262,39559920,195658,25451,428,70
4069,39373990,39561227,187237,25451,428,70
4070,39374351,39570580,196229,25451,428,69
4071,39374429,39570648,196219,25451,428,69
4072,39374551,39570706,196155,25451,428,69
4073,39376149,39570916,194767,25451,428,70
4074,39377856,39610568,232712,39652,428,70
4075,39381680,39623111,241431,39652,428,70
4076,39381737,39625834,244097,39652,428,69
4077,39381881,39625991,244110,39652,428,69
4078,39382599,39643315,260716,39652,428,68
4079,39384403,39645713,261310,39652,428,68
4080,39387375,39646601,259226,39652,428,69
4081,39387599,39646809,259210,39652,428,69
4082,39388476,39646859,258383,39652,428,69
4083,39388593,39647869,259276,39652,428,68
4084,39388764,39649567,260803,39652,453,67
4085,39388791,39649699,260908,39652,453,67
4086,39388977,39649841,260864,39652,453,67
4087,39389430,39650773,261343,39652,457,67
4088,39396954,39652329,255375,39652,457,67
4089,39398813,39654925,256112,39652,457,67
4090,39399183,39655466,256283,39652,469,67
4091,39399560,39655591,256031,39652,469,67
4092,39399696,39656852,257156,39652,483,66
4093,39399881,39657163,257282,39652,483,66
4094,39403087,39658051,254964,39652,483,67
4095,39405517,39658119,252602,39652,469,68
4096,39430968,39660036,229068,39652,469,68
4097,39436915,39661937,225022,39652,469,68
4098,39454123,39662145,208022,39652,457,69
4099,39454769,39662288,207519,39652,428,69
4100,39456276,39662507,206231,39652,428,70
4101,39456661,39662701,206040,39652,428,70
4102,39456857,39663152,206295,39652,428,70
4103,39457585,39664703,207118,39652,428,69
4104,39457880,39664831,206951,39652,428,69
4105,39476473,39664886,188413,39652,428,70
4106,39483946,39665573,181627,39652,428,71
4107,39486441,39668561,182120,39652,428,71
4108,39487185,39676182,188997,39652,428,70
4109,39487187,39677443,190256,39652,428,69
4110,39487961,39679181,191220,39652,428,68
4111,39488444,39679283,190839,39652,428,68
4112,39488750,39683500,194750,39652,428,67
4113,39488824,39683621,194797,39652,428,67
4114,39489378,39685515,196137,39652,428,66
4115,39491890,39685807,193917,39652,428,67
4116,39499728,39686168,186440,39652,398,68
4117,39502035,39686311,184276,39652,386,69
4118,39502059,39686516,184457,39652,386,69
4119,39502096,39688719,186623,39652,398,68
4120,39502197,39743621,241424,54902,428,67
4121,39502233,39875309,373076,131688,428,66
4122,39502242,39893534,391292,131688,451,65
4123,39502402,39893573,391171,131688,451,65
4124,39502411,39893836,391425,131688,451,65
4125,39502424,39900403,397979,131688,457,64
4126,39502615,39900763,398148,131688,457,64
4127,39502841,39901032,398191,131688,457,64
4128,39514055,39901044,386989,131688,451,65
4129,39514626,39926625,411999,131688,451,64
4130,39519362,39959728,440366,131688,451,64
4131,39519760,39983809,464049,131688,457,63
4132,39520309,39994260,473951,131688,457,62
4133,39520369,39994591,474222,131688,457,62
4134,39520425,39994730,474305,131688,457,62
4135,39520490,39994749,474259,131688,457,62
4136,39520542,39994953,474411,131688,457,62
4137,39520545,39995430,474885,131688,469,62
4138,39520699,39995485,474786,131688,469,62
4139,39521187,39995613,474426,131688,457,62
4140,39521828,40008953,487125,131688,457,61
4141,39522620,40010045,487425,131688,457,60
4142,39523232,40019327,496095,131688,457,59
4143,39529247,40021281,492034,131688,457,59
4144,39531432,40021375,489943,131688,451,60
4145,39532303,40021534,489231,131688,428,60
4146,39532760,40021756,488996,131688,428,60
4147,39532897,40021865,488968,131688,428,60
4148,39532909,40023853,490944,131688,428,59
4149,39532922,40024983,492061,131688,451,58
4150,39532933,40029735,496802,131688,469,57
4151,39532981,40041192,508211,131688,477,56
4152,39533936,40041419,507483,131688,469,56
4153,39534322,40043392,509070,131688,477,55
4154,39534330,40044318,509988,131688,541,55
4155,39534799,40044550,509751,131688,541,55
4156,39534984,40044618,509634,131688,541,55
4157,39535046,40044662,509616,131688,541,55
4158,39535198,40044678,509480,131688,541,55
4159,39537206,40044683,507477,131688,477,56
4160,39538753,40044738,505985,131688,451,57
4161,39555147,40044762,489615,131688,428,58
4162,39557552,40045805,488253,131688,428,58
4163,39557980,40046420,488440,131688,451,58
4164,39558181,40177050,618869,131688,477,57
4165,39558234,40177200,618966,131688,477,57
4166,39558662,40177758,619096,131688,541,57
4167,39559920,40193888,633968,131688,541,57
4168,39561227,40324627,763400,131688,541,57
4169,39570580,40324629,754049,131688,477,58
4170,39570648,40346079,775431,131688,541,57
4171,39570706,40346262,775556,131688,541,57
4172,39570916,40346264,775348,131688,541,57
4173,39610568,40346323,735755,131688,477,58
4174,39623111,40346370,723259,131688,451,59
4175,39625834,40346400,720566,131688,361,60
4176,39625991,40346423,720432,131688,361,60
4177,39643315,40346573,703258,131688,360,61
4178,39645713,40346698,700985,131688,331,62
4179,39646601,40346939,700338,131688,311,62
4180,39646809,40347233,700424,131688,311,62
4181,39646859,40347855,700996,131688,331,62
4182,39647869,40350417,702548,131688,331,62
4183,39649567,40370067,720500,131688,331,62
4184,39649699,40370465,720766,131688,360,62
4185,39649841,40370477,720636,131688,360,62
4186,39650773,40370506,719733,131688,331,62
4187,39652329,40370521,718192,131688,311,63
4188,39654925,40370523,715598,131688,294,64
4189,39655466,40370545,715079,131688,292,64
4190,39655591,40370653,715062,131688,292,64
4191,39656852,40370666,713814,131688,269,65
4192,39657163,40370679,713516,131688,263,65
4193,39658051,40371214,713163,131688,263,65
4194,39658119,40408823,750704,131688,269,64
4195,39660036,40409791,749755,131688,269,65
4196,39661937,40411045,749108,131688,269,65
4197,39662145,40418427,756282,131688,292,64
4198,39662288,40418874,756586,131688,294,64
4199,39662507,40418962,756455,131688,294,64
4200,39662701,40419097,756396,131688,294,64
4201,39663152,40419898,756746,131688,294,64
4202,39664703,40632972,968269,213074,294,64
4203,39664831,40636126,971295,213074,331,63
4204,39664886,40636688,971802,213074,360,63
4205,39665573,40636713,971140,213074,331,63
4206,39668561,40636798,968237,213074,294,64
4207,39676182,40636804,960622,213074,292,65
4208,39677443,40636825,959382,213074,269,66
4209,39679181,40636829,957648,213074,263,67
4210,39679283,40636987,957704,213074,263,67
4211,39683500,40637158,953658,213074,241,68
4212,39683621,40637383,953762,213074,241,68
4213,39685515,40637633,952118,213074,241,69
4214,39685807,40652470,966663,213074,241,68
4215,39686168,40678799,992631,213074,241,67
4216,39686311,40678987,992676,213074,241,67
4217,39686516,40679003,992487,213074,241,67
4218,39688719,40679424,990705,213074,241,68
4219,39743621,40679669,936048,213074,241,69
4220,39875309,40679988,804679,213074,241,70
4221,39893534,40682011,788477,213074,241,70
4222,39893573,40770354,876781,213074,245,69
4223,39893836,40787470,893634,213074,245,68
4224,39900403,40789260,888857,213074,245,68
4225,39900763,40789279,888516,213074,241,68
4226,39901032,40789411,888379,213074,232,68
4227,39901044,40790065,889021,213074,241,68
4228,39926625,40818853,892228,213074,241,68
4229,39959728,40818932,859204,213074,232,69
4230,39983809,40819239,835430,213074,232,70
4231,39994260,40819353,825093,213074,227,71
4232,39994591,40819466,824875,213074,225,71
4233,39994730,40819490,824760,213074,225,71
4234,39994749,40819536,824787,213074,225,71
4235,39994953,40819552,824599,213074,225,71
4236,39995430,40819555,824125,213074,222,71
4237,39995485,40819565,824080,213074,222,71
4238,39995613,40819820,824207,213074,225,71
4239,40008953,40820312,811359,213074,225,72
4240,40010045,40852898,842853,213074,225,72
4241,40019327,40855624,836297,213074,225,72
4242,40021281,40856160,834879,213074,225,73
4243,40021375,40856221,834846,213074,225,73
4244,40021534,40856627,835093,213074,227,73
4245,40021756,40856666,834910,213074,227,73
4246,40021865,40856770,834905,213074,227,73
4247,40023853,40856780,832927,213074,225,74
4248,40024983,40856802,831819,213074,188,75
4249,40029735,40856880,827145,213074,183,76
4250,40041192,40856906,815714,213074,171,77
4251,40041419,40856909,815490,213074,158,77
4252,40043392,40856955,813563,213074,150,78
4253,40044318,40856959,812641,213074,150,78
4254,40044550,40857161,812611,213074,150,78
4255,40044618,40857217,812599,213074,150,78
4256,40044662,40857263,812601,213074,150,78
4257,40044678,40861835,817157,213074,150,77
4258,40044683,40862262,817579,213074,158,77
4259,40044738,40926445,881707,213074,171,76
4260,40044762,40949974,905212,213074,183,75
4261,40045805,40950944,905139,213074,183,76
4262,40046420,40951236,904816,213074,183,76
4263,40177050,40951263,774213,213074,171,77
4264,40177200,40951270,774070,213074,171,77
4265,40177758,40951377,773619,213074,158,77
4266,40193888,40951459,757571,213074,150,78
4267,40324627,40951754,627127,213074,150,79
4268,40324629,40952218,627589,213074,158,79
4269,40346079,41018079,672000,213074,158,79
4270,40346262,41021313,675051,213074,158,78
4271,40346264,41022127,675863,213074,171,78
4272,40346323,41022738,676415,213074,188,78
4273,40346370,41022969,676599,213074,202,78
4274,40346400,41062251,715851,213074,225,77
4275,40346423,41064011,717588,213074,231,76
4276,40346573,41064163,717590,213074,231,76
4277,40346698,41064236,717538,213074,231,76
4278,40346939,41065848,718909,213074,231,75
4279,40347233,41067766,720533,213074,231,74
4280,40347855,41090831,742976,213074,231,73
4281,40350417,41091069,740652,213074,231,74
4282,40370067,41091279,721212,213074,225,75
4283,40370465,41091730,721265,213074,225,75
4284,40370477,41091736,721259,213074,225,75
4285,40370506,41091757,721251,213074,225,75
4286,40370521,41092746,722225,213074,231,75
4287,40370523,41093047,722524,213074,238,75
4288,40370545,41094336,723791,213074,245,74
4289,40370653,41096003,725350,213074,250,73
4290,40370666,41117215,746549,213074,255,72
4291,40370679,41160687,790008,213074,292,71
4292,40371214,41176920,805706,213074,292,70
4293,40408823,41176956,768133,213074,255,71
4294,40409791,41177042,767251,213074,250,71
4295,40411045,41177122,766077,213074,245,72
4296,40418427,41177151,758724,213074,238,73
4297,40418874,41177172,758298,213074,231,73
4298,40418962,41194475,775513,213074,238,72
4299,40419097,41196999,777902,213074,245,71
4300,40419898,41197262,777364,213074,245,71
4301,40632972,41197481,564509,88343,238,72
4302,40636126,41197908,561782,88343,238,73
4303,40636688,41197983,561295,88343,231,73
4304,40636713,41201317,564604,88343,238,72
4305,40636798,41204974,568176,88343,245,71
4306,40636804,41205066,568262,88343,245,71
4307,40636825,41205081,568256,88343,245,71
4308,40636829,41205122,568293,88343,245,71
4309,40636987,41205156,568169,88343,245,71
4310,40637158,41205251,568093,88343,245,71
4311,40637383,41205262,567879,88343,245,71
4312,40637633,41205294,567661,88343,238,71
4313,40652470,41205303,552833,88343,231,72
4314,40678799,41205306,526507,88343,219,73
4315,40678987,41205348,526361,88343,219,73
4316,40679003,41205577,526574,88343,229,73
4317,40679424,41217688,538264,88343,229,72
4318,40679669,41217786,538117,88343,219,72
4319,40679988,41229607,549619,88343,219,71
4320,40682011,41230390,548379,88343,219,72
4321,40770354,41234978,464624,65861,219,72
4322,40787470,41237215,449745,65861,219,72
4323,40789260,41237628,448368,65861,219,73
4324,40789279,41238222,448943,65861,229,73
4325,40789411,41238443,449032,65861,229,73
4326,40790065,41238740,448675,65861,229,73
4327,40818853,41239544,420691,65861,229,74
4328,40818932,41240937,422005,65861,231,73
4329,40819239,41241076,421837,65861,229,73
4330,40819353,41241350,421997,65861,231,73
4331,40819466,41245883,426417,65861,238,72
4332,40819490,41282819,463329,65861,255,71
4333,40819536,41285650,466114,65861,263,70
4334,40819552,41286098,466546,65861,274,70
4335,40819555,41286220,466665,65861,274,70
4336,40819565,41286259,466694,65861,274,70
4337,40819820,41286263,466443,65861,274,70
4338,40820312,41286274,465962,65861,263,70
4339,40852898,41286337,433439,65861,238,71
4340,40855624,41286339,430715,65861,231,72
4341,40856160,41286344,430184,65861,229,72
4342,40856221,41286461,430240,65861,229,72
4343,40856627,41286536,429909,65861,221,72
4344,40856666,41286538,429872,65861,221,72
4345,40856770,41288456,431686,65861,229,71
4346,40856780,41288702,431922,65861,231,71
4347,40856802,41301180,444378,65861,238,70
4348,40856880,41301225,444345,65861,238,70
4349,40856906,41301275,444369,65861,238,70
4350,40856909,41301406,444497,65861,238,70
4351,40856955,41301411,444456,65861,238,70
4352,40856959,41301557,444598,65861,238,70
4353,40857161,41301626,444465,65861,238,70
4354,40857217,41301997,444780,65861,246,70
4355,40857263,41302450,445187,65861,263,70
4356,40861835,41305759,443924,65861,263,70
4357,40862262,41311105,448843,65861,263,69
4358,40926445,41343525,417080,65861,263,69
4359,40949974,41345888,395914,65861,263,69
4360,40950944,41345973,395029,65861,246,69
4361,40951236,41346031,394795,65861,238,69
4362,40951263,41346082,394819,65861,238,69
4363,40951270,41346109,394839,65861,238,69
4364,40951377,41347604,396227,65861,246,68
4365,40951459,41348826,397367,65861,263,67
4366,40951754,41349217,397463,65861,263,67
4367,40952218,41366298,414080,65861,263,66
4368,41018079,41367089,349010,43472,263,67
4369,41021313,41367124,345811,43472,246,68
4370,41022127,41367249,345122,43472,238,68
4371,41022738,41367251,344513,43472,231,68
4372,41022969,41367262,344293,43472,229,68
4373,41062251,41367276,305025,43472,221,69
4374,41064011,41367366,303355,43472,219,70
4375,41064163,41367413,303250,43472,219,70
4376,41064236,41367432,303196,43472,219,70
4377,41065848,41367508,301660,43472,210,71
4378,41067766,41380839,313073,43472,210,71
4379,41090831,41381500,290669,43472,210,72
4380,41091069,41381654,290585,43472,154,72
4381,41091279,41381751,290472,43472,146,72
4382,41091730,41381775,290045,43472,139,72
4383,41091736,41381800,290064,43472,139,72
4384,41091757,41381813,290056,43472,139,72
4385,41092746,41381843,289097,43472,131,72
4386,41093047,41381892,288845,43472,125,72
4387,41094336,41382254,287918,43472,125,73
4388,41096003,41383347,287344,43472,125,73
4389,41117215,41392397,275182,43472,125,73
4390,41160687,41396074,235387,36936,125,73
4391,41176920,41398791,221871,36936,125,73
4392,41176956,41410447,233491,36936,131,72
4393,41177042,41412985,235943,36936,139,71
4394,41177122,41413545,236423,36936,146,71
4395,41177151,41413907,236756,36936,154,71
4396,41177172,41414225,237053,36936,219,71
4397,41194475,41414661,220186,36936,219,72
4398,41196999,41418249,221250,36936,219,72
4399,41197262,41436109,238847,36936,219,71
4400,41197481,41436113,238632,36936,154,71
4401,41197908,41437275,239367,36936,154,70
4402,41197983,41444288,246305,36936,221,69
4403,41201317,41445815,244498,36936,221,69
4404,41204974,41446837,241863,36936,221,69
4405,41205066,41446841,241775,36936,221,69
4406,41205081,41447107,242026,36936,229,69
4407,41205122,41447121,241999,36936,229,69
4408,41205156,41447193,242037,36936,229,69
4409,41205251,41447200,241949,36936,229,69
4410,41205262,41447202,241940,36936,229,69
4411,41205294,41447229,241935,36936,229,69
4412,41205303,41447730,242427,36936,246,69
4413,41205306,41448431,243125,36936,266,69
4414,41205348,41449210,243862,36936,274,69
4415,41205577,41460234,254657,36936,297,68
4416,41217688,41467521,249833,36936,297,68
4417,41217786,41468676,250890,36936,318,67
4418,41229607,41468730,239123,36936,297,68
4419,41230390,41468758,238368,36936,274,68
4420,41234978,41468786,233808,36936,266,69
4421,41237215,41468801,231586,36936,246,70
4422,41237628,41468878,231250,36936,221,70
4423,41238222,41468969,230747,36936,154,70
4424,41238443,41468979,230536,36936,146,70
4425,41238740,41469047,230307,36936,139,70
4426,41239544,41469071,229527,36936,131,70
4427,41240937,41469096,228159,36936,125,71
4428,41241076,41469121,228045,36936,122,71
4429,41241350,41469174,227824,36936,117,71
4430,41245883,41469614,223731,36936,117,72
4431,41282819,41472546,189727,32420,117,72
4432,41285650,41527369,241719,54823,117,72
4433,41286098,41528683,242585,54823,117,71
4434,41286220,41541248,255028,54823,117,70
4435,41286259,41543252,256993,54823,125,69
4436,41286263,41543977,257714,54823,131,69
4437,41286274,41544472,258198,54823,146,69
4438,41286337,41544638,258301,54823,154,69
4439,41286339,41544647,258308,54823,154,69
4440,41286344,41544693,258349,54823,154,69
4441,41286461,41544851,258390,54823,158,69
4442,41286536,41560436,273900,54823,166,68
4443,41286538,41560806,274268,54823,246,68
4444,41288456,41560850,272394,54823,166,69
4445,41288702,41560857,272155,54823,158,69
4446,41301180,41560983,259803,54823,154,70
4447,41301225,41561439,260214,54823,158,70
4448,41301275,41574950,273675,54823,166,69
4449,41301406,41587794,286388,54823,266,68
4450,41301411,41589638,288227,54823,318,67
4451,41301557,41589817,288260,54823,318,67
4452,41301626,41589828,288202,54823,318,67
4453,41301997,41589882,287885,54823,266,67
4454,41302450,41589897,287447,54823,179,67
4455,41305759,41589992,284233,54823,166,68
4456,41311105,41590009,278904,54823,158,69
4457,41343525,41590063,246538,54823,154,70
4458,41345888,41590247,244359,54823,154,71
4459,41345973,41590329,244356,54823,154,71
4460,41346031,41590331,244300,54823,154,71
4461,41346082,41600947,254865,54823,158,70
4462,41346109,41620203,274094,54823,166,69
4463,41347604,41620427,272823,54823,166,70
4464,41348826,41620551,271725,54823,158,71
4465,41349217,41620980,271763,54823,158,71
4466,41366298,41620987,254689,54823,154,72
4467,41367089,41620994,253905,54823,126,72
4468,41367124,41620996,253872,54823,126,72
4469,41367249,41621075,253826,54823,126,72
4470,41367251,41621118,253867,54823,126,72
4471,41367262,41621227,253965,54823,126,72
4472,41367276,41621239,253963,54823,126,72
4473,41367366,41621290,253924,54823,126,72
4474,41367413,41621413,254000,54823,126,72
4475,41367432,41621501,254069,54823,126,72
4476,41367508,41621779,254271,54823,154,72
4477,41380839,41622034,241195,54823,154,73
4478,41381500,41663828,282328,54823,154,72
4479,41381654,41666787,285133,54823,158,71
4480,41381751,41666934,285183,54823,158,71
4481,41381775,41667024,285249,54823,158,71
4482,41381800,41674662,292862,54823,166,70
4483,41381813,41678915,297102,54823,179,69
4484,41381843,41682213,300370,54823,184,68
4485,41381892,41682326,300434,54823,184,68
4486,41382254,41682361,300107,54823,179,68
4487,41383347,41682384,299037,54823,166,69
4488,41392397,41682563,290166,54823,166,70
4489,41396074,41683289,287215,54823,166,71
4490,41398791,41683309,284518,54823,158,72
4491,41410447,41688218,277771,54823,158,72
4492,41412985,41688702,275717,54823,158,73
4493,41413545,41688833,275288,54823,147,73
4494,41413907,41688859,274952,54823,131,73
4495,41414225,41688916,274691,54823,126,73
4496,41414661,41688930,274269,54823,124,73
4497,41418249,41688970,270721,54823,123,74
4498,41436109,41688999,252890,54823,113,75
4499,41436113,41689009,252896,54823,113,75
4500,41437275,41689079,251804,54823,109,76
4501,41444288,41690187,245899,54823,109,76
4502,41445815,41690542,244727,54823,109,77
4503,41446837,41690817,243980,54823,109,78
4504,41446841,41697153,250312,54823,113,77
4505,41447107,41697976,250869,54823,113,77
4506,41447121,41698184,251063,54823,123,77
4507,41447193,41698892,251699,54823,124,77
4508,41447200,41699343,252143,54823,126,77
4509,41447202,41699364,252162,54823,126,77
4510,41447229,41699426,252197,54823,126,77
4511,41447730,41699437,251707,54823,124,77
4512,41448431,41699532,251101,54823,123,77
4513,41449210,41699769,250559,54823,123,77
4514,41460234,41699956,239722,54823,123,78
4515,41467521,41701578,234057,54823,123,78
4516,41468676,41799059,330383,97481,123,78
4517,41468730,41799968,331238,97481,124,78
4518,41468758,41800183,331425,97481,126,78
4519,41468786,41800206,331420,97481,126,78
4520,41468801,41800516,331715,97481,131,78
4521,41468878,41800581,331703,97481,131,78
4522,41468969,41800589,331620,97481,131,78
4523,41468979,41800594,331615,97481,131,78
4524,41469047,41800596,331549,97481,131,78
4525,41469071,41800651,331580,97481,131,78
4526,41469096,41800723,331627,97481,131,78
4527,41469121,41800956,331835,97481,147,78
4528,41469174,41801034,331860,97481,147,78
4529,41469614,41822736,353122,97481,147,77
4530,41472546,41829434,356888,97481,147,77
4531,41527369,41830833,303464,97481,147,77
4532,41528683,41832695,304012,97481,147,77
4533,41541248,41832720,291472,97481,131,78
4534,41543252,41832815,289563,97481,126,79
4535,41543977,41832967,288990,97481,126,79
4536,41544472,41832985,288513,97481,124,79
4537,41544638,41832990,288352,97481,123,79
4538,41544647,41832994,288347,97481,123,79
4539,41544693,41833208,288515,97481,124,79
4540,41544851,41833320,288469,97481,123,79
4541,41560436,41833979,273543,97481,123,80
4542,41560806,41836156,275350,97481,123,79
4543,41560850,41899663,338813,97481,124,78
4544,41560857,41900549,339692,97481,126,78
4545,41560983,41900815,339832,97481,131,78
4546,41561439,41900822,339383,97481,124,78
4547,41574950,41900873,325923,97481,123,79
4548,41587794,41900937,313143,97481,113,80
4549,41589638,41906142,316504,97481,113,80
4550,41589817,41908327,318510,97481,113,79
4551,41589828,41908576,318748,97481,123,79
4552,41589882,41909614,319732,97481,124,78
4553,41589897,41910585,320688,97481,131,78
4554,41589992,41910947,320955,97481,147,78
4555,41590009,41912020,322011,97481,152,77
4556,41590063,41913394,323331,97481,179,76
4557,41590247,41914472,324225,97481,179,75
4558,41590329,41914842,324513,97481,187,75
4559,41590331,41914870,324539,97481,187,75
4560,41600947,41915035,314088,97481,179,76
4561,41620203,41915227,295024,97481,179,77
4562,41620427,41915317,294890,97481,165,77
4563,41620551,41915370,294819,97481,165,77
4564,41620980,41915630,294650,97481,165,77
4565,41620987,41917565,296578,97481,179,76
4566,41620994,41917939,296945,97481,187,76
4567,41620996,41919638,298642,97481,192,75
4568,41621075,41919994,298919,97481,208,75
4569,41621118,41920172,299054,97481,208,75
4570,41621227,41920477,299250,97481,214,75
4571,41621239,41923805,302566,97481,215,74
4572,41621290,41925083,303793,97481,233,73
4573,41621413,41926142,304729,97481,237,72
4574,41621501,41926498,304997,97481,249,72
4575,41621779,41926735,304956,97481,237,72
4576,41622034,41927355,305321,97481,237,72
4577,41663828,41927393,263565,97481,237,73
4578,41666787,41928277,261490,97481,237,74
4579,41666934,41929440,262506,97481,237,73
4580,41667024,41939017,271993,97481,249,72
4581,41674662,41940865,266203,97481,249,72
4582,41678915,41945944,267029,97481,249,72
4583,41682213,41946523,264310,97481,249,73
4584,41682326,41946934,264608,97481,260,73
4585,41682361,41947095,264734,97481,260,73
4586,41682384,41947222,264838,97481,260,73
4587,41682563,41947249,264686,97481,260,73
4588,41683289,41947257,263968,97481,249,73
4589,41683309,41947273,263964,97481,249,73
4590,41688218,41947298,259080,97481,237,74
4591,41688702,41951268,262566,97481,237,73
4592,41688833,41951902,263069,97481,249,73
4593,41688859,41951987,263128,97481,249,73
4594,41688916,41952009,263093,97481,249,73
4595,41688930,41956633,267703,97481,260,72
4596,41688970,41957667,268697,97481,266,71
4597,41688999,41957754,268755,97481,266,71
4598,41689009,41960809,271800,97481,275,70
4599,41689079,41976512,287433,97481,305,69
4600,41690187,41976524,286337,97481,275,70
4601,41690542,41976663,286121,97481,266,70
4602,41690817,41976996,286179,97481,266,70
4603,41697153,41977025,279872,97481,260,71
4604,41697976,41977197,279221,97481,249,71
4605,41698184,41977294,279110,97481,249,71
4606,41698892,41977369,278477,97481,237,71
4607,41699343,41980427,281084,97481,237,70
4608,41699364,41995146,295782,97481,249,69
4609,41699426,41996768,297342,97481,260,68
4610,41699437,41998044,298607,97481,266,67
4611,41699532,41998370,298838,97481,305,67
4612,41699769,41998378,298609,97481,305,67
4613,41699956,41998586,298630,97481,305,67
4614,41701578,41998634,297056,97481,266,68
4615,41799059,41998655,199596,63507,260,69
4616,41799968,41998849,198881,63507,249,69
4617,41800183,41999063,198880,63507,249,69
4618,41800206,41999231,199025,63507,249,69
4619,41800516,41999336,198820,63507,237,69
4620,41800581,42001388,200807,63507,249,68
4621,41800589,42027475,226886,63507,260,67
4622,41800594,42067907,267313,63507,266,66
4623,41800596,42070341,269745,63507,305,65
4624,41800651,42070580,269929,63507,305,65
4625,41800723,42070749,270026,63507,305,65
4626,41800956,42070847,269891,63507,305,65
4627,41801034,42070861,269827,63507,305,65
4628,41822736,42070863,248127,63507,266,66
4629,41829434,42070891,241457,63507,260,67
4630,41830833,42071009,240176,63507,249,68
4631,41832695,42071090,238395,63507,239,69
4632,41832720,42071116,238396,63507,239,69
4633,41832815,42071248,238433,63507,239,69
4634,41832967,42073752,240785,63507,249,68
4635,41832985,42073972,240987,63507,249,68
4636,41832990,42074119,241129,63507,249,68
4637,41832994,42074447,241453,63507,260,68
4638,41833208,42074490,241282,63507,260,68
4639,41833320,42077465,244145,63507,266,67
4640,41833979,42077786,243807,63507,266,67
4641,41836156,42078652,242496,63507,266,68
4642,41899663,42079115,179452,40432,266,69
4643,41900549,42079131,178582,40432,260,69
4644,41900815,42079446,178631,40432,260,69
4645,41900822,42079638,178816,40432,260,69
4646,41900873,42079679,178806,40432,260,69
4647,41900937,42079689,178752,40432,260,69
4648,41906142,42079693,173551,40432,249,70
4649,41908327,42079745,171418,40432,239,71
4650,41908576,42080076,171500,40432,239,71
4651,41909614,42083356,173742,40432,239,71
4652,41910585,42085774,175189,40432,239,70
4653,41910947,42087262,176315,40432,239,69
4654,41912020,42090495,178475,40432,239,69
4655,41913394,42090739,177345,40432,239,70
4656,41914472,42090884,176412,40432,237,71
4657,41914842,42090916,176074,40432,220,71
4658,41914870,42090920,176050,40432,220,71
4659,41915035,42090932,175897,40432,220,71
4660,41915227,42090952,175725,40432,220,71
4661,41915317,42090955,175638,40432,220,71
4662,41915370,42090987,175617,40432,220,71
4663,41915630,42091118,175488,40432,214,71
4664,41917565,42091141,173576,40432,208,72
4665,41917939,42091355,173416,40432,208,72
4666,41919638,42091536,171898,40432,194,73
4667,41919994,42128594,208600,40432,194,72
4668,41920172,42128982,208810,40432,208,72
4669,41920477,42129204,208727,40432,208,72
4670,41923805,42129746,205941,40432,208,73
4671,41925083,42130617,205534,40432,208,74
4672,41926142,42131059,204917,40432,208,75
4673,41926498,42131609,205111,40432,208,75
4674,41926735,42131682,204947,40432,194,75
4675,41927355,42140364,213009,40432,194,74
4676,41927393,42142905,215512,40432,208,73
4677,41928277,42142987,214710,40432,194,73
4678,41929440,42143476,214036,40432,194,74
4679,41939017,42144341,205324,40432,194,75
4680,41940865,42145251,204386,40432,194,76
4681,41945944,42150145,204201,40432,194,76
4682,41946523,42152365,205842,40432,194,75
4683,41946934,42152792,205858,40432,194,75
4684,41947095,42152801,205706,40432,194,75
4685,41947222,42152877,205655,40432,194,75
4686,41947249,42153143,205894,40432,208,75
4687,41947257,42154479,207222,40432,214,74
4688,41947273,42160876,213603,40432,214,73
4689,41947298,42167198,219900,40432,220,72
4690,41951268,42179625,228357,40432,220,72
4691,41951902,42215373,263471,40432,220,71
4692,41951987,42216314,264327,40432,222,71
4693,41952009,42216636,264627,40432,239,71
4694,41956633,42266132,309499,49496,239,71
4695,41957667,42269777,312110,49496,239,71
4696,41957754,42270159,312405,49496,244,71
4697,41960809,42270658,309849,49496,244,72
4698,41976512,42270668,294156,49496,239,73
4699,41976524,42271038,294514,49496,244,73
4700,41976663,42271889,295226,49496,266,73
4701,41976996,42275403,298407,49496,266,72
4702,41977025,42279993,302968,49496,315,71
4703,41977197,42281963,304766,49496,321,70
4704,41977294,42283438,306144,49496,322,69
4705,41977369,42283571,306202,49496,322,69
4706,41980427,42283798,303371,49496,321,70
4707,41995146,42284313,289167,49496,321,71
4708,41996768,42286167,289399,49496,321,71
4709,41998044,42289728,291684,49496,321,71
4710,41998370,42289952,291582,49496,315,71
4711,41998378,42290013,291635,49496,315,71
4712,41998586,42290049,291463,49496,315,71
4713,41998634,42291549,292915,49496,321,70
4714,41998655,42292832,294177,49496,322,69
4715,41998849,42335056,336207,49496,328,68
4716,41999063,42338082,339019,49496,331,67
4717,41999231,42338452,339221,49496,370,67
4718,41999336,42338606,339270,49496,370,67
4719,42001388,42338689,337301,49496,331,68
4720,42027475,42339470,311995,49496,331,69
4721,42067907,42342479,274572,49496,331,69
4722,42070341,42343850,273509,49496,331,69
4723,42070580,42364641,294061,49496,370,68
4724,42070749,42365279,294530,49496,370,68
4725,42070847,42367809,296962,49496,382,67
4726,42070861,42368013,297152,49496,382,67
4727,42070863,42368384,297521,49496,382,67
4728,42070891,42368540,297649,49496,382,67
4729,42071009,42368754,297745,49496,382,67
4730,42071090,42369132,298042,49496,382,67
4731,42071116,42373073,301957,49496,388,66
4732,42071248,42383087,311839,49496,427,65
4733,42073752,42432119,358367,49496,427,65
4734,42073972,42432380,358408,49496,427,65
4735,42074119,42432405,358286,49496,427,65
4736,42074447,42432409,357962,49496,427,65
4737,42074490,42432412,357922,49496,427,65
4738,42077465,42432441,354976,49496,388,66
4739,42077786,42432510,354724,49496,388,66
4740,42078652,42432940,354288,49496,388,66
4741,42079115,42433742,354627,49496,388,66
4742,42079131,42500243,421112,66501,427,65
4743,42079446,42500567,421121,66501,427,65
4744,42079638,42500682,421044,66501,427,65
4745,42079679,42500840,421161,66501,427,65
4746,42079689,42500979,421290,66501,427,65
4747,42079693,42503411,423718,66501,430,64
4748,42079745,42511585,431840,66501,442,63
4749,42080076,42514123,434047,66501,489,62
4750,42083356,42514171,430815,66501,442,63
4751,42085774,42514330,428556,66501,430,64
4752,42087262,42516011,428749,66501,430,64
4753,42090495,42517920,427425,66501,430,64
4754,42090739,42519647,428908,66501,442,63
4755,42090884,42519671,428787,66501,442,63
4756,42090916,42519839,428923,66501,442,63
4757,42090920,42519884,428964,66501,442,63
4758,42090932,42519892,428960,66501,442,63
4759,42090952,42519898,428946,66501,442,63
4760,42090955,42519902,428947,66501,442,63
4761,42090987,42521245,430258,66501,489,62
4762,42091118,42553520,462402,66501,499,61
4763,42091141,42553587,462446,66501,499,61
4764,42091355,42553592,462237,66501,499,61
4765,42091536,42553721,462185,66501,499,61
4766,42128594,42553733,425139,66501,489,62
4767,42128982,42553804,424822,66501,489,62
4768,42129204,42553823,424619,66501,489,62
4769,42129746,42553940,424194,66501,442,62
4770,42130617,42554289,423672,66501,430,62
4771,42131059,42554370,423311,66501,427,62
4772,42131609,42556726,425117,66501,427,61
4773,42131682,42574607,442925,66501,430,60
4774,42140364,42575930,435566,66501,430,60
4775,42142905,42577871,434966,66501,430,60
4776,42142987,42580143,437156,66501,489,59
4777,42143476,42581863,438387,66501,499,58
4778,42144341,42581911,437570,66501,430,58
4779,42145251,42582058,436807,66501,427,58
4780,42150145,42582088,431943,66501,382,59
4781,42152365,42582107,429742,66501,378,60
4782,42152792,42582113,429321,66501,371,60
4783,42152801,42582237,429436,66501,371,60
4784,42152877,42584631,431754,66501,378,59
4785,42153143,42610535,457392,66501,382,58
4786,42154479,42613189,458710,66501,382,58
4787,42160876,42614435,453559,66501,382,58
4788,42167198,42614698,447500,66501,378,59
4789,42179625,42614946,435321,66501,371,60
4790,42215373,42614999,399626,66501,370,61
4791,42216314,42615005,398691,66501,370,61
4792,42216636,42615022,398386,66501,370,61
4793,42266132,42615024,348892,66501,349,62
4794,42269777,42615048,345271,66501,324,63
4795,42270159,42615084,344925,66501,263,63
4796,42270658,42615178,344520,66501,261,63
4797,42270668,42615279,344611,66501,261,63
4798,42271038,42615539,344501,66501,260,63
4799,42271889,42615579,343690,66501,248,63
4800,42275403,42615813,340410,66501,234,64
4801,42279993,42618914,338921,66501,234,64
4802,42281963,42640328,358365,66501,234,64
4803,42283438,42644715,361277,66501,234,64
4804,42283571,42645140,361569,66501,248,64
4805,42283798,42646873,363075,66501,260,63
4806,42284313,42646904,362591,66501,248,63
4807,42286167,42647125,360958,66501,234,64
4808,42289728,42647264,357536,66501,224,65
4809,42289952,42648065,358113,66501,234,65
4810,42290013,42648381,358368,66501,248,65
4811,42290049,42648782,358733,66501,260,65
4812,42291549,42649203,357654,66501,260,66
4813,42292832,42649205,356373,66501,248,67
4814,42335056,42649519,314463,66501,248,68
4815,42338082,42649524,311442,66501,234,69
4816,42338452,42662121,323669,66501,234,68
4817,42338606,42662350,323744,66501,234,68
4818,42338689,42662686,323997,66501,248,68
4819,42339470,42663014,323544,66501,248,68
4820,42342479,42665176,322697,66501,248,68
4821,42343850,42688979,345129,66501,248,68
4822,42364641,42692720,328079,66501,248,68
4823,42365279,42693035,327756,66501,248,68
4824,42367809,42693333,325524,66501,248,69
4825,42368013,42693541,325528,66501,248,69
4826,42368384,42693909,325525,66501,248,69
4827,42368540,42693914,325374,66501,248,69
4828,42368754,42697444,328690,66501,260,68
4829,42369132,42717035,347903,66501,260,67
4830,42373073,42719931,346858,66501,260,67
4831,42383087,42720071,336984,66501,248,68
4832,42432119,42720411,288292,66501,248,69
4833,42432380,42720632,288252,66501,234,69
4834,42432405,42720940,288535,66501,248,69
4835,42432409,42721034,288625,66501,248,69
4836,42432412,42721114,288702,66501,248,69
4837,42432441,42721229,288788,66501,248,69
4838,42432510,42721312,288802,66501,248,69
4839,42432940,42770133,337193,66501,248,68
4840,42433742,42770275,336533,66501,234,68
4841,42500243,42770341,270098,48821,229,69
4842,42500567,42797518,296951,48821,229,68
4843,42500682,42853753,353071,56235,234,67
4844,42500840,42856457,355617,56235,248,66
4845,42500979,42857139,356160,56235,260,66
4846,42503411,42857183,353772,56235,248,67
4847,42511585,42857511,345926,56235,248,68
4848,42514123,42857515,343392,56235,234,69
4849,42514171,42857541,343370,56235,234,69
4850,42514330,42857553,343223,56235,234,69
4851,42516011,42858037,342026,56235,234,70
4852,42517920,42858075,340155,56235,229,71
4853,42519647,42858162,338515,56235,221,72
4854,42519671,42867923,348252,56235,229,71
4855,42519839,42869573,349734,56235,234,70
4856,42519884,42869985,350101,56235,248,70
4857,42519892,42870102,350210,56235,248,70
4858,42519898,42870222,350324,56235,248,70
4859,42519902,42871005,351103,56235,260,70
4860,42521245,42904626,383381,56235,260,70
4861,42553520,42940043,386523,56235,260,70
4862,42553587,42946932,393345,56235,263,69
4863,42553592,42947078,393486,56235,263,69
4864,42553721,42947953,394232,56235,298,69
4865,42553733,42947986,394253,56235,298,69
4866,42553804,43011454,457650,63468,308,68
4867,42553823,43013874,460051,63468,314,67
4868,42553940,43014449,460509,63468,315,67
4869,42554289,43015077,460788,63468,315,67
4870,42554370,43015095,460725,63468,315,67
4871,42556726,43015179,458453,63468,314,68
4872,42574607,43015397,440790,63468,308,69
4873,42575930,43015493,439563,63468,298,70
4874,42577871,43015592,437721,63468,263,71
4875,42580143,43039583,459440,63468,263,71
4876,42581863,43039867,458004,63468,263,72
4877,42581911,43067117,485206,63468,284,71
4878,42582058,43088978,506920,63468,298,70
4879,42582088,43088989,506901,63468,298,70
4880,42582107,43089155,507048,63468,298,70
4881,42582113,43089329,507216,63468,298,70
4882,42582237,43089387,507150,63468,298,70
4883,42584631,43089474,504843,63468,284,71
4884,42610535,43089479,478944,63468,263,72
4885,42613189,43089530,476341,63468,260,73
4886,42614435,43089538,475103,63468,248,74
4887,42614698,43089576,474878,63468,234,74
4888,42614946,43089654,474708,63468,229,74
4889,42614999,43090518,475519,63468,234,74
4890,42615005,43108203,493198,63468,260,73
4891,42615022,43109886,494864,63468,284,72
4892,42615024,43109948,494924,63468,284,72
4893,42615048,43110015,494967,63468,284,72
4894,42615084,43110027,494943,63468,284,72
4895,42615178,43110188,495010,63468,284,72
4896,42615279,43110232,494953,63468,284,72
4897,42615539,43110300,494761,63468,284,72
4898,42615579,43110310,494731,63468,284,72
4899,42615813,43110321,494508,63468,284,72
4900,42618914,43110341,491427,63468,229,73
4901,42640328,43110429,470101,63468,221,74
4902,42644715,43110459,465744,63468,221,75
4903,42645140,43110468,465328,63468,218,75
4904,42646873,43110499,463626,63468,208,76
4905,42646904,43110522,463618,63468,208,76
4906,42647125,43110525,463400,63468,174,76
4907,42647264,43110529,463265,63468,174,76
4908,42648065,43110585,462520,63468,166,76
4909,42648381,43110643,462262,63468,161,76
4910,42648782,43110645,461863,63468,146,76
4911,42649203,43110780,461577,63468,142,76
4912,42649205,43110927,461722,63468,146,76
4913,42649519,43110946,461427,63468,142,76
4914,42649524,43111363,461839,63468,146,76
4915,42662121,43111603,449482,63468,146,77
4916,42662350,43111659,449309,63468,142,77
4917,42662686,43113643,450957,63468,142,76
4918,42663014,43127010,463996,63468,142,75
4919,42665176,43127316,462140,63468,142,76
4920,42688979,43129324,440345,63468,142,76
4921,42692720,43129425,436705,63468,140,77
4922,42693035,43129673,436638,63468,140,77
4923,42693333,43132281,438948,63468,140,76
4924,42693541,43133315,439774,63468,140,75
4925,42693909,43142851,448942,63468,140,74
4926,42693914,43142980,449066,63468,140,74
4927,42697444,43143519,446075,63468,140,75
4928,42717035,43143546,426511,63468,135,76
4929,42719931,43143631,423700,63468,129,77
4930,42720071,43143652,423581,63468,120,77
4931,42720411,43146598,426187,63468,120,76
4932,42720632,43151165,430533,63468,120,75
4933,42720940,43151292,430352,63468,120,75
4934,42721034,43151428,430394,63468,127,75
4935,42721114,43151434,430320,63468,127,75
4936,42721229,43151442,430213,63468,127,75
4937,42721312,43151534,430222,63468,127,75
4938,42770133,43151549,381416,63468,120,76
4939,42770275,43151673,381398,63468,120,76
4940,42770341,43151968,381627,63468,124,76
4941,42797518,43152690,355172,63468,124,77
4942,42853753,43155745,301992,63468,124,77
4943,42856457,43160089,303632,63468,124,77
4944,42857139,43163038,305899,63468,124,76
4945,42857183,43163152,305969,63468,124,76
4946,42857511,43168001,310490,63468,124,75
4947,42857515,43171459,313944,63468,127,74
4948,42857541,43172270,314729,63468,129,74
4949,42857553,43174056,316503,63468,135,73
4950,42858037,43174193,316156,63468,135,73
4951,42858075,43174308,316233,63468,135,73
4952,42858162,43174412,316250,63468,135,73
4953,42867923,43182692,314769,63468,135,73
4954,42869573,43185417,315844,63468,135,73
4955,42869985,43186733,316748,63468,135,72
4956,42870102,43186878,316776,63468,136,72
4957,42870222,43187720,317498,63468,137,72
4958,42871005,43187732,316727,63468,136,72
4959,42904626,43187791,283165,63468,135,73
4960,42940043,43187849,247806,63468,129,74
4961,42946932,43203554,256622,63468,129,74
4962,42947078,43206623,259545,63468,129,73
4963,42947953,43209459,261506,63468,129,72
4964,42947986,43210001,262015,63468,135,72
4965,43011454,43210067,198613,27250,129,73
4966,43013874,43210229,196355,27250,129,74
4967,43014449,43227449,213000,27250,129,73
4968,43015077,43227488,212411,27250,127,73
4969,43015095,43339227,324132,111739,129,72
4970,43015179,43342421,327242,111739,135,71
4971,43015397,43343569,328172,111739,135,70
4972,43015493,43343623,328130,111739,135,70
4973,43015592,43343784,328192,111739,136,70
4974,43039583,43343986,304403,111739,136,71
4975,43039867,43343997,304130,111739,135,71
4976,43067117,43344224,277107,111739,135,72
4977,43088978,43344792,255814,111739,135,73
4978,43088989,43346567,257578,111739,136,72
4979,43089155,43397549,308394,111739,136,71
4980,43089329,43409340,320011,111739,136,70
4981,43089387,43409959,320572,111739,137,70
4982,43089474,43411115,321641,111739,145,69
4983,43089479,43411395,321916,111739,147,69
4984,43089530,43411974,322444,111739,161,69
4985,43089538,43414365,324827,111739,161,68
4986,43089576,43414806,325230,111739,162,68
4987,43089654,43418199,328545,111739,202,67
4988,43090518,43419944,329426,111739,202,66
4989,43108203,43421252,313049,111739,202,66
4990,43109886,43421317,311431,111739,162,67
4991,43109948,43421378,311430,111739,162,67
4992,43110015,43423235,313220,111739,202,66
4993,43110027,43424882,314855,111739,227,65
4994,43110188,43425023,314835,111739,227,65
4995,43110232,43425109,314877,111739,227,65
4996,43110300,43425221,314921,111739,227,65
4997,43110310,43428760,318450,111739,240,64
4998,43110321,43431894,321573,111739,248,63
4999,43110341,43433911,323570,111739,280,62
5000,43110429,43435085,324656,111739,295,61
5001,43110459,43435233,324774,111739,295,61
5002,43110468,43435241,324773,111739,295,61
5003,43110499,43437191,326692,111739,306,60
5004,43110522,43437256,326734,111739,306,60
5005,43110525,43437972,327447,111739,417,60
5006,43110529,43439222,328693,111739,441,59
5007,43110585,43439681,329096,111739,459,59
5008,43110643,43502022,391379,111739,539,58
5009,43110645,43502717,392072,111739,542,58
5010,43110780,43505643,394863,111739,568,57
5011,43110927,43528825,417898,111739,579,56
5012,43110946,43740942,629996,212117,619,55
5013,43111363,43809303,697940,212117,695,54
5014,43111603,43812288,700685,212117,716,53
5015,43111659,43812298,700639,212117,716,53
5016,43113643,43812366,698723,212117,695,54
5017,43127010,43812396,685386,212117,619,55
5018,43127316,43812504,685188,212117,619,55
5019,43129324,43812554,683230,212117,579,56
5020,43129425,43812655,683230,212117,579,56
5021,43129673,43824992,695319,212117,619,55
5022,43132281,43860004,727723,212117,619,55
5023,43133315,43862117,728802,212117,619,55
5024,43142851,43862252,719401,212117,579,56
5025,43142980,43862299,719319,212117,579,56
5026,43143519,43862692,719173,212117,579,56
5027,43143546,43862694,719148,212117,579,56
5028,43143631,43862722,719091,212117,579,56
5029,43143652,43862810,719158,212117,579,56
5030,43146598,43880133,733535,212117,579,56
5031,43151165,43890733,739568,212117,579,56
5032,43151292,43891605,740313,212117,619,56
5033,43151428,43891630,740202,212117,619,56
5034,43151434,43891892,740458,212117,619,56
5035,43151442,43891961,740519,212117,619,56
5036,43151534,43891996,740462,212117,619,56
5037,43151549,43892025,740476,212117,619,56
5038,43151673,43892050,740377,212117,619,56
5039,43151968,43892078,740110,212117,619,56
5040,43152690,43892141,739451,212117,579,56
5041,43155745,43895784,740039,212117,579,56
5042,43160089,43897885,737796,212117,579,56
5043,43163038,43921637,758599,212117,579,56
5044,43163152,43922340,759188,212117,619,56
5045,43168001,43923377,755376,212117,619,56
5046,43171459,43923479,752020,212117,579,57
5047,43172270,43923544,751274,212117,568,57
5048,43174056,43923699,749643,212117,542,58
5049,43174193,43923786,749593,212117,542,58
5050,43174308,43923839,749531,212117,542,58
5051,43174412,43924293,749881,212117,542,58
5052,43182692,43924624,741932,212117,459,59
5053,43185417,43946486,761069,212117,459,59
5054,43186733,43951497,764764,212117,459,59
5055,43186878,43954208,767330,212117,542,58
5056,43187720,43954980,767260,212117,542,58
5057,43187732,43955003,767271,212117,542,58
5058,43187791,43955199,767408,212117,542,58
5059,43187849,43955205,767356,212117,542,58
5060,43203554,43955212,751658,212117,459,59
5061,43206623,43955309,748686,212117,454,60
5062,43209459,43955333,745874,212117,441,61
5063,43210001,43955410,745409,212117,393,61
5064,43210067,43955421,745354,212117,393,61
5065,43210229,43955490,745261,212117,393,61
5066,43227449,43955764,728315,212117,331,62
5067,43227488,43959452,731964,212117,393,61
5068,43339227,43993544,654317,212117,393,61
5069,43342421,43994770,652349,212117,393,61
5070,43343569,43996504,652935,212117,393,61
5071,43343623,43996628,653005,212117,393,61
5072,43343784,43996727,652943,212117,393,61
5073,43343986,43998721,654735,212117,441,60
5074,43343997,43998878,654881,212117,441,60
5075,43344224,43998976,654752,212117,441,60
5076,43344792,43999137,654345,212117,393,60
5077,43346567,43999230,652663,212117,331,61
5078,43397549,44024005,626456,212117,331,61
5079,43409340,44024025,614685,212117,280,62
5080,43409959,44024031,614072,212117,274,62
5081,43411115,44024436,613321,212117,274,63
5082,43411395,44024786,613391,212117,274,63
5083,43411974,44024848,612874,212117,262,63
5084,43414365,44024877,610512,212117,196,64
5085,43414806,44026315,611509,212117,196,63
5086,43418199,44067827,649628,212117,196,63
5087,43419944,44169150,749206,212117,196,63
5088,43421252,44172457,751205,212117,196,63
5089,43421317,44172507,751190,212117,196,63
5090,43421378,44172543,751165,212117,196,63
5091,43423235,44172819,749584,212117,196,64
5092,43424882,44172845,747963,212117,161,65
5093,43425023,44172873,747850,212117,161,65
5094,43425109,44172890,747781,212117,161,65
5095,43425221,44172895,747674,212117,161,65
5096,43428760,44172932,744172,212117,157,66
5097,43431894,44179922,748028,212117,157,66
5098,43433911,44180501,746590,212117,157,67
5099,43435085,44180989,745904,212117,157,68
5100,43435233,44181217,745984,212117,161,68
5101,43435241,44181255,746014,212117,161,68
5102,43437191,44181301,744110,212117,157,69
5103,43437256,44181331,744075,212117,157,69
5104,43437972,44181342,743370,212117,155,69
5105,43439222,44181360,742138,212117,135,70
5106,43439681,44181385,741704,212117,124,70
5107,43502022,44182040,680018,212117,124,71
5108,43502717,44192470,689753,212117,124,70
5109,43505643,44206947,701304,212117,124,70
5110,43528825,44244026,715201,212117,124,70
5111,43740942,44248803,507861,101323,124,70
5112,43809303,44309701,500398,101323,124,70
5113,43812288,44312789,500501,101323,124,70
5114,43812298,44312881,500583,101323,124,70
5115,43812366,44312914,500548,101323,124,70
5116,43812396,44312963,500567,101323,124,70
5117,43812504,44312981,500477,101323,124,70
5118,43812554,44313028,500474,101323,124,70
5119,43812655,44313344,500689,101323,135,70
5120,43824992,44313734,488742,101323,135,71
5121,43860004,44314011,454007,101323,135,72
5122,43862117,44328557,466440,101323,135,72
5123,43862252,44333601,471349,101323,155,71
5124,43862299,44493876,631577,160275,157,70
5125,43862692,44496443,633751,160275,157,69
5126,43862694,44496514,633820,160275,157,69
5127,43862722,44497069,634347,160275,161,69
5128,43862810,44497787,634977,160275,196,69
5129,43880133,44498037,617904,160275,196,70
5130,43890733,44498382,607649,160275,196,71
5131,43891605,44498386,606781,160275,161,71
5132,43891630,44498506,606876,160275,161,71
5133,43891892,44567841,675949,160275,161,70
5134,43891961,44569501,677540,160275,196,69
5135,43891996,44618667,726671,160275,228,68
5136,43892025,44620184,728159,160275,250,67
5137,43892050,44620353,728303,160275,250,67
5138,43892078,44620607,728529,160275,254,67
5139,43892141,44620822,728681,160275,254,67
5140,43895784,44622633,726849,160275,254,67
5141,43897885,44626595,728710,160275,254,67
5142,43921637,44664489,742852,160275,254,67
5143,43922340,44668331,745991,160275,254,66
5144,43923377,44668358,744981,160275,250,67
5145,43923479,44668585,745106,160275,250,67
5146,43923544,44668591,745047,160275,250,67
5147,43923699,44669172,745473,160275,254,67
5148,43923786,44675460,751674,160275,274,66
5149,43923839,44676708,752869,160275,276,65
5150,43924293,44676844,752551,160275,274,65
5151,43924624,44677151,752527,160275,274,65
5152,43946486,44698651,752165,160275,274,65
5153,43951497,44701716,750219,160275,274,65
5154,43954208,44701984,747776,160275,268,66
5155,43954980,44702060,747080,160275,254,66
5156,43955003,44702066,747063,160275,254,66
5157,43955199,44702072,746873,160275,254,66
5158,43955205,44702455,747250,160275,268,66
5159,43955212,44702466,747254,160275,268,66
5160,43955309,44702487,747178,160275,268,66
5161,43955333,44702920,747587,160275,274,66
5162,43955410,44703027,747617,160275,274,66
5163,43955421,44726381,770960,160275,276,65
5164,43955490,44728675,773185,160275,277,64
5165,43955764,44729338,773574,160275,307,64
5166,43959452,44729515,770063,160275,277,65
5167,43993544,44729600,736056,160275,276,66
5168,43994770,44729786,735016,160275,268,67
5169,43996504,44730160,733656,160275,268,68
5170,43996628,44735621,738993,160275,276,67
5171,43996727,44737054,740327,160275,277,66
5172,43998721,44737114,738393,160275,276,67
5173,43998878,44737366,738488,160275,276,67
5174,43998976,44738071,739095,160275,277,67
5175,43999137,44739015,739878,160275,307,67
5176,43999230,44752338,753108,160275,316,66
5177,44024005,44752343,728338,160275,307,67
5178,44024025,44752405,728380,160275,307,67
5179,44024031,44752426,728395,160275,307,67
5180,44024436,44752439,728003,160275,277,67
5181,44024786,44752492,727706,160275,276,67
5182,44024848,44752505,727657,160275,276,67
5183,44024877,44753008,728131,160275,277,67
5184,44026315,44786137,759822,160275,277,67
5185,44067827,44786478,718651,160275,277,68
5186,44169150,44790279,621129,160275,277,68
5187,44172457,44820751,648294,160275,277,68
5188,44172507,44848385,675878,160275,307,67
5189,44172543,44862601,690058,160275,316,66
5190,44172819,44881595,708776,160275,341,65
5191,44172845,44914698,741853,160275,345,64
5192,44172873,44915621,742748,160275,374,64
5193,44172890,44916360,743470,160275,383,64
5194,44172895,44916575,743680,160275,383,64
5195,44172932,44917997,745065,160275,390,63
5196,44179922,44920458,740536,160275,390,63
5197,44180501,44934506,754005,160275,390,62
5198,44180989,44934872,753883,160275,383,62
5199,44181217,45004877,823660,160275,390,61
5200,44181255,45007114,825859,160275,433,60
5201,44181301,45007166,825865,160275,433,60
5202,44181331,45007294,825963,160275,433,60
5203,44181342,45007612,826270,160275,433,60
5204,44181360,45007626,826266,160275,433,60
5205,44181385,45007819,826434,160275,433,60
5206,44182040,45007927,825887,160275,390,60
5207,44192470,45008012,815542,160275,383,61
5208,44206947,45008331,801384,160275,374,62
5209,44244026,45008449,764423,160275,366,63
5210,44248803,45008962,760159,160275,366,64
5211,44309701,45009029,699328,160275,345,65
5212,44312789,45009180,696391,160275,341,66
5213,44312881,45009452,696571,160275,341,66
5214,44312914,45009523,696609,160275,341,66
5215,44312963,45009740,696777,160275,341,66
5216,44312981,45009743,696762,160275,341,66
5217,44313028,45009746,696718,160275,341,66
5218,44313344,45009887,696543,160275,341,66
5219,44313734,45009946,696212,160275,319,66
5220,44314011,45009999,695988,160275,319,66
5221,44328557,45010018,681461,160275,318,67
5222,44333601,45010023,676422,160275,307,68
5223,44493876,45010249,516373,70005,272,69
5224,44496443,45010664,514221,70005,272,70
5225,44496514,45010758,514244,70005,272,70
5226,44497069,45014293,517224,70005,272,69
5227,44497787,45163358,665571,149065,272,68
5228,44498037,45163441,665404,149065,272,68
5229,44498382,45163637,665255,149065,268,68
5230,44498386,45163951,665565,149065,272,68
5231,44498506,45164170,665664,149065,272,68
5232,44567841,45164797,596956,149065,272,69
5233,44569501,45164811,595310,149065,268,70
5234,44618667,45179395,560728,149065,268,70
5235,44620184,45185098,564914,149065,268,70
5236,44620353,45200085,579732,149065,272,69
5237,44620607,45201067,580460,149065,307,69
5238,44620822,45201076,580254,149065,307,69
5239,44622633,45201088,578455,149065,272,70
5240,44626595,45201093,574498,149065,268,71
5241,44664489,45201099,536610,149065,252,72
5242,44668331,45201138,532807,149065,227,73
5243,44668358,45201154,532796,149065,227,73
5244,44668585,45201846,533261,149065,252,73
5245,44668591,45201886,533295,149065,252,73
5246,44669172,45203005,533833,149065,252,72
5247,44675460,45203063,527603,149065,226,73
5248,44676708,45203178,526470,149065,219,74
5249,44676844,45203268,526424,149065,219,74
5250,44677151,45212464,535313,149065,219,73
5251,44698651,45212547,513896,149065,217,74
5252,44701716,45212559,510843,149065,215,75
5253,44701984,45212567,510583,149065,196,75
5254,44702060,45212584,510524,149065,196,75
5255,44702066,45212611,510545,149065,196,75
5256,44702072,45212635,510563,149065,196,75
5257,44702455,45213521,511066,149065,196,75
5258,44702466,45213538,511072,149065,196,75
5259,44702487,45213540,511053,149065,196,75
5260,44702920,45232958,530038,149065,196,74
5261,44703027,45237236,534209,149065,215,73
5262,44726381,45238740,512359,149065,215,73
5263,44728675,45239719,511044,149065,215,74
5264,44729338,45240436,511098,149065,215,74
5265,44729515,45240596,511081,149065,215,74
5266,44729600,45240678,511078,149065,215,74
5267,44729786,45241009,511223,149065,217,74
5268,44730160,45241019,510859,149065,215,74
5269,44735621,45241251,505630,149065,215,75
5270,44737054,45242958,505904,149065,215,75
5271,44737114,45268736,531622,149065,217,74
5272,44737366,45268792,531426,149065,215,74
5273,44738071,45268804,530733,149065,196,74
5274,44739015,45268936,529921,149065,193,74
5275,44752338,45269655,517317,149065,193,75
5276,44752343,45280874,528531,149065,196,74
5277,44752405,45284795,532390,149065,215,73
5278,44752426,45284806,532380,149065,215,73
5279,44752439,45284819,532380,149065,215,73
5280,44752492,45284821,532329,149065,215,73
5281,44752505,45284877,532372,149065,215,73
5282,44753008,45284963,531955,149065,196,73
5283,44786137,45284998,498861,149065,193,74
5284,44786478,45285134,498656,149065,160,74
5285,44790279,45285155,494876,149065,151,75
5286,44820751,45295780,475029,149065,151,75
5287,44848385,45308018,459633,149065,151,75
5288,44862601,45308044,445443,149065,141,76
5289,44881595,45308794,427199,149065,141,77
5290,44914698,45309021,394323,149065,141,78
5291,44915621,45309153,393532,149065,136,78
5292,44916360,45309156,392796,149065,132,78
5293,44916575,45309161,392586,149065,132,78
5294,44917997,45309804,391807,149065,132,79
5295,44920458,45309807,389349,149065,128,80
5296,44934506,45309812,375306,149065,118,81
5297,44934872,45309985,375113,149065,118,81
5298,45004877,45309989,305112,149065,115,82
5299,45007114,45310179,303065,149065,115,83
5300,45007166,45310595,303429,149065,118,83
5301,45007294,45310649,303355,149065,115,83
5302,45007612,45310845,303233,149065,115,83
5303,45007626,45341633,334007,149065,118,82
5304,45007819,45344428,336609,149065,118,81
5305,45007927,45387174,379247,149065,132,80
5306,45008012,45412788,404776,149065,132,79
5307,45008331,45413363,405032,149065,132,79
5308,45008449,45413438,404989,149065,132,79
5309,45008962,45413494,404532,149065,132,79
5310,45009029,45413515,404486,149065,132,79
5311,45009180,45413521,404341,149065,115,79
5312,45009452,45413573,404121,149065,94,79
5313,45009523,45413642,404119,149065,94,79
5314,45009740,45413662,403922,149065,90,79
5315,45009743,45413715,403972,149065,90,79
5316,45009746,45413721,403975,149065,90,79
5317,45009887,45413738,403851,149065,86,79
5318,45009946,45413765,403819,149065,86,79
5319,45009999,45413859,403860,149065,90,79
5320,45010018,45413912,403894,149065,90,79
5321,45010023,45414071,404048,149065,94,79
5322,45010249,45414162,403913,149065,91,79
5323,45010664,45417744,407080,149065,91,78
5324,45010758,45432384,421626,149065,91,77
5325,45014293,45502415,488122,149065,91,77
5326,45163358,45502673,339315,70031,91,78
5327,45163441,45502679,339238,70031,91,78
5328,45163637,45503086,339449,70031,91,78
5329,45163951,45503306,339355,70031,91,78
5330,45164170,45503412,339242,70031,91,78
5331,45164797,45503423,338626,70031,90,78
5332,45164811,45503856,339045,70031,91,78
5333,45179395,45507239,327844,70031,91,78
5334,45185098,45600467,415369,93228,91,78
5335,45200085,45641606,441521,93228,91,78
5336,45201067,45645605,444538,93228,91,77
5337,45201076,45645670,444594,93228,91,77
5338,45201088,45646239,445151,93228,94,77
5339,45201093,45648204,447111,93228,106,76
5340,45201099,45671194,470095,93228,115,75
5341,45201138,45671257,470119,93228,115,75
5342,45201154,45671628,470474,93228,132,75
5343,45201846,45671706,469860,93228,115,75
5344,45201886,45671950,470064,93228,132,75
5345,45203005,45672450,469445,93228,132,76
5346,45203063,45672586,469523,93228,132,76
5347,45203178,45672662,469484,93228,132,76
5348,45203268,45844187,640919,171525,136,75
5349,45212464,45863763,651299,171525,136,75
5350,45212547,45866323,653776,171525,136,74
5351,45212559,45866556,653997,171525,159,74
5352,45212567,45867285,654718,171525,160,74
5353,45212584,45867327,654743,171525,160,74
5354,45212611,45867583,654972,171525,173,74
5355,45212635,45867598,654963,171525,173,74
5356,45213521,45867781,654260,171525,173,74
5357,45213538,45867954,654416,171525,173,74
5358,45213540,45870423,656883,171525,183,73
5359,45232958,45878236,645278,171525,183,73
5360,45237236,45879184,641948,171525,183,74
5361,45238740,45879288,640548,171525,173,75
5362,45239719,45879355,639636,171525,173,75
5363,45240436,45880599,640163,171525,173,74
5364,45240596,45880798,640202,171525,173,74
5365,45240678,45881099,640421,171525,183,74
5366,45241009,45882977,641968,171525,183,73
5367,45241019,45884243,643224,171525,190,72
5368,45241251,45887262,646011,171525,190,71
5369,45242958,45888580,645622,171525,190,71
5370,45268736,45889758,621022,171525,190,71
5371,45268792,45889802,621010,171525,190,71
5372,45268804,45890017,621213,171525,196,71
5373,45268936,45890105,621169,171525,196,71
5374,45269655,45891148,621493,171525,196,70
5375,45280874,45922392,641518,171525,196,70
5376,45284795,45922885,638090,171525,196,71
5377,45284806,45922999,638193,171525,196,71
5378,45284819,45923133,638314,171525,196,71
5379,45284821,45924146,639325,171525,199,70
5380,45284877,45926592,641715,171525,215,69
5381,45284963,45930146,645183,171525,220,68
5382,45284998,45931159,646161,171525,227,67
5383,45285134,45931363,646229,171525,227,67
5384,45285155,45932424,647269,171525,233,66
5385,45295780,45968527,672747,171525,233,66
5386,45308018,45969767,661749,171525,233,66
5387,45308044,45970979,662935,171525,244,65
5388,45308794,45971323,662529,171525,244,65
5389,45309021,45971737,662716,171525,256,65
5390,45309153,45971823,662670,171525,256,65
5391,45309156,45972145,662989,171525,258,65
5392,45309161,45972769,663608,171525,301,65
5393,45309804,45974764,664960,171525,301,64
5394,45309807,45975272,665465,171525,322,64
5395,45309812,45975906,666094,171525,344,64
5396,45309985,45976144,666159,171525,344,64
5397,45309989,45976621,666632,171525,371,64
5398,45310179,45976703,666524,171525,371,64
5399,45310595,45976862,666267,171525,344,64
5400,45310649,45977650,667001,171525,371,64
5401,45310845,45978531,667686,171525,407,64
5402,45341633,45979332,637699,171525,407,65
5403,45344428,46005659,661231,171525,407,65
5404,45387174,46006305,619131,171525,407,66
5405,45412788,46006456,593668,171525,371,67
5406,45413363,46006596,593233,171525,344,67
5407,45413438,46006606,593168,171525,344,67
5408,45413494,46007338,593844,171525,371,67
5409,45413515,46007436,593921,171525,371,67
5410,45413521,46026872,613351,171525,407,66
5411,45413573,46027507,613934,171525,414,66
5412,45413642,46027569,613927,171525,414,66
5413,45413662,46027724,614062,171525,414,66
5414,45413715,46030321,616606,171525,433,65
5415,45413721,46032516,618795,171525,477,64
5416,45413738,46034962,621224,171525,493,63
5417,45413765,46035832,622067,171525,500,63
5418,45413859,46035999,622140,171525,500,63
5419,45413912,46036328,622416,171525,500,63
5420,45414071,46036955,622884,171525,508,63
5421,45414162,46040785,626623,171525,569,62
5422,45417744,46042824,625080,171525,569,62
5423,45432384,46044514,612130,171525,569,62
5424,45502415,46044682,542267,171525,508,63
5425,45502673,46045247,542574,171525,565,63
5426,45502679,46045919,543240,171525,569,63
5427,45503086,46047515,544429,171525,624,62
5428,45503306,46053550,550244,171525,627,61
5429,45503412,46053581,550169,171525,627,61
5430,45503423,46053618,550195,171525,627,61
5431,45503856,46053872,550016,171525,627,61
5432,45507239,46053941,546702,171525,624,62
5433,45600467,46054101,453634,171525,569,63
5434,45641606,46054179,412573,171525,565,64
5435,45645605,46054222,408617,171525,508,65
5436,45645670,46054227,408557,171525,508,65
5437,45646239,46054234,407995,171525,500,65
5438,45648204,46055334,407130,171525,500,65
5439,45671194,46057928,386734,171525,500,65
5440,45671257,46058132,386875,171525,500,65
5441,45671628,46059790,388162,171525,508,64
5442,45671706,46061504,389798,171525,565,63
5443,45671950,46061708,389758,171525,565,63
5444,45672450,46062118,389668,171525,565,63
5445,45672586,46062903,390317,171525,624,63
5446,45672662,46063144,390482,171525,624,63
5447,45844187,46063447,219260,36103,565,64
5448,45863763,46064458,200695,36103,565,64
5449,45866323,46067663,201340,36103,565,64
5450,45866556,46067867,201311,36103,565,64
5451,45867285,46069280,201995,36103,565,63
5452,45867327,46069837,202510,36103,565,63
5453,45867583,46070097,202514,36103,565,63
5454,45867598,46070303,202705,36103,565,63
5455,45867781,46070978,203197,36103,624,63
5456,45867954,46071697,203743,36103,627,63
5457,45870423,46072542,202119,36103,627,64
5458,45878236,46072634,194398,36103,624,65
5459,45879184,46073211,194027,36103,577,65
5460,45879288,46074136,194848,36103,624,65
5461,45879355,46074311,194956,36103,624,65
5462,45880599,46075249,194650,36103,624,66
5463,45880798,46075562,194764,36103,624,66
5464,45881099,46076688,195589,36103,627,65
5465,45882977,46077159,194182,36103,624,66
5466,45884243,46077194,192951,36103,577,67
5467,45887262,46077463,190201,36103,565,68
5468,45888580,46077841,189261,36103,557,69
5469,45889758,46081954,192196,36103,557,69
5470,45889802,46085011,195209,36103,565,68
5471,45890017,46085219,195202,36103,565,68
5472,45890105,46085368,195263,36103,565,68
5473,45891148,46085723,194575,36103,557,69
5474,45922392,46085797,163405,36103,508,70
5475,45922885,46085905,163020,36103,508,70
5476,45922999,46085936,162937,36103,508,70
5477,45923133,46085942,162809,36103,508,70
5478,45924146,46086068,161922,36103,477,71
5479,45926592,46086129,159537,36103,471,72
5480,45930146,46086143,155997,36103,414,73
5481,45931159,46088166,157007,36103,414,73
5482,45931363,46093856,162493,36103,471,72
5483,45932424,46111361,178937,36103,471,72
5484,45968527,46111891,143364,26327,471,73
5485,45969767,46112574,142807,26327,471,74
5486,45970979,46112589,141610,26327,414,75
5487,45971323,46112606,141283,26327,414,75
5488,45971737,46112683,140946,26327,410,75
5489,45971823,46112724,140901,26327,410,75
5490,45972145,46113584,141439,26327,471,75
5491,45972769,46113644,140875,26327,410,75
5492,45974764,46113651,138887,26327,378,76
5493,45975272,46113654,138382,26327,355,76
5494,45975906,46113677,137771,26327,329,76
5495,45976144,46113735,137591,26327,329,76
5496,45976621,46122575,145954,26327,329,75
5497,45976703,46122804,146101,26327,329,75
5498,45976862,46123253,146391,26327,355,75
5499,45977650,46126047,148397,26327,355,74
5500,45978531,46149965,171434,26327,355,73
5501,45979332,46150288,170956,26327,329,73
5502,46005659,46150883,145224,23918,329,74
5503,46006305,46151214,144909,23918,329,74
5504,46006456,46151644,145188,23918,331,74
5505,46006596,46153501,146905,23918,355,73
5506,46006606,46214416,207810,60915,378,72
5507,46007338,46214493,207155,60915,355,72
5508,46007436,46215084,207648,60915,378,72
5509,46026872,46218272,191400,60915,378,72
5510,46027507,46245005,217498,60915,378,71
5511,46027569,46246237,218668,60915,410,70
5512,46027724,46250006,222282,60915,430,69
5513,46030321,46250469,220148,60915,430,70
5514,46032516,46250481,217965,60915,410,71
5515,46034962,46250484,215522,60915,378,72
5516,46035832,46250486,214654,60915,355,72
5517,46035999,46250494,214495,60915,355,72
5518,46036328,46250667,214339,60915,355,72
5519,46036955,46250985,214030,60915,331,72
5520,46040785,46254478,213693,60915,331,72
5521,46042824,46258730,215906,60915,331,72
5522,46044514,46261549,217035,60915,331,72
5523,46044682,46261933,217251,60915,355,72
5524,46045247,46262501,217254,60915,355,72
5525,46045919,46263063,217144,60915,355,72
5526,46047515,46263420,215905,60915,355,73
5527,46053550,46263484,209934,60915,331,74
5528,46053581,46263501,209920,60915,331,74
5529,46053618,46263698,210080,60915,331,74
5530,46053872,46267521,213649,60915,355,73
5531,46053941,46267625,213684,60915,355,73
5532,46054101,46267648,213547,60915,355,73
5533,46054179,46267767,213588,60915,355,73
5534,46054222,46267784,213562,60915,355,73
5535,46054227,46267789,213562,60915,355,73
5536,46054234,46267843,213609,60915,355,73
5537,46055334,46267880,212546,60915,331,74
5538,46057928,46267886,209958,60915,323,75
5539,46058132,46268063,209931,60915,323,75
5540,46059790,46268213,208423,60915,318,76
5541,46061504,46268254,206750,60915,313,77
5542,46061708,46268505,206797,60915,313,77
5543,46062118,46271186,209068,60915,313,76
5544,46062903,46288875,225972,60915,313,75
5545,46063144,46289575,226431,60915,318,75
5546,46063447,46289756,226309,60915,318,75
5547,46064458,46289758,225300,60915,313,76
5548,46067663,46289831,222168,60915,269,77
5549,46067867,46291592,223725,60915,313,76
5550,46069280,46292926,223646,60915,313,76
5551,46069837,46294761,224924,60915,313,75
5552,46070097,46296314,226217,60915,318,74
5553,46070303,46296515,226212,60915,318,74
5554,46070978,46296543,225565,60915,313,74
5555,46071697,46296549,224852,60915,269,74
5556,46072542,46296594,224052,60915,251,74
5557,46072634,46296657,224023,60915,251,74
5558,46073211,46296665,223454,60915,229,74
5559,46074136,46296667,222531,60915,208,74
5560,46074311,46296697,222386,60915,208,74
5561,46075249,46296709,221460,60915,201,74
5562,46075562,46296734,221172,60915,197,74
5563,46076688,46296790,220102,60915,181,75
5564,46077159,46296956,219797,60915,177,75
5565,46077194,46296967,219773,60915,177,75
5566,46077463,46296984,219521,60915,173,75
5567,46077841,46297451,219610,60915,173,75
5568,46081954,46300600,218646,60915,173,75
5569,46085011,46328168,243157,60915,173,75
5570,46085219,46330620,245401,60915,173,74
5571,46085368,46331338,245970,60915,177,74
5572,46085723,46331520,245797,60915,177,74
5573,46085797,46331649,245852,60915,177,74
5574,46085905,46331791,245886,60915,177,74
5575,46085936,46331843,245907,60915,177,74
5576,46085942,46335755,249813,60915,181,73
5577,46086068,46335762,249694,60915,181,73
5578,46086129,46335853,249724,60915,181,73
5579,46086143,46336166,250023,60915,182,73
5580,46088166,46336402,248236,60915,182,74
5581,46093856,46337075,243219,60915,182,75
5582,46111361,46338815,227454,60915,182,75
5583,46111891,46357118,245227,60915,182,74
5584,46112574,46361483,248909,60915,182,73
5585,46112589,46362297,249708,60915,197,73
5586,46112606,46363641,251035,60915,201,72
5587,46112683,46364065,251382,60915,229,72
5588,46112724,46364133,251409,60915,229,72
5589,46113584,46364223,250639,60915,201,72
5590,46113644,46364608,250964,60915,229,72
5591,46113651,46364698,251047,60915,229,72
5592,46113654,46364781,251127,60915,229,72
5593,46113677,46365725,252048,60915,236,72
5594,46113735,46366944,253209,60915,251,71
5595,46122575,46367046,244471,60915,236,72
5596,46122804,46367332,244528,60915,251,72
5597,46123253,46369534,246281,60915,251,71
5598,46126047,46371279,245232,60915,251,71
5599,46149965,46374166,224201,60915,251,71
5600,46150288,46374298,224010,60915,236,71
5601,46150883,46374356,223473,60915,201,71
5602,46151214,46374543,223329,60915,197,71
5603,46151644,46374747,223103,60915,197,71
5604,46153501,46374973,221472,60915,197,72
5605,46214416,46375187,160771,27568,197,73
5606,46214493,46380356,165863,27568,201,72
5607,46215084,46381810,166726,27568,201,71
5608,46218272,46381951,163679,27568,197,72
5609,46245005,46385577,140572,27568,197,72
5610,46246237,46386446,140209,27568,197,73
5611,46250006,46389325,139319,27568,197,73
5612,46250469,46389483,139014,27568,187,73
5613,46250481,46391521,141040,27568,197,72
5614,46250484,46406535,156051,27568,201,71
5615,46250486,46409063,158577,27568,204,70
5616,46250494,46409776,159282,27568,214,70
5617,46250667,46409781,159114,27568,214,70
5618,46250985,46409923,158938,27568,204,70
5619,46254478,46410021,155543,27568,201,71
5620,46258730,46410466,151736,27568,201,72
5621,46261549,46413791,152242,27568,201,72
5622,46261933,46436091,174158,27568,201,71
5623,46262501,46437909,175408,27568,201,70
5624,46263063,46439168,176105,27568,201,69
5625,46263420,46439238,175818,27568,197,69
5626,46263484,46439295,175811,27568,197,69
5627,46263501,46440290,176789,27568,201,69
5628,46263698,46443171,179473,27568,204,68
5629,46267521,46461099,193578,27568,204,68
5630,46267625,46461778,194153,27568,214,68
5631,46267648,46463719,196071,27568,226,67
5632,46267767,46464002,196235,27568,236,67
5633,46267784,46464208,196424,27568,236,67
5634,46267789,46464331,196542,27568,236,67
5635,46267843,46464627,196784,27568,251,67
5636,46267880,46466479,198599,27568,283,66
5637,46267886,46523652,255766,57173,286,65
5638,46268063,46526070,258007,57173,296,64
5639,46268213,46533807,265594,57173,313,63
5640,46268254,46534098,265844,57173,313,63
5641,46268505,46534602,266097,57173,385,63
5642,46271186,46535241,264055,57173,385,64
5643,46288875,46536169,247294,57173,385,65
5644,46289575,46536456,246881,57173,313,65
5645,46289756,46536745,246989,57173,313,65
5646,46289758,46536751,246993,57173,313,65
5647,46289831,46536936,247105,57173,313,65
5648,46291592,46537193,245601,57173,296,66
5649,46292926,46537334,244408,57173,291,67
5650,46294761,46537336,242575,57173,289,68
5651,46296314,46537340,241026,57173,287,69
5652,46296515,46537364,240849,57173,287,69
5653,46296543,46537753,241210,57173,289,69
5654,46296549,46537772,241223,57173,289,69
5655,46296594,46538192,241598,57173,291,69
5656,46296657,46538914,242257,57173,296,69
5657,46296665,46538963,242298,57173,296,69
5658,46296667,46539084,242417,57173,296,69
5659,46296697,46573370,276673,57173,313,68
5660,46296709,46575806,279097,57173,385,67
5661,46296734,46576565,279831,57173,389,67
5662,46296790,46576604,279814,57173,389,67
5663,46296956,46577283,280327,57173,420,67
5664,46296967,46577599,280632,57173,420,67
5665,46296984,46577617,280633,57173,420,67
5666,46297451,46579079,281628,57173,420,66
5667,46300600,46579729,279129,57173,420,67
5668,46328168,46617958,289790,57173,420,67
5669,46330620,46618392,287772,57173,420,68
5670,46331338,46618545,287207,57173,389,68
5671,46331520,46620726,289206,57173,420,67
5672,46331649,46621459,289810,57173,424,67
5673,46331791,46621625,289834,57173,424,67
5674,46331843,46624836,292993,57173,434,66
5675,46335755,46625849,290094,57173,434,66
5676,46335762,46625870,290108,57173,434,66
5677,46335853,46626521,290668,57173,445,66
5678,46336166,46626574,290408,57173,445,66
5679,46336402,46626670,290268,57173,445,66
5680,46337075,46626699,289624,57173,434,66
5681,46338815,46626721,287906,57173,424,67
5682,46357118,46626757,269639,57173,420,68
5683,46361483,46626761,265278,57173,389,69
5684,46362297,46627002,264705,57173,385,69
5685,46363641,46627048,263407,57173,316,70
5686,46364065,46627108,263043,57173,296,70
5687,46364133,46627312,263179,57173,296,70
5688,46364223,46627860,263637,57173,316,70
5689,46364608,46633613,269005,57173,316,69
5690,46364698,46654444,289746,57173,389,68
5691,46364781,46657073,292292,57173,420,67
5692,46365725,46658170,292445,57173,420,66
5693,46366944,46658251,291307,57173,389,67
5694,46367046,46658376,291330,57173,389,67
5695,46367332,46660313,292981,57173,420,66
5696,46369534,46661605,292071,57173,420,66
5697,46371279,46663117,291838,57173,420,66
5698,46374166,46663182,289016,57173,389,67
5699,46374298,46663689,289391,57173,420,67
5700,46374356,46666758,292402,57173,434,66
5701,46374543,46670537,295994,57173,445,65
5702,46374747,46673661,298914,57173,504,64
5703,46374973,46673735,298762,57173,504,64
5704,46375187,46673902,298715,57173,504,64
5705,46380356,46676146,295790,57173,504,64
5706,46381810,46676793,294983,57173,504,65
5707,46381951,46678762,296811,57173,507,64
5708,46385577,46678881,293304,57173,504,65
5709,46386446,46678913,292467,57173,445,65
5710,46389325,46679373,290048,57173,445,66
5711,46389483,46685737,296254,57173,460,65
5712,46391521,46686006,294485,57173,445,66
5713,46406535,46686147,279612,57173,434,67
5714,46409063,46686363,277300,57173,420,68
5715,46409776,46688614,278838,57173,420,67
5716,46409781,46699683,289902,57173,434,66
5717,46409923,46701409,291486,57173,445,65
5718,46410021,46701492,291471,57173,445,65
5719,46410466,46701669,291203,57173,434,65
5720,46413791,46701703,287912,57173,420,66
5721,46436091,46704165,268074,57173,420,66
5722,46437909,46738067,300158,57173,420,66
5723,46439168,46738767,299599,57173,420,67
5724,46439238,46739274,300036,57173,434,67
5725,46439295,46739361,300066,57173,434,67
5726,46440290,46762256,321966,57173,434,66
5727,46443171,46762342,319171,57173,420,67
5728,46461099,46762460,301361,57173,389,68
5729,46461778,46762475,300697,57173,316,68
5730,46463719,46762508,298789,57173,296,69
5731,46464002,46762624,298622,57173,296,69
5732,46464208,46762722,298514,57173,296,69
5733,46464331,46762859,298528,57173,296,69
5734,46464627,46763291,298664,57173,316,69
5735,46466479,46767022,300543,57173,316,69
5736,46523652,46791446,267794,38229,316,69
5737,46526070,46793144,267074,38229,316,69
5738,46533807,46793588,259781,38229,316,70
5739,46534098,46793703,259605,38229,316,70
5740,46534602,46793789,259187,38229,289,70
5741,46535241,46794314,259073,38229,289,70
5742,46536169,46796043,259874,38229,289,69
5743,46536456,46827497,291041,38229,316,68
5744,46536745,46859801,323056,38229,389,67
5745,46536751,46861672,324921,38229,420,66
5746,46536936,46971860,434924,110188,432,65
5747,46537193,46974236,437043,110188,434,64
5748,46537334,46974330,436996,110188,434,64
5749,46537336,46974411,437075,110188,434,64
5750,46537340,46975226,437886,110188,444,64
5751,46537364,46976804,439440,110188,460,63
5752,46537753,47028090,490337,110188,507,62
5753,46537772,47028319,490547,110188,507,62
5754,46538192,47028549,490357,110188,507,62
5755,46538914,47029700,490786,110188,507,61
5756,46538963,47030997,492034,110188,507,60
5757,46539084,47058107,519023,110188,525,59
5758,46573370,47060890,487520,110188,525,59
5759,46575806,47061005,485199,110188,507,60
5760,46576565,47061227,484662,110188,507,60
5761,46576604,47114141,537537,110188,507,59
5762,46577283,47117155,539872,110188,507,58
5763,46577599,47117339,539740,110188,507,58
5764,46577617,47117625,540008,110188,507,58
5765,46579079,47119353,540274,110188,507,58
5766,46579729,47120382,540653,110188,507,57
5767,46617958,47160457,542499,110188,507,57
5768,46618392,47162241,543849,110188,525,56
5769,46618545,47162846,544301,110188,548,56
5770,46620726,47163782,543056,110188,548,57
5771,46621459,47164935,543476,110188,548,56
5772,46621625,47173999,552374,110188,605,55
5773,46624836,47210403,585567,110188,605,55
5774,46625849,47211060,585211,110188,605,56
5775,46625870,47211790,585920,110188,647,56
5776,46626521,47212980,586459,110188,647,55
5777,46626574,47213154,586580,110188,647,55
5778,46626670,47213569,586899,110188,647,55
5779,46626699,47213571,586872,110188,647,55
5780,46626721,47629619,1002898,416048,657,54
5781,46626757,47630818,1004061,416048,700,53
5782,46626761,47631892,1005131,416048,730,52
5783,46627002,47631977,1004975,416048,730,52
5784,46627048,47632015,1004967,416048,730,52
5785,46627108,47632172,1005064,416048,730,52
5786,46627312,47634455,1007143,416048,815,51
5787,46627860,47848634,1220774,416048,936,50
5788,46633613,48090347,1456734,416048,936,50
5789,46654444,48207899,1553455,416048,936,50
5790,46657073,48209432,1552359,416048,936,50
5791,46658170,48209485,1551315,416048,815,51
5792,46658251,48209694,1551443,416048,815,51
5793,46658376,48210195,1551819,416048,815,51
5794,46660313,48210451,1550138,416048,730,52
5795,46661605,48210950,1549345,416048,700,53
5796,46663117,48211252,1548135,416048,657,54
5797,46663182,48211386,1548204,416048,657,54
5798,46663689,48333089,1669400,416048,700,53
5799,46666758,48334316,1667558,416048,700,53
5800,46670537,48334373,1663836,416048,657,54
5801,46673661,48334672,1661011,416048,647,55
5802,46673735,48338287,1664552,416048,657,54
5803,46673902,48396890,1722988,416048,700,53
5804,46676146,48487766,1811620,416048,700,53
5805,46676793,48488277,1811484,416048,700,53
5806,46678762,48488651,1809889,416048,657,54
5807,46678881,48489073,1810192,416048,657,54
5808,46678913,48489133,1810220,416048,657,54
5809,46679373,48489148,1809775,416048,657,54
5810,46685737,48489634,1803897,416048,605,55
5811,46686006,48489694,1803688,416048,605,55
5812,46686147,48490231,1804084,416048,605,55
5813,46686363,48490842,1804479,416048,611,55
5814,46688614,48490963,1802349,416048,605,56
5815,46699683,48492568,1792885,416048,605,56
5816,46701409,48492659,1791250,416048,537,57
5817,46701492,48493128,1791636,416048,537,57
5818,46701669,48493815,1792146,416048,605,57
5819,46701703,48497182,1795479,416048,611,56
5820,46704165,48499846,1795681,416048,611,56
5821,46738067,48500603,1762536,416048,611,57
5822,46738767,48500674,1761907,416048,605,57
5823,46739274,48501388,1762114,416048,611,57
5824,46739361,48503467,1764106,416048,657,56
5825,46762256,48503886,1741630,416048,611,57
5826,46762342,48504143,1741801,416048,611,57
5827,46762460,48504520,1742060,416048,611,57
5828,46762475,48504812,1742337,416048,611,57
5829,46762508,48521098,1758590,416048,657,56
5830,46762624,48521354,1758730,416048,657,56
5831,46762722,48522514,1759792,416048,687,55
5832,46762859,48548786,1785927,416048,714,54
5833,46763291,48549363,1786072,416048,714,54
5834,46767022,48550254,1783232,416048,714,55
5835,46791446,48550848,1759402,416048,687,56
5836,46793144,48557071,1763927,416048,687,56
5837,46793588,48560135,1766547,416048,714,55
5838,46793703,48560156,1766453,416048,714,55
5839,46793789,48560293,1766504,416048,714,55
5840,46794314,48561932,1767618,416048,730,54
5841,46796043,48563378,1767335,416048,730,54
5842,46827497,48572436,1744939,416048,730,54
5843,46859801,48574788,1714987,416048,730,54
5844,46861672,48575059,1713387,416048,714,55
5845,46971860,48575181,1603321,416048,687,56
5846,46974236,48575239,1601003,416048,657,57
5847,46974330,48576147,1601817,416048,687,57
5848,46974411,48576519,1602108,416048,687,57
5849,46975226,48576537,1601311,416048,657,57
5850,46976804,48576724,1599920,416048,611,58
5851,47028090,48577038,1548948,416048,605,59
5852,47028319,48577115,1548796,416048,605,59
5853,47028549,48577433,1548884,416048,605,59
5854,47029700,48580361,1550661,416048,605,59
5855,47030997,48581365,1550368,416048,605,59
5856,47058107,48581465,1523358,416048,594,60
5857,47060890,48581570,1520680,416048,577,61
5858,47061005,48581636,1520631,416048,577,61
5859,47061227,48621549,1560322,416048,594,60
5860,47114141,48623159,1509018,416048,594,60
5861,47117155,48627465,1510310,416048,594,60
5862,47117339,48643189,1525850,416048,605,59
5863,47117625,48644786,1527161,416048,611,58
5864,47119353,48646560,1527207,416048,611,58
5865,47120382,48646656,1526274,416048,605,59
5866,47160457,48646788,1486331,416048,594,60
5867,47162241,48647572,1485331,416048,594,61
5868,47162846,48650249,1487403,416048,594,60
5869,47163782,48667191,1503409,416048,594,59
5870,47164935,48667727,1502792,416048,577,60
5871,47173999,48668700,1494701,416048,577,61
5872,47210403,48671210,1460807,416048,577,61
5873,47211060,48672959,1461899,416048,577,60
5874,47211790,48673811,1462021,416048,577,60
5875,47212980,48674084,1461104,416048,537,61
5876,47213154,48684490,1471336,416048,577,60
5877,47213569,48684828,1471259,416048,577,60
5878,47213571,48689279,1475708,416048,594,59
5879,47629619,48691971,1062352,241713,594,59
5880,47630818,48693001,1062183,241713,594,59
5881,47631892,48693039,1061147,241713,577,60
5882,47631977,48693092,1061115,241713,577,60
5883,47632015,48696236,1064221,241713,594,59
5884,47632172,48739878,1107706,241713,611,58
5885,47634455,48742094,1107639,241713,611,58
5886,47848634,48742440,893806,241713,594,59
5887,48090347,48742529,652182,121703,577,60
5888,48207899,48742699,534800,121703,537,61
5889,48209432,48743700,534268,121703,537,61
5890,48209485,48744611,535126,121703,577,61
5891,48209694,48745310,535616,121703,594,61
5892,48210195,48745361,535166,121703,594,61
5893,48210451,48745981,535530,121703,611,61
5894,48210950,48746760,535810,121703,620,61
5895,48211252,48748565,537313,121703,687,60
5896,48211386,48750354,538968,121703,699,59
5897,48333089,48750772,417683,90876,687,60
5898,48334316,48751211,416895,90876,620,61
5899,48334373,48755033,420660,90876,687,60
5900,48334672,48899689,565017,144656,699,59
5901,48338287,48902012,563725,144656,699,59
5902,48396890,48902068,505178,144656,687,60
5903,48487766,48902110,414344,144656,620,61
5904,48488277,48902113,413836,144656,620,61
5905,48488651,48902768,414117,144656,655,61
5906,48489073,48905308,416235,144656,687,60
5907,48489133,48977333,488200,144656,699,59
5908,48489148,48980542,491394,144656,714,58
5909,48489634,48980589,490955,144656,714,58
5910,48489694,48980706,491012,144656,714,58
5911,48490231,48980816,490585,144656,714,58
5912,48490842,48981074,490232,144656,714,58
5913,48490963,49048560,557597,144656,757,57
5914,48492568,49049948,557380,144656,757,57
5915,48492659,49051618,558959,144656,779,56
5916,48493128,49052033,558905,144656,779,56
5917,48493815,49052311,558496,144656,779,56
5918,48497182,49052508,555326,144656,757,57
5919,48499846,49056355,556509,144656,757,57
5920,48500603,49087556,586953,144656,779,56
5921,48500674,49090459,589785,144656,784,55
5922,48501388,49091531,590143,144656,852,54
5923,48503467,49091722,588255,144656,784,55
5924,48503886,49093579,589693,144656,852,54
5925,48504143,49099332,595189,144656,891,53
5926,48504520,49101036,596516,144656,908,52
5927,48504812,49102547,597735,144656,911,51
5928,48521098,49102652,581554,144656,908,52
5929,48521354,49106391,585037,144656,911,51
5930,48522514,49164538,642024,144656,911,51
5931,48548786,49167595,618809,144656,911,51
5932,48549363,49168207,618844,144656,911,51
5933,48550254,49168685,618431,144656,911,51
5934,48550848,49169573,618725,144656,911,51
5935,48557071,49179908,622837,144656,911,51
5936,48560135,49183867,623732,144656,911,51
5937,48560156,49183986,623830,144656,911,51
5938,48560293,49185830,625537,144656,973,50
5939,48561932,49241776,679844,144656,973,50
5940,48563378,49241954,678576,144656,911,51
5941,48572436,49241962,669526,144656,908,52
5942,48574788,49243799,669011,144656,908,52
5943,48575059,49244208,669149,144656,908,52
5944,48575181,49294466,719285,144656,911,51
5945,48575239,49294958,719719,144656,911,51
5946,48576147,49301640,725493,144656,973,50
5947,48576519,49301791,725272,144656,973,50
5948,48576537,49301877,725340,144656,973,50
5949,48576724,49302846,726122,144656,973,50
5950,48577038,49305309,728271,144656,1001,49
5951,48577115,49321641,744526,144656,1004,48
5952,48577433,49321797,744364,144656,1004,48
5953,48580361,49321896,741535,144656,1001,49
5954,48581365,49323991,742626,144656,1001,49
5955,48581465,49324267,742802,144656,1001,49
5956,48581570,49366792,785222,144656,1030,48
5957,48581636,49369151,787515,144656,1072,47
5958,48621549,49369326,747777,144656,1030,48
5959,48623159,49371514,748355,144656,1030,48
5960,48627465,49392379,764914,144656,1030,48
5961,48643189,49401786,758597,144656,1030,48
5962,48644786,49403341,758555,144656,1030,48
5963,48646560,49404942,758382,144656,1030,48
5964,48646656,49405033,758377,144656,1030,48
5965,48646788,49405101,758313,144656,1030,48
5966,48647572,49406522,758950,144656,1072,47
5967,48650249,49407515,757266,144656,1030,48
5968,48667191,49415707,748516,144656,1030,48
5969,48667727,49416626,748899,144656,1030,48
5970,48668700,49418408,749708,144656,1072,47
5971,48671210,49418618,747408,144656,1030,48
5972,48672959,49418761,745802,144656,1001,49
5973,48673811,49420675,746864,144656,1030,48
5974,48674084,49421111,747027,144656,1030,48
5975,48684490,49432621,748131,144656,1030,48
5976,48684828,49449610,764782,144656,1072,47
5977,48689279,49450105,760826,144656,1030,48
5978,48691971,49450453,758482,144656,1001,49
5979,48693001,49454041,761040,144656,1001,49
5980,48693039,49488035,794996,144656,1072,48
5981,48693092,49488848,795756,144656,1072,48
5982,48696236,49489448,793212,144656,1001,49
5983,48739878,49489735,749857,144656,993,50
5984,48742094,49491054,748960,144656,993,50
5985,48742440,49492691,750251,144656,1001,49
5986,48742529,49539129,796600,144656,1072,48
5987,48742699,49540796,798097,144656,1319,47
5988,48743700,49541013,797313,144656,1319,48
5989,48744611,49541441,796830,144656,1319,48
5990,48745310,49541730,796420,144656,1319,48
5991,48745361,49542040,796679,144656,1319,48
5992,48745981,49582127,836146,144656,1388,47
5993,48746760,49582527,835767,144656,1388,47
5994,48748565,49591332,842767,144656,1388,47
5995,48750354,49613137,862783,144656,1388,47
5996,48750772,49613345,862573,144656,1388,47
5997,48751211,49613792,862581,144656,1388,47
5998,48755033,49614077,859044,144656,1319,48
5999,48899689,49615193,715504,72025,1116,48
6000,48902012,49615508,713496,72025,1072,49
6001,48902068,49615774,713706,72025,1072,49
6002,48902110,49616063,713953,72025,1072,49
6003,48902113,49616543,714430,72025,1072,49
6004,48902768,49623780,721012,72025,1116,48
6005,48905308,49624128,718820,72025,1072,49
6006,48977333,49624744,647411,67486,993,50
6007,48980542,49625228,644686,67486,969,51
6008,48980589,49628622,648033,67486,993,50
6009,48980706,49630093,649387,67486,1072,49
6010,48980816,49631438,650622,67486,1116,48
6011,48981074,49631658,650584,67486,1116,48
6012,49048560,49632267,583707,58147,1072,49
6013,49049948,49632523,582575,58147,993,50
6014,49051618,49632540,580922,58147,969,51
6015,49052033,49634742,582709,58147,993,50
6016,49052311,49634808,582497,58147,993,50
6017,49052508,49656516,604008,58147,1072,49
6018,49056355,49669045,612690,58147,1072,49
6019,49087556,49671088,583532,58147,1072,49
6020,49090459,49671219,580760,58147,993,50
6021,49091531,49671282,579751,58147,969,51
6022,49091722,49671410,579688,58147,969,51
6023,49093579,49673405,579826,58147,969,51
6024,49099332,49701314,601982,58147,969,51
6025,49101036,49703733,602697,58147,969,51
6026,49102547,49704426,601879,58147,919,52
6027,49102652,49704546,601894,58147,919,52
6028,49106391,49704669,598278,58147,888,53
6029,49164538,49705958,541420,55946,888,53
6030,49167595,49721627,554032,55946,888,53
6031,49168207,49723721,555514,55946,919,52
6032,49168685,49724599,555914,55946,919,52
6033,49169573,49724875,555302,55946,919,52
6034,49179908,49725119,545211,55946,878,53
6035,49183867,49725173,541306,55946,813,54
6036,49183986,49750545,566559,55946,878,53
6037,49185830,49750783,564953,55946,813,54
6038,49241776,49754724,512948,50258,813,54
6039,49241954,49762317,520363,50258,878,53
6040,49241962,49764292,522330,50258,919,52
6041,49243799,49764412,520613,50258,878,53
6042,49244208,49764559,520351,50258,878,53
6043,49294466,49766366,471900,46438,878,53
6044,49294958,49771596,476638,46438,919,52
6045,49301640,49771787,470147,46438,878,53
6046,49301791,49771864,470073,46438,878,53
6047,49301877,49773718,471841,46438,919,52
6048,49302846,49774373,471527,46438,878,52
6049,49305309,49775619,470310,46438,878,52
6050,49321641,49775980,454339,46438,813,53
6051,49321797,49776073,454276,46438,813,53
6052,49321896,49776210,454314,46438,813,53
6053,49323991,49777022,453031,46438,812,54
6054,49324267,49777218,452951,46438,812,54
6055,49366792,49778179,411387,46438,812,55
6056,49369151,49780076,410925,46438,812,55
6057,49369326,49780348,411022,46438,812,55
6058,49371514,49780350,408836,46438,693,56
6059,49392379,49780357,387978,46438,655,57
6060,49401786,49780409,378623,46438,616,58
6061,49403341,49780417,377076,46438,609,59
6062,49404942,49780522,375580,46438,600,60
6063,49405033,49781602,376569,46438,609,59
6064,49405101,49782332,377231,46438,616,59
6065,49406522,49784073,377551,46438,616,59
6066,49407515,49784293,376778,46438,609,59
6067,49415707,49784451,368744,46438,600,60
6068,49416626,49784572,367946,46438,495,60
6069,49418408,49787642,369234,46438,495,60
6070,49418618,49799286,380668,46438,600,59
6071,49418761,49801377,382616,46438,609,58
6072,49420675,49803214,382539,46438,609,58
6073,49421111,49821038,399927,46438,616,57
6074,49432621,49823510,390889,46438,616,57
6075,49449610,49823786,374176,46438,609,58
6076,49450105,49824014,373909,46438,609,58
6077,49450453,49824705,374252,46438,616,58
6078,49454041,49824800,370759,46438,609,59
6079,49488035,49824957,336922,46438,600,60
6080,49488848,49825275,336427,46438,484,60
6081,49489448,49826106,336658,46438,484,60
6082,49489735,49826264,336529,46438,484,60
6083,49491054,49826695,335641,46438,480,61
6084,49492691,49826883,334192,46438,447,62
6085,49539129,49846148,307019,40087,447,62
6086,49540796,49848435,307639,40087,447,62
6087,49541013,49848844,307831,40087,447,62
6088,49541441,49849253,307812,40087,447,62
6089,49541730,49850138,308408,40087,480,62
6090,49542040,49850900,308860,40087,484,62
6091,49582127,49853211,271084,27909,484,62
6092,49582527,49853528,271001,27909,484,62
6093,49591332,49853767,262435,27909,480,63
6094,49613137,49853933,240796,27909,447,64
6095,49613345,49854404,241059,27909,471,64
6096,49613792,49854494,240702,27909,471,64
6097,49614077,49855259,241182,27909,480,64
6098,49615193,49855526,240333,27909,471,65
6099,49615508,49856590,241082,27909,480,64
6100,49615774,49856846,241072,27909,480,64
6101,49616063,49857168,241105,27909,480,64
6102,49616543,49858872,242329,27909,484,63
6103,49623780,49883914,260134,27909,484,63
6104,49624128,49884300,260172,27909,484,63
6105,49624744,49886043,261299,27909,484,62
6106,49625228,49886434,261206,27909,471,62
6107,49628622,49886727,258105,27909,431,63
6108,49630093,49888699,258606,27909,431,63
6109,49631438,49888738,257300,27909,409,64
6110,49631658,49903569,271911,27909,431,63
6111,49632267,49903997,271730,27909,428,63
6112,49632523,49914317,281794,27909,431,62
6113,49632540,49917256,284716,27909,471,61
6114,49634742,49918314,283572,27909,471,61
6115,49634808,49918329,283521,27909,471,61
6116,49656516,49918517,262001,27909,431,62
6117,49669045,49918521,249476,27909,428,63
6118,49671088,49918610,247522,27909,409,64
6119,49671219,49918613,247394,27909,409,64
6120,49671282,49918709,247427,27909,409,64
6121,49671410,49919186,247776,27909,428,64
6122,49673405,49919695,246290,27909,428,65
6123,49701314,49921595,220281,25372,428,65
6124,49703733,49923253,219520,25372,428,65
6125,49704426,49923355,218929,25372,409,65
6126,49704546,49923652,219106,25372,409,65
6127,49704669,49925546,220877,25372,428,64
6128,49705958,49927348,221390,25372,428,64
6129,49721627,49928923,207296,25372,428,64
6130,49723721,49929282,205561,25372,409,65
6131,49724599,49929530,204931,25372,409,65
6132,49724875,49930490,205615,25372,409,65
6133,49725119,49935063,209944,25372,428,64
6134,49725173,49936212,211039,25372,431,63
6135,49750545,49936245,185700,25042,428,64
6136,49750783,49936374,185591,25042,428,64
6137,49754724,49937007,182283,25042,428,65
6138,49762317,49938618,176301,25042,428,65
6139,49764292,49956709,192417,25042,428,65
6140,49764412,49958736,194324,25042,431,64
6141,49764559,49959264,194705,25042,471,64
6142,49766366,49959949,193583,25042,471,65
6143,49771596,49959975,188379,25042,431,66
6144,49771787,49960348,188561,25042,431,66
6145,49771864,49960361,188497,25042,431,66
6146,49773718,49960371,186653,25042,428,67
6147,49774373,49960386,186013,25042,409,67
6148,49775619,49960438,184819,25042,409,68
6149,49775980,49960946,184966,25042,409,68
6150,49776073,49961168,185095,25042,409,68
6151,49776210,49961776,185566,25042,428,68
6152,49777022,49961907,184885,25042,409,68
6153,49777218,49962431,185213,25042,428,68
6154,49778179,49963115,184936,25042,428,68
6155,49780076,49963566,183490,25042,428,69
6156,49780348,49963617,183269,25042,428,69
6157,49780350,49966980,186630,25042,431,68
6158,49780357,49996984,216627,30004,451,67
6159,49780409,49999078,218669,30004,471,66
6160,49780417,49999927,219510,30004,477,66
6161,49780522,49999934,219412,30004,477,66
6162,49781602,50000072,218470,30004,471,67
6163,49782332,50000340,218008,30004,451,67
6164,49784073,50000798,216725,30004,451,68
6165,49784293,50007247,222954,30004,458,67
6166,49784451,50010404,225953,30004,471,66
6167,49784572,50010482,225910,30004,471,66
6168,49787642,50010505,222863,30004,458,67
6169,49799286,50011091,211805,30004,458,68
6170,49801377,50012625,211248,30004,458,68
6171,49803214,50012679,209465,30004,451,69
6172,49821038,50012722,191684,30004,431,70
6173,49823510,50012816,189306,30004,428,71
6174,49823786,50012985,189199,30004,428,71
6175,49824014,50013546,189532,30004,431,71
6176,49824705,50013986,189281,30004,431,71
6177,49824800,50014628,189828,30004,440,71
6178,49824957,50015008,190051,30004,440,71
6179,49825275,50015495,190220,30004,451,71
6180,49826106,50015707,189601,30004,440,71
6181,49826264,50017224,190960,30004,451,70
6182,49826695,50017428,190733,30004,451,70
6183,49826883,50026408,199525,30004,458,69
6184,49846148,50026579,180431,30004,451,70
6185,49848435,50030204,181769,30004,451,70
6186,49848844,50030535,181691,30004,451,70
6187,49849253,50030773,181520,30004,451,70
6188,49850138,50031013,180875,30004,440,70
6189,49850900,50031593,180693,30004,440,70
6190,49853211,50031672,178461,30004,428,71
6191,49853528,50031990,178462,30004,428,71
6192,49853767,50032108,178341,30004,428,71
6193,49853933,50034378,180445,30004,440,70
6194,49854404,50039737,185333,30004,440,69
6195,49854494,50040307,185813,30004,451,69
6196,49855259,50040768,185509,30004,451,69
6197,49855526,50041589,186063,30004,458,69
6198,49856590,50041864,185274,30004,451,70
6199,49856846,50043616,186770,30004,458,69
6200,49857168,50044922,187754,30004,461,68
6201,49858872,50045070,186198,30004,458,69
6202,49883914,50045116,161202,30004,451,70
6203,49884300,50045692,161392,30004,458,70
6204,49886043,50049067,163024,30004,458,70
6205,49886434,50054697,168263,30004,461,69
6206,49886727,50054700,167973,30004,461,69
6207,49888699,50054752,166053,30004,458,70
6208,49888738,50054783,166045,30004,458,70
6209,49903569,50055141,151572,30004,451,71
6210,49903997,50055213,151216,30004,451,71
6211,49914317,50056732,142415,30004,451,71
6212,49917256,50058070,140814,30004,451,71
6213,49918314,50059780,141466,30004,451,71
6214,49918329,50060969,142640,30004,458,70
6215,49918517,50067361,148844,30004,461,69
6216,49918521,50067572,149051,30004,461,69
6217,49918610,50073357,154747,30004,477,68
6218,49918613,50076894,158281,30004,487,67
6219,49918709,50077044,158335,30004,487,67
6220,49919186,50077556,158370,30004,508,67
6221,49919695,50079366,159671,30004,508,66
6222,49921595,50085257,163662,30004,508,66
6223,49923253,50085260,162007,30004,487,67
6224,49923355,50085274,161919,30004,487,67
6225,49923652,50085332,161680,30004,487,67
6226,49925546,50085361,159815,30004,461,68
6227,49927348,50085372,158024,30004,458,69
6228,49928923,50085526,156603,30004,451,70
6229,49929282,50085695,156413,30004,451,70
6230,49929530,50085945,156415,30004,451,70
6231,49930490,50085981,155491,30004,440,70
6232,49935063,50086112,151049,30004,380,71
6233,49936212,50086262,150050,30004,373,72
6234,49936245,50089750,153505,30004,380,71
6235,49936374,50089784,153410,30004,380,71
6236,49937007,50089853,152846,30004,373,71
6237,49938618,50089862,151244,30004,358,72
6238,49956709,50089869,133160,30004,331,73
6239,49958736,50089883,131147,30004,318,74
6240,49959264,50089904,130640,30004,275,74
6241,49959949,50090135,130186,30004,268,74
6242,49959975,50090157,130182,30004,268,74
6243,49960348,50090212,129864,30004,250,74
6244,49960361,50090317,129956,30004,250,74
6245,49960371,50090323,129952,30004,250,74
6246,49960386,50090642,130256,30004,268,74
6247,49960438,50091269,130831,30004,275,74
6248,49960946,50091354,130408,30004,268,74
6249,49961168,50091951,130783,30004,275,74
6250,49961776,50092274,130498,30004,275,74
6251,49961907,50145755,183848,53481,318,73
6252,49962431,50146768,184337,53481,318,72
6253,49963115,50146787,183672,53481,275,72
6254,49963566,50146800,183234,53481,268,72
6255,49963617,50146998,183381,53481,268,72
6256,49966980,50149522,182542,53481,268,72
6257,49996984,50161516,164532,53481,268,72
6258,49999078,50166227,167149,53481,268,72
6259,49999927,50166548,166621,53481,268,72
6260,49999934,50168019,168085,53481,275,71
6261,50000072,50169252,169180,53481,318,70
6262,50000340,50169395,169055,53481,318,70
6263,50000798,50169604,168806,53481,275,70
6264,50007247,50169789,162542,53481,250,71
6265,50010404,50169936,159532,53481,240,72
6266,50010482,50170080,159598,53481,240,72
6267,50010505,50170092,159587,53481,240,72
6268,50011091,50170169,159078,53481,238,72
6269,50012625,50170898,158273,53481,238,73
6270,50012679,50170904,158225,53481,238,73
6271,50012722,50171181,158459,53481,240,73
6272,50012816,50171374,158558,53481,240,73
6273,50012985,50171831,158846,53481,250,73
6274,50013546,50176197,162651,53481,250,72
6275,50013986,50176448,162462,53481,250,72
6276,50014628,50177157,162529,53481,250,72
6277,50015008,50177289,162281,53481,240,72
6278,50015495,50177721,162226,53481,240,72
6279,50015707,50177991,162284,53481,250,72
6280,50017224,50178574,161350,53481,250,73
6281,50017428,50178663,161235,53481,250,73
6282,50026408,50179031,152623,53481,250,74
6283,50026579,50182546,155967,53481,251,73
6284,50030204,50184011,153807,53481,251,73
6285,50030535,50184736,154201,53481,251,73
6286,50030773,50185258,154485,53481,270,73
6287,50031013,50185263,154250,53481,270,73
6288,50031593,50185847,154254,53481,270,73
6289,50031672,50186200,154528,53481,275,73
6290,50031990,50186313,154323,53481,270,73
6291,50032108,50186796,154688,53481,275,73
6292,50034378,50187497,153119,53481,275,74
6293,50039737,50188808,149071,53481,275,74
6294,50040307,50190609,150302,53481,275,73
6295,50040768,50190681,149913,53481,270,73
6296,50041589,50190795,149206,53481,251,73
6297,50041864,50191432,149568,53481,251,73
6298,50043616,50192158,148542,53481,251,74
6299,50044922,50192650,147728,53481,251,75
6300,50045070,50194131,149061,53481,270,74
6301,50045116,50194285,149169,53481,270,74
6302,50045692,50194390,148698,53481,251,74
6303,50049067,50194538,145471,53481,250,75
6304,50054697,50198014,143317,53481,250,75
6305,50054700,50198130,143430,53481,250,75
6306,50054752,50198508,143756,53481,251,75
6307,50054783,50199372,144589,53481,270,75
6308,50055141,50199516,144375,53481,251,75
6309,50055213,50200219,145006,53481,270,75
6310,50056732,50200595,143863,53481,270,76
6311,50058070,50200789,142719,53481,251,77
6312,50059780,50200887,141107,53481,250,78
6313,50060969,50200911,139942,53481,231,79
6314,50067361,50200922,133561,53481,211,80
6315,50067572,50201056,133484,53481,209,80
6316,50073357,50201567,128210,53481,209,81
6317,50076894,50201845,124951,53481,209,82
6318,50077044,50205932,128888,53481,231,81
6319,50077556,50206039,128483,53481,209,81
6320,50079366,50206253,126887,53481,209,82
6321,50085257,50206326,121069,53481,198,83
6322,50085260,50206449,121189,53481,198,83
6323,50085274,50206771,121497,53481,209,83
6324,50085332,50208686,123354,53481,214,82
6325,50085361,50215848,130487,53481,231,81
6326,50085372,50216717,131345,53481,250,81
6327,50085526,50216938,131412,53481,250,81
6328,50085695,50217376,131681,53481,251,81
6329,50085945,50217404,131459,53481,251,81
6330,50085981,50217724,131743,53481,270,81
6331,50086112,50218166,132054,53481,277,81
6332,50086262,50218343,132081,53481,277,81
6333,50089750,50218464,128714,53481,270,82
6334,50089784,50219169,129385,53481,277,82
6335,50089853,50219299,129446,53481,277,82
6336,50089862,50219478,129616,53481,277,82
6337,50089869,50220185,130316,53481,278,82
6338,50089883,50220674,130791,53481,319,82
6339,50089904,50220727,130823,53481,319,82
6340,50090135,50221007,130872,53481,319,82
6341,50090157,50223350,133193,53481,320,81
6342,50090212,50244071,153859,53481,321,80
6343,50090317,50244262,153945,53481,321,80
6344,50090323,50244356,154033,53481,321,80
6345,50090642,50244551,153909,53481,321,80
6346,50091269,50244759,153490,53481,320,80
6347,50091354,50244936,153582,53481,320,80
6348,50091951,50245066,153115,53481,280,80
6349,50092274,50245100,152826,53481,278,80
6350,50145755,50245124,99369,20721,277,81
6351,50146768,50245130,98362,20721,270,82
6352,50146787,50245154,98367,20721,270,82
6353,50146800,50245625,98825,20721,277,82
6354,50146998,50248042,101044,20721,278,81
6355,50149522,50250732,101210,20721,278,81
6356,50161516,50251375,89859,20721,278,82
6357,50166227,50251408,85181,20721,277,83
6358,50166548,50251414,84866,20721,270,83
6359,50168019,50251486,83467,20721,251,84
6360,50169252,50251502,82250,20721,221,85
6361,50169395,50251506,82111,20721,221,85
6362,50169604,50251512,81908,20721,221,85
6363,50169789,50251533,81744,20721,221,85
6364,50169936,50251723,81787,20721,221,85
6365,50170080,50251737,81657,20721,221,85
6366,50170092,50251951,81859,20721,221,85
6367,50170169,50253182,83013,20721,251,84
6368,50170898,50255425,84527,20721,251,83
6369,50170904,50257165,86261,20721,270,82
6370,50171181,50259074,87893,20721,270,81
6371,50171374,50260925,89551,20721,278,80
6372,50171831,50261220,89389,20721,278,80
6373,50176197,50261279,85082,20721,270,81
6374,50176448,50261439,84991,20721,270,81
6375,50177157,50261518,84361,20721,221,81
6376,50177289,50262038,84749,20721,270,81
6377,50177721,50262049,84328,20721,221,81
6378,50177991,50262134,84143,20721,214,81
6379,50178574,50262728,84154,20721,214,81
6380,50178663,50264031,85368,20721,221,80
6381,50179031,50265420,86389,20721,221,79
6382,50182546,50266978,84432,20721,221,79
6383,50184011,50267519,83508,20721,221,80
6384,50184736,50267636,82900,20721,214,80
6385,50185258,50267819,82561,20721,214,80
6386,50185263,50270210,84947,20721,214,79
6387,50185847,50270495,84648,20721,214,79
6388,50186200,50270507,84307,20721,214,79
6389,50186313,50270518,84205,20721,214,79
6390,50186796,50270698,83902,20721,208,79
6391,50187497,50270792,83295,20721,195,79
6392,50188808,50272060,83252,20721,195,79
6393,50190609,50272317,81708,20721,195,80
6394,50190681,50274337,83656,20721,208,79
6395,50190795,50275373,84578,20721,214,78
6396,50191432,50275516,84084,20721,208,78
6397,50192158,50276133,83975,20721,208,78
6398,50192650,50277659,85009,20721,208,77
6399,50194131,50277974,83843,20721,208,78
6400,50194285,50278076,83791,20721,208,78
6401,50194390,50278092,83702,20721,208,78
6402,50194538,50279923,85385,20721,214,77
6403,50198014,50281057,83043,20721,214,77
6404,50198130,50282039,83909,20721,214,77
6405,50198508,50282123,83615,20721,214,77
6406,50199372,50282384,83012,20721,214,77
6407,50199516,50282691,83175,20721,214,77
6408,50200219,50282939,82720,20721,214,77
6409,50200595,50283197,82602,20721,214,77
6410,50200789,50284442,83653,20721,221,76
6411,50200887,50285795,84908,20721,248,75
6412,50200911,50286415,85504,20721,257,75
6413,50200922,50287041,86119,20721,258,75
6414,50201056,50287176,86120,20721,258,75
6415,50201567,50287180,85613,20721,257,75
6416,50201845,50287388,85543,20721,248,75
6417,50205932,50287720,81788,20721,248,76
6418,50206039,50288585,82546,20721,257,76
6419,50206253,50289095,82842,20721,258,76
6420,50206326,50289741,83415,20721,261,76
6421,50206449,50289842,83393,20721,261,76
6422,50206771,50290105,83334,20721,261,76
6423,50208686,50290990,82304,20721,261,77
6424,50215848,50296988,81140,20721,261,77
6425,50216717,50298426,81709,20721,261,76
6426,50216938,50299549,82611,20721,263,75
6427,50217376,50299886,82510,20721,263,75
6428,50217404,50300121,82717,20721,263,75
6429,50217724,50300461,82737,20721,263,75
6430,50218166,50303245,85079,20721,263,74
6431,50218343,50304991,86648,20721,280,73
6432,50218464,50308462,89998,20721,285,72
6433,50219169,50308585,89416,20721,280,72
6434,50219299,50308611,89312,20721,280,72
6435,50219478,50308940,89462,20721,285,72
6436,50220185,50309393,89208,20721,285,72
6437,50220674,50309449,88775,20721,280,72
6438,50220727,50311169,90442,20721,285,71
6439,50221007,50312120,91113,20721,295,71
6440,50223350,50314639,91289,20721,295,71
6441,50244071,50324428,80357,9789,295,71
6442,50244262,50325156,80894,9789,307,71
6443,50244356,50342765,98409,17609,315,70
6444,50244551,50343101,98550,17609,329,70
6445,50244759,50343457,98698,17609,332,70
6446,50244936,50343558,98622,17609,332,70
6447,50245066,50343693,98627,17609,332,70
6448,50245100,50346712,101612,17609,336,69
6449,50245124,50403346,158222,56634,337,68
6450,50245130,50406730,161600,56634,340,67
6451,50245154,50406897,161743,56634,340,67
6452,50245625,50406951,161326,56634,337,67
6453,50248042,50408408,160366,56634,337,67
6454,50250732,50409138,158406,56634,337,68
6455,50251375,50422027,170652,56634,337,67
6456,50251408,50423598,172190,56634,340,66
6457,50251414,50424527,173113,56634,356,66
6458,50251486,50424537,173051,56634,356,66
6459,50251502,50430999,179497,56634,453,65
6460,50251506,50431349,179843,56634,453,65
6461,50251512,50431412,179900,56634,453,65
6462,50251533,50434908,183375,56634,510,64
6463,50251723,50434971,183248,56634,510,64
6464,50251737,50435144,183407,56634,510,64
6465,50251951,50435725,183774,56634,520,64
6466,50253182,50437123,183941,56634,520,64
6467,50255425,50437177,181752,56634,510,65
6468,50257165,50437323,180158,56634,453,66
6469,50259074,50437757,178683,56634,434,67
6470,50260925,50439990,179065,56634,434,67
6471,50261220,50446080,184860,56634,453,66
6472,50261279,50446859,185580,56634,510,66
6473,50261439,50447046,185607,56634,510,66
6474,50261518,50447147,185629,56634,510,66
6475,50262038,50447229,185191,56634,453,66
6476,50262049,50448563,186514,56634,510,65
6477,50262134,50454408,192274,56634,541,64
6478,50262728,50454522,191794,56634,510,64
6479,50264031,50454612,190581,56634,453,65
6480,50265420,50455196,189776,56634,453,66
6481,50266978,50455610,188632,56634,434,67
6482,50267519,50456922,189403,56634,434,66
6483,50267636,50457309,189673,56634,434,66
6484,50267819,50458405,190586,56634,453,65
6485,50270210,50459312,189102,56634,453,66
6486,50270495,50459482,188987,56634,453,66
6487,50270507,50459611,189104,56634,453,66
6488,50270518,50460012,189494,56634,453,66
6489,50270698,50460134,189436,56634,453,66
6490,50270792,50461265,190473,56634,510,65
6491,50272060,50461580,189520,56634,453,66
6492,50272317,50461667,189350,56634,453,66
6493,50274337,50461849,187512,56634,434,67
6494,50275373,50463701,188328,56634,434,67
6495,50275516,50464126,188610,56634,434,67
6496,50276133,50464621,188488,56634,434,67
6497,50277659,50464800,187141,56634,425,68
6498,50277974,50464885,186911,56634,425,68
6499,50278076,50465315,187239,56634,430,68
6500,50278092,50468223,190131,56634,434,67
6501,50279923,50471436,191513,56634,434,67
6502,50281057,50473507,192450,56634,434,67
6503,50282039,50474126,192087,56634,434,67
6504,50282123,50474367,192244,56634,434,67
6505,50282384,50474906,192522,56634,453,67
6506,50282691,50475126,192435,56634,453,67
6507,50282939,50475142,192203,56634,453,67
6508,50283197,50475290,192093,56634,453,67
6509,50284442,50475402,190960,56634,434,68
6510,50285795,50476480,190685,56634,434,68
6511,50286415,50479160,192745,56634,434,67
6512,50287041,50479932,192891,56634,434,67
6513,50287176,50481053,193877,56634,453,66
6514,50287180,50481064,193884,56634,453,66
6515,50287388,50481083,193695,56634,453,66
6516,50287720,50481388,193668,56634,453,66
6517,50288585,50481394,192809,56634,434,66
6518,50289095,50481509,192414,56634,430,66
6519,50289741,50481514,191773,56634,425,66
6520,50289842,50481532,191690,56634,425,66
6521,50290105,50481584,191479,56634,425,66
6522,50290990,50481592,190602,56634,414,66
6523,50296988,50482580,185592,56634,414,67
6524,50298426,50485461,187035,56634,414,67
6525,50299549,50485534,185985,56634,401,68
6526,50299886,50486679,186793,56634,414,67
6527,50300121,50486684,186563,56634,414,67
6528,50300461,50486772,186311,56634,414,67
6529,50303245,50486803,183558,56634,401,68
6530,50304991,50486855,181864,56634,387,69
6531,50308462,50486908,178446,56634,356,70
6532,50308585,50489547,180962,56634,387,69
6533,50308611,50503370,194759,56634,401,68
6534,50308940,50505291,196351,56634,414,67
6535,50309393,50505481,196088,56634,401,67
6536,50309449,50505926,196477,56634,414,67
6537,50311169,50506076,194907,56634,401,68
6538,50312120,50506146,194026,56634,387,68
6539,50314639,50507136,192497,56634,387,69
6540,50324428,50507467,183039,56634,356,70
6541,50325156,50507606,182450,56634,350,70
6542,50342765,50508022,165257,56634,350,71
6543,50343101,50508031,164930,56634,350,71
6544,50343457,50508041,164584,56634,331,71
6545,50343558,50508212,164654,56634,331,71
6546,50343693,50508280,164587,56634,331,71
6547,50346712,50508283,161571,56634,315,72
6548,50403346,50508542,105196,13823,305,73
6549,50406730,50508876,102146,13823,305,74
6550,50406897,50519468,112571,13823,315,73
6551,50406951,50521710,114759,13823,331,72
6552,50408408,50523573,115165,13823,331,72
6553,50409138,50523795,114657,13823,315,72
6554,50422027,50525057,103030,13823,315,72
6555,50423598,50525396,101798,13823,315,73
6556,50424527,50525489,100962,13823,305,73
6557,50424537,50525682,101145,13823,305,73
6558,50430999,50525727,94728,13823,259,74
6559,50431349,50525779,94430,13823,241,74
6560,50431412,50525782,94370,13823,241,74
6561,50434908,50525790,90882,13823,222,75
6562,50434971,50525799,90828,13823,222,75
6563,50435144,50525945,90801,13823,222,75
6564,50435725,50526003,90278,13823,220,75
6565,50437123,50526224,89101,13823,220,76
6566,50437177,50526564,89387,13823,221,76
6567,50437323,50526697,89374,13823,221,76
6568,50437757,50526944,89187,13823,221,76
6569,50439990,50527353,87363,13823,221,77
6570,50446080,50528507,82427,13823,221,77
6571,50446859,50528963,82104,13823,221,77
6572,50447046,50529821,82775,13823,222,77
6573,50447147,50529868,82721,13823,222,77
6574,50447229,50529883,82654,13823,222,77
6575,50448563,50529899,81336,13823,221,78
6576,50454408,50529914,75506,13823,220,79
6577,50454522,50530087,75565,13823,220,79
6578,50454612,50530423,75811,13823,221,79
6579,50455196,50530610,75414,13823,220,79
6580,50455610,50531244,75634,13823,220,79
6581,50456922,50531249,74327,13823,193,80
6582,50457309,50532514,75205,13823,193,79
6583,50458405,50532680,74275,13823,190,80
6584,50459312,50532711,73399,13823,187,80
6585,50459482,50542692,83210,13823,190,79
6586,50459611,50542977,83366,13823,193,79
6587,50460012,50544389,84377,13823,193,78
6588,50460134,50544476,84342,13823,193,78
6589,50461265,50544986,83721,13823,193,79
6590,50461580,50545964,84384,13823,193,79
6591,50461667,50546688,85021,13823,220,79
6592,50461849,50547252,85403,13823,221,79
6593,50463701,50547368,83667,13823,220,80
6594,50464126,50547602,83476,13823,220,80
6595,50464621,50547622,83001,13823,193,80
6596,50464800,50548082,83282,13823,220,80
6597,50464885,50548384,83499,13823,221,80
6598,50465315,50548533,83218,13823,220,80
6599,50468223,50549024,80801,13823,220,81
6600,50471436,50549098,77662,13823,193,82
6601,50473507,50549694,76187,13823,193,83
6602,50474126,50551203,77077,13823,193,82
6603,50474367,50561619,87252,13823,193,81
6604,50474906,50562771,87865,13823,193,80
6605,50475126,50562901,87775,13823,190,80
6606,50475142,50562905,87763,13823,190,80
6607,50475290,50562922,87632,13823,190,80
6608,50475402,50562952,87550,13823,190,80
6609,50476480,50563188,86708,13823,190,81
6610,50479160,50563377,84217,13823,189,82
6611,50479932,50576942,97010,13823,189,81
6612,50481053,50578072,97019,13823,189,81
6613,50481064,50578209,97145,13823,189,81
6614,50481083,50578215,97132,13823,189,81
6615,50481388,50578217,96829,13823,187,81
6616,50481394,50578274,96880,13823,187,81
6617,50481509,50578470,96961,13823,189,81
6618,50481514,50578521,97007,13823,189,81
6619,50481532,50578572,97040,13823,189,81
6620,50481584,50578590,97006,13823,189,81
6621,50481592,50578638,97046,13823,189,81
6622,50482580,50578722,96142,13823,187,81
6623,50485461,50578733,93272,13823,173,82
6624,50485534,50579003,93469,13823,187,82
6625,50486679,50579294,92615,13823,187,83
6626,50486684,50580030,93346,13823,189,83
6627,50486772,50581485,94713,13823,190,82
6628,50486803,50582531,95728,13823,193,81
6629,50486855,50582975,96120,13823,196,81
6630,50486908,50582982,96074,13823,196,81
6631,50489547,50582989,93442,13823,193,82
6632,50503370,50583009,79639,13565,190,83
6633,50505291,50583062,77771,13565,189,84
6634,50505481,50583077,77596,13565,187,84
6635,50505926,50583082,77156,13565,173,84
6636,50506076,50583103,77027,13565,173,84
6637,50506146,50585467,79321,13565,187,83
6638,50507136,50599950,92814,14483,187,82
6639,50507467,50600113,92646,14483,173,82
6640,50507606,50600291,92685,14483,178,82
6641,50508022,50600294,92272,14483,173,82
6642,50508031,50600571,92540,14483,178,82
6643,50508041,50601196,93155,14483,187,82
6644,50508212,50601376,93164,14483,187,82
6645,50508280,50602091,93811,14483,189,82
6646,50508283,50603303,95020,14483,193,81
6647,50508542,50603927,95385,14483,193,81
6648,50508876,50604333,95457,14483,193,81
6649,50519468,50604967,85499,14483,193,82
6650,50521710,50605264,83554,14483,193,83
6651,50523573,50605405,81832,14483,189,84
6652,50523795,50605625,81830,14483,189,84
6653,50525057,50606750,81693,14483,189,84
6654,50525396,50610932,85536,14483,189,83
6655,50525489,50625252,99763,14483,193,82
6656,50525682,50627007,101325,14483,196,81
6657,50525727,50627714,101987,14483,220,81
6658,50525779,50627966,102187,14483,221,81
6659,50525782,50628084,102302,14483,221,81
6660,50525790,50628089,102299,14483,221,81
6661,50525799,50628327,102528,14483,234,81
6662,50525945,50628329,102384,14483,234,81
6663,50526003,50628333,102330,14483,234,81
6664,50526224,50628348,102124,14483,234,81
6665,50526564,50628431,101867,14483,220,81
6666,50526697,50628491,101794,14483,220,81
6667,50526944,50628496,101552,14483,196,81
6668,50527353,50672789,145436,44293,196,80
6669,50528507,50673286,144779,44293,196,81
6670,50528963,50673790,144827,44293,196,81
6671,50529821,50674108,144287,44293,196,81
6672,50529868,50675176,145308,44293,220,80
6673,50529883,50678729,148846,44293,234,79
6674,50529899,50694989,165090,44293,236,78
6675,50529914,50696710,166796,44293,238,77
6676,50530087,50697308,167221,44293,252,77
6677,50530423,50697897,167474,44293,252,77
6678,50530610,50700849,170239,44293,270,76
6679,50531244,50703401,172157,44293,270,75
6680,50531249,50704472,173223,44293,277,74
6681,50532514,50704686,172172,44293,270,75
6682,50532680,50704832,172152,44293,270,75
6683,50532711,50705571,172860,44293,277,75
6684,50542692,50707660,164968,44293,277,75
6685,50542977,50717161,174184,44293,277,74
6686,50544389,50720122,175733,44293,277,74
6687,50544476,50720719,176243,44293,291,74
6688,50544986,50721127,176141,44293,291,74
6689,50545964,50721567,175603,44293,291,74
6690,50546688,50722223,175535,44293,291,74
6691,50547252,50725596,178344,44293,291,73
6692,50547368,50727109,179741,44293,297,72
6693,50547602,50728759,181157,44293,302,71
6694,50547622,50730600,182978,44293,318,70
6695,50548082,50731575,183493,44293,318,70
6696,50548384,50732835,184451,44293,406,69
6697,50548533,50734637,186104,44293,408,68
6698,50549024,50735218,186194,44293,408,68
6699,50549098,50736936,187838,44293,440,67
6700,50549694,50737087,187393,44293,408,67
6701,50551203,50737979,186776,44293,408,68
6702,50561619,50738283,176664,44293,406,69
6703,50562771,50739554,176783,44293,406,69
6704,50562901,50783247,220346,44293,408,68
6705,50562905,50783253,220348,44293,408,68
6706,50562922,50783345,220423,44293,408,68
6707,50562952,50783583,220631,44293,408,68
6708,50563188,50783648,220460,44293,408,68
6709,50563377,50783823,220446,44293,408,68
6710,50576942,50784091,207149,44293,406,69
